transaction_id,customer_id,amount,payment_method,customer_type,subscription_type,payment_status,failure_reason,retry_count,previous_success_rate,days_since_last_payment,checkout_completed,customer_tenure_days,recovered
TX000001,C00861,289.83,NETBANKING,returning,one_time,success,none,2,0.81,98,1,582,0
TX000002,C01295,124.22,CARD,returning,one_time,success,none,2,0.95,298,1,831,0
TX000003,C01131,544.89,CARD,returning,yearly,failed,expired_card,3,0.95,108,0,1378,1
TX000004,C01096,1289.1,UPI,new,monthly,failed,bank_timeout,3,0.95,191,1,875,1
TX000005,C01639,1215.44,UPI,new,yearly,success,none,0,0.64,338,1,1086,0
TX000006,C02170,1273.27,NETBANKING,returning,one_time,success,none,2,0.74,343,1,290,0
TX000007,C00467,267.45,UPI,returning,one_time,success,none,3,0.89,336,1,665,0
TX000008,C01239,2448.31,UPI,returning,one_time,failed,card_declined,1,0.87,77,1,92,1
TX000009,C00331,1393.57,UPI,returning,monthly,success,none,3,0.86,289,1,1446,0
TX000010,C01483,2282.56,CARD,new,monthly,failed,expired_card,0,0.87,6,1,174,1
TX000011,C02136,165.21,UPI,returning,monthly,success,none,3,0.84,318,1,1002,0
TX000012,C02920,1497.41,UPI,returning,one_time,failed,network_error,0,0.72,14,1,653,1
TX000013,C00131,334.37,NETBANKING,new,one_time,success,none,3,0.72,230,1,423,0
TX000014,C01686,737.07,CARD,returning,one_time,success,none,3,0.91,310,1,636,0
TX000015,C00770,1871.26,UPI,returning,yearly,success,none,1,0.93,355,1,309,0
TX000016,C02392,1201.22,UPI,returning,one_time,success,none,1,0.54,200,1,435,0
TX000017,C01516,468.0,WALLET,new,one_time,success,none,1,0.91,97,0,1366,0
TX000018,C02854,1103.53,UPI,returning,monthly,success,none,1,0.75,123,1,1351,0
TX000019,C02434,237.1,CARD,new,monthly,success,none,2,0.79,102,1,1086,0
TX000020,C01216,3464.31,UPI,returning,one_time,success,none,3,0.95,184,1,645,0
TX000021,C00956,893.12,NETBANKING,new,one_time,success,none,1,0.88,78,1,1331,0
TX000022,C02325,3356.15,CARD,returning,monthly,success,none,0,0.98,109,0,317,0
TX000023,C01185,647.73,CARD,new,yearly,failed,insufficient_funds,2,0.79,228,1,491,0
TX000024,C00460,649.64,UPI,returning,monthly,success,none,0,0.69,260,0,38,0
TX000025,C00022,510.72,NETBANKING,new,one_time,success,none,1,0.96,363,1,650,0
TX000026,C02301,2633.78,UPI,returning,monthly,failed,expired_card,3,0.72,323,1,449,1
TX000027,C00748,539.46,NETBANKING,returning,yearly,success,none,3,0.9,81,1,264,0
TX000028,C02905,2089.32,UPI,returning,monthly,success,none,3,0.69,337,1,854,0
TX000029,C00475,748.11,CARD,returning,one_time,success,none,1,0.87,273,1,371,0
TX000030,C01083,152.02,UPI,returning,one_time,success,none,0,0.83,289,1,1146,0
TX000031,C02559,619.98,CARD,returning,yearly,success,none,3,0.82,54,1,1366,0
TX000032,C02048,337.27,UPI,new,monthly,failed,insufficient_funds,0,0.65,357,1,186,1
TX000033,C02748,1134.45,UPI,returning,monthly,success,none,1,0.86,285,1,847,0
TX000034,C00976,333.48,UPI,new,one_time,failed,network_error,3,0.88,139,1,286,0
TX000035,C01807,2768.26,UPI,returning,monthly,failed,insufficient_funds,2,0.91,171,1,1042,1
TX000036,C00190,1001.17,UPI,returning,one_time,success,none,1,0.79,33,1,70,0
TX000037,C02735,918.19,UPI,returning,one_time,success,none,2,0.84,35,1,886,0
TX000038,C00563,2113.06,NETBANKING,new,yearly,success,none,1,0.99,343,1,140,0
TX000039,C01900,2875.28,UPI,returning,one_time,success,none,2,0.77,173,1,117,0
TX000040,C01268,1074.81,CARD,returning,one_time,success,none,1,0.47,86,1,359,0
TX000041,C02880,507.15,UPI,new,yearly,failed,network_error,0,0.8,320,1,878,1
TX000042,C01529,186.05,CARD,new,one_time,success,none,0,0.71,232,1,578,0
TX000043,C00647,552.22,UPI,returning,monthly,failed,card_declined,3,0.95,210,1,326,1
TX000044,C02069,591.57,WALLET,returning,monthly,success,none,3,0.69,260,1,1238,0
TX000045,C02889,1220.55,NETBANKING,returning,yearly,failed,bank_timeout,3,0.91,307,1,900,1
TX000046,C02215,776.54,UPI,returning,monthly,success,none,1,0.78,338,0,182,0
TX000047,C01298,2181.86,CARD,returning,monthly,success,none,3,0.93,318,1,1167,0
TX000048,C02436,594.08,UPI,returning,one_time,failed,insufficient_funds,1,0.89,283,1,1061,1
TX000049,C00601,1035.83,CARD,returning,monthly,success,none,2,0.91,62,1,1394,0
TX000050,C02364,3583.11,UPI,returning,yearly,success,none,2,0.85,120,1,286,0
TX000051,C02062,1543.53,UPI,new,one_time,success,none,1,0.89,314,1,1211,0
TX000052,C00242,1032.73,UPI,returning,monthly,success,none,2,0.84,276,1,233,0
TX000053,C02042,600.68,CARD,returning,one_time,success,none,0,0.69,245,1,530,0
TX000054,C02825,582.17,UPI,returning,one_time,success,none,0,0.88,329,1,808,0
TX000055,C02613,468.43,CARD,returning,one_time,success,none,1,0.88,358,1,1422,0
TX000056,C02946,638.42,UPI,new,one_time,failed,expired_card,0,0.9,313,1,875,1
TX000057,C01364,2334.76,UPI,new,yearly,success,none,2,0.86,17,1,427,0
TX000058,C02140,878.41,CARD,returning,yearly,failed,card_declined,3,0.77,293,1,212,0
TX000059,C01391,284.36,NETBANKING,new,monthly,success,none,3,0.74,167,0,740,0
TX000060,C01479,6426.4,NETBANKING,new,monthly,success,none,1,0.91,210,1,246,0
TX000061,C02557,1510.15,CARD,returning,monthly,success,none,0,0.47,124,1,240,0
TX000062,C00776,268.56,CARD,returning,monthly,success,none,3,0.87,16,0,1137,0
TX000063,C00035,704.97,CARD,new,monthly,success,none,3,0.83,348,0,1493,0
TX000064,C02254,1225.23,UPI,returning,one_time,success,none,3,0.78,145,1,28,0
TX000065,C01956,6030.54,UPI,new,monthly,failed,bank_timeout,1,0.75,273,1,274,0
TX000066,C01586,362.09,UPI,returning,monthly,failed,expired_card,0,0.84,323,1,922,1
TX000067,C01022,2910.39,UPI,returning,yearly,success,none,0,0.62,286,1,296,0
TX000068,C02614,4444.78,UPI,new,monthly,failed,expired_card,3,0.89,352,1,67,1
TX000069,C01130,584.84,WALLET,new,yearly,success,none,0,0.71,192,1,1470,0
TX000070,C01501,830.88,UPI,new,monthly,success,none,0,0.92,111,1,1453,0
TX000071,C00703,389.04,CARD,returning,monthly,failed,network_error,3,0.96,42,1,1295,1
TX000072,C02450,894.75,CARD,new,yearly,success,none,1,0.91,326,1,633,0
TX000073,C02778,1057.23,UPI,new,one_time,success,none,3,0.75,162,1,325,0
TX000074,C01580,2121.01,UPI,new,one_time,success,none,0,0.68,336,1,1498,0
TX000075,C00162,3262.29,UPI,returning,monthly,success,none,0,0.68,60,1,480,0
TX000076,C00202,519.0,CARD,new,one_time,success,none,0,0.73,154,1,305,0
TX000077,C01982,153.34,WALLET,returning,one_time,success,none,1,0.97,163,1,552,0
TX000078,C00996,1073.58,UPI,returning,monthly,failed,bank_timeout,0,0.89,199,1,174,1
TX000079,C02318,1470.76,NETBANKING,returning,one_time,success,none,0,0.75,344,1,216,0
TX000080,C00816,1407.29,UPI,returning,yearly,success,none,0,0.67,292,1,301,0
TX000081,C00456,791.02,CARD,returning,yearly,failed,expired_card,1,0.85,121,1,1493,1
TX000082,C01276,1242.34,CARD,returning,monthly,success,none,3,0.9,337,1,1195,0
TX000083,C01017,4991.27,UPI,returning,monthly,success,none,0,0.72,70,1,73,0
TX000084,C02344,1606.37,UPI,returning,monthly,failed,expired_card,0,0.63,356,1,538,1
TX000085,C02768,754.93,UPI,returning,monthly,failed,expired_card,1,0.66,273,1,855,1
TX000086,C00338,665.01,UPI,returning,one_time,success,none,2,0.79,41,1,1434,0
TX000087,C00879,925.33,CARD,new,monthly,failed,card_declined,1,0.94,324,1,93,1
TX000088,C01077,5634.93,UPI,new,monthly,failed,bank_timeout,2,0.82,275,1,812,1
TX000089,C00792,912.97,CARD,new,one_time,success,none,2,0.73,115,1,635,0
TX000090,C02265,1075.14,UPI,returning,monthly,success,none,2,0.64,90,1,460,0
TX000091,C00764,677.01,CARD,returning,monthly,success,none,2,0.81,190,1,853,0
TX000092,C02236,3291.12,CARD,returning,one_time,success,none,2,0.75,331,1,1215,0
TX000093,C00380,7784.09,CARD,returning,monthly,success,none,1,0.92,43,1,772,0
TX000094,C00493,1720.92,UPI,returning,one_time,failed,network_error,0,0.64,96,1,1381,1
TX000095,C01181,1191.27,UPI,new,one_time,success,none,1,0.77,217,1,134,0
TX000096,C02063,1137.72,NETBANKING,returning,monthly,success,none,3,0.85,160,0,19,0
TX000097,C00065,101.06,UPI,returning,yearly,success,none,1,0.81,186,1,1200,0
TX000098,C02569,2310.34,UPI,returning,one_time,success,none,0,0.95,280,1,517,0
TX000099,C01368,1254.09,UPI,returning,yearly,success,none,0,0.85,190,1,1335,0
TX000100,C01153,1683.01,CARD,returning,one_time,success,none,3,0.85,48,1,541,0
TX000101,C02028,538.37,CARD,new,one_time,success,none,3,0.51,358,1,1171,0
TX000102,C02696,746.61,CARD,returning,one_time,failed,card_declined,1,0.67,111,1,456,1
TX000103,C01496,727.04,UPI,returning,one_time,success,none,1,0.73,232,1,1466,0
TX000104,C01163,3046.12,UPI,returning,one_time,success,none,3,0.82,33,1,990,0
TX000105,C01523,750.88,NETBANKING,returning,yearly,success,none,3,0.91,293,1,1280,0
TX000106,C02641,8801.35,UPI,returning,one_time,failed,card_declined,1,0.96,296,1,1322,1
TX000107,C00392,1687.26,UPI,returning,one_time,success,none,3,0.74,181,1,1427,0
TX000108,C01699,306.22,CARD,returning,monthly,success,none,3,0.94,118,1,773,0
TX000109,C00419,964.35,UPI,new,one_time,failed,card_declined,1,0.73,212,0,1029,0
TX000110,C02337,571.53,UPI,new,monthly,success,none,0,0.7,343,0,525,0
TX000111,C00379,122.19,UPI,new,one_time,success,none,3,0.83,235,0,505,0
TX000112,C01797,5428.79,UPI,returning,one_time,success,none,2,0.75,349,1,1448,0
TX000113,C02279,2215.3,UPI,new,monthly,success,none,3,0.72,37,1,698,0
TX000114,C02089,1869.09,NETBANKING,returning,one_time,success,none,1,0.82,61,1,1076,0
TX000115,C02183,1293.88,UPI,returning,one_time,success,none,2,0.9,306,1,191,0
TX000116,C00201,275.33,UPI,returning,one_time,success,none,2,0.87,99,1,422,0
TX000117,C01864,676.13,CARD,new,monthly,success,none,3,0.79,229,0,1469,0
TX000118,C00780,2544.73,WALLET,new,monthly,success,none,1,0.92,91,1,381,0
TX000119,C02978,383.29,UPI,new,monthly,success,none,1,0.83,286,1,306,0
TX000120,C00503,100.0,NETBANKING,new,monthly,failed,network_error,3,0.93,146,1,1,1
TX000121,C02455,873.84,CARD,returning,monthly,success,none,0,0.9,201,1,225,0
TX000122,C01752,951.69,UPI,returning,one_time,success,none,2,0.85,5,1,1344,0
TX000123,C00805,1255.84,UPI,returning,yearly,success,none,1,0.69,274,0,1493,0
TX000124,C02147,2272.23,UPI,returning,yearly,success,none,1,0.89,193,1,4,0
TX000125,C02732,2074.77,CARD,returning,monthly,failed,network_error,3,0.96,212,1,129,1
TX000126,C01896,1420.51,UPI,new,one_time,failed,card_declined,3,0.9,62,1,1251,0
TX000127,C02774,3624.72,UPI,returning,monthly,failed,card_declined,0,0.68,308,1,1024,1
TX000128,C01571,240.09,CARD,new,one_time,success,none,3,0.88,334,1,536,0
TX000129,C00961,1816.35,UPI,returning,monthly,failed,insufficient_funds,1,0.82,230,0,500,1
TX000130,C02661,2051.93,NETBANKING,returning,one_time,success,none,2,0.65,126,1,277,0
TX000131,C01486,317.49,NETBANKING,returning,monthly,success,none,1,0.74,149,1,18,0
TX000132,C02691,243.99,UPI,returning,one_time,success,none,1,0.68,71,1,3,0
TX000133,C01029,520.12,WALLET,new,yearly,failed,network_error,3,0.89,79,0,157,1
TX000134,C00503,565.92,UPI,returning,one_time,success,none,0,0.73,261,1,386,0
TX000135,C02815,2329.52,UPI,returning,monthly,failed,expired_card,2,0.69,112,1,433,1
TX000136,C00398,593.16,UPI,returning,yearly,success,none,3,0.96,6,1,856,0
TX000137,C00871,465.75,CARD,new,one_time,failed,bank_timeout,2,0.74,112,1,454,0
TX000138,C02843,594.88,CARD,new,yearly,success,none,3,0.9,254,1,994,0
TX000139,C00393,3356.43,UPI,returning,one_time,success,none,2,0.68,257,0,169,0
TX000140,C00207,1111.03,UPI,returning,yearly,failed,bank_timeout,1,0.67,166,1,568,1
TX000141,C01039,916.67,UPI,returning,yearly,success,none,1,0.84,133,1,430,0
TX000142,C01882,982.4,NETBANKING,returning,one_time,success,none,3,0.77,318,1,151,0
TX000143,C02940,3992.05,NETBANKING,returning,monthly,failed,bank_timeout,3,0.77,138,1,1328,1
TX000144,C01485,518.44,CARD,returning,one_time,failed,card_declined,1,0.66,176,1,295,1
TX000145,C00864,4086.76,CARD,new,one_time,success,none,3,0.74,323,1,43,0
TX000146,C02791,1353.56,CARD,returning,one_time,success,none,2,0.86,60,1,482,0
TX000147,C00564,934.1,UPI,new,one_time,success,none,2,0.9,356,1,1126,0
TX000148,C01021,13371.76,UPI,new,monthly,success,none,3,0.78,170,1,810,0
TX000149,C00096,381.6,CARD,new,one_time,success,none,2,0.64,73,1,1492,0
TX000150,C01924,769.94,UPI,returning,monthly,success,none,2,0.79,27,1,672,0
TX000151,C01758,319.76,UPI,returning,one_time,success,none,1,0.81,201,1,1172,0
TX000152,C02533,2842.56,WALLET,returning,yearly,success,none,0,0.67,150,0,958,0
TX000153,C02279,5938.36,NETBANKING,new,one_time,success,none,2,0.74,294,1,600,0
TX000154,C02797,5825.05,UPI,new,one_time,success,none,3,0.91,80,1,647,0
TX000155,C01679,3729.2,CARD,returning,monthly,success,none,0,0.77,160,1,1086,0
TX000156,C00541,899.99,NETBANKING,returning,yearly,success,none,2,0.94,57,1,959,0
TX000157,C01060,761.1,UPI,returning,monthly,success,none,0,0.85,283,1,410,0
TX000158,C02573,206.2,UPI,new,monthly,failed,network_error,0,0.81,200,1,230,1
TX000159,C01184,8399.05,UPI,returning,one_time,failed,insufficient_funds,0,0.78,23,1,495,1
TX000160,C01723,1752.81,UPI,returning,one_time,success,none,1,0.8,320,1,697,0
TX000161,C01820,670.51,NETBANKING,returning,monthly,success,none,0,0.88,86,1,169,0
TX000162,C02626,4138.37,UPI,returning,monthly,failed,insufficient_funds,1,0.79,354,1,1207,1
TX000163,C02730,414.57,UPI,returning,one_time,failed,bank_timeout,3,0.76,248,1,1484,1
TX000164,C02605,1646.85,UPI,returning,monthly,success,none,3,0.92,234,1,1074,0
TX000165,C01598,922.76,UPI,returning,monthly,success,none,0,0.28,58,1,536,0
TX000166,C02694,2076.99,UPI,returning,monthly,success,none,1,0.72,304,0,8,0
TX000167,C00796,1029.09,CARD,new,one_time,success,none,2,0.92,262,0,905,0
TX000168,C01052,257.0,UPI,returning,monthly,failed,expired_card,3,0.91,259,1,9,1
TX000169,C01644,1182.72,CARD,returning,one_time,failed,expired_card,2,0.67,63,1,275,1
TX000170,C01364,3130.24,CARD,new,one_time,success,none,0,0.91,112,1,1078,0
TX000171,C01982,1065.06,UPI,returning,monthly,success,none,1,0.86,326,0,115,0
TX000172,C01355,2380.62,CARD,returning,monthly,success,none,2,0.95,336,1,1168,0
TX000173,C01664,385.47,CARD,returning,monthly,success,none,1,0.62,77,1,1122,0
TX000174,C01530,1068.21,UPI,returning,one_time,success,none,3,0.85,336,0,193,0
TX000175,C02039,587.27,UPI,returning,yearly,success,none,3,0.51,36,1,1404,0
TX000176,C01497,2314.57,CARD,returning,one_time,success,none,1,0.74,101,1,1149,0
TX000177,C02238,1131.72,WALLET,returning,yearly,success,none,3,0.78,31,1,340,0
TX000178,C01409,2186.54,UPI,returning,one_time,failed,expired_card,3,0.99,132,1,690,1
TX000179,C01401,3254.23,UPI,returning,one_time,success,none,3,0.39,277,1,381,0
TX000180,C01307,2189.92,UPI,returning,one_time,success,none,2,0.79,143,1,1180,0
TX000181,C02681,1441.04,UPI,returning,one_time,success,none,3,0.75,276,0,540,0
TX000182,C02676,404.15,CARD,new,monthly,success,none,1,0.62,220,1,213,0
TX000183,C00973,1093.58,UPI,returning,yearly,success,none,3,0.77,6,1,230,0
TX000184,C01769,643.49,UPI,new,one_time,success,none,1,0.86,243,1,1227,0
TX000185,C01283,777.39,UPI,returning,monthly,success,none,1,0.86,165,1,268,0
TX000186,C00710,754.06,UPI,returning,yearly,failed,expired_card,2,0.78,3,1,742,0
TX000187,C01480,411.61,UPI,returning,monthly,success,none,1,0.85,110,0,1161,0
TX000188,C01435,154.88,UPI,returning,one_time,success,none,2,0.82,215,1,836,0
TX000189,C00649,562.2,UPI,new,yearly,success,none,1,0.72,348,1,1156,0
TX000190,C00318,1330.59,NETBANKING,new,one_time,success,none,1,0.9,131,1,944,0
TX000191,C01258,284.81,NETBANKING,returning,monthly,success,none,2,0.73,288,0,1231,0
TX000192,C00684,1113.97,UPI,returning,monthly,failed,insufficient_funds,2,0.91,164,1,942,1
TX000193,C00664,7333.94,UPI,new,one_time,success,none,1,0.61,334,1,676,0
TX000194,C01999,3050.49,UPI,new,monthly,success,none,1,0.47,130,1,1226,0
TX000195,C01632,5673.39,UPI,returning,one_time,failed,insufficient_funds,0,0.81,81,1,842,1
TX000196,C01496,1621.53,UPI,new,one_time,success,none,1,0.89,163,0,1066,0
TX000197,C01137,3524.56,UPI,returning,one_time,success,none,2,0.9,169,1,526,0
TX000198,C01854,531.68,CARD,returning,yearly,success,none,1,0.84,25,1,884,0
TX000199,C01521,575.74,UPI,returning,yearly,success,none,0,0.8,101,0,1199,0
TX000200,C02490,100.0,UPI,new,one_time,success,none,1,0.91,58,1,1412,0
TX000201,C00564,3590.85,CARD,new,one_time,success,none,3,0.66,223,1,164,0
TX000202,C01292,5117.0,CARD,returning,one_time,failed,network_error,0,0.82,17,1,1447,1
TX000203,C01637,630.7,UPI,returning,monthly,success,none,2,0.66,185,1,828,0
TX000204,C03000,850.69,UPI,new,yearly,success,none,3,0.89,311,1,170,0
TX000205,C00699,516.02,UPI,new,yearly,failed,insufficient_funds,2,0.84,46,1,554,1
TX000206,C02161,1607.85,UPI,new,monthly,success,none,1,0.91,123,1,1015,0
TX000207,C00002,3377.64,UPI,returning,monthly,failed,network_error,0,0.94,7,1,264,1
TX000208,C00642,191.95,UPI,returning,one_time,success,none,2,0.8,359,1,1254,0
TX000209,C02268,1651.5,UPI,new,one_time,success,none,1,0.94,22,1,1148,0
TX000210,C01590,831.58,CARD,returning,monthly,success,none,2,0.9,213,1,626,0
TX000211,C00855,1228.31,CARD,returning,monthly,failed,network_error,3,0.84,301,1,425,1
TX000212,C01760,1735.4,UPI,returning,monthly,success,none,1,0.95,210,1,1488,0
TX000213,C02433,908.5,UPI,returning,one_time,success,none,0,0.73,57,1,557,0
TX000214,C01662,988.72,UPI,returning,one_time,success,none,1,0.51,121,1,1243,0
TX000215,C01154,885.48,UPI,returning,one_time,success,none,2,0.96,318,1,920,0
TX000216,C01077,2893.77,UPI,returning,yearly,success,none,1,0.85,8,1,1163,0
TX000217,C01708,1666.97,NETBANKING,returning,monthly,success,none,2,0.88,327,1,848,0
TX000218,C02778,1367.29,CARD,returning,one_time,success,none,0,0.64,135,1,240,0
TX000219,C01696,307.68,NETBANKING,returning,yearly,success,none,2,0.73,221,1,437,0
TX000220,C01734,751.01,CARD,new,monthly,success,none,3,0.83,215,1,1052,0
TX000221,C01440,2693.7,WALLET,returning,one_time,success,none,2,0.46,302,1,523,0
TX000222,C02295,1138.76,CARD,new,one_time,success,none,0,0.88,11,1,1204,0
TX000223,C00836,2120.76,WALLET,returning,monthly,success,none,3,0.58,26,1,340,0
TX000224,C00203,6415.75,UPI,new,monthly,success,none,0,0.89,360,0,545,0
TX000225,C00123,3098.29,UPI,returning,monthly,failed,card_declined,1,0.79,314,1,266,1
TX000226,C00401,1203.7,CARD,returning,monthly,failed,insufficient_funds,0,0.74,265,0,893,1
TX000227,C00767,657.87,WALLET,returning,one_time,success,none,3,0.77,1,1,176,0
TX000228,C00294,100.0,UPI,returning,one_time,success,none,2,0.96,318,1,746,0
TX000229,C02328,926.69,UPI,returning,monthly,success,none,1,0.8,316,1,1013,0
TX000230,C02932,791.55,UPI,new,monthly,failed,expired_card,0,0.92,29,1,643,1
TX000231,C00198,1620.3,CARD,new,one_time,failed,bank_timeout,2,0.9,298,1,645,1
TX000232,C01931,940.2,UPI,new,one_time,success,none,0,0.82,348,1,230,0
TX000233,C02800,796.01,CARD,returning,one_time,failed,network_error,2,0.88,147,1,164,1
TX000234,C02192,185.05,WALLET,returning,one_time,failed,bank_timeout,0,0.85,143,1,780,1
TX000235,C00609,428.39,NETBANKING,returning,one_time,success,none,1,0.82,311,1,799,0
TX000236,C01148,1766.32,UPI,returning,monthly,success,none,1,0.81,207,1,1193,0
TX000237,C00187,6099.17,UPI,returning,monthly,success,none,1,0.63,231,0,1498,0
TX000238,C02512,994.73,UPI,returning,one_time,success,none,2,0.91,168,1,226,0
TX000239,C01795,1522.05,UPI,returning,monthly,success,none,1,0.74,309,1,877,0
TX000240,C00660,2842.61,UPI,returning,monthly,success,none,1,0.75,176,0,807,0
TX000241,C02812,487.41,CARD,returning,one_time,success,none,1,0.82,151,1,1133,0
TX000242,C01956,1582.58,UPI,new,monthly,failed,expired_card,2,0.87,282,0,208,0
TX000243,C02451,522.96,NETBANKING,new,one_time,failed,network_error,1,0.5,286,1,1496,0
TX000244,C01370,2604.05,NETBANKING,new,monthly,success,none,3,0.94,217,1,1003,0
TX000245,C01987,1275.89,UPI,returning,one_time,failed,network_error,1,0.57,206,1,901,1
TX000246,C01535,1478.01,WALLET,returning,one_time,success,none,0,0.59,111,1,321,0
TX000247,C00147,501.4,CARD,returning,monthly,success,none,2,0.56,245,1,1386,0
TX000248,C02912,2223.93,UPI,returning,one_time,success,none,1,0.84,117,1,648,0
TX000249,C01735,8819.43,UPI,new,one_time,success,none,1,0.77,93,1,660,0
TX000250,C01844,400.25,UPI,returning,one_time,success,none,1,0.85,54,1,803,0
TX000251,C00489,780.74,UPI,returning,monthly,failed,insufficient_funds,0,0.94,64,1,94,1
TX000252,C02977,1382.44,CARD,new,yearly,success,none,0,0.62,77,0,1330,0
TX000253,C01960,2407.65,UPI,returning,one_time,success,none,0,0.95,297,0,431,0
TX000254,C01664,626.69,CARD,returning,one_time,success,none,1,0.95,206,1,1307,0
TX000255,C02599,100.0,UPI,new,monthly,failed,card_declined,2,0.86,255,0,438,0
TX000256,C02386,4269.23,UPI,returning,one_time,success,none,2,0.94,165,1,803,0
TX000257,C02920,2346.09,CARD,new,monthly,success,none,0,0.7,222,1,147,0
TX000258,C00641,191.91,CARD,new,one_time,failed,bank_timeout,1,0.68,230,0,437,1
TX000259,C01803,597.31,UPI,returning,monthly,failed,expired_card,2,0.77,170,0,362,0
TX000260,C02521,5261.56,UPI,returning,monthly,failed,card_declined,1,0.94,64,1,1321,1
TX000261,C01970,4664.78,NETBANKING,returning,one_time,success,none,3,0.76,196,1,102,0
TX000262,C02199,2803.55,CARD,returning,monthly,failed,card_declined,0,0.68,337,1,1156,1
TX000263,C01439,919.55,UPI,returning,monthly,failed,insufficient_funds,0,0.9,273,0,1475,1
TX000264,C01635,1191.52,UPI,new,one_time,failed,network_error,3,0.9,341,1,375,0
TX000265,C00263,962.06,UPI,returning,one_time,success,none,1,0.8,133,0,1099,0
TX000266,C01788,3388.83,UPI,returning,one_time,success,none,2,0.73,285,0,45,0
TX000267,C02192,456.76,CARD,returning,one_time,success,none,2,0.72,155,1,412,0
TX000268,C02394,489.9,NETBANKING,returning,one_time,success,none,3,0.76,343,1,488,0
TX000269,C00624,3011.74,CARD,returning,monthly,success,none,0,0.69,47,1,324,0
TX000270,C01017,1049.05,UPI,new,monthly,failed,expired_card,1,0.87,248,1,946,1
TX000271,C00881,4352.33,NETBANKING,returning,yearly,success,none,3,0.69,296,0,167,0
TX000272,C02050,560.31,UPI,returning,monthly,success,none,3,0.83,263,1,1411,0
TX000273,C02945,1038.18,NETBANKING,returning,monthly,success,none,0,0.89,157,1,879,0
TX000274,C01328,435.98,UPI,returning,monthly,success,none,2,0.48,287,1,1237,0
TX000275,C02302,1104.74,UPI,new,yearly,success,none,1,0.93,305,0,537,0
TX000276,C00453,250.0,CARD,new,one_time,success,none,1,0.64,125,1,813,0
TX000277,C01184,673.42,UPI,new,one_time,failed,card_declined,0,0.68,330,1,67,1
TX000278,C02057,260.8,CARD,returning,one_time,failed,card_declined,1,0.89,298,0,1233,1
TX000279,C01683,2194.97,CARD,returning,monthly,success,none,1,0.9,16,1,599,0
TX000280,C02864,2245.29,UPI,new,one_time,failed,bank_timeout,1,0.94,15,0,1169,1
TX000281,C02256,194.36,CARD,returning,one_time,success,none,1,0.69,128,1,597,0
TX000282,C01155,4162.56,UPI,new,monthly,failed,expired_card,0,0.75,160,1,463,0
TX000283,C00404,13325.24,UPI,returning,yearly,failed,expired_card,1,0.78,330,1,1139,1
TX000284,C02200,1148.26,WALLET,new,yearly,success,none,2,0.68,219,1,761,0
TX000285,C02102,577.6,NETBANKING,returning,monthly,success,none,0,0.76,326,1,786,0
TX000286,C01697,18477.9,UPI,returning,one_time,success,none,1,0.89,268,1,1334,0
TX000287,C00628,293.25,UPI,returning,yearly,success,none,3,0.42,270,1,77,0
TX000288,C00587,1118.91,UPI,returning,yearly,success,none,0,0.78,107,1,384,0
TX000289,C01649,1312.41,CARD,new,yearly,success,none,2,0.67,72,1,818,0
TX000290,C01444,4209.7,NETBANKING,returning,monthly,success,none,1,0.95,267,1,571,0
TX000291,C01446,1571.43,UPI,returning,one_time,success,none,1,0.51,19,0,1039,0
TX000292,C00104,666.05,NETBANKING,new,one_time,success,none,3,0.9,362,1,181,0
TX000293,C00254,423.61,UPI,returning,yearly,success,none,3,0.32,7,1,953,0
TX000294,C02558,779.13,UPI,returning,one_time,success,none,0,0.73,346,1,844,0
TX000295,C01497,400.64,NETBANKING,new,one_time,success,none,0,0.86,144,1,366,0
TX000296,C00099,1150.35,UPI,new,monthly,success,none,0,0.96,218,1,970,0
TX000297,C02201,623.78,UPI,new,one_time,success,none,3,0.72,136,1,1463,0
TX000298,C01885,246.16,CARD,new,yearly,success,none,0,0.84,142,1,1341,0
TX000299,C02962,3847.37,UPI,returning,one_time,success,none,0,0.5,84,1,888,0
TX000300,C01920,666.69,UPI,new,one_time,success,none,1,0.75,115,1,333,0
TX000301,C00878,308.54,NETBANKING,returning,yearly,success,none,0,0.94,140,1,1346,0
TX000302,C00338,926.8,CARD,returning,one_time,failed,card_declined,0,0.8,95,1,1134,1
TX000303,C02870,1174.23,NETBANKING,new,yearly,success,none,3,0.91,215,1,530,0
TX000304,C00957,191.24,UPI,returning,monthly,success,none,0,0.87,39,1,354,0
TX000305,C01705,1527.9,UPI,new,monthly,failed,network_error,2,0.79,118,1,308,1
TX000306,C00161,384.85,WALLET,returning,one_time,failed,expired_card,3,0.78,275,1,162,1
TX000307,C01604,6069.48,UPI,returning,monthly,failed,expired_card,1,0.97,295,1,405,1
TX000308,C02849,1851.89,UPI,new,one_time,success,none,0,0.72,106,1,683,0
TX000309,C00398,735.17,UPI,new,yearly,success,none,1,0.71,43,1,457,0
TX000310,C01301,520.52,UPI,new,one_time,failed,bank_timeout,1,0.79,183,1,787,1
TX000311,C00816,987.36,UPI,returning,one_time,success,none,0,0.84,207,1,1162,0
TX000312,C01528,2023.92,NETBANKING,returning,yearly,success,none,2,0.75,10,0,34,0
TX000313,C01920,1069.03,WALLET,returning,monthly,success,none,2,0.58,146,1,1230,0
TX000314,C01416,882.57,CARD,returning,monthly,success,none,1,0.91,199,1,564,0
TX000315,C01159,1162.55,CARD,returning,monthly,failed,bank_timeout,0,0.81,308,1,1472,1
TX000316,C01219,599.53,NETBANKING,new,one_time,success,none,1,0.93,48,1,264,0
TX000317,C00401,778.05,CARD,new,one_time,failed,bank_timeout,3,0.81,210,1,741,1
TX000318,C00640,136.21,UPI,new,yearly,success,none,1,0.69,141,1,417,0
TX000319,C02736,2903.66,UPI,returning,one_time,success,none,3,0.9,106,1,1122,0
TX000320,C00460,1478.52,UPI,new,one_time,success,none,0,0.81,206,1,144,0
TX000321,C00955,506.0,UPI,new,monthly,failed,network_error,2,0.56,359,1,1383,0
TX000322,C00470,7322.7,UPI,new,one_time,success,none,1,0.83,316,1,539,0
TX000323,C01046,1196.33,UPI,returning,monthly,success,none,1,0.98,361,1,1447,0
TX000324,C02798,389.11,UPI,returning,monthly,success,none,1,0.84,189,1,737,0
TX000325,C01694,2583.08,UPI,new,yearly,success,none,1,0.81,70,1,1125,0
TX000326,C02086,1632.79,UPI,new,one_time,success,none,1,0.94,291,1,985,0
TX000327,C02278,1627.14,UPI,new,one_time,success,none,0,0.69,234,1,587,0
TX000328,C00563,716.4,CARD,new,monthly,failed,network_error,2,0.95,196,1,907,1
TX000329,C02486,1720.72,UPI,new,one_time,success,none,3,0.78,195,1,406,0
TX000330,C01800,844.08,NETBANKING,new,one_time,success,none,0,0.91,57,1,590,0
TX000331,C02075,1912.07,WALLET,returning,monthly,success,none,3,0.68,286,0,1191,0
TX000332,C00226,163.21,CARD,returning,monthly,success,none,0,0.8,267,1,386,0
TX000333,C00798,710.61,CARD,new,one_time,success,none,0,0.82,305,1,354,0
TX000334,C02332,6137.39,NETBANKING,new,one_time,success,none,3,0.83,294,1,11,0
TX000335,C02927,509.25,UPI,new,monthly,success,none,2,0.51,164,1,824,0
TX000336,C00960,599.54,WALLET,new,one_time,failed,expired_card,0,0.88,198,0,237,1
TX000337,C01505,700.67,CARD,returning,yearly,success,none,3,0.84,221,1,1477,0
TX000338,C00453,325.45,CARD,returning,one_time,success,none,2,0.63,256,1,1331,0
TX000339,C00816,120.51,UPI,new,monthly,success,none,1,0.94,214,1,731,0
TX000340,C00659,870.8,UPI,returning,one_time,success,none,1,0.68,265,1,210,0
TX000341,C00547,1256.22,CARD,new,one_time,success,none,3,0.72,118,1,992,0
TX000342,C01216,1040.54,CARD,new,one_time,success,none,0,0.83,331,1,835,0
TX000343,C00017,948.73,CARD,returning,one_time,success,none,1,0.88,20,1,952,0
TX000344,C01244,1144.86,UPI,new,one_time,success,none,1,0.93,201,1,114,0
TX000345,C02206,3049.83,UPI,returning,one_time,success,none,3,0.87,164,0,471,0
TX000346,C02525,906.47,UPI,returning,yearly,success,none,3,0.97,51,1,896,0
TX000347,C01070,617.65,UPI,returning,one_time,success,none,1,0.79,331,1,456,0
TX000348,C02566,827.89,UPI,returning,yearly,success,none,0,0.82,24,1,814,0
TX000349,C02147,1957.35,UPI,returning,one_time,failed,network_error,3,0.88,116,1,1146,1
TX000350,C01769,4500.87,UPI,returning,monthly,success,none,3,0.94,354,1,586,0
TX000351,C01061,585.14,UPI,returning,yearly,failed,bank_timeout,0,0.88,246,0,1048,1
TX000352,C02328,1210.68,UPI,new,yearly,success,none,2,0.8,122,1,760,0
TX000353,C02545,1538.18,NETBANKING,returning,one_time,failed,network_error,3,0.67,332,1,1240,0
TX000354,C00302,406.43,CARD,returning,monthly,success,none,1,0.87,16,1,920,0
TX000355,C00181,1119.25,CARD,returning,one_time,success,none,0,0.66,158,1,551,0
TX000356,C00607,253.24,UPI,returning,one_time,success,none,1,0.64,139,0,1155,0
TX000357,C00700,186.97,CARD,new,monthly,success,none,0,0.78,352,1,102,0
TX000358,C00993,1582.48,UPI,new,one_time,success,none,2,0.98,253,1,239,0
TX000359,C01140,747.04,WALLET,new,one_time,success,none,3,0.89,169,1,1476,0
TX000360,C00191,1342.49,CARD,returning,one_time,success,none,2,0.65,219,1,1356,0
TX000361,C02301,1077.18,CARD,returning,one_time,success,none,3,0.7,80,1,1093,0
TX000362,C00981,413.06,NETBANKING,new,one_time,success,none,0,0.77,298,1,249,0
TX000363,C02976,1048.11,UPI,returning,yearly,success,none,1,0.79,225,1,1042,0
TX000364,C02007,319.55,UPI,returning,one_time,success,none,2,0.98,86,1,486,0
TX000365,C01185,4407.1,CARD,returning,monthly,success,none,0,0.92,81,1,913,0
TX000366,C00128,282.6,UPI,returning,monthly,failed,expired_card,2,0.9,122,1,857,1
TX000367,C02066,901.64,UPI,new,monthly,success,none,0,0.65,280,0,983,0
TX000368,C01817,386.73,CARD,returning,monthly,success,none,2,0.91,9,1,1396,0
TX000369,C01759,1939.96,UPI,new,monthly,success,none,0,0.92,118,0,585,0
TX000370,C02614,787.27,CARD,new,monthly,success,none,2,0.94,298,1,1206,0
TX000371,C00570,652.84,NETBANKING,returning,one_time,success,none,2,0.61,332,1,598,0
TX000372,C01347,2573.96,UPI,returning,yearly,failed,card_declined,0,0.95,56,1,541,1
TX000373,C01896,1129.39,UPI,returning,yearly,failed,insufficient_funds,2,0.67,26,1,1147,1
TX000374,C02734,1838.39,UPI,returning,monthly,success,none,0,0.81,138,1,1010,0
TX000375,C00626,411.03,UPI,returning,one_time,failed,network_error,2,0.69,158,1,1198,1
TX000376,C02902,269.13,UPI,new,one_time,success,none,3,0.81,44,0,1234,0
TX000377,C01687,1220.73,UPI,returning,monthly,success,none,3,0.83,126,0,487,0
TX000378,C00155,797.24,UPI,returning,monthly,success,none,2,0.9,294,1,1310,0
TX000379,C02538,2051.72,UPI,new,monthly,success,none,0,0.79,28,1,1197,0
TX000380,C01410,1012.41,CARD,returning,monthly,success,none,3,0.53,256,1,917,0
TX000381,C00785,1346.25,NETBANKING,new,monthly,success,none,2,0.93,275,1,1136,0
TX000382,C00246,216.29,CARD,new,one_time,success,none,2,0.8,102,1,1177,0
TX000383,C01501,7247.68,UPI,new,monthly,success,none,0,0.75,325,1,1478,0
TX000384,C01706,930.53,UPI,new,one_time,success,none,1,0.69,125,1,377,0
TX000385,C02807,2203.03,CARD,returning,monthly,success,none,0,0.56,231,1,1325,0
TX000386,C00538,475.28,UPI,returning,one_time,success,none,1,0.45,12,1,569,0
TX000387,C01891,1492.2,UPI,returning,one_time,failed,card_declined,2,0.82,154,1,285,1
TX000388,C01842,298.02,NETBANKING,new,one_time,success,none,1,0.9,42,1,135,0
TX000389,C00921,1723.42,UPI,returning,yearly,failed,expired_card,1,0.86,146,1,285,1
TX000390,C02456,768.18,UPI,new,monthly,failed,card_declined,0,0.9,39,1,879,1
TX000391,C00525,1129.12,NETBANKING,returning,one_time,success,none,1,0.6,92,1,1339,0
TX000392,C02876,2203.88,NETBANKING,new,monthly,failed,card_declined,1,0.82,8,1,777,0
TX000393,C01530,319.72,UPI,returning,monthly,success,none,2,0.62,344,1,21,0
TX000394,C02951,553.08,UPI,new,monthly,success,none,3,0.85,240,0,789,0
TX000395,C00036,1732.51,CARD,returning,monthly,success,none,0,0.81,167,0,379,0
TX000396,C00685,8939.38,CARD,returning,one_time,failed,card_declined,0,0.87,286,1,1326,1
TX000397,C00020,955.2,UPI,returning,one_time,success,none,3,0.62,157,1,145,0
TX000398,C02369,1980.56,CARD,new,one_time,success,none,3,0.76,334,1,915,0
TX000399,C02560,985.38,WALLET,new,monthly,success,none,3,0.84,321,1,345,0
TX000400,C00400,7648.35,UPI,returning,one_time,success,none,1,0.73,208,1,353,0
TX000401,C02702,191.1,NETBANKING,returning,monthly,success,none,2,0.97,346,1,473,0
TX000402,C00972,1205.47,WALLET,returning,one_time,success,none,0,0.83,179,0,693,0
TX000403,C01907,215.82,UPI,returning,one_time,success,none,2,0.97,316,1,944,0
TX000404,C02519,100.0,CARD,returning,yearly,success,none,1,0.64,239,1,862,0
TX000405,C01167,1476.55,UPI,returning,yearly,success,none,3,0.88,175,1,1031,0
TX000406,C01116,1260.8,CARD,returning,one_time,failed,bank_timeout,1,0.64,308,1,766,1
TX000407,C00834,824.82,CARD,new,monthly,success,none,3,0.79,229,1,1314,0
TX000408,C01824,986.15,UPI,returning,monthly,failed,network_error,0,0.8,294,1,1193,1
TX000409,C02775,24301.65,CARD,returning,monthly,success,none,1,0.8,58,1,249,0
TX000410,C01983,847.11,NETBANKING,returning,one_time,success,none,2,0.94,295,0,137,0
TX000411,C00854,1826.44,UPI,new,one_time,success,none,2,0.73,164,1,561,0
TX000412,C00051,572.86,UPI,returning,yearly,failed,card_declined,1,0.88,191,1,97,1
TX000413,C00575,1473.26,UPI,returning,yearly,failed,expired_card,1,0.58,32,1,229,1
TX000414,C01149,864.17,CARD,returning,monthly,success,none,2,0.83,313,1,690,0
TX000415,C02198,727.4,WALLET,returning,yearly,success,none,1,0.85,283,1,517,0
TX000416,C02362,6760.81,NETBANKING,returning,monthly,failed,insufficient_funds,1,0.79,266,1,165,1
TX000417,C02618,3558.82,UPI,returning,one_time,success,none,1,0.59,109,1,734,0
TX000418,C02353,1257.33,UPI,new,one_time,success,none,3,0.91,295,0,335,0
TX000419,C01716,109.49,UPI,new,one_time,success,none,2,0.78,61,1,271,0
TX000420,C00682,764.32,UPI,new,monthly,success,none,1,0.91,183,1,308,0
TX000421,C00838,16367.08,UPI,returning,yearly,success,none,2,0.85,50,1,34,0
TX000422,C01078,870.74,UPI,returning,monthly,failed,insufficient_funds,0,0.89,312,1,933,1
TX000423,C02492,3305.09,UPI,new,monthly,success,none,1,0.58,37,0,708,0
TX000424,C02661,4637.55,WALLET,new,monthly,success,none,3,0.82,59,1,785,0
TX000425,C02312,1365.07,CARD,returning,one_time,success,none,3,0.88,257,0,52,0
TX000426,C01596,472.57,CARD,returning,one_time,success,none,1,0.75,39,1,496,0
TX000427,C00005,100.0,UPI,returning,one_time,success,none,1,0.55,42,0,195,0
TX000428,C01127,2173.65,WALLET,returning,monthly,success,none,0,0.94,107,1,635,0
TX000429,C01220,485.53,CARD,new,yearly,success,none,1,0.85,348,1,620,0
TX000430,C00774,1307.86,NETBANKING,returning,one_time,success,none,2,0.77,227,1,828,0
TX000431,C00877,314.25,UPI,new,monthly,success,none,1,0.48,45,1,569,0
TX000432,C00992,841.14,UPI,returning,monthly,success,none,2,0.97,129,1,897,0
TX000433,C02932,1134.24,UPI,new,one_time,success,none,2,0.82,285,1,212,0
TX000434,C00047,1434.53,UPI,new,monthly,success,none,2,0.71,123,1,1232,0
TX000435,C02915,359.67,CARD,new,one_time,success,none,2,0.86,234,1,565,0
TX000436,C02871,3629.72,NETBANKING,returning,monthly,failed,insufficient_funds,2,0.68,162,1,1019,1
TX000437,C02984,603.72,UPI,returning,monthly,success,none,1,0.78,30,1,197,0
TX000438,C02704,205.52,UPI,new,one_time,success,none,1,0.87,321,1,942,0
TX000439,C00269,983.36,CARD,new,monthly,failed,bank_timeout,1,0.9,92,1,1337,1
TX000440,C00370,1134.99,UPI,returning,one_time,success,none,3,0.79,165,1,310,0
TX000441,C00636,1287.67,CARD,new,one_time,success,none,2,0.67,202,1,1383,0
TX000442,C01130,4281.82,CARD,new,monthly,success,none,0,0.92,91,1,1035,0
TX000443,C01694,865.71,UPI,returning,yearly,success,none,1,0.71,160,1,792,0
TX000444,C01683,973.0,NETBANKING,returning,one_time,failed,network_error,1,0.56,253,1,330,0
TX000445,C00657,363.88,UPI,new,one_time,success,none,3,0.95,246,0,1125,0
TX000446,C00120,2491.28,NETBANKING,returning,monthly,success,none,1,0.75,301,1,720,0
TX000447,C00831,1318.58,CARD,returning,one_time,success,none,2,0.93,282,1,379,0
TX000448,C01811,720.52,NETBANKING,returning,one_time,success,none,1,0.82,272,1,243,0
TX000449,C01082,163.26,UPI,new,one_time,success,none,2,0.9,182,1,521,0
TX000450,C01975,4649.02,UPI,returning,monthly,failed,insufficient_funds,1,0.76,266,0,223,1
TX000451,C01370,321.28,UPI,new,yearly,success,none,1,0.71,5,0,856,0
TX000452,C00741,607.12,UPI,returning,one_time,success,none,2,0.94,320,0,1125,0
TX000453,C00117,1569.24,NETBANKING,new,monthly,success,none,2,0.73,152,1,1034,0
TX000454,C01854,331.44,UPI,returning,one_time,success,none,1,0.94,221,1,535,0
TX000455,C02839,246.29,NETBANKING,returning,monthly,success,none,2,0.87,227,0,1342,0
TX000456,C01151,131.11,UPI,returning,one_time,failed,bank_timeout,3,0.85,270,1,579,1
TX000457,C01932,2255.21,UPI,new,one_time,success,none,2,0.87,69,0,878,0
TX000458,C01013,635.76,NETBANKING,returning,monthly,success,none,2,0.98,284,1,538,0
TX000459,C01665,20481.35,UPI,returning,one_time,success,none,0,0.89,265,1,114,0
TX000460,C01082,405.71,CARD,new,one_time,success,none,2,0.98,28,1,231,0
TX000461,C00634,436.4,UPI,returning,yearly,success,none,2,0.84,230,1,821,0
TX000462,C00513,623.04,NETBANKING,new,yearly,failed,expired_card,0,0.54,105,1,255,1
TX000463,C02850,1398.47,CARD,returning,one_time,success,none,2,0.75,190,1,1477,0
TX000464,C01120,685.26,CARD,returning,monthly,success,none,0,0.96,112,1,1207,0
TX000465,C01142,2022.99,UPI,new,monthly,success,none,1,0.4,178,1,1320,0
TX000466,C00560,412.16,UPI,new,monthly,success,none,1,0.96,174,1,1109,0
TX000467,C00488,275.45,NETBANKING,new,yearly,success,none,3,0.66,282,1,556,0
TX000468,C00897,181.6,NETBANKING,returning,monthly,success,none,1,0.88,137,1,970,0
TX000469,C01213,118.68,UPI,returning,monthly,success,none,2,0.65,270,0,655,0
TX000470,C00704,653.23,UPI,new,one_time,failed,expired_card,0,0.84,139,1,1356,0
TX000471,C01471,811.61,UPI,returning,one_time,success,none,1,0.78,78,1,839,0
TX000472,C00581,583.22,UPI,new,monthly,failed,bank_timeout,2,0.98,168,1,707,1
TX000473,C02838,3802.47,CARD,returning,one_time,failed,network_error,1,0.96,103,1,530,1
TX000474,C02909,3744.45,UPI,returning,one_time,success,none,3,0.73,116,1,1309,0
TX000475,C02295,784.62,UPI,returning,one_time,success,none,1,0.93,283,1,679,0
TX000476,C00154,182.38,CARD,new,one_time,failed,expired_card,1,0.79,40,0,1078,0
TX000477,C01680,622.22,UPI,returning,one_time,success,none,2,0.86,24,1,57,0
TX000478,C00997,601.95,CARD,returning,one_time,success,none,0,0.93,310,1,1037,0
TX000479,C02745,568.42,WALLET,returning,one_time,success,none,3,0.59,363,1,205,0
TX000480,C01244,545.82,UPI,returning,monthly,success,none,0,0.66,111,1,965,0
TX000481,C01093,570.51,CARD,returning,monthly,success,none,0,0.66,126,0,1267,0
TX000482,C01009,745.06,UPI,new,one_time,success,none,0,0.93,69,1,646,0
TX000483,C02142,580.83,UPI,returning,yearly,failed,network_error,3,0.64,200,1,281,1
TX000484,C01774,1350.62,UPI,returning,monthly,success,none,3,0.69,73,1,1244,0
TX000485,C00958,1572.42,UPI,returning,monthly,success,none,2,0.97,198,1,467,0
TX000486,C00453,441.14,UPI,returning,yearly,success,none,2,0.83,144,1,1422,0
TX000487,C01228,3909.11,UPI,returning,one_time,success,none,2,0.61,326,1,756,0
TX000488,C02960,411.55,NETBANKING,returning,one_time,failed,bank_timeout,3,0.7,126,1,1262,1
TX000489,C02266,217.5,CARD,new,one_time,success,none,3,0.88,276,1,783,0
TX000490,C02522,1604.84,WALLET,new,one_time,failed,expired_card,1,0.73,146,1,576,1
TX000491,C02480,484.25,CARD,returning,one_time,success,none,0,0.87,336,1,1016,0
TX000492,C02389,1512.16,UPI,new,monthly,success,none,2,0.67,269,1,917,0
TX000493,C00551,100.0,UPI,returning,one_time,success,none,1,0.97,271,1,116,0
TX000494,C01636,4413.64,UPI,returning,yearly,failed,expired_card,3,0.78,202,1,1039,1
TX000495,C01313,2148.0,UPI,returning,monthly,success,none,1,0.86,172,1,1370,0
TX000496,C01758,244.58,CARD,returning,monthly,success,none,1,0.75,223,1,1461,0
TX000497,C00357,249.94,UPI,returning,one_time,success,none,3,0.68,144,1,994,0
TX000498,C02071,5838.71,UPI,returning,monthly,failed,card_declined,0,0.52,354,1,114,1
TX000499,C01786,524.59,UPI,new,one_time,success,none,3,0.88,8,0,438,0
TX000500,C02570,476.19,UPI,returning,one_time,success,none,2,0.73,59,1,74,0
TX000501,C01782,113.74,UPI,new,monthly,success,none,1,0.93,195,1,53,0
TX000502,C02850,772.18,UPI,new,one_time,success,none,2,0.95,325,1,1209,0
TX000503,C02810,873.3,CARD,returning,monthly,success,none,1,0.93,278,1,185,0
TX000504,C02490,2242.83,UPI,new,monthly,success,none,1,0.85,141,0,818,0
TX000505,C01632,270.68,CARD,returning,one_time,failed,expired_card,2,0.53,42,1,836,1
TX000506,C02817,239.78,UPI,returning,monthly,success,none,1,0.87,175,1,740,0
TX000507,C01016,1721.52,UPI,returning,monthly,failed,insufficient_funds,3,0.64,101,1,1040,0
TX000508,C01349,3001.09,NETBANKING,new,one_time,success,none,3,0.91,113,1,1168,0
TX000509,C00516,227.89,CARD,returning,monthly,success,none,1,0.87,186,0,505,0
TX000510,C02840,3234.13,UPI,new,yearly,success,none,1,0.58,8,1,229,0
TX000511,C00336,1138.59,NETBANKING,new,monthly,success,none,3,1.0,23,1,1286,0
TX000512,C01783,3267.58,UPI,new,monthly,success,none,0,0.79,210,1,1053,0
TX000513,C02306,1022.27,UPI,returning,monthly,success,none,1,0.92,333,1,323,0
TX000514,C00497,100.0,CARD,new,monthly,success,none,3,0.83,234,1,1450,0
TX000515,C00896,942.03,CARD,returning,monthly,success,none,0,0.75,133,1,999,0
TX000516,C02208,3165.75,UPI,new,one_time,failed,card_declined,0,0.8,31,0,133,0
TX000517,C00852,448.65,UPI,new,one_time,success,none,2,0.85,170,1,1193,0
TX000518,C01688,744.0,NETBANKING,returning,yearly,success,none,0,0.63,119,1,590,0
TX000519,C01932,919.53,UPI,new,one_time,success,none,1,0.68,87,1,694,0
TX000520,C02738,100.0,UPI,returning,monthly,success,none,0,0.8,114,1,628,0
TX000521,C02428,5833.35,UPI,returning,monthly,success,none,2,0.92,41,1,1274,0
TX000522,C01569,445.24,NETBANKING,returning,one_time,failed,bank_timeout,3,0.91,242,1,131,1
TX000523,C00957,1818.44,UPI,returning,monthly,success,none,2,0.66,84,1,486,0
TX000524,C02739,1005.56,CARD,returning,one_time,success,none,3,0.68,235,1,1177,0
TX000525,C01637,3856.9,CARD,returning,yearly,success,none,1,0.61,135,0,867,0
TX000526,C01292,1645.92,UPI,returning,one_time,failed,insufficient_funds,3,0.92,7,0,1297,1
TX000527,C01441,867.03,CARD,new,one_time,success,none,0,0.96,45,1,675,0
TX000528,C01192,448.76,WALLET,returning,monthly,failed,insufficient_funds,3,0.79,295,1,1484,1
TX000529,C01067,2435.36,UPI,returning,monthly,success,none,0,0.98,340,1,1090,0
TX000530,C00285,168.44,UPI,new,one_time,success,none,2,0.79,17,1,820,0
TX000531,C02445,2092.03,NETBANKING,returning,one_time,success,none,2,0.79,57,1,1476,0
TX000532,C00012,365.39,CARD,returning,one_time,success,none,3,0.61,211,0,708,0
TX000533,C01631,3836.38,UPI,returning,one_time,success,none,2,0.92,111,1,780,0
TX000534,C02547,1288.58,CARD,new,monthly,success,none,2,0.88,272,1,667,0
TX000535,C00754,2088.34,CARD,returning,one_time,failed,network_error,2,0.96,65,1,784,1
TX000536,C02083,1190.33,CARD,new,monthly,success,none,0,0.55,279,1,1101,0
TX000537,C02775,190.11,NETBANKING,returning,monthly,failed,card_declined,3,0.66,131,1,930,0
TX000538,C02897,463.72,UPI,new,yearly,success,none,0,0.93,188,0,236,0
TX000539,C00090,2148.21,UPI,new,monthly,failed,network_error,3,0.67,299,0,333,0
TX000540,C00776,1295.5,CARD,new,one_time,failed,card_declined,0,0.98,22,1,1229,1
TX000541,C02653,3572.39,UPI,returning,one_time,success,none,1,0.72,181,1,605,0
TX000542,C01626,1641.35,CARD,returning,yearly,failed,card_declined,1,0.58,225,1,1427,1
TX000543,C00418,417.09,UPI,new,yearly,failed,insufficient_funds,1,0.66,336,1,522,1
TX000544,C00115,494.69,UPI,new,monthly,success,none,0,0.92,230,1,146,0
TX000545,C00617,1215.51,UPI,returning,yearly,failed,expired_card,3,0.68,242,1,952,0
TX000546,C00826,108.41,CARD,returning,monthly,success,none,0,0.68,301,1,520,0
TX000547,C01650,5845.58,CARD,returning,yearly,success,none,3,0.78,78,1,949,0
TX000548,C01517,1705.73,UPI,new,monthly,success,none,1,0.75,176,1,1328,0
TX000549,C00413,3740.72,UPI,returning,yearly,success,none,0,0.75,218,0,98,0
TX000550,C00729,225.74,UPI,new,yearly,success,none,3,0.94,334,1,250,0
TX000551,C02809,3806.88,CARD,returning,one_time,failed,network_error,3,0.81,342,0,1480,0
TX000552,C00676,10213.84,UPI,new,yearly,failed,network_error,2,0.85,235,0,846,1
TX000553,C01893,292.69,CARD,returning,one_time,failed,insufficient_funds,3,0.88,43,0,292,0
TX000554,C02505,2371.79,UPI,returning,one_time,success,none,1,0.85,287,0,1404,0
TX000555,C02968,1097.85,UPI,returning,monthly,failed,expired_card,0,0.87,253,1,117,1
TX000556,C02240,234.06,CARD,returning,monthly,success,none,2,0.6,15,1,569,0
TX000557,C02787,1795.22,UPI,returning,yearly,failed,card_declined,1,0.61,279,1,342,1
TX000558,C01123,2524.01,UPI,new,one_time,success,none,0,0.67,86,1,47,0
TX000559,C01572,601.17,UPI,returning,one_time,failed,card_declined,0,0.74,137,0,68,1
TX000560,C00978,3518.95,UPI,returning,one_time,success,none,2,0.81,88,1,1434,0
TX000561,C01009,207.11,UPI,returning,monthly,failed,expired_card,1,0.6,184,1,136,1
TX000562,C02144,245.98,UPI,new,monthly,failed,card_declined,0,0.87,351,1,943,1
TX000563,C01688,1257.14,CARD,returning,one_time,failed,network_error,2,0.8,257,1,1057,1
TX000564,C02711,1124.83,CARD,returning,monthly,success,none,0,0.9,166,0,1486,0
TX000565,C00037,535.62,CARD,new,one_time,failed,network_error,0,0.88,172,1,1289,1
TX000566,C01549,2464.13,UPI,returning,monthly,failed,network_error,1,0.92,58,1,975,1
TX000567,C02327,1864.77,CARD,returning,one_time,success,none,1,0.68,57,1,488,0
TX000568,C02265,2586.7,CARD,returning,monthly,success,none,0,0.55,333,1,1328,0
TX000569,C02915,969.58,UPI,returning,one_time,success,none,3,0.79,133,1,1266,0
TX000570,C00873,2003.36,CARD,new,one_time,failed,insufficient_funds,0,0.72,192,1,774,1
TX000571,C01822,702.29,NETBANKING,returning,yearly,success,none,3,0.71,262,1,1215,0
TX000572,C01297,8551.13,UPI,returning,monthly,failed,card_declined,1,0.92,337,1,1214,1
TX000573,C02110,486.61,NETBANKING,new,monthly,success,none,0,0.62,160,1,1280,0
TX000574,C00596,9002.86,UPI,new,monthly,success,none,0,0.81,218,1,1305,0
TX000575,C01904,1135.57,UPI,new,monthly,failed,insufficient_funds,0,0.88,242,1,1437,1
TX000576,C00729,277.13,UPI,new,monthly,success,none,2,0.77,287,1,923,0
TX000577,C01366,4307.36,CARD,returning,monthly,success,none,2,0.93,112,1,1413,0
TX000578,C00397,1243.77,UPI,new,monthly,failed,card_declined,1,0.83,119,1,703,0
TX000579,C00699,2568.62,NETBANKING,new,one_time,success,none,0,0.93,282,1,484,0
TX000580,C02225,3728.85,NETBANKING,returning,one_time,success,none,0,0.89,211,0,1175,0
TX000581,C01636,1537.57,CARD,returning,yearly,success,none,3,0.87,180,0,228,0
TX000582,C00396,606.53,UPI,new,yearly,failed,network_error,2,0.98,201,1,124,1
TX000583,C02493,2909.43,NETBANKING,new,one_time,success,none,1,0.89,320,1,763,0
TX000584,C00076,1097.46,NETBANKING,new,one_time,success,none,1,0.9,184,1,40,0
TX000585,C00265,2177.34,UPI,returning,one_time,success,none,0,0.92,175,1,1237,0
TX000586,C02503,127.26,CARD,new,monthly,success,none,0,0.71,261,1,1214,0
TX000587,C01820,1714.68,CARD,returning,one_time,success,none,2,0.82,51,1,130,0
TX000588,C00718,579.06,CARD,new,monthly,success,none,3,0.85,245,0,1113,0
TX000589,C02783,5729.08,UPI,new,yearly,success,none,2,0.87,363,0,65,0
TX000590,C00851,2044.87,UPI,returning,yearly,failed,network_error,1,0.79,277,1,736,1
TX000591,C01391,1393.9,UPI,new,one_time,success,none,2,0.84,279,1,672,0
TX000592,C00144,1783.46,UPI,new,yearly,success,none,2,0.8,64,0,277,0
TX000593,C00885,404.06,CARD,new,monthly,success,none,1,0.74,56,1,22,0
TX000594,C00396,5559.46,WALLET,new,one_time,success,none,1,0.95,339,1,634,0
TX000595,C02996,8033.46,WALLET,returning,one_time,success,none,1,0.62,241,1,322,0
TX000596,C02939,1624.43,CARD,new,monthly,success,none,0,0.66,191,1,766,0
TX000597,C01493,5379.78,CARD,returning,yearly,success,none,3,0.78,306,1,570,0
TX000598,C01168,620.7,UPI,returning,one_time,success,none,0,0.67,247,1,1162,0
TX000599,C02617,494.17,CARD,returning,one_time,success,none,2,0.84,10,1,321,0
TX000600,C01063,1142.44,UPI,new,monthly,failed,expired_card,3,0.82,247,1,301,1
TX000601,C02157,1694.16,UPI,returning,yearly,failed,card_declined,2,0.84,362,1,683,1
TX000602,C01066,739.53,CARD,new,yearly,success,none,2,0.74,251,1,44,0
TX000603,C01210,1877.63,UPI,new,one_time,success,none,0,0.95,227,1,10,0
TX000604,C02983,1489.79,UPI,new,one_time,success,none,3,0.82,151,1,363,0
TX000605,C02446,404.11,NETBANKING,returning,yearly,success,none,0,0.87,358,0,101,0
TX000606,C00634,1842.34,UPI,new,monthly,success,none,1,0.65,347,1,264,0
TX000607,C01157,2600.68,UPI,returning,yearly,success,none,1,0.85,100,0,900,0
TX000608,C01239,1301.76,UPI,new,yearly,success,none,0,0.92,256,0,1143,0
TX000609,C00733,3472.56,UPI,returning,one_time,success,none,0,0.73,356,1,696,0
TX000610,C00235,324.6,UPI,returning,monthly,success,none,0,0.8,188,1,538,0
TX000611,C02706,1751.01,CARD,returning,one_time,success,none,2,0.84,133,1,925,0
TX000612,C00751,340.26,UPI,returning,monthly,failed,bank_timeout,3,0.96,135,1,59,1
TX000613,C02636,359.93,NETBANKING,returning,monthly,failed,insufficient_funds,3,0.8,53,1,968,0
TX000614,C00954,583.51,UPI,returning,yearly,success,none,1,0.89,273,1,639,0
TX000615,C02540,427.49,UPI,new,yearly,success,none,3,0.85,140,1,1206,0
TX000616,C02961,633.97,CARD,returning,one_time,success,none,3,0.61,263,1,127,0
TX000617,C01543,885.23,CARD,returning,one_time,success,none,3,0.74,83,1,275,0
TX000618,C01198,2532.99,CARD,new,monthly,success,none,2,0.68,36,1,8,0
TX000619,C01677,795.4,NETBANKING,returning,yearly,success,none,1,0.84,279,1,1279,0
TX000620,C01192,224.61,UPI,new,monthly,success,none,0,0.75,46,1,1106,0
TX000621,C02218,3429.15,UPI,returning,yearly,success,none,3,0.59,180,1,1421,0
TX000622,C01417,474.81,NETBANKING,new,monthly,success,none,3,0.62,186,1,243,0
TX000623,C02994,1034.09,UPI,new,one_time,success,none,2,0.81,290,1,1218,0
TX000624,C02843,1713.92,UPI,new,one_time,success,none,1,0.92,176,1,983,0
TX000625,C02682,1338.91,UPI,returning,one_time,success,none,3,0.38,193,1,224,0
TX000626,C01218,3275.35,CARD,new,monthly,success,none,2,0.9,50,1,1432,0
TX000627,C01541,1770.47,UPI,returning,yearly,success,none,0,0.7,317,1,1134,0
TX000628,C02077,463.45,UPI,returning,one_time,success,none,1,0.83,201,1,881,0
TX000629,C01446,9687.21,UPI,returning,yearly,success,none,3,0.78,76,1,634,0
TX000630,C02387,1331.86,CARD,new,one_time,failed,network_error,0,0.9,159,1,74,1
TX000631,C01520,946.39,UPI,new,one_time,success,none,3,0.87,111,1,162,0
TX000632,C01389,2875.34,UPI,returning,monthly,success,none,1,0.83,10,1,1134,0
TX000633,C01857,1407.33,CARD,new,one_time,success,none,2,0.94,178,0,76,0
TX000634,C01366,1634.72,NETBANKING,returning,yearly,success,none,3,0.78,265,0,1166,0
TX000635,C00500,13255.71,CARD,returning,monthly,success,none,1,0.63,142,0,876,0
TX000636,C01681,832.87,CARD,new,one_time,success,none,2,0.95,357,1,1111,0
TX000637,C00511,798.1,UPI,returning,monthly,failed,expired_card,0,0.53,85,1,769,1
TX000638,C00217,1232.23,UPI,returning,yearly,failed,expired_card,3,0.77,364,1,1127,1
TX000639,C01325,3201.95,UPI,returning,monthly,success,none,0,0.86,188,0,913,0
TX000640,C01156,243.1,NETBANKING,returning,one_time,success,none,3,0.94,37,0,367,0
TX000641,C01828,153.61,UPI,returning,one_time,success,none,1,0.92,47,1,865,0
TX000642,C01811,609.65,NETBANKING,new,one_time,failed,network_error,0,0.61,127,1,1487,1
TX000643,C02493,214.02,WALLET,returning,one_time,success,none,3,0.9,184,1,1347,0
TX000644,C02924,717.07,UPI,returning,yearly,success,none,1,0.71,103,0,1176,0
TX000645,C01206,1812.57,UPI,returning,one_time,success,none,3,0.81,73,1,17,0
TX000646,C02215,450.0,UPI,returning,monthly,success,none,2,0.79,260,1,166,0
TX000647,C00091,263.27,UPI,returning,monthly,success,none,1,0.87,79,1,1017,0
TX000648,C00714,1175.37,UPI,new,yearly,success,none,1,0.86,341,1,922,0
TX000649,C01882,2598.12,NETBANKING,new,one_time,success,none,3,0.91,267,0,844,0
TX000650,C00039,201.35,UPI,returning,one_time,success,none,1,0.64,19,1,953,0
TX000651,C00173,2490.48,UPI,returning,one_time,failed,card_declined,0,0.97,116,1,847,1
TX000652,C00653,2483.21,UPI,returning,one_time,success,none,3,1.0,296,1,19,0
TX000653,C00754,2847.18,NETBANKING,new,one_time,success,none,2,0.78,330,1,165,0
TX000654,C01244,3708.86,CARD,returning,monthly,success,none,1,0.9,64,1,327,0
TX000655,C01082,9917.08,NETBANKING,new,one_time,failed,expired_card,2,0.79,322,1,1421,0
TX000656,C01684,768.09,WALLET,new,one_time,success,none,0,0.75,134,1,261,0
TX000657,C02524,1223.62,UPI,returning,one_time,success,none,1,0.98,25,1,1105,0
TX000658,C00456,723.11,UPI,returning,yearly,success,none,1,0.96,125,1,1120,0
TX000659,C00829,1098.8,UPI,new,monthly,failed,card_declined,3,0.81,72,1,587,0
TX000660,C00895,5079.02,UPI,returning,yearly,success,none,2,0.88,253,1,192,0
TX000661,C01385,285.71,CARD,returning,one_time,success,none,3,0.63,92,1,775,0
TX000662,C01959,463.57,UPI,returning,monthly,success,none,2,0.68,167,1,1430,0
TX000663,C02435,4346.74,UPI,returning,one_time,success,none,3,0.88,331,1,901,0
TX000664,C01997,3041.29,CARD,new,one_time,failed,expired_card,2,0.8,264,0,1416,0
TX000665,C02396,762.7,CARD,returning,monthly,success,none,3,0.88,127,0,157,0
TX000666,C00190,2577.05,CARD,returning,monthly,success,none,1,0.92,306,1,989,0
TX000667,C00505,1542.59,UPI,returning,yearly,failed,insufficient_funds,1,0.64,248,1,169,1
TX000668,C01215,4916.12,NETBANKING,returning,monthly,success,none,2,0.9,197,0,1322,0
TX000669,C01532,1181.46,UPI,returning,one_time,success,none,3,0.66,40,1,92,0
TX000670,C00824,3058.35,UPI,returning,one_time,success,none,2,0.72,288,1,342,0
TX000671,C00929,15398.29,CARD,returning,monthly,success,none,3,0.89,312,1,1432,0
TX000672,C00934,1994.4,WALLET,returning,one_time,success,none,2,0.63,232,1,100,0
TX000673,C01141,1152.08,UPI,returning,monthly,success,none,0,0.87,82,1,280,0
TX000674,C00134,2258.48,UPI,returning,monthly,success,none,1,0.82,73,0,995,0
TX000675,C02106,761.07,UPI,returning,yearly,success,none,2,0.83,69,1,1026,0
TX000676,C00685,11943.8,UPI,returning,monthly,success,none,0,0.9,145,1,1320,0
TX000677,C02720,1313.0,NETBANKING,returning,monthly,success,none,1,0.76,263,1,1225,0
TX000678,C02221,834.7,UPI,new,one_time,success,none,0,0.74,35,1,1172,0
TX000679,C01853,475.47,CARD,returning,one_time,success,none,3,0.99,87,1,1349,0
TX000680,C00815,3285.32,CARD,returning,monthly,success,none,3,0.77,10,1,179,0
TX000681,C01173,2610.21,CARD,new,yearly,success,none,3,0.49,81,1,20,0
TX000682,C00080,666.9,UPI,returning,one_time,success,none,2,0.87,341,1,620,0
TX000683,C02934,1951.69,UPI,returning,monthly,failed,card_declined,0,0.91,126,1,592,1
TX000684,C00203,242.61,UPI,new,monthly,success,none,0,0.83,266,1,1091,0
TX000685,C02812,1319.45,UPI,returning,yearly,success,none,3,0.56,207,1,1299,0
TX000686,C01253,1724.61,UPI,returning,one_time,failed,expired_card,2,0.82,250,1,1371,1
TX000687,C01700,6047.07,NETBANKING,returning,monthly,failed,network_error,3,0.61,119,1,696,1
TX000688,C01251,507.34,UPI,new,one_time,success,none,2,0.85,262,1,849,0
TX000689,C01683,305.41,CARD,new,monthly,success,none,1,0.86,10,1,919,0
TX000690,C01556,447.9,UPI,new,one_time,failed,bank_timeout,0,0.75,25,1,779,1
TX000691,C02095,288.14,CARD,new,monthly,success,none,2,0.71,154,1,1444,0
TX000692,C01257,4174.11,WALLET,new,monthly,failed,network_error,3,0.93,358,1,1332,0
TX000693,C01550,5159.73,UPI,returning,one_time,failed,card_declined,2,0.58,264,0,489,0
TX000694,C01167,1510.53,NETBANKING,returning,monthly,success,none,2,0.58,209,1,597,0
TX000695,C01397,3719.32,CARD,returning,monthly,failed,network_error,1,0.88,64,1,892,1
TX000696,C02704,1253.83,NETBANKING,new,yearly,success,none,3,0.97,34,1,573,0
TX000697,C00471,997.14,CARD,returning,one_time,failed,network_error,0,0.75,220,1,187,1
TX000698,C01036,786.0,UPI,new,one_time,success,none,2,0.79,128,1,1109,0
TX000699,C01354,804.01,UPI,returning,monthly,success,none,3,0.75,288,1,814,0
TX000700,C02784,233.27,UPI,returning,one_time,success,none,0,0.94,300,0,624,0
TX000701,C02832,1428.32,UPI,returning,monthly,success,none,2,0.8,343,1,287,0
TX000702,C00968,1053.28,WALLET,new,one_time,failed,bank_timeout,2,0.96,85,1,636,0
TX000703,C00358,2310.83,CARD,returning,one_time,success,none,3,0.53,139,1,129,0
TX000704,C00668,1204.14,UPI,returning,one_time,success,none,0,0.87,76,0,1254,0
TX000705,C00373,931.97,NETBANKING,returning,one_time,success,none,0,0.73,3,1,418,0
TX000706,C01032,458.89,CARD,returning,yearly,failed,network_error,1,0.86,154,1,821,1
TX000707,C01146,1178.68,UPI,returning,yearly,success,none,1,0.73,279,1,981,0
TX000708,C01372,2294.42,UPI,new,monthly,failed,expired_card,3,0.95,194,1,847,0
TX000709,C02724,349.56,UPI,returning,one_time,success,none,0,0.66,230,1,1050,0
TX000710,C00090,1196.88,NETBANKING,new,yearly,success,none,2,0.92,53,1,1141,0
TX000711,C02746,1384.43,NETBANKING,new,yearly,failed,insufficient_funds,3,0.98,176,1,581,0
TX000712,C00540,534.82,UPI,new,yearly,success,none,1,0.72,359,1,1325,0
TX000713,C02780,609.2,UPI,returning,monthly,success,none,3,0.64,254,1,243,0
TX000714,C00869,1381.07,CARD,new,one_time,failed,bank_timeout,0,0.76,35,1,1317,1
TX000715,C00041,353.04,NETBANKING,returning,one_time,success,none,3,0.82,92,1,1482,0
TX000716,C00740,1556.08,CARD,returning,yearly,success,none,1,0.92,275,1,48,0
TX000717,C01947,447.93,CARD,returning,yearly,failed,card_declined,0,0.87,124,1,266,1
TX000718,C02550,3174.34,UPI,returning,one_time,success,none,2,0.82,78,1,780,0
TX000719,C01225,11359.71,UPI,returning,one_time,failed,expired_card,1,0.74,309,1,1374,1
TX000720,C00929,463.7,UPI,new,monthly,success,none,1,0.89,184,1,451,0
TX000721,C02037,1870.96,NETBANKING,new,monthly,success,none,1,0.83,100,1,1418,0
TX000722,C02509,530.2,UPI,returning,monthly,success,none,3,0.76,262,1,1141,0
TX000723,C02780,3105.58,NETBANKING,returning,monthly,failed,card_declined,1,0.98,229,0,917,1
TX000724,C02800,309.43,UPI,new,one_time,failed,bank_timeout,3,0.75,86,1,129,1
TX000725,C00925,1773.28,NETBANKING,returning,one_time,success,none,3,0.88,25,1,372,0
TX000726,C02957,458.06,UPI,returning,monthly,success,none,0,0.81,29,1,599,0
TX000727,C01582,891.6,UPI,returning,monthly,success,none,0,0.64,281,1,858,0
TX000728,C00390,391.1,CARD,returning,one_time,success,none,1,0.65,258,1,596,0
TX000729,C01618,2495.76,UPI,returning,one_time,failed,bank_timeout,3,0.82,173,1,78,1
TX000730,C02931,474.86,NETBANKING,returning,monthly,success,none,2,0.8,291,0,1296,0
TX000731,C00256,1904.48,CARD,returning,one_time,failed,network_error,3,0.82,83,1,401,1
TX000732,C00709,777.36,UPI,returning,monthly,success,none,0,0.83,197,0,917,0
TX000733,C01839,978.02,NETBANKING,new,monthly,success,none,0,0.76,155,1,25,0
TX000734,C01945,1271.25,NETBANKING,returning,monthly,success,none,3,0.77,246,1,1337,0
TX000735,C02498,511.92,UPI,returning,monthly,success,none,3,0.82,122,1,286,0
TX000736,C00010,1353.39,NETBANKING,returning,one_time,success,none,3,0.88,18,1,1158,0
TX000737,C02872,5066.14,UPI,new,monthly,failed,bank_timeout,2,0.6,197,0,17,0
TX000738,C00798,503.66,UPI,new,one_time,success,none,3,0.76,328,1,342,0
TX000739,C00877,3539.75,CARD,new,monthly,success,none,1,0.81,297,1,824,0
TX000740,C01029,4905.43,UPI,new,monthly,success,none,1,0.83,364,0,1496,0
TX000741,C01016,484.85,UPI,returning,one_time,failed,card_declined,0,0.79,226,1,208,1
TX000742,C01825,255.94,UPI,returning,one_time,failed,bank_timeout,2,0.55,16,1,638,1
TX000743,C00374,1483.21,UPI,new,one_time,success,none,2,0.93,18,1,1315,0
TX000744,C02194,634.34,NETBANKING,returning,monthly,failed,insufficient_funds,0,0.56,162,1,1450,1
TX000745,C00224,7105.35,CARD,new,one_time,success,none,1,0.7,189,1,253,0
TX000746,C01263,1135.48,WALLET,returning,monthly,success,none,1,0.85,332,1,64,0
TX000747,C02225,491.67,CARD,returning,monthly,failed,network_error,2,0.72,154,1,1426,0
TX000748,C01803,348.22,UPI,returning,monthly,success,none,3,0.69,93,1,1175,0
TX000749,C00853,3261.38,UPI,new,yearly,failed,bank_timeout,3,0.84,254,0,791,0
TX000750,C00063,619.44,UPI,returning,one_time,failed,insufficient_funds,2,0.81,73,1,1325,1
TX000751,C01241,1145.77,NETBANKING,new,yearly,success,none,2,0.79,238,1,1354,0
TX000752,C02875,2852.08,UPI,new,one_time,success,none,2,0.92,158,1,1424,0
TX000753,C02843,675.69,UPI,new,one_time,success,none,2,0.74,319,1,892,0
TX000754,C00689,1047.41,NETBANKING,returning,one_time,success,none,2,0.54,229,1,992,0
TX000755,C01485,1078.61,CARD,new,monthly,failed,card_declined,2,0.74,310,1,1015,1
TX000756,C01634,2171.83,UPI,returning,one_time,failed,card_declined,2,0.71,267,0,1162,1
TX000757,C02153,1979.79,UPI,returning,monthly,success,none,2,0.75,203,1,1096,0
TX000758,C00511,879.97,NETBANKING,new,one_time,failed,insufficient_funds,3,0.84,58,1,497,0
TX000759,C00385,1168.7,NETBANKING,new,yearly,success,none,0,0.53,128,1,1231,0
TX000760,C00405,756.14,UPI,returning,monthly,success,none,1,0.94,59,1,505,0
TX000761,C02871,250.23,UPI,returning,monthly,success,none,0,0.81,106,1,1456,0
TX000762,C00518,1418.85,NETBANKING,returning,yearly,success,none,0,0.81,103,1,767,0
TX000763,C00476,7274.95,CARD,returning,monthly,failed,insufficient_funds,2,0.94,235,1,1304,1
TX000764,C02001,453.18,NETBANKING,returning,one_time,failed,bank_timeout,2,0.62,119,1,790,1
TX000765,C02757,506.22,UPI,new,monthly,failed,network_error,2,0.82,15,0,725,0
TX000766,C01669,459.1,NETBANKING,returning,monthly,success,none,0,0.91,302,1,215,0
TX000767,C01894,2263.33,UPI,returning,one_time,failed,network_error,3,0.82,130,0,1034,0
TX000768,C02819,1717.26,UPI,returning,one_time,success,none,2,0.43,177,0,607,0
TX000769,C01461,935.86,CARD,returning,one_time,success,none,2,0.91,95,1,221,0
TX000770,C02725,437.9,UPI,returning,monthly,failed,expired_card,1,0.79,255,1,1177,1
TX000771,C00714,1202.76,NETBANKING,returning,one_time,success,none,3,0.49,261,1,1344,0
TX000772,C00083,229.38,UPI,returning,one_time,success,none,2,0.77,113,1,383,0
TX000773,C01169,1265.76,NETBANKING,returning,one_time,success,none,3,0.41,153,1,644,0
TX000774,C02505,2621.56,UPI,new,monthly,failed,insufficient_funds,1,0.69,304,1,503,0
TX000775,C01902,313.81,CARD,new,monthly,success,none,0,0.68,360,1,507,0
TX000776,C02049,236.86,UPI,new,monthly,success,none,1,0.88,75,1,1022,0
TX000777,C00051,5321.11,CARD,returning,one_time,success,none,3,0.8,305,1,1298,0
TX000778,C00685,594.81,CARD,returning,yearly,success,none,2,0.73,53,1,981,0
TX000779,C00717,3415.05,UPI,returning,monthly,success,none,2,0.79,65,1,1117,0
TX000780,C01470,940.12,UPI,returning,monthly,failed,card_declined,1,0.5,38,1,1353,1
TX000781,C00449,932.66,UPI,returning,yearly,success,none,1,0.74,83,1,1230,0
TX000782,C00881,1700.05,NETBANKING,new,yearly,failed,expired_card,3,0.99,306,1,1427,0
TX000783,C00488,453.05,UPI,returning,monthly,success,none,3,0.93,347,1,521,0
TX000784,C01824,1252.0,UPI,returning,yearly,success,none,3,0.74,120,1,338,0
TX000785,C02082,748.83,UPI,new,monthly,failed,insufficient_funds,2,0.7,339,1,1418,0
TX000786,C02143,292.8,NETBANKING,returning,one_time,success,none,1,0.67,4,1,549,0
TX000787,C01575,1536.84,UPI,new,one_time,success,none,3,0.96,106,1,1164,0
TX000788,C02202,842.77,UPI,returning,monthly,failed,insufficient_funds,1,0.75,158,0,1056,1
TX000789,C00250,937.27,CARD,new,monthly,success,none,2,0.79,117,1,110,0
TX000790,C00674,326.96,CARD,new,one_time,success,none,0,0.98,244,1,1256,0
TX000791,C00438,5385.15,UPI,returning,yearly,success,none,3,0.65,257,1,1281,0
TX000792,C02166,2635.2,WALLET,returning,one_time,success,none,0,0.92,353,1,769,0
TX000793,C00771,2876.0,CARD,returning,one_time,success,none,2,0.78,200,1,1118,0
TX000794,C00268,807.99,UPI,returning,one_time,failed,expired_card,1,0.55,150,0,1388,0
TX000795,C01985,194.57,UPI,returning,yearly,success,none,0,0.82,69,1,453,0
TX000796,C01078,7730.41,NETBANKING,new,monthly,success,none,1,0.97,17,1,1388,0
TX000797,C00236,1031.64,UPI,new,monthly,failed,network_error,3,0.92,288,0,1316,0
TX000798,C00389,518.63,UPI,returning,monthly,success,none,3,0.74,329,1,1233,0
TX000799,C00763,1663.7,UPI,returning,monthly,success,none,2,0.62,205,0,449,0
TX000800,C01849,3523.19,CARD,returning,yearly,success,none,3,0.91,104,0,569,0
TX000801,C02449,1071.64,CARD,new,one_time,success,none,1,0.66,110,1,1036,0
TX000802,C00624,3938.58,CARD,new,monthly,success,none,3,0.69,213,1,1143,0
TX000803,C02815,3238.94,UPI,returning,one_time,success,none,0,0.57,271,1,910,0
TX000804,C02967,373.76,CARD,new,yearly,failed,insufficient_funds,1,0.75,16,1,1105,0
TX000805,C01253,559.03,CARD,new,yearly,success,none,3,0.88,248,1,1097,0
TX000806,C02901,2857.03,UPI,returning,monthly,failed,expired_card,0,0.94,364,1,1033,1
TX000807,C00578,100.0,NETBANKING,returning,monthly,success,none,1,0.84,53,1,622,0
TX000808,C02123,944.39,UPI,new,monthly,success,none,0,0.94,161,0,414,0
TX000809,C00435,262.22,CARD,new,one_time,success,none,1,0.77,108,1,1449,0
TX000810,C02151,680.92,UPI,returning,one_time,success,none,0,0.85,295,1,483,0
TX000811,C00764,813.36,CARD,returning,monthly,success,none,0,0.87,110,1,274,0
TX000812,C02786,766.44,WALLET,returning,one_time,failed,bank_timeout,3,0.88,125,1,1452,1
TX000813,C02854,631.27,WALLET,returning,yearly,failed,bank_timeout,2,0.87,46,1,213,1
TX000814,C01330,366.08,UPI,returning,one_time,success,none,3,0.75,207,1,1402,0
TX000815,C02146,10849.9,UPI,returning,yearly,success,none,1,0.83,324,0,910,0
TX000816,C02846,7097.25,UPI,returning,monthly,success,none,0,0.66,249,1,1419,0
TX000817,C01359,343.07,NETBANKING,returning,one_time,failed,card_declined,1,0.77,229,1,1290,1
TX000818,C02907,5335.39,CARD,new,one_time,success,none,3,0.91,325,0,853,0
TX000819,C02483,735.49,UPI,returning,yearly,success,none,1,0.88,353,1,1024,0
TX000820,C00447,1247.86,UPI,returning,monthly,success,none,3,0.67,348,1,1156,0
TX000821,C02018,1029.39,NETBANKING,returning,one_time,success,none,3,0.76,264,1,1153,0
TX000822,C01332,566.94,UPI,returning,one_time,success,none,2,0.8,22,1,254,0
TX000823,C00249,2933.21,UPI,new,monthly,failed,network_error,3,0.74,272,1,115,0
TX000824,C00166,1243.75,UPI,returning,one_time,success,none,0,0.69,108,1,1204,0
TX000825,C01359,680.92,UPI,returning,one_time,success,none,3,0.73,289,0,288,0
TX000826,C01020,297.5,CARD,returning,monthly,failed,expired_card,3,0.85,106,1,688,0
TX000827,C00542,448.72,NETBANKING,returning,monthly,success,none,0,0.63,261,1,927,0
TX000828,C00759,212.43,NETBANKING,returning,monthly,failed,network_error,3,0.97,235,1,72,1
TX000829,C02129,1110.12,UPI,returning,yearly,success,none,1,0.76,312,1,1137,0
TX000830,C02181,331.4,NETBANKING,new,monthly,success,none,2,0.72,22,1,1070,0
TX000831,C00797,840.87,UPI,returning,yearly,success,none,0,0.81,259,1,1011,0
TX000832,C02948,4316.08,UPI,new,one_time,success,none,0,0.77,106,1,124,0
TX000833,C00138,3638.4,WALLET,returning,one_time,success,none,1,0.83,364,1,1066,0
TX000834,C02232,1061.8,UPI,new,one_time,success,none,0,0.78,3,0,448,0
TX000835,C01354,1005.17,UPI,new,one_time,success,none,1,0.79,327,1,444,0
TX000836,C02833,7185.89,WALLET,new,yearly,failed,network_error,0,0.74,140,1,304,1
TX000837,C01876,1845.96,UPI,returning,yearly,success,none,3,0.77,203,1,673,0
TX000838,C00069,790.13,CARD,new,monthly,success,none,0,0.72,65,1,1200,0
TX000839,C02594,263.48,NETBANKING,new,monthly,success,none,2,0.64,69,1,898,0
TX000840,C02101,1625.99,UPI,returning,monthly,failed,expired_card,0,0.86,192,0,389,1
TX000841,C01474,2513.23,UPI,returning,monthly,success,none,0,0.85,151,1,1422,0
TX000842,C00205,583.09,UPI,returning,one_time,success,none,2,0.8,180,1,163,0
TX000843,C02174,1467.33,UPI,returning,monthly,success,none,0,0.87,83,1,910,0
TX000844,C00043,762.37,UPI,returning,monthly,failed,insufficient_funds,1,0.92,136,0,999,1
TX000845,C01907,912.3,CARD,returning,one_time,failed,bank_timeout,1,0.71,77,1,1360,1
TX000846,C02159,100.0,UPI,returning,one_time,success,none,2,0.78,174,1,1397,0
TX000847,C00761,878.5,UPI,returning,one_time,failed,card_declined,3,0.73,141,1,82,1
TX000848,C02896,2891.03,CARD,returning,monthly,success,none,0,0.91,24,1,2,0
TX000849,C02143,583.24,CARD,new,one_time,success,none,2,0.68,203,1,1017,0
TX000850,C01995,1155.77,NETBANKING,returning,monthly,failed,insufficient_funds,2,0.69,96,1,383,1
TX000851,C01936,514.94,UPI,returning,one_time,success,none,0,0.59,3,1,835,0
TX000852,C00900,1572.53,NETBANKING,new,one_time,success,none,3,0.64,156,0,967,0
TX000853,C00360,883.13,CARD,new,monthly,success,none,0,0.96,39,1,1001,0
TX000854,C02948,428.7,UPI,new,monthly,failed,network_error,0,0.82,207,1,379,1
TX000855,C01720,4157.01,UPI,returning,one_time,success,none,2,0.69,134,0,12,0
TX000856,C00281,2776.46,UPI,returning,yearly,success,none,3,0.65,239,1,208,0
TX000857,C01888,598.9,CARD,returning,one_time,success,none,2,0.89,158,1,126,0
TX000858,C00667,1804.05,UPI,new,yearly,success,none,3,0.8,187,1,419,0
TX000859,C00093,1876.97,NETBANKING,new,monthly,success,none,3,0.85,42,1,1080,0
TX000860,C00672,2084.54,CARD,returning,one_time,failed,network_error,2,0.88,188,0,74,1
TX000861,C01970,201.49,NETBANKING,new,monthly,success,none,3,0.72,258,1,144,0
TX000862,C00061,3000.72,UPI,returning,one_time,success,none,0,0.82,119,1,343,0
TX000863,C02682,620.36,UPI,returning,one_time,failed,expired_card,2,0.67,311,0,670,1
TX000864,C01029,766.76,UPI,returning,one_time,success,none,2,0.95,85,1,686,0
TX000865,C01490,15334.83,UPI,returning,one_time,success,none,0,0.71,116,1,328,0
TX000866,C00604,1483.08,NETBANKING,returning,monthly,success,none,3,0.88,299,1,65,0
TX000867,C00682,745.22,UPI,returning,monthly,failed,bank_timeout,3,0.84,162,1,457,1
TX000868,C02582,120.87,UPI,returning,yearly,success,none,3,0.85,154,1,865,0
TX000869,C01429,4401.78,UPI,returning,one_time,success,none,0,0.93,299,1,976,0
TX000870,C02886,285.66,UPI,returning,monthly,success,none,2,0.72,297,1,1284,0
TX000871,C02693,402.04,NETBANKING,returning,one_time,success,none,1,0.93,357,1,1139,0
TX000872,C02281,787.33,CARD,returning,monthly,success,none,2,0.8,209,1,1287,0
TX000873,C00524,4520.65,CARD,returning,yearly,failed,bank_timeout,1,0.86,148,1,94,1
TX000874,C02394,2376.16,UPI,returning,one_time,success,none,2,0.77,118,1,835,0
TX000875,C02594,936.51,NETBANKING,new,yearly,success,none,1,0.68,106,1,1206,0
TX000876,C01969,1492.63,CARD,new,monthly,failed,card_declined,0,0.84,208,0,711,0
TX000877,C01102,601.61,UPI,returning,monthly,success,none,3,0.63,296,1,1370,0
TX000878,C01754,1260.99,UPI,new,monthly,failed,insufficient_funds,0,0.83,242,1,1432,1
TX000879,C01837,1180.08,NETBANKING,new,monthly,success,none,3,0.91,228,1,634,0
TX000880,C02842,2889.3,CARD,new,yearly,success,none,2,0.95,130,1,208,0
TX000881,C02297,2884.71,CARD,returning,monthly,success,none,0,0.87,353,1,498,0
TX000882,C02095,1797.19,UPI,returning,one_time,success,none,2,0.78,267,0,318,0
TX000883,C01145,763.3,UPI,new,monthly,success,none,3,0.9,162,1,968,0
TX000884,C02262,2302.66,CARD,new,one_time,success,none,2,0.76,40,1,752,0
TX000885,C02287,1000.28,CARD,returning,yearly,success,none,0,0.87,142,1,313,0
TX000886,C01080,371.7,UPI,returning,yearly,success,none,1,0.86,141,1,1183,0
TX000887,C02398,732.68,CARD,new,monthly,success,none,3,0.74,298,0,542,0
TX000888,C00107,1193.36,UPI,new,monthly,success,none,2,0.99,216,0,499,0
TX000889,C02879,2724.98,CARD,returning,yearly,success,none,1,0.93,269,1,395,0
TX000890,C00048,912.76,NETBANKING,returning,one_time,success,none,1,0.8,8,1,1015,0
TX000891,C00337,327.28,NETBANKING,returning,monthly,success,none,0,0.84,334,1,115,0
TX000892,C01050,1160.66,UPI,returning,monthly,success,none,2,0.64,82,0,742,0
TX000893,C02852,1228.39,UPI,returning,monthly,success,none,0,0.72,222,1,986,0
TX000894,C01281,1320.59,NETBANKING,new,one_time,success,none,2,0.81,283,1,190,0
TX000895,C02056,2751.42,CARD,new,monthly,success,none,1,0.84,63,1,1436,0
TX000896,C00625,3037.9,UPI,returning,one_time,failed,card_declined,2,0.9,60,1,969,1
TX000897,C01891,605.34,NETBANKING,returning,one_time,failed,network_error,3,0.95,168,1,714,1
TX000898,C01277,592.21,UPI,returning,one_time,success,none,1,0.6,30,1,928,0
TX000899,C01716,387.53,UPI,returning,one_time,success,none,3,0.94,325,1,1143,0
TX000900,C02767,2205.73,UPI,returning,one_time,success,none,0,0.86,85,1,716,0
TX000901,C00303,4669.56,UPI,returning,monthly,success,none,3,0.54,304,1,1297,0
TX000902,C00639,800.25,UPI,new,monthly,failed,network_error,0,0.82,183,1,457,1
TX000903,C00056,861.41,NETBANKING,new,one_time,success,none,0,0.62,129,1,466,0
TX000904,C00726,4754.19,UPI,returning,monthly,success,none,3,0.9,145,1,1373,0
TX000905,C00526,1818.12,UPI,new,monthly,failed,bank_timeout,2,0.7,125,1,153,1
TX000906,C00474,1696.35,NETBANKING,new,one_time,success,none,3,0.95,350,1,909,0
TX000907,C00028,333.31,CARD,returning,one_time,success,none,2,0.89,202,1,113,0
TX000908,C02126,2161.87,CARD,returning,monthly,success,none,0,0.89,118,1,357,0
TX000909,C00365,433.05,UPI,new,one_time,success,none,3,0.89,211,0,12,0
TX000910,C02714,352.83,NETBANKING,returning,one_time,success,none,3,0.84,147,1,1021,0
TX000911,C00526,775.28,UPI,new,yearly,failed,network_error,2,0.95,11,1,45,1
TX000912,C02747,610.46,UPI,new,monthly,failed,insufficient_funds,3,0.72,243,1,291,0
TX000913,C01336,878.66,UPI,returning,monthly,success,none,3,0.79,269,1,854,0
TX000914,C00883,259.57,UPI,returning,monthly,failed,insufficient_funds,2,0.95,175,1,1103,1
TX000915,C01031,2860.68,UPI,new,monthly,success,none,2,0.85,246,1,1287,0
TX000916,C01027,3386.95,CARD,new,monthly,success,none,1,0.51,51,1,631,0
TX000917,C01647,156.44,UPI,new,one_time,success,none,2,0.86,312,1,173,0
TX000918,C00919,2917.43,CARD,returning,monthly,success,none,0,0.87,285,1,446,0
TX000919,C02798,487.59,UPI,returning,monthly,success,none,0,0.86,292,1,817,0
TX000920,C02411,2583.69,UPI,returning,one_time,success,none,2,0.94,325,0,198,0
TX000921,C01775,1024.08,UPI,new,yearly,success,none,1,0.87,281,1,755,0
TX000922,C01532,1128.65,NETBANKING,returning,one_time,success,none,1,0.62,68,1,754,0
TX000923,C02854,911.33,NETBANKING,returning,one_time,success,none,3,0.83,244,1,1151,0
TX000924,C02787,3685.38,WALLET,returning,yearly,success,none,1,0.94,228,0,1107,0
TX000925,C01907,317.48,CARD,new,one_time,success,none,0,0.66,122,1,481,0
TX000926,C01216,2013.92,CARD,returning,one_time,success,none,0,0.6,217,1,1413,0
TX000927,C01655,3298.85,CARD,returning,monthly,failed,card_declined,2,0.9,141,1,1071,1
TX000928,C00485,2244.73,CARD,new,one_time,success,none,2,0.81,323,0,405,0
TX000929,C02076,11211.54,UPI,new,monthly,success,none,3,0.87,302,1,591,0
TX000930,C00714,646.16,UPI,returning,one_time,success,none,2,0.48,88,1,667,0
TX000931,C01063,2856.36,UPI,returning,one_time,success,none,1,0.89,356,0,1246,0
TX000932,C01977,986.25,UPI,returning,one_time,success,none,3,0.85,40,1,5,0
TX000933,C01297,3764.63,UPI,returning,monthly,failed,insufficient_funds,2,0.94,227,1,151,1
TX000934,C01255,1088.23,UPI,new,one_time,success,none,2,0.89,72,1,1321,0
TX000935,C02134,744.06,UPI,new,monthly,success,none,2,0.69,202,1,469,0
TX000936,C00126,4048.38,UPI,returning,monthly,failed,network_error,2,0.64,167,1,193,0
TX000937,C02860,670.78,WALLET,returning,yearly,success,none,2,0.67,228,1,713,0
TX000938,C00537,267.01,UPI,returning,monthly,failed,expired_card,0,0.96,113,1,1335,1
TX000939,C02193,654.03,UPI,new,one_time,failed,bank_timeout,3,0.82,330,1,992,1
TX000940,C02073,2036.59,NETBANKING,new,monthly,success,none,0,0.63,284,1,838,0
TX000941,C01604,4411.8,UPI,returning,monthly,failed,bank_timeout,3,0.95,358,0,1367,1
TX000942,C00067,1225.53,UPI,returning,yearly,success,none,1,0.84,257,1,1488,0
TX000943,C00233,4097.77,UPI,returning,yearly,success,none,1,0.86,84,0,657,0
TX000944,C02157,281.98,UPI,new,yearly,success,none,1,0.74,220,1,526,0
TX000945,C01170,703.97,UPI,new,monthly,success,none,3,0.88,186,0,527,0
TX000946,C02159,821.74,UPI,new,one_time,success,none,0,0.81,79,1,1007,0
TX000947,C02276,977.93,UPI,returning,monthly,failed,bank_timeout,0,0.91,353,0,1476,1
TX000948,C00111,1192.84,NETBANKING,returning,monthly,success,none,2,0.8,352,1,998,0
TX000949,C01494,2188.37,CARD,returning,yearly,success,none,3,0.69,281,0,508,0
TX000950,C02082,702.88,CARD,returning,yearly,success,none,1,0.68,359,1,218,0
TX000951,C00623,1260.2,UPI,new,monthly,success,none,3,0.84,86,1,198,0
TX000952,C02796,1048.25,UPI,returning,monthly,success,none,2,0.95,332,1,1016,0
TX000953,C02643,434.46,NETBANKING,returning,one_time,success,none,0,0.77,129,1,986,0
TX000954,C02473,978.81,UPI,new,monthly,success,none,2,0.71,121,1,480,0
TX000955,C02661,949.88,NETBANKING,returning,monthly,failed,expired_card,2,0.93,62,1,1299,1
TX000956,C01542,929.75,UPI,returning,yearly,success,none,2,0.97,298,1,620,0
TX000957,C02740,1132.02,NETBANKING,returning,yearly,failed,network_error,2,0.93,294,1,422,1
TX000958,C01306,1182.84,UPI,returning,monthly,success,none,0,0.97,278,1,558,0
TX000959,C01762,711.73,UPI,returning,one_time,failed,insufficient_funds,0,0.84,323,1,249,1
TX000960,C01976,3915.56,CARD,returning,one_time,success,none,0,0.83,60,1,360,0
TX000961,C02363,340.54,CARD,new,monthly,success,none,0,0.98,133,1,782,0
TX000962,C00877,533.27,UPI,new,one_time,failed,network_error,1,0.81,67,1,1482,0
TX000963,C01990,17676.01,WALLET,new,one_time,success,none,3,0.9,156,1,905,0
TX000964,C01313,388.39,UPI,returning,yearly,success,none,1,0.91,113,1,254,0
TX000965,C01461,283.23,UPI,returning,one_time,success,none,2,0.8,173,1,1046,0
TX000966,C02710,2285.81,CARD,returning,one_time,failed,card_declined,2,0.88,236,1,964,1
TX000967,C02325,137.4,CARD,returning,monthly,success,none,2,0.72,145,1,1297,0
TX000968,C01734,866.73,WALLET,new,yearly,success,none,2,0.94,189,1,1058,0
TX000969,C01606,9375.22,UPI,returning,monthly,success,none,1,0.78,3,0,1391,0
TX000970,C01527,233.94,UPI,returning,yearly,success,none,0,0.82,335,1,1477,0
TX000971,C02672,151.11,CARD,returning,monthly,success,none,2,0.96,225,1,1422,0
TX000972,C02564,244.89,UPI,new,one_time,failed,network_error,1,0.84,240,1,999,1
TX000973,C02891,2692.86,UPI,returning,yearly,failed,network_error,1,0.97,105,1,1391,1
TX000974,C02398,3377.11,UPI,returning,one_time,failed,bank_timeout,2,0.98,264,0,153,1
TX000975,C01631,656.82,UPI,new,one_time,failed,network_error,2,0.91,103,1,1395,1
TX000976,C02871,2171.58,UPI,returning,one_time,failed,expired_card,1,0.82,256,1,732,1
TX000977,C01161,4403.94,UPI,returning,monthly,failed,bank_timeout,3,0.8,31,1,1262,1
TX000978,C00759,6550.83,CARD,new,yearly,failed,card_declined,1,0.8,33,1,321,0
TX000979,C02947,857.19,CARD,new,one_time,failed,expired_card,3,0.83,177,1,614,0
TX000980,C00243,109.79,UPI,new,monthly,success,none,2,0.76,289,1,838,0
TX000981,C02591,482.57,UPI,returning,yearly,success,none,0,0.9,282,1,132,0
TX000982,C01064,715.65,UPI,returning,one_time,success,none,0,0.58,51,1,108,0
TX000983,C00229,846.46,UPI,new,monthly,success,none,3,0.61,1,1,530,0
TX000984,C02596,908.81,CARD,returning,monthly,success,none,2,0.79,268,1,1149,0
TX000985,C00920,3357.31,WALLET,new,one_time,success,none,2,0.93,229,1,528,0
TX000986,C01247,3922.28,CARD,new,one_time,success,none,3,0.96,296,0,965,0
TX000987,C00006,923.64,CARD,returning,one_time,success,none,0,0.56,236,1,772,0
TX000988,C00468,3289.48,UPI,new,monthly,success,none,1,0.65,312,1,123,0
TX000989,C01756,1568.16,UPI,returning,yearly,failed,expired_card,3,0.76,351,1,1104,1
TX000990,C00075,1169.7,NETBANKING,returning,monthly,success,none,2,0.73,157,0,23,0
TX000991,C00004,2714.99,WALLET,new,monthly,success,none,2,0.83,145,0,819,0
TX000992,C01871,1178.8,UPI,new,monthly,failed,card_declined,0,0.61,10,1,1476,1
TX000993,C00646,8585.34,UPI,new,one_time,success,none,3,0.8,258,1,1429,0
TX000994,C00118,260.24,CARD,returning,monthly,success,none,3,0.95,156,0,1378,0
TX000995,C02929,655.13,UPI,returning,monthly,success,none,3,0.95,39,1,242,0
TX000996,C01630,966.31,CARD,returning,one_time,failed,insufficient_funds,2,0.71,225,1,359,1
TX000997,C02552,1701.82,NETBANKING,returning,one_time,failed,network_error,1,0.96,146,1,276,1
TX000998,C02022,3896.99,UPI,returning,yearly,success,none,3,0.67,70,1,1325,0
TX000999,C00947,1070.2,WALLET,new,monthly,failed,network_error,1,0.92,288,1,1445,0
TX001000,C02622,264.48,WALLET,returning,one_time,failed,insufficient_funds,2,0.73,341,0,1448,0
TX001001,C01465,2546.6,NETBANKING,returning,one_time,success,none,1,0.76,65,0,403,0
TX001002,C00194,2333.11,UPI,new,one_time,failed,card_declined,1,0.66,77,1,630,0
TX001003,C00847,157.3,UPI,returning,one_time,success,none,1,0.71,94,1,146,0
TX001004,C02763,1092.47,CARD,returning,one_time,success,none,2,0.81,68,1,235,0
TX001005,C01416,223.6,UPI,new,one_time,success,none,2,0.81,134,1,774,0
TX001006,C01459,564.17,UPI,returning,one_time,success,none,2,0.86,108,1,742,0
TX001007,C02221,444.61,UPI,returning,monthly,success,none,1,0.57,125,1,1497,0
TX001008,C01669,2463.32,CARD,new,one_time,failed,insufficient_funds,0,0.43,52,0,434,0
TX001009,C02374,1232.54,UPI,new,one_time,success,none,0,0.68,244,1,1472,0
TX001010,C01434,303.2,UPI,returning,one_time,success,none,0,0.72,245,1,161,0
TX001011,C01142,2644.05,UPI,returning,one_time,success,none,1,0.8,210,1,923,0
TX001012,C02884,261.44,CARD,new,one_time,success,none,0,0.85,201,1,1353,0
TX001013,C01811,1525.56,CARD,returning,monthly,success,none,2,0.84,253,1,865,0
TX001014,C00724,485.89,UPI,returning,monthly,failed,bank_timeout,1,0.88,123,1,955,1
TX001015,C00225,760.76,WALLET,returning,one_time,failed,bank_timeout,3,0.88,100,1,745,1
TX001016,C00532,1815.78,UPI,new,monthly,failed,bank_timeout,0,0.81,47,1,1397,1
TX001017,C00113,1847.24,CARD,returning,monthly,success,none,1,0.82,45,0,996,0
TX001018,C02188,4175.42,CARD,returning,one_time,failed,insufficient_funds,3,0.56,69,1,1374,0
TX001019,C00559,1010.04,CARD,new,one_time,success,none,1,0.91,340,1,1448,0
TX001020,C02049,1489.88,UPI,returning,yearly,success,none,3,0.94,287,1,272,0
TX001021,C02138,707.87,NETBANKING,new,yearly,success,none,2,0.92,99,1,277,0
TX001022,C00654,1315.52,NETBANKING,returning,one_time,failed,expired_card,1,0.97,314,1,43,1
TX001023,C00320,1701.88,CARD,returning,one_time,success,none,2,0.77,351,1,679,0
TX001024,C01574,993.95,UPI,returning,monthly,success,none,2,0.52,228,1,182,0
TX001025,C01829,180.59,UPI,returning,monthly,failed,bank_timeout,3,0.72,129,1,585,1
TX001026,C01918,1527.63,CARD,returning,one_time,success,none,0,0.72,249,1,350,0
TX001027,C00139,1579.02,UPI,new,monthly,success,none,3,0.71,303,0,1198,0
TX001028,C02893,555.48,CARD,returning,one_time,success,none,0,0.97,116,0,472,0
TX001029,C02027,303.57,UPI,returning,one_time,failed,insufficient_funds,3,0.7,116,1,266,1
TX001030,C02307,4797.64,CARD,returning,monthly,success,none,1,0.9,322,1,694,0
TX001031,C00902,1792.64,UPI,new,yearly,failed,bank_timeout,0,0.66,1,0,290,0
TX001032,C00690,872.11,UPI,returning,one_time,failed,bank_timeout,1,0.82,187,1,894,1
TX001033,C02040,351.77,UPI,returning,monthly,failed,network_error,3,0.8,88,1,887,1
TX001034,C00010,482.12,UPI,new,one_time,success,none,2,0.7,58,1,1312,0
TX001035,C00261,4034.31,UPI,returning,one_time,success,none,3,0.57,83,0,986,0
TX001036,C01943,1258.48,CARD,returning,yearly,success,none,1,0.8,331,1,825,0
TX001037,C01674,632.33,CARD,new,monthly,success,none,3,0.61,340,0,668,0
TX001038,C02220,1825.65,CARD,returning,monthly,failed,insufficient_funds,2,0.97,242,1,1157,1
TX001039,C02946,485.71,CARD,returning,one_time,failed,network_error,2,0.83,330,1,246,1
TX001040,C02061,4918.91,UPI,new,one_time,failed,card_declined,3,0.92,201,1,71,1
TX001041,C01192,4242.04,UPI,returning,monthly,success,none,3,0.78,212,1,214,0
TX001042,C01620,687.75,UPI,returning,one_time,success,none,1,0.76,114,1,28,0
TX001043,C00321,584.83,CARD,returning,one_time,success,none,2,0.89,153,1,344,0
TX001044,C01343,100.0,UPI,returning,monthly,success,none,0,0.77,50,0,25,0
TX001045,C01637,249.24,UPI,returning,one_time,failed,bank_timeout,1,0.92,342,1,766,1
TX001046,C02377,287.3,CARD,new,one_time,success,none,0,0.85,313,1,1442,0
TX001047,C02833,1255.38,NETBANKING,returning,monthly,success,none,2,0.7,89,1,1051,0
TX001048,C02825,791.37,CARD,returning,one_time,success,none,2,0.96,48,1,317,0
TX001049,C01995,285.62,CARD,new,monthly,success,none,1,0.57,130,1,825,0
TX001050,C02959,827.85,CARD,new,yearly,success,none,2,0.85,357,0,237,0
TX001051,C01944,1817.72,UPI,returning,one_time,failed,bank_timeout,0,0.97,211,1,8,1
TX001052,C02039,1859.08,CARD,returning,one_time,success,none,3,0.52,285,1,939,0
TX001053,C01119,164.08,NETBANKING,returning,monthly,success,none,1,0.92,25,1,232,0
TX001054,C01605,964.62,UPI,returning,monthly,success,none,3,0.78,172,1,367,0
TX001055,C02366,274.97,UPI,returning,monthly,success,none,3,0.86,296,1,1005,0
TX001056,C00236,2701.95,UPI,returning,one_time,success,none,1,0.86,99,1,14,0
TX001057,C01970,2402.21,UPI,returning,one_time,success,none,0,0.67,72,1,258,0
TX001058,C00334,446.74,NETBANKING,returning,one_time,success,none,2,0.88,313,1,760,0
TX001059,C01909,509.77,UPI,returning,monthly,success,none,2,0.72,223,0,424,0
TX001060,C00376,691.41,UPI,returning,one_time,failed,network_error,1,0.6,242,0,920,1
TX001061,C01161,115.26,NETBANKING,returning,monthly,success,none,0,0.83,27,1,491,0
TX001062,C02636,1534.51,UPI,returning,monthly,success,none,1,0.91,275,1,1219,0
TX001063,C01571,834.77,UPI,new,one_time,success,none,1,0.86,124,1,769,0
TX001064,C02561,2893.36,NETBANKING,new,one_time,success,none,2,0.82,194,1,412,0
TX001065,C01320,365.62,UPI,new,one_time,success,none,1,0.88,45,1,1050,0
TX001066,C02966,590.45,CARD,returning,monthly,success,none,0,0.81,247,0,1241,0
TX001067,C01856,243.1,UPI,returning,monthly,success,none,0,0.92,102,1,1435,0
TX001068,C01373,401.7,UPI,returning,one_time,success,none,0,0.8,287,1,778,0
TX001069,C00873,336.3,UPI,returning,one_time,success,none,0,0.7,15,1,887,0
TX001070,C01253,2968.98,UPI,returning,one_time,success,none,2,0.71,346,1,1083,0
TX001071,C02318,545.52,WALLET,new,one_time,success,none,2,0.79,330,1,1240,0
TX001072,C01852,1241.62,WALLET,new,monthly,failed,insufficient_funds,2,0.75,109,1,249,0
TX001073,C02846,749.37,NETBANKING,returning,monthly,failed,expired_card,2,0.49,164,1,382,1
TX001074,C01315,308.13,UPI,returning,one_time,failed,expired_card,0,0.82,27,1,641,1
TX001075,C00725,926.76,WALLET,returning,monthly,failed,card_declined,0,0.67,267,1,1005,1
TX001076,C02053,1996.4,CARD,returning,one_time,success,none,1,0.76,240,1,1090,0
TX001077,C02899,327.75,UPI,new,one_time,success,none,1,0.63,139,1,655,0
TX001078,C00078,2462.94,CARD,returning,one_time,success,none,2,0.78,304,1,456,0
TX001079,C02622,468.85,UPI,returning,monthly,success,none,1,0.95,235,1,1293,0
TX001080,C00132,676.56,UPI,returning,one_time,success,none,2,0.96,137,1,154,0
TX001081,C00601,1864.38,NETBANKING,returning,one_time,failed,insufficient_funds,2,0.9,80,1,1112,1
TX001082,C01773,564.85,CARD,new,one_time,success,none,2,0.94,305,1,1141,0
TX001083,C01066,1138.62,UPI,returning,one_time,success,none,3,0.88,17,1,1449,0
TX001084,C02137,800.56,UPI,new,one_time,success,none,1,0.76,105,1,1077,0
TX001085,C02450,1248.09,NETBANKING,new,one_time,success,none,1,0.86,293,1,1171,0
TX001086,C02344,101.42,CARD,returning,one_time,failed,insufficient_funds,2,0.6,258,1,460,0
TX001087,C01864,175.97,UPI,returning,one_time,success,none,0,0.92,286,1,1481,0
TX001088,C01319,2030.36,UPI,returning,one_time,failed,network_error,3,0.8,200,1,569,1
TX001089,C00616,3093.88,UPI,returning,monthly,success,none,1,0.94,132,1,898,0
TX001090,C02848,441.21,WALLET,new,monthly,failed,bank_timeout,0,0.9,8,1,328,1
TX001091,C02470,859.17,UPI,new,monthly,success,none,2,0.97,273,1,1290,0
TX001092,C01889,1472.5,UPI,new,one_time,success,none,2,0.92,254,1,733,0
TX001093,C01047,2193.42,UPI,returning,one_time,failed,bank_timeout,1,0.54,142,1,343,1
TX001094,C00575,144.36,NETBANKING,new,one_time,success,none,1,0.79,237,1,1391,0
TX001095,C02191,452.13,CARD,returning,one_time,success,none,3,0.71,218,1,829,0
TX001096,C00993,786.36,CARD,new,one_time,success,none,1,0.8,241,0,805,0
TX001097,C02713,2215.29,UPI,returning,one_time,success,none,3,0.54,40,1,848,0
TX001098,C02193,13338.77,UPI,returning,yearly,success,none,2,0.81,318,0,939,0
TX001099,C01249,873.05,NETBANKING,returning,one_time,success,none,0,0.84,132,1,608,0
TX001100,C00503,268.55,NETBANKING,new,yearly,success,none,0,0.85,217,1,717,0
TX001101,C01998,1639.7,NETBANKING,returning,yearly,failed,insufficient_funds,3,0.83,227,0,1286,1
TX001102,C00821,4109.25,NETBANKING,returning,monthly,failed,expired_card,3,0.85,219,0,958,1
TX001103,C02152,1221.72,NETBANKING,returning,yearly,success,none,1,0.64,72,0,343,0
TX001104,C01971,442.9,CARD,returning,one_time,failed,card_declined,1,0.35,39,1,448,1
TX001105,C00198,2858.33,NETBANKING,new,one_time,success,none,1,0.94,153,1,627,0
TX001106,C01670,2129.29,CARD,returning,one_time,success,none,0,0.91,20,1,572,0
TX001107,C02627,393.04,UPI,returning,one_time,failed,network_error,1,0.96,42,1,189,1
TX001108,C02439,1605.88,UPI,returning,one_time,success,none,1,0.7,247,1,523,0
TX001109,C01203,2972.82,WALLET,returning,monthly,success,none,2,0.92,134,1,124,0
TX001110,C02602,3575.61,UPI,new,one_time,success,none,3,0.9,355,1,990,0
TX001111,C01472,1026.13,NETBANKING,new,one_time,failed,insufficient_funds,1,0.92,43,1,1039,1
TX001112,C01647,766.57,UPI,new,monthly,success,none,2,0.95,82,1,721,0
TX001113,C01693,3741.62,UPI,returning,one_time,success,none,0,0.86,283,1,734,0
TX001114,C01313,326.96,UPI,new,one_time,success,none,1,0.9,177,1,278,0
TX001115,C02036,1700.33,UPI,returning,one_time,success,none,0,0.72,54,1,207,0
TX001116,C00478,278.65,UPI,returning,monthly,success,none,0,0.92,173,1,259,0
TX001117,C01255,3182.35,UPI,returning,monthly,failed,card_declined,0,0.84,302,1,597,1
TX001118,C00923,847.21,NETBANKING,new,monthly,failed,insufficient_funds,0,0.78,74,1,1455,1
TX001119,C00420,3899.42,UPI,new,one_time,failed,card_declined,3,0.82,241,1,384,0
TX001120,C02205,1792.58,UPI,returning,yearly,success,none,0,0.4,305,1,179,0
TX001121,C02598,322.72,UPI,new,one_time,success,none,2,0.93,171,0,110,0
TX001122,C01121,4557.95,CARD,new,monthly,success,none,2,0.97,145,1,137,0
TX001123,C00951,5173.19,CARD,new,yearly,success,none,0,0.94,361,1,494,0
TX001124,C02337,2649.92,CARD,returning,monthly,success,none,0,0.93,115,1,492,0
TX001125,C01278,512.04,UPI,returning,monthly,success,none,3,0.8,192,1,181,0
TX001126,C02244,807.53,UPI,new,one_time,success,none,1,0.89,290,1,911,0
TX001127,C02646,1268.29,CARD,new,one_time,failed,card_declined,0,0.8,208,1,662,1
TX001128,C01858,542.56,NETBANKING,new,yearly,success,none,2,0.81,194,1,1207,0
TX001129,C00517,5957.14,UPI,returning,one_time,failed,bank_timeout,2,0.94,49,1,97,1
TX001130,C01659,1266.9,UPI,new,yearly,success,none,3,0.88,292,1,1200,0
TX001131,C01866,100.0,UPI,returning,monthly,failed,network_error,2,0.88,31,1,85,1
TX001132,C02913,1539.72,UPI,new,one_time,success,none,2,0.91,116,1,1494,0
TX001133,C01142,774.21,CARD,returning,monthly,failed,network_error,0,0.88,17,1,391,1
TX001134,C02854,1017.47,UPI,new,one_time,success,none,3,0.84,288,1,1349,0
TX001135,C01933,758.53,UPI,returning,one_time,success,none,2,0.64,202,1,245,0
TX001136,C00815,2457.86,UPI,returning,one_time,success,none,2,0.85,67,1,898,0
TX001137,C02276,3359.97,WALLET,returning,one_time,success,none,3,0.83,121,1,838,0
TX001138,C01901,1455.42,NETBANKING,returning,yearly,failed,bank_timeout,3,0.88,338,1,58,1
TX001139,C02264,781.09,NETBANKING,new,one_time,failed,expired_card,2,0.75,220,1,579,0
TX001140,C02996,1052.23,UPI,new,monthly,success,none,1,0.88,71,1,1209,0
TX001141,C02063,1118.34,CARD,new,one_time,success,none,0,0.9,176,1,772,0
TX001142,C02095,491.55,UPI,new,monthly,failed,network_error,2,0.83,198,0,302,0
TX001143,C02372,1956.53,UPI,new,monthly,success,none,2,0.87,54,1,888,0
TX001144,C02892,1737.22,UPI,returning,one_time,success,none,0,0.62,301,1,748,0
TX001145,C00130,5117.6,CARD,new,yearly,success,none,2,0.81,241,1,318,0
TX001146,C00095,3848.16,UPI,returning,yearly,success,none,2,0.7,10,1,1427,0
TX001147,C02675,552.43,NETBANKING,new,monthly,success,none,3,0.67,2,0,674,0
TX001148,C02803,2490.65,UPI,returning,yearly,success,none,2,0.95,212,0,301,0
TX001149,C01956,423.71,UPI,returning,monthly,success,none,1,0.65,355,1,561,0
TX001150,C00794,2199.38,UPI,returning,monthly,success,none,3,0.55,147,1,556,0
TX001151,C01835,654.18,UPI,returning,one_time,success,none,2,0.98,187,1,1288,0
TX001152,C02117,394.16,UPI,returning,one_time,failed,bank_timeout,2,0.9,203,1,1418,1
TX001153,C01684,1451.05,UPI,returning,yearly,success,none,0,0.85,362,1,917,0
TX001154,C00011,100.0,UPI,new,one_time,success,none,0,0.75,100,1,787,0
TX001155,C01866,190.38,UPI,returning,one_time,success,none,1,0.86,70,1,959,0
TX001156,C02920,918.29,UPI,returning,one_time,success,none,0,0.97,151,1,242,0
TX001157,C02598,1190.87,UPI,new,one_time,failed,card_declined,0,0.89,331,1,843,1
TX001158,C00712,758.0,UPI,returning,one_time,failed,card_declined,1,0.61,313,1,1033,1
TX001159,C02071,226.01,UPI,returning,monthly,failed,network_error,2,0.74,285,1,59,1
TX001160,C00815,484.01,UPI,returning,yearly,success,none,0,0.75,122,1,684,0
TX001161,C00346,1621.67,NETBANKING,new,one_time,success,none,0,0.73,273,1,340,0
TX001162,C02350,1962.12,UPI,returning,monthly,failed,card_declined,1,0.81,291,1,623,1
TX001163,C00363,1078.99,UPI,new,one_time,success,none,0,0.83,49,1,237,0
TX001164,C02444,3487.13,NETBANKING,returning,one_time,success,none,3,0.88,275,1,1318,0
TX001165,C02266,1631.73,NETBANKING,new,monthly,success,none,0,0.83,131,1,1098,0
TX001166,C02189,519.33,WALLET,returning,yearly,failed,network_error,2,0.72,199,1,1085,1
TX001167,C00985,828.4,CARD,returning,one_time,success,none,1,0.85,179,1,886,0
TX001168,C01640,269.65,UPI,new,one_time,success,none,2,0.5,153,0,769,0
TX001169,C00828,984.23,UPI,returning,one_time,success,none,2,0.71,94,1,1053,0
TX001170,C02731,3334.58,CARD,new,yearly,success,none,2,0.81,51,1,543,0
TX001171,C00356,2176.1,WALLET,new,one_time,success,none,1,0.76,171,0,916,0
TX001172,C01348,4456.01,CARD,returning,one_time,success,none,3,0.64,336,1,757,0
TX001173,C02936,810.07,NETBANKING,returning,yearly,success,none,0,0.87,265,1,326,0
TX001174,C01864,4213.71,UPI,returning,monthly,success,none,2,0.86,85,1,1264,0
TX001175,C00127,903.88,UPI,returning,yearly,failed,insufficient_funds,1,0.8,52,0,735,1
TX001176,C00604,4777.08,NETBANKING,new,yearly,success,none,0,0.71,172,1,145,0
TX001177,C01929,1072.92,CARD,returning,monthly,failed,bank_timeout,1,0.75,295,1,240,1
TX001178,C01014,2224.38,WALLET,returning,monthly,success,none,2,0.66,258,1,1334,0
TX001179,C00051,4793.96,CARD,new,one_time,success,none,1,0.8,318,0,379,0
TX001180,C02827,903.77,UPI,returning,yearly,failed,expired_card,2,0.9,53,1,637,1
TX001181,C01431,1364.29,UPI,returning,one_time,failed,network_error,1,0.88,121,1,792,1
TX001182,C01793,3979.31,NETBANKING,returning,monthly,success,none,2,0.65,284,1,570,0
TX001183,C02862,960.06,CARD,returning,one_time,success,none,0,0.71,51,1,951,0
TX001184,C01637,292.69,UPI,new,one_time,success,none,1,0.95,280,1,1321,0
TX001185,C01646,9348.84,UPI,returning,one_time,success,none,1,0.67,307,1,46,0
TX001186,C02468,685.56,UPI,new,monthly,success,none,0,0.84,270,1,1075,0
TX001187,C01206,1285.31,UPI,returning,one_time,success,none,2,0.8,238,0,1122,0
TX001188,C02873,3484.25,CARD,returning,one_time,failed,expired_card,3,0.69,174,0,3,1
TX001189,C01855,596.75,UPI,new,one_time,success,none,2,0.83,272,1,63,0
TX001190,C00567,400.27,UPI,returning,one_time,success,none,2,0.91,71,1,422,0
TX001191,C02419,1413.38,NETBANKING,returning,monthly,success,none,0,0.71,17,1,1169,0
TX001192,C00936,182.53,UPI,returning,one_time,success,none,3,0.96,30,0,378,0
TX001193,C01935,822.29,NETBANKING,returning,one_time,success,none,1,0.88,8,1,723,0
TX001194,C02709,1401.14,UPI,new,monthly,failed,bank_timeout,3,0.85,294,1,246,1
TX001195,C01333,837.19,WALLET,returning,monthly,failed,bank_timeout,1,0.53,359,1,250,1
TX001196,C00202,234.29,UPI,returning,monthly,failed,insufficient_funds,1,0.94,188,1,1087,1
TX001197,C02361,5400.13,UPI,returning,yearly,success,none,0,0.95,139,1,589,0
TX001198,C00117,1216.26,NETBANKING,new,one_time,failed,bank_timeout,2,0.92,53,1,9,1
TX001199,C00937,4587.78,CARD,returning,monthly,success,none,2,0.85,238,1,670,0
TX001200,C00575,845.53,UPI,new,monthly,success,none,3,0.95,305,1,1048,0
TX001201,C02292,454.86,WALLET,new,monthly,success,none,2,0.9,318,1,1207,0
TX001202,C00537,1435.37,UPI,returning,monthly,success,none,1,0.75,65,1,404,0
TX001203,C01626,883.78,WALLET,new,one_time,success,none,0,0.86,29,1,160,0
TX001204,C02123,337.73,UPI,new,one_time,failed,card_declined,2,0.73,328,1,135,1
TX001205,C00386,4768.49,UPI,returning,monthly,success,none,2,0.92,287,1,804,0
TX001206,C00475,588.59,UPI,returning,one_time,failed,expired_card,1,0.81,336,1,1285,1
TX001207,C00418,174.12,UPI,returning,monthly,failed,bank_timeout,3,0.65,134,0,384,1
TX001208,C02395,4138.82,UPI,returning,monthly,failed,bank_timeout,2,0.54,230,1,649,1
TX001209,C02688,662.29,UPI,returning,one_time,failed,expired_card,1,0.87,334,1,282,1
TX001210,C00939,597.15,UPI,new,one_time,success,none,3,0.92,351,1,465,0
TX001211,C00955,187.66,UPI,new,one_time,success,none,2,0.68,236,1,286,0
TX001212,C00876,6253.78,UPI,returning,one_time,success,none,1,0.79,109,0,261,0
TX001213,C00763,302.03,NETBANKING,new,one_time,failed,expired_card,1,0.81,142,1,171,0
TX001214,C01203,1162.64,CARD,returning,one_time,failed,insufficient_funds,2,0.95,250,1,368,1
TX001215,C01206,2731.54,CARD,returning,one_time,failed,bank_timeout,1,0.79,272,1,1160,1
TX001216,C00664,1671.9,WALLET,new,one_time,failed,card_declined,2,0.96,169,1,1248,0
TX001217,C00025,1033.13,CARD,returning,one_time,success,none,2,0.91,340,0,588,0
TX001218,C01991,200.0,WALLET,returning,yearly,failed,card_declined,3,0.8,298,1,602,1
TX001219,C01204,487.98,UPI,new,yearly,failed,insufficient_funds,0,0.88,278,1,1212,1
TX001220,C00710,1323.19,UPI,new,one_time,success,none,2,0.96,108,1,276,0
TX001221,C01880,499.11,UPI,returning,one_time,success,none,2,0.87,211,1,872,0
TX001222,C01185,1343.94,UPI,new,monthly,failed,bank_timeout,3,0.82,336,1,344,0
TX001223,C02225,2168.4,NETBANKING,new,one_time,success,none,0,0.8,77,0,738,0
TX001224,C00285,2871.25,CARD,new,monthly,failed,expired_card,0,0.79,109,0,272,0
TX001225,C00063,321.76,UPI,returning,one_time,success,none,1,0.86,70,1,661,0
TX001226,C01003,9863.99,CARD,returning,one_time,success,none,0,0.71,224,1,500,0
TX001227,C00662,2362.51,UPI,returning,monthly,success,none,0,0.86,104,1,759,0
TX001228,C02714,1094.75,UPI,returning,monthly,success,none,1,0.83,175,0,954,0
TX001229,C02204,3260.18,CARD,returning,yearly,success,none,0,0.89,21,1,1110,0
TX001230,C01493,11677.37,NETBANKING,returning,one_time,success,none,3,0.93,334,1,735,0
TX001231,C00967,260.16,NETBANKING,returning,yearly,failed,card_declined,2,0.81,255,1,277,1
TX001232,C00849,875.45,CARD,new,monthly,success,none,3,0.63,76,1,1368,0
TX001233,C01108,101.65,UPI,returning,monthly,success,none,0,0.74,282,1,1105,0
TX001234,C00689,1329.62,UPI,new,yearly,failed,bank_timeout,1,0.93,8,1,1150,1
TX001235,C00148,1580.34,UPI,returning,yearly,success,none,3,0.6,307,1,389,0
TX001236,C00342,1054.52,CARD,new,monthly,failed,insufficient_funds,3,0.4,201,1,395,0
TX001237,C02524,569.9,UPI,returning,one_time,success,none,2,0.9,147,1,70,0
TX001238,C01087,141.24,UPI,returning,monthly,failed,insufficient_funds,1,0.82,319,1,633,1
TX001239,C01725,1593.25,NETBANKING,returning,monthly,success,none,3,0.92,114,1,764,0
TX001240,C01384,4700.55,NETBANKING,new,monthly,failed,expired_card,0,0.56,175,1,423,1
TX001241,C02609,607.27,CARD,new,monthly,success,none,2,0.44,218,1,134,0
TX001242,C00327,1702.85,UPI,returning,one_time,success,none,3,0.85,154,1,6,0
TX001243,C01793,228.57,UPI,new,one_time,failed,insufficient_funds,0,0.84,210,1,1364,1
TX001244,C01760,1732.31,UPI,returning,one_time,failed,insufficient_funds,3,0.92,100,1,155,1
TX001245,C00990,739.98,CARD,returning,yearly,failed,insufficient_funds,3,0.71,132,0,1039,0
TX001246,C02263,511.62,UPI,new,one_time,success,none,1,0.5,120,1,1112,0
TX001247,C02483,512.67,NETBANKING,returning,monthly,success,none,3,0.95,362,1,712,0
TX001248,C00952,739.81,WALLET,returning,yearly,success,none,1,0.68,249,1,1250,0
TX001249,C00723,1607.5,UPI,new,one_time,success,none,0,0.76,219,1,67,0
TX001250,C02080,295.25,UPI,returning,monthly,success,none,1,0.85,288,1,629,0
TX001251,C02718,737.22,CARD,returning,monthly,failed,card_declined,0,0.91,317,1,332,1
TX001252,C02333,1052.08,NETBANKING,new,one_time,success,none,1,0.91,109,1,861,0
TX001253,C00429,365.39,NETBANKING,new,one_time,success,none,1,0.89,3,1,1138,0
TX001254,C01501,6612.16,UPI,returning,monthly,success,none,1,0.64,132,1,1033,0
TX001255,C00286,467.08,UPI,new,one_time,failed,expired_card,1,0.86,193,1,345,1
TX001256,C02066,561.47,CARD,new,monthly,success,none,2,0.48,138,1,500,0
TX001257,C00769,412.28,CARD,returning,monthly,success,none,3,0.86,26,1,802,0
TX001258,C02638,6624.17,UPI,new,one_time,failed,expired_card,2,0.71,345,1,443,1
TX001259,C01395,1906.27,UPI,new,one_time,success,none,0,0.67,168,1,1491,0
TX001260,C00194,429.84,CARD,returning,one_time,success,none,0,0.74,103,0,752,0
TX001261,C02550,3315.06,UPI,new,one_time,success,none,3,0.77,30,0,15,0
TX001262,C00988,1340.37,NETBANKING,returning,monthly,success,none,0,0.86,56,1,690,0
TX001263,C01137,1418.36,UPI,new,monthly,success,none,0,0.84,349,1,1402,0
TX001264,C02162,777.06,CARD,returning,one_time,success,none,1,0.84,306,1,1012,0
TX001265,C01702,518.32,CARD,returning,monthly,success,none,3,0.54,323,1,950,0
TX001266,C00947,1537.27,UPI,new,one_time,success,none,1,0.75,21,1,1093,0
TX001267,C00831,635.82,CARD,returning,yearly,success,none,3,0.83,205,1,173,0
TX001268,C01921,6746.34,CARD,returning,one_time,success,none,1,0.5,217,1,447,0
TX001269,C02973,308.19,NETBANKING,new,one_time,success,none,3,0.74,195,1,734,0
TX001270,C00055,5095.72,UPI,returning,monthly,success,none,0,0.9,206,1,1163,0
TX001271,C00800,981.11,CARD,returning,monthly,success,none,2,0.73,302,1,1305,0
TX001272,C00778,1478.95,CARD,returning,one_time,failed,expired_card,0,0.78,113,1,1061,1
TX001273,C01482,2522.88,UPI,returning,one_time,success,none,3,0.28,23,1,402,0
TX001274,C01902,583.91,NETBANKING,new,one_time,failed,insufficient_funds,2,0.84,325,1,951,0
TX001275,C02210,2602.55,UPI,new,one_time,failed,insufficient_funds,2,0.94,211,0,396,0
TX001276,C02135,100.0,UPI,returning,one_time,success,none,1,0.68,27,1,386,0
TX001277,C00055,533.79,UPI,returning,monthly,success,none,3,0.77,138,0,129,0
TX001278,C01824,435.26,UPI,new,yearly,success,none,1,0.9,218,1,273,0
TX001279,C01202,313.09,NETBANKING,returning,monthly,success,none,3,0.78,98,1,1304,0
TX001280,C00833,884.52,CARD,new,one_time,failed,card_declined,0,0.87,194,1,165,1
TX001281,C00313,1612.84,UPI,returning,yearly,success,none,3,0.69,248,1,548,0
TX001282,C02807,2214.23,NETBANKING,returning,monthly,success,none,0,0.52,276,1,157,0
TX001283,C01859,1395.32,UPI,returning,one_time,success,none,2,0.49,177,1,940,0
TX001284,C02008,563.58,CARD,returning,monthly,failed,insufficient_funds,2,0.95,166,1,1236,1
TX001285,C02007,1586.07,UPI,new,one_time,success,none,1,0.94,232,1,1075,0
TX001286,C02491,1241.76,UPI,new,one_time,failed,card_declined,2,0.87,101,1,942,1
TX001287,C01791,2796.31,UPI,returning,one_time,success,none,2,0.8,188,1,1212,0
TX001288,C00328,2384.96,CARD,new,monthly,success,none,0,0.89,261,1,622,0
TX001289,C02809,1130.57,UPI,returning,one_time,success,none,3,0.99,204,1,1096,0
TX001290,C02627,447.08,UPI,returning,monthly,success,none,0,0.69,310,1,968,0
TX001291,C01288,570.81,UPI,returning,monthly,failed,expired_card,2,0.88,145,0,1271,1
TX001292,C02144,632.84,UPI,new,one_time,success,none,3,0.85,58,1,560,0
TX001293,C01112,800.1,NETBANKING,new,one_time,success,none,2,0.87,34,1,662,0
TX001294,C01312,1433.75,UPI,returning,monthly,success,none,2,0.95,161,1,1049,0
TX001295,C02862,2242.11,NETBANKING,new,monthly,success,none,0,0.7,22,1,841,0
TX001296,C02539,1041.98,UPI,returning,one_time,success,none,3,0.96,95,0,1105,0
TX001297,C00452,1114.46,CARD,returning,monthly,failed,card_declined,0,0.88,214,1,1297,1
TX001298,C01524,1265.61,UPI,returning,one_time,failed,bank_timeout,1,0.8,175,1,215,1
TX001299,C00165,654.65,WALLET,new,one_time,success,none,1,0.68,254,1,280,0
TX001300,C00182,434.68,UPI,returning,monthly,success,none,1,0.91,260,1,490,0
TX001301,C02517,189.53,CARD,returning,monthly,failed,network_error,1,0.84,292,1,1411,1
TX001302,C00910,547.22,WALLET,returning,one_time,success,none,0,0.83,39,1,1295,0
TX001303,C02783,1760.13,NETBANKING,returning,one_time,success,none,1,0.91,69,1,1277,0
TX001304,C00823,542.99,UPI,returning,one_time,success,none,0,0.9,142,1,941,0
TX001305,C00944,864.54,WALLET,returning,yearly,success,none,3,0.94,182,1,1026,0
TX001306,C02002,1748.36,CARD,new,one_time,success,none,3,0.88,203,1,191,0
TX001307,C02055,1845.84,UPI,returning,one_time,success,none,0,0.75,97,1,269,0
TX001308,C00330,372.59,UPI,new,monthly,failed,insufficient_funds,3,0.79,349,1,452,0
TX001309,C00775,2972.2,UPI,returning,one_time,success,none,1,0.77,67,1,212,0
TX001310,C02199,3385.82,UPI,returning,one_time,success,none,0,0.93,326,1,1362,0
TX001311,C00147,354.3,CARD,new,monthly,success,none,2,0.67,75,1,240,0
TX001312,C00915,481.14,CARD,returning,monthly,success,none,3,0.67,352,1,513,0
TX001313,C01572,3608.66,UPI,returning,monthly,failed,expired_card,1,0.65,34,1,811,1
TX001314,C01309,946.86,NETBANKING,new,one_time,success,none,1,0.63,72,1,960,0
TX001315,C02748,119.13,UPI,returning,monthly,success,none,2,0.97,6,1,1199,0
TX001316,C00082,270.51,WALLET,new,one_time,success,none,1,0.87,272,0,107,0
TX001317,C00514,854.6,WALLET,returning,one_time,success,none,0,0.89,168,1,249,0
TX001318,C01921,342.73,NETBANKING,new,one_time,failed,network_error,3,0.77,178,1,530,0
TX001319,C02863,725.29,NETBANKING,returning,monthly,success,none,0,0.93,189,1,768,0
TX001320,C02757,1132.74,UPI,new,monthly,success,none,0,0.84,157,0,272,0
TX001321,C01940,4732.72,UPI,new,monthly,failed,network_error,3,0.84,287,1,699,1
TX001322,C00746,820.2,UPI,returning,monthly,success,none,1,0.84,168,1,43,0
TX001323,C01410,3205.24,UPI,returning,one_time,success,none,2,0.76,105,1,802,0
TX001324,C00707,4576.82,CARD,new,one_time,success,none,2,0.66,326,1,897,0
TX001325,C00471,4602.29,UPI,returning,monthly,success,none,1,0.75,299,1,573,0
TX001326,C00396,1457.9,WALLET,new,one_time,success,none,0,0.97,220,1,1260,0
TX001327,C01556,153.96,NETBANKING,returning,one_time,success,none,3,0.69,88,0,1339,0
TX001328,C02309,1738.58,UPI,returning,yearly,success,none,3,0.51,270,1,934,0
TX001329,C00805,3128.78,UPI,returning,monthly,success,none,0,0.87,31,1,92,0
TX001330,C00934,1011.24,UPI,new,one_time,failed,expired_card,1,0.76,26,1,176,1
TX001331,C01280,6276.6,NETBANKING,returning,monthly,failed,network_error,1,0.91,280,1,633,1
TX001332,C01758,2591.09,CARD,returning,monthly,success,none,0,0.96,65,0,531,0
TX001333,C00905,1935.8,UPI,new,one_time,success,none,1,0.99,138,1,439,0
TX001334,C01077,3249.9,UPI,new,one_time,success,none,2,0.95,314,1,473,0
TX001335,C02988,1530.53,UPI,new,one_time,success,none,2,0.96,363,1,725,0
TX001336,C01891,100.0,WALLET,new,one_time,success,none,3,0.95,242,1,527,0
TX001337,C01524,665.71,UPI,new,one_time,success,none,1,0.88,63,1,343,0
TX001338,C02902,3630.65,UPI,new,yearly,success,none,0,0.83,275,1,31,0
TX001339,C01388,489.02,NETBANKING,returning,monthly,failed,card_declined,2,0.92,332,0,1123,0
TX001340,C01304,877.02,NETBANKING,new,monthly,success,none,3,0.69,229,1,712,0
TX001341,C00593,385.74,NETBANKING,new,one_time,success,none,1,0.73,114,1,115,0
TX001342,C02762,6528.44,UPI,new,one_time,success,none,0,0.81,11,1,1246,0
TX001343,C02680,5892.83,CARD,returning,yearly,success,none,1,0.77,173,1,170,0
TX001344,C02107,453.11,CARD,new,monthly,success,none,3,0.92,98,1,1017,0
TX001345,C00128,1270.67,UPI,returning,yearly,success,none,1,0.58,309,1,1055,0
TX001346,C00736,555.3,CARD,returning,one_time,success,none,1,0.94,273,1,942,0
TX001347,C02769,2028.28,UPI,returning,yearly,success,none,3,0.91,156,1,331,0
TX001348,C02574,1825.63,UPI,new,one_time,success,none,1,0.5,142,1,338,0
TX001349,C00521,2469.34,NETBANKING,returning,one_time,failed,expired_card,1,0.75,280,1,272,1
TX001350,C02600,1528.31,UPI,new,monthly,success,none,0,0.92,44,1,1260,0
TX001351,C00237,20648.67,NETBANKING,returning,monthly,success,none,2,0.72,341,1,1084,0
TX001352,C01305,392.32,UPI,returning,one_time,success,none,0,0.66,38,1,1095,0
TX001353,C01782,198.22,UPI,returning,yearly,failed,expired_card,3,0.75,23,1,143,0
TX001354,C01302,740.19,CARD,returning,monthly,success,none,2,0.71,71,1,1361,0
TX001355,C02542,228.61,CARD,returning,one_time,failed,card_declined,1,0.58,219,0,1011,0
TX001356,C02052,246.54,UPI,new,one_time,failed,bank_timeout,1,0.87,249,1,1145,1
TX001357,C02714,402.9,NETBANKING,new,one_time,success,none,3,0.9,345,1,632,0
TX001358,C00442,436.07,UPI,returning,one_time,failed,bank_timeout,0,0.84,118,1,1484,1
TX001359,C02077,422.16,NETBANKING,returning,monthly,success,none,0,0.94,288,1,75,0
TX001360,C02658,1841.28,UPI,returning,monthly,success,none,2,0.79,325,1,714,0
TX001361,C00805,661.04,NETBANKING,returning,monthly,success,none,1,0.95,8,0,122,0
TX001362,C00075,916.43,UPI,returning,one_time,success,none,0,0.96,164,1,1117,0
TX001363,C02886,2681.77,NETBANKING,returning,one_time,success,none,1,0.8,349,1,672,0
TX001364,C02176,509.63,CARD,returning,yearly,success,none,1,0.93,176,1,1392,0
TX001365,C02090,841.73,UPI,returning,one_time,success,none,1,0.63,125,1,1493,0
TX001366,C01380,1580.92,NETBANKING,returning,one_time,success,none,2,0.71,160,1,1358,0
TX001367,C00041,157.34,UPI,returning,monthly,failed,network_error,3,0.68,213,1,860,1
TX001368,C02982,101.0,UPI,returning,monthly,success,none,1,0.82,281,1,1085,0
TX001369,C02082,1550.17,NETBANKING,returning,yearly,failed,expired_card,3,0.88,324,1,307,1
TX001370,C01701,1793.66,UPI,new,yearly,success,none,3,0.92,212,1,893,0
TX001371,C01402,8640.54,UPI,new,yearly,success,none,2,0.82,337,0,1232,0
TX001372,C00588,1284.46,UPI,returning,one_time,failed,card_declined,0,0.89,364,0,57,1
TX001373,C01623,2489.26,NETBANKING,returning,one_time,failed,expired_card,3,0.73,17,0,1273,0
TX001374,C00342,901.92,UPI,returning,monthly,success,none,3,0.73,227,1,1357,0
TX001375,C02075,1476.2,UPI,returning,one_time,success,none,3,0.76,269,1,1054,0
TX001376,C00646,5809.54,CARD,returning,one_time,success,none,0,0.86,77,0,1328,0
TX001377,C00731,131.11,NETBANKING,returning,one_time,success,none,1,0.78,290,1,677,0
TX001378,C00168,1658.41,NETBANKING,returning,one_time,failed,card_declined,1,0.7,51,1,595,1
TX001379,C00610,9279.72,CARD,new,monthly,success,none,2,0.77,355,1,850,0
TX001380,C02316,1453.94,CARD,returning,one_time,success,none,1,0.86,312,0,518,0
TX001381,C01773,5713.42,UPI,new,one_time,success,none,1,0.83,15,1,1020,0
TX001382,C02041,584.52,UPI,returning,monthly,success,none,1,0.8,243,1,157,0
TX001383,C02869,1062.05,CARD,new,monthly,success,none,2,0.73,5,0,1276,0
TX001384,C00455,1134.02,WALLET,returning,yearly,success,none,2,0.83,266,0,37,0
TX001385,C02954,119.39,CARD,returning,one_time,success,none,1,0.95,85,1,1036,0
TX001386,C01709,340.98,UPI,returning,one_time,success,none,1,0.58,58,1,1394,0
TX001387,C02970,366.18,UPI,returning,one_time,success,none,3,0.68,277,1,220,0
TX001388,C00702,2495.06,CARD,new,monthly,failed,bank_timeout,0,0.88,290,1,18,1
TX001389,C02682,2623.21,CARD,returning,monthly,failed,bank_timeout,2,0.48,351,1,710,1
TX001390,C01600,1516.31,CARD,returning,one_time,success,none,0,0.66,41,1,194,0
TX001391,C00130,2500.14,CARD,new,yearly,success,none,1,0.68,80,1,1054,0
TX001392,C01846,930.62,UPI,returning,monthly,success,none,1,0.86,214,1,140,0
TX001393,C01387,3647.99,NETBANKING,returning,one_time,failed,network_error,1,0.6,191,1,1221,1
TX001394,C02867,1106.31,CARD,returning,monthly,success,none,1,0.7,324,1,439,0
TX001395,C00693,1161.96,UPI,returning,monthly,failed,card_declined,2,0.74,53,1,1319,1
TX001396,C01395,840.85,UPI,returning,one_time,success,none,1,0.92,59,1,450,0
TX001397,C00794,2174.27,NETBANKING,returning,one_time,failed,bank_timeout,0,0.79,157,1,264,1
TX001398,C00029,719.68,NETBANKING,returning,monthly,success,none,3,0.66,266,1,561,0
TX001399,C00149,2911.52,UPI,returning,monthly,success,none,3,0.76,190,1,1457,0
TX001400,C01320,353.49,UPI,returning,one_time,success,none,0,0.89,93,0,1030,0
TX001401,C02059,365.43,UPI,returning,yearly,failed,insufficient_funds,0,0.91,232,0,587,1
TX001402,C02724,2180.76,UPI,returning,one_time,success,none,3,0.93,115,1,1467,0
TX001403,C01137,1003.71,CARD,returning,one_time,success,none,2,0.83,179,1,351,0
TX001404,C00187,696.53,CARD,returning,one_time,failed,bank_timeout,0,0.55,247,1,1034,1
TX001405,C02855,2670.6,CARD,returning,yearly,success,none,2,0.72,157,0,1381,0
TX001406,C02792,597.49,CARD,new,monthly,success,none,3,0.91,252,1,189,0
TX001407,C01251,897.67,UPI,new,monthly,success,none,2,0.58,65,0,1136,0
TX001408,C01334,4443.63,UPI,returning,yearly,success,none,3,0.6,194,1,1046,0
TX001409,C00098,5110.96,UPI,new,monthly,success,none,1,0.83,137,1,393,0
TX001410,C00055,5283.79,UPI,returning,one_time,failed,expired_card,2,0.65,168,1,804,0
TX001411,C02671,827.06,UPI,new,monthly,success,none,2,0.59,29,1,791,0
TX001412,C02712,3754.47,CARD,new,monthly,success,none,2,0.9,93,1,815,0
TX001413,C00758,424.56,NETBANKING,returning,one_time,success,none,1,0.58,45,1,1183,0
TX001414,C00406,442.79,CARD,new,one_time,success,none,1,0.77,99,1,213,0
TX001415,C02117,104.54,NETBANKING,returning,monthly,success,none,1,0.77,276,1,523,0
TX001416,C01313,5842.23,CARD,returning,one_time,success,none,0,0.84,29,1,941,0
TX001417,C01786,462.21,CARD,returning,one_time,success,none,3,0.91,209,1,345,0
TX001418,C00751,966.29,UPI,returning,monthly,success,none,0,0.74,221,1,317,0
TX001419,C01763,441.28,WALLET,new,yearly,success,none,2,0.53,160,1,465,0
TX001420,C00365,2197.7,UPI,new,one_time,success,none,3,0.8,86,0,727,0
TX001421,C02027,753.23,UPI,new,one_time,success,none,0,0.96,234,1,1086,0
TX001422,C00482,297.43,UPI,new,monthly,success,none,1,0.53,235,1,1124,0
TX001423,C02249,1705.58,WALLET,returning,monthly,failed,card_declined,0,0.84,171,1,1447,1
TX001424,C00154,261.46,WALLET,returning,yearly,success,none,1,0.91,343,1,898,0
TX001425,C01525,474.66,CARD,returning,monthly,success,none,0,0.72,6,1,1227,0
TX001426,C02121,133.37,CARD,new,monthly,success,none,1,0.98,244,1,76,0
TX001427,C02761,264.02,UPI,returning,yearly,success,none,0,0.53,143,1,533,0
TX001428,C02344,1310.98,WALLET,new,one_time,success,none,2,0.85,224,1,294,0
TX001429,C01041,153.77,CARD,new,one_time,success,none,3,0.93,336,1,1410,0
TX001430,C01665,249.35,NETBANKING,returning,monthly,success,none,0,0.79,136,1,1467,0
TX001431,C01241,1094.04,UPI,returning,one_time,success,none,0,0.64,151,1,675,0
TX001432,C00061,636.76,UPI,returning,one_time,failed,insufficient_funds,3,0.94,271,1,124,1
TX001433,C00939,8038.81,NETBANKING,returning,one_time,failed,bank_timeout,2,0.91,33,1,1059,1
TX001434,C01640,6862.98,UPI,returning,monthly,success,none,2,0.91,203,1,526,0
TX001435,C02090,460.39,NETBANKING,returning,yearly,success,none,1,0.83,249,1,822,0
TX001436,C00025,1914.36,UPI,new,one_time,success,none,2,0.92,89,1,297,0
TX001437,C01063,2319.91,NETBANKING,new,monthly,success,none,3,0.82,265,1,1367,0
TX001438,C00131,603.36,UPI,returning,one_time,success,none,0,0.86,289,1,1121,0
TX001439,C01253,245.79,CARD,new,monthly,success,none,3,0.84,77,0,1229,0
TX001440,C00108,1083.23,UPI,returning,monthly,success,none,1,0.82,114,1,1276,0
TX001441,C00172,922.56,CARD,new,yearly,failed,bank_timeout,0,0.8,153,1,1173,1
TX001442,C01459,709.27,UPI,new,one_time,failed,card_declined,1,0.85,308,1,882,0
TX001443,C00102,1706.7,WALLET,returning,monthly,success,none,1,0.81,346,1,601,0
TX001444,C02914,517.64,CARD,new,one_time,failed,insufficient_funds,2,0.87,283,1,64,1
TX001445,C02572,346.54,UPI,returning,monthly,failed,card_declined,0,0.8,309,1,1164,1
TX001446,C02323,1223.03,NETBANKING,new,yearly,success,none,1,0.71,177,1,31,0
TX001447,C01637,1613.19,UPI,returning,yearly,success,none,1,0.64,62,1,588,0
TX001448,C02865,338.1,UPI,returning,one_time,failed,bank_timeout,1,0.96,331,1,500,1
TX001449,C01041,2774.12,UPI,returning,monthly,success,none,3,0.89,98,1,159,0
TX001450,C00330,186.7,NETBANKING,returning,one_time,success,none,1,0.79,98,1,643,0
TX001451,C01521,615.16,UPI,new,one_time,success,none,2,0.52,229,1,802,0
TX001452,C00012,847.25,UPI,returning,yearly,failed,network_error,2,0.84,293,1,219,1
TX001453,C01342,580.43,NETBANKING,returning,one_time,failed,card_declined,0,0.89,9,1,1071,1
TX001454,C00216,623.24,NETBANKING,returning,one_time,success,none,1,0.82,181,1,1429,0
TX001455,C00339,7122.93,UPI,new,one_time,success,none,0,0.96,256,1,1045,0
TX001456,C01800,468.3,CARD,new,one_time,success,none,0,0.82,312,1,769,0
TX001457,C02709,12597.1,NETBANKING,new,one_time,success,none,2,0.85,211,0,463,0
TX001458,C01751,1697.86,UPI,new,monthly,success,none,1,0.8,245,1,1054,0
TX001459,C01509,1202.38,NETBANKING,new,one_time,failed,bank_timeout,2,0.92,193,1,197,1
TX001460,C02422,1765.59,UPI,new,monthly,failed,card_declined,3,0.87,47,1,727,1
TX001461,C00710,13765.6,CARD,returning,one_time,failed,bank_timeout,1,0.89,88,1,1204,1
TX001462,C01224,406.02,UPI,returning,monthly,success,none,1,0.81,293,1,258,0
TX001463,C02514,357.66,CARD,new,monthly,failed,card_declined,0,0.74,331,1,68,1
TX001464,C01113,515.5,UPI,returning,yearly,success,none,0,0.83,35,1,570,0
TX001465,C01292,1132.46,CARD,returning,yearly,success,none,2,0.62,161,1,1154,0
TX001466,C00489,195.24,UPI,returning,one_time,success,none,3,0.95,297,1,1135,0
TX001467,C01562,1121.41,UPI,returning,yearly,failed,bank_timeout,2,0.85,245,1,220,1
TX001468,C00047,5964.3,UPI,returning,one_time,success,none,3,0.87,178,1,579,0
TX001469,C00778,1275.9,NETBANKING,returning,one_time,failed,insufficient_funds,1,0.67,296,1,222,1
TX001470,C01040,818.37,UPI,returning,monthly,success,none,0,0.82,297,1,423,0
TX001471,C00711,591.01,UPI,returning,one_time,success,none,0,0.56,117,1,404,0
TX001472,C00401,2693.27,UPI,returning,one_time,success,none,1,0.67,311,1,1448,0
TX001473,C01818,480.18,CARD,returning,yearly,success,none,3,0.96,67,1,721,0
TX001474,C00250,6949.3,UPI,new,monthly,success,none,2,0.64,294,1,297,0
TX001475,C00391,7580.69,CARD,returning,one_time,success,none,1,0.75,254,1,1142,0
TX001476,C00335,1417.64,UPI,returning,monthly,success,none,0,0.86,335,1,916,0
TX001477,C00629,1084.08,UPI,returning,monthly,success,none,3,0.67,57,1,846,0
TX001478,C00137,3073.77,CARD,new,yearly,failed,expired_card,2,0.83,253,1,654,1
TX001479,C02931,3277.38,NETBANKING,returning,monthly,success,none,1,0.79,258,1,317,0
TX001480,C02736,489.81,UPI,new,monthly,success,none,0,0.89,330,1,555,0
TX001481,C01522,647.71,UPI,returning,monthly,success,none,3,0.79,309,0,1402,0
TX001482,C00827,292.26,UPI,new,monthly,success,none,2,0.95,8,1,832,0
TX001483,C00727,1650.88,CARD,returning,monthly,failed,expired_card,1,0.52,251,1,906,1
TX001484,C01501,2135.87,UPI,new,monthly,failed,card_declined,2,0.88,63,1,1283,0
TX001485,C02642,284.31,NETBANKING,new,monthly,success,none,1,0.84,133,1,654,0
TX001486,C00990,695.62,UPI,new,yearly,failed,bank_timeout,3,0.81,75,1,892,0
TX001487,C02420,285.07,UPI,new,one_time,failed,expired_card,0,0.66,204,1,1144,1
TX001488,C00935,446.39,UPI,returning,one_time,failed,expired_card,1,0.69,332,1,201,1
TX001489,C00402,1902.68,CARD,new,monthly,success,none,1,0.72,319,1,673,0
TX001490,C01467,526.64,CARD,returning,one_time,failed,card_declined,3,0.93,158,1,545,1
TX001491,C00615,811.74,UPI,new,monthly,success,none,3,0.9,321,1,656,0
TX001492,C01297,215.44,NETBANKING,returning,one_time,success,none,0,0.82,198,1,455,0
TX001493,C01183,1322.12,UPI,new,monthly,success,none,3,0.82,148,1,1108,0
TX001494,C02668,1049.14,CARD,returning,yearly,success,none,2,0.92,362,1,1244,0
TX001495,C02236,529.03,UPI,returning,monthly,failed,card_declined,2,0.97,33,1,862,1
TX001496,C01122,907.77,UPI,returning,one_time,failed,card_declined,0,0.81,110,1,60,1
TX001497,C00131,1313.3,NETBANKING,returning,yearly,failed,network_error,0,0.86,222,1,444,1
TX001498,C02853,485.48,NETBANKING,returning,one_time,success,none,3,0.83,132,1,922,0
TX001499,C01195,250.57,UPI,new,one_time,failed,insufficient_funds,2,0.81,144,1,752,0
TX001500,C02984,6671.33,CARD,returning,monthly,success,none,3,0.98,31,0,1191,0
TX001501,C00183,582.15,UPI,returning,yearly,success,none,0,0.91,266,1,308,0
TX001502,C00364,995.49,CARD,returning,one_time,success,none,2,0.78,321,1,955,0
TX001503,C00039,3013.45,UPI,new,monthly,success,none,0,0.75,127,1,1242,0
TX001504,C02545,37386.13,NETBANKING,returning,one_time,success,none,0,0.9,149,1,423,0
TX001505,C01373,315.93,UPI,returning,one_time,failed,insufficient_funds,3,0.86,156,1,978,1
TX001506,C00921,1719.57,UPI,returning,yearly,success,none,0,0.91,21,0,284,0
TX001507,C02770,540.47,UPI,returning,monthly,failed,insufficient_funds,3,0.83,320,1,1224,1
TX001508,C00016,639.83,UPI,returning,monthly,success,none,0,0.93,263,1,552,0
TX001509,C00493,533.68,UPI,returning,one_time,success,none,0,0.79,49,0,253,0
TX001510,C01450,355.79,UPI,returning,monthly,success,none,0,0.78,147,1,1359,0
TX001511,C01132,1052.27,CARD,returning,monthly,failed,bank_timeout,2,0.72,3,1,563,1
TX001512,C02942,251.01,UPI,returning,one_time,success,none,0,0.9,86,1,60,0
TX001513,C00311,2826.54,CARD,returning,monthly,success,none,1,0.9,266,1,1262,0
TX001514,C00739,1158.64,CARD,new,yearly,success,none,2,0.82,211,1,1100,0
TX001515,C00546,1673.1,WALLET,returning,monthly,success,none,1,0.92,151,0,197,0
TX001516,C02462,688.02,WALLET,returning,one_time,success,none,0,0.85,68,1,579,0
TX001517,C00251,759.6,NETBANKING,new,monthly,success,none,2,0.58,211,1,1479,0
TX001518,C00759,1462.0,CARD,returning,monthly,failed,bank_timeout,1,0.91,51,1,1482,1
TX001519,C01805,342.39,UPI,new,one_time,success,none,0,0.85,148,1,1474,0
TX001520,C01298,766.63,CARD,new,monthly,success,none,2,0.7,55,0,779,0
TX001521,C01632,464.23,WALLET,returning,yearly,failed,insufficient_funds,0,0.59,23,1,1069,1
TX001522,C01915,450.08,UPI,returning,yearly,success,none,3,0.47,346,0,661,0
TX001523,C00814,132.98,UPI,new,monthly,success,none,3,0.85,237,1,387,0
TX001524,C00029,4185.27,UPI,new,one_time,failed,card_declined,1,0.94,142,1,810,1
TX001525,C00958,551.95,CARD,returning,yearly,failed,network_error,2,0.8,193,1,855,0
TX001526,C02033,3510.02,UPI,new,monthly,success,none,2,0.78,19,1,306,0
TX001527,C00477,3193.24,CARD,new,one_time,success,none,2,0.75,27,1,186,0
TX001528,C00318,303.08,CARD,returning,monthly,failed,insufficient_funds,2,0.87,155,1,388,1
TX001529,C00245,369.29,WALLET,new,yearly,failed,card_declined,2,0.75,42,1,198,1
TX001530,C00748,14192.98,CARD,returning,one_time,success,none,1,0.69,88,1,881,0
TX001531,C00697,6316.53,NETBANKING,new,yearly,failed,expired_card,2,0.85,333,1,1494,1
TX001532,C00272,1062.61,UPI,returning,yearly,success,none,3,0.67,217,0,969,0
TX001533,C01772,1418.53,UPI,returning,one_time,failed,network_error,3,0.69,306,1,672,0
TX001534,C01263,583.56,UPI,returning,yearly,success,none,2,0.66,226,1,769,0
TX001535,C02425,1689.78,UPI,returning,yearly,success,none,0,0.73,98,1,248,0
TX001536,C00266,535.3,UPI,returning,one_time,failed,bank_timeout,2,0.86,186,1,102,1
TX001537,C02974,143.69,CARD,returning,one_time,success,none,1,0.68,332,1,1451,0
TX001538,C00921,292.49,CARD,returning,one_time,success,none,3,0.88,165,0,186,0
TX001539,C00340,1120.01,CARD,new,one_time,success,none,3,0.87,332,0,228,0
TX001540,C00389,353.87,UPI,returning,monthly,success,none,1,0.89,150,1,773,0
TX001541,C02625,1025.28,UPI,returning,one_time,success,none,1,0.82,174,1,931,0
TX001542,C02051,374.41,CARD,returning,yearly,success,none,0,0.73,316,1,1015,0
TX001543,C01166,501.52,UPI,returning,yearly,success,none,3,0.75,263,1,238,0
TX001544,C00376,2573.87,UPI,returning,one_time,success,none,2,0.88,192,1,670,0
TX001545,C02034,1404.56,UPI,new,monthly,success,none,1,0.7,223,1,1153,0
TX001546,C02372,1086.09,UPI,returning,monthly,success,none,2,0.89,116,0,239,0
TX001547,C00146,2641.13,UPI,returning,monthly,success,none,1,0.52,224,1,435,0
TX001548,C01982,1773.32,UPI,new,one_time,success,none,1,0.84,93,1,100,0
TX001549,C00293,4659.03,UPI,returning,one_time,failed,expired_card,3,0.76,164,1,950,1
TX001550,C00432,692.38,CARD,returning,one_time,success,none,1,0.86,17,1,562,0
TX001551,C00705,713.63,UPI,returning,one_time,success,none,3,0.92,141,0,826,0
TX001552,C02997,298.54,UPI,returning,yearly,success,none,0,0.56,30,1,1423,0
TX001553,C01999,714.1,NETBANKING,returning,one_time,failed,expired_card,3,0.71,330,1,578,0
TX001554,C02633,2877.77,CARD,returning,one_time,success,none,2,0.82,303,0,265,0
TX001555,C00399,4023.82,UPI,new,monthly,success,none,2,0.71,61,1,1275,0
TX001556,C02865,2864.95,NETBANKING,returning,one_time,failed,expired_card,2,0.83,342,1,32,1
TX001557,C00964,182.33,UPI,new,one_time,success,none,2,0.94,198,1,773,0
TX001558,C02235,3239.41,UPI,returning,monthly,failed,card_declined,3,0.53,286,1,163,0
TX001559,C02042,174.42,WALLET,returning,monthly,success,none,3,0.87,21,1,559,0
TX001560,C01829,2692.21,NETBANKING,returning,one_time,success,none,1,0.99,219,1,636,0
TX001561,C02109,759.16,UPI,returning,monthly,success,none,3,0.86,303,1,707,0
TX001562,C00939,2213.95,CARD,returning,one_time,success,none,2,0.95,203,1,1347,0
TX001563,C00710,289.33,CARD,new,monthly,success,none,3,0.93,141,1,353,0
TX001564,C00807,3537.47,UPI,returning,monthly,success,none,0,0.86,102,0,787,0
TX001565,C01464,253.41,UPI,returning,one_time,success,none,0,0.92,84,1,1020,0
TX001566,C01326,562.02,UPI,new,one_time,failed,insufficient_funds,0,0.66,66,1,176,0
TX001567,C00011,404.2,NETBANKING,returning,monthly,failed,expired_card,2,0.89,220,1,862,1
TX001568,C01086,189.75,UPI,new,yearly,success,none,0,0.84,146,1,1195,0
TX001569,C01869,1205.35,CARD,returning,yearly,success,none,1,0.98,223,1,1103,0
TX001570,C02274,6674.76,UPI,returning,monthly,success,none,0,0.87,148,0,1246,0
TX001571,C02612,15786.42,UPI,returning,monthly,success,none,2,0.69,270,1,186,0
TX001572,C00772,1208.52,CARD,new,monthly,success,none,1,0.79,245,1,968,0
TX001573,C01595,3349.88,CARD,new,yearly,success,none,0,0.71,200,1,900,0
TX001574,C01608,1383.12,UPI,returning,monthly,success,none,3,0.78,346,0,22,0
TX001575,C01334,1806.02,UPI,returning,one_time,success,none,3,0.97,300,0,1131,0
TX001576,C00885,778.88,CARD,returning,one_time,success,none,2,0.91,277,1,1271,0
TX001577,C01390,1332.85,UPI,returning,one_time,success,none,2,0.79,279,1,1130,0
TX001578,C00226,1877.09,UPI,returning,one_time,failed,insufficient_funds,2,0.63,211,1,754,1
TX001579,C00825,614.95,CARD,returning,yearly,success,none,1,0.58,3,1,1010,0
TX001580,C02266,1014.86,UPI,returning,one_time,success,none,2,0.89,66,1,255,0
TX001581,C00937,1034.39,UPI,returning,one_time,success,none,0,0.51,113,1,12,0
TX001582,C02801,2505.9,UPI,returning,yearly,success,none,0,0.66,199,0,320,0
TX001583,C02554,377.65,NETBANKING,new,one_time,success,none,3,0.81,13,1,509,0
TX001584,C02307,1041.54,UPI,returning,one_time,success,none,3,0.94,123,1,1411,0
TX001585,C01912,7420.53,CARD,returning,one_time,success,none,0,0.8,270,1,1037,0
TX001586,C01797,3512.42,UPI,returning,monthly,success,none,3,0.51,202,1,1120,0
TX001587,C00054,4226.71,UPI,new,one_time,success,none,2,0.98,93,1,777,0
TX001588,C00727,1123.76,UPI,returning,monthly,success,none,2,0.84,84,1,414,0
TX001589,C02737,1511.71,UPI,new,one_time,failed,expired_card,0,0.95,21,1,991,1
TX001590,C01545,2987.63,NETBANKING,returning,monthly,success,none,1,0.84,202,1,171,0
TX001591,C01044,5220.01,UPI,returning,one_time,success,none,1,0.93,71,1,1350,0
TX001592,C01914,155.77,CARD,new,monthly,failed,card_declined,1,0.88,314,1,268,1
TX001593,C01777,294.29,UPI,returning,one_time,success,none,3,0.62,303,1,87,0
TX001594,C01597,4062.05,UPI,returning,one_time,success,none,1,0.74,211,1,57,0
TX001595,C01915,831.4,UPI,returning,monthly,success,none,2,0.97,363,1,943,0
TX001596,C02467,560.19,CARD,returning,one_time,success,none,1,0.96,219,1,251,0
TX001597,C02738,312.89,NETBANKING,returning,one_time,failed,insufficient_funds,0,0.84,17,1,1011,1
TX001598,C00850,629.54,NETBANKING,returning,monthly,success,none,3,0.95,276,1,912,0
TX001599,C02110,269.79,UPI,returning,one_time,success,none,2,0.83,56,1,1365,0
TX001600,C02264,8875.89,CARD,new,monthly,success,none,2,0.78,139,1,58,0
TX001601,C00003,1072.3,UPI,new,one_time,success,none,0,0.76,87,1,142,0
TX001602,C00160,1034.89,CARD,returning,monthly,success,none,3,0.69,91,0,1414,0
TX001603,C00781,1974.51,NETBANKING,returning,yearly,failed,bank_timeout,0,0.57,103,1,1480,1
TX001604,C00893,2870.8,UPI,returning,one_time,success,none,1,0.83,286,1,264,0
TX001605,C02031,2823.94,UPI,new,monthly,success,none,3,0.91,349,1,1350,0
TX001606,C02377,3208.7,CARD,returning,one_time,success,none,3,0.94,37,1,1435,0
TX001607,C00580,583.56,CARD,returning,yearly,success,none,2,0.65,194,1,436,0
TX001608,C01934,814.14,UPI,returning,one_time,success,none,1,0.93,127,1,1457,0
TX001609,C01381,2366.18,WALLET,returning,monthly,failed,network_error,1,0.82,275,1,149,1
TX001610,C01291,647.17,CARD,returning,monthly,failed,expired_card,2,0.78,310,1,1476,0
TX001611,C01641,1091.05,UPI,returning,one_time,success,none,0,0.81,25,1,575,0
TX001612,C00952,1633.96,UPI,returning,one_time,success,none,2,0.85,197,1,1409,0
TX001613,C02683,2404.71,CARD,new,one_time,failed,expired_card,0,0.91,295,1,671,1
TX001614,C00988,185.36,UPI,returning,monthly,failed,card_declined,0,0.71,355,1,1476,1
TX001615,C01219,2241.15,UPI,returning,one_time,failed,network_error,3,0.6,7,1,964,1
TX001616,C00921,868.07,CARD,new,monthly,success,none,1,0.81,107,1,1389,0
TX001617,C02786,2224.88,CARD,returning,one_time,success,none,1,0.72,144,1,391,0
TX001618,C01356,2384.95,CARD,new,one_time,success,none,1,0.3,289,1,487,0
TX001619,C00170,5474.82,UPI,returning,monthly,success,none,2,0.84,47,1,1240,0
TX001620,C00521,4244.82,CARD,returning,yearly,success,none,2,0.81,188,1,634,0
TX001621,C01487,4215.7,WALLET,returning,monthly,success,none,0,0.68,212,0,719,0
TX001622,C00040,4645.57,UPI,new,monthly,failed,insufficient_funds,0,0.6,147,1,849,0
TX001623,C01561,1467.59,CARD,returning,monthly,success,none,2,0.66,185,1,799,0
TX001624,C01419,1132.5,NETBANKING,new,monthly,success,none,3,0.55,162,0,905,0
TX001625,C00955,2624.95,CARD,returning,one_time,success,none,2,0.93,197,1,1024,0
TX001626,C00984,2280.34,CARD,new,yearly,success,none,0,0.67,215,1,434,0
TX001627,C00975,805.07,UPI,returning,monthly,failed,expired_card,3,0.93,248,1,1413,1
TX001628,C00038,1643.89,UPI,new,monthly,success,none,0,0.85,285,1,1319,0
TX001629,C02376,1058.81,CARD,new,monthly,failed,bank_timeout,2,0.96,132,0,161,1
TX001630,C01275,466.88,CARD,new,one_time,success,none,1,0.71,245,1,1183,0
TX001631,C01200,3985.67,WALLET,returning,one_time,failed,bank_timeout,3,0.83,278,1,244,1
TX001632,C01626,1158.87,UPI,returning,one_time,success,none,2,0.9,207,1,1155,0
TX001633,C00914,8507.54,UPI,new,monthly,success,none,3,0.8,28,0,486,0
TX001634,C00454,215.83,UPI,returning,one_time,failed,card_declined,1,0.62,42,1,1097,1
TX001635,C00037,628.43,CARD,returning,one_time,failed,expired_card,1,0.64,178,1,1157,1
TX001636,C01712,1133.02,UPI,new,yearly,success,none,2,0.82,350,1,1031,0
TX001637,C00796,3419.95,CARD,returning,monthly,success,none,0,0.92,236,1,1265,0
TX001638,C00973,1635.12,UPI,returning,one_time,failed,card_declined,3,0.82,205,1,559,1
TX001639,C00593,1495.88,UPI,new,monthly,failed,network_error,3,0.88,269,1,1474,0
TX001640,C01138,355.22,UPI,returning,one_time,success,none,1,0.8,12,1,571,0
TX001641,C01325,344.83,NETBANKING,returning,monthly,success,none,2,0.89,152,1,769,0
TX001642,C02272,1513.99,CARD,returning,monthly,success,none,1,0.72,155,1,999,0
TX001643,C00318,280.31,NETBANKING,new,one_time,success,none,1,0.59,248,1,1438,0
TX001644,C02397,644.27,CARD,returning,one_time,success,none,0,0.92,298,1,249,0
TX001645,C02163,1809.7,UPI,returning,one_time,success,none,1,0.81,301,1,153,0
TX001646,C02746,410.62,UPI,returning,one_time,failed,bank_timeout,2,0.79,183,1,1233,1
TX001647,C01347,5460.83,WALLET,new,one_time,success,none,1,0.81,14,1,421,0
TX001648,C01592,3729.15,CARD,new,yearly,failed,bank_timeout,2,0.75,102,1,1413,1
TX001649,C01890,227.83,UPI,returning,one_time,failed,card_declined,1,0.9,292,1,1020,1
TX001650,C02088,431.66,CARD,returning,yearly,failed,network_error,0,0.73,178,1,5,1
TX001651,C01997,111.52,UPI,returning,monthly,success,none,0,0.95,74,0,679,0
TX001652,C01773,501.4,UPI,returning,monthly,success,none,1,0.72,320,1,87,0
TX001653,C01313,2359.93,UPI,new,one_time,success,none,0,0.85,227,1,315,0
TX001654,C01286,724.95,NETBANKING,returning,one_time,failed,insufficient_funds,3,0.88,142,1,552,1
TX001655,C00216,1738.53,UPI,new,monthly,success,none,3,0.95,81,1,657,0
TX001656,C02384,239.29,UPI,returning,yearly,success,none,1,0.91,2,1,1105,0
TX001657,C02140,2435.67,UPI,returning,one_time,success,none,1,0.87,81,1,566,0
TX001658,C02401,629.48,UPI,returning,monthly,success,none,0,0.82,248,1,447,0
TX001659,C02619,1110.06,UPI,returning,one_time,failed,network_error,0,0.92,304,1,429,1
TX001660,C02864,999.37,UPI,returning,monthly,success,none,1,0.76,129,0,1221,0
TX001661,C01705,307.49,UPI,returning,monthly,success,none,2,0.9,362,1,887,0
TX001662,C02829,346.17,NETBANKING,new,monthly,success,none,2,0.74,293,1,667,0
TX001663,C00363,2886.48,UPI,returning,one_time,failed,card_declined,3,0.7,176,1,976,0
TX001664,C02605,1634.34,UPI,new,one_time,success,none,0,0.77,223,1,505,0
TX001665,C01717,3133.95,UPI,returning,monthly,failed,card_declined,0,0.94,246,1,322,1
TX001666,C01194,1517.26,CARD,returning,yearly,success,none,3,0.78,156,1,189,0
TX001667,C00356,1265.21,NETBANKING,returning,one_time,success,none,2,0.72,18,1,618,0
TX001668,C00191,195.19,UPI,returning,one_time,success,none,2,0.75,336,1,299,0
TX001669,C02470,836.84,NETBANKING,returning,one_time,success,none,3,0.5,314,1,743,0
TX001670,C00700,1067.01,CARD,returning,one_time,success,none,1,0.86,163,1,1163,0
TX001671,C02055,7731.88,CARD,new,monthly,success,none,0,0.8,339,1,381,0
TX001672,C02181,2179.73,UPI,returning,one_time,success,none,1,0.87,176,1,450,0
TX001673,C00557,5095.24,UPI,returning,monthly,success,none,1,0.8,72,1,241,0
TX001674,C00826,1993.28,CARD,new,monthly,success,none,2,0.75,187,1,223,0
TX001675,C02809,538.45,NETBANKING,returning,monthly,success,none,1,0.92,252,1,1281,0
TX001676,C01055,1232.9,CARD,returning,one_time,success,none,0,0.71,172,1,1488,0
TX001677,C02583,1388.84,UPI,returning,yearly,success,none,0,0.96,307,1,1313,0
TX001678,C00426,428.74,UPI,returning,one_time,success,none,0,0.95,99,0,860,0
TX001679,C02720,746.66,CARD,new,monthly,success,none,3,0.5,268,1,752,0
TX001680,C02411,892.68,CARD,returning,monthly,success,none,1,0.8,250,1,663,0
TX001681,C01575,5462.27,UPI,new,monthly,success,none,1,0.79,109,1,1144,0
TX001682,C02130,136.9,UPI,returning,one_time,success,none,0,0.86,146,0,97,0
TX001683,C02404,3662.2,UPI,returning,yearly,success,none,3,0.83,96,1,651,0
TX001684,C00589,429.75,CARD,new,one_time,failed,network_error,3,0.64,166,1,162,0
TX001685,C02013,278.08,CARD,returning,yearly,failed,card_declined,2,0.9,245,1,1476,1
TX001686,C01548,3568.65,NETBANKING,new,one_time,success,none,2,0.89,326,0,1079,0
TX001687,C00295,2279.93,CARD,new,one_time,success,none,0,0.86,141,1,1039,0
TX001688,C01986,3844.96,UPI,returning,one_time,success,none,1,0.83,228,1,1043,0
TX001689,C01248,2442.32,CARD,returning,one_time,success,none,1,0.71,251,1,1355,0
TX001690,C01549,8602.82,WALLET,new,one_time,success,none,1,0.83,332,1,1095,0
TX001691,C01691,1917.4,NETBANKING,new,one_time,success,none,3,0.86,291,1,1362,0
TX001692,C01137,937.79,NETBANKING,new,yearly,success,none,1,0.87,2,1,885,0
TX001693,C01257,1545.23,UPI,new,monthly,success,none,3,0.82,341,0,783,0
TX001694,C02065,3802.71,CARD,returning,one_time,success,none,0,0.56,219,0,850,0
TX001695,C00360,503.02,NETBANKING,returning,one_time,failed,bank_timeout,1,0.83,155,0,1034,1
TX001696,C02914,571.41,CARD,new,monthly,success,none,3,0.9,267,1,1308,0
TX001697,C00700,805.16,UPI,returning,one_time,success,none,0,0.97,210,1,652,0
TX001698,C00448,133.68,WALLET,new,monthly,success,none,0,0.73,263,1,744,0
TX001699,C02904,1259.01,UPI,returning,monthly,success,none,3,0.78,130,1,1325,0
TX001700,C02413,166.31,UPI,new,monthly,success,none,3,0.72,58,1,1168,0
TX001701,C00675,1156.39,UPI,returning,monthly,success,none,1,0.73,346,0,658,0
TX001702,C01008,2605.27,CARD,returning,monthly,success,none,2,0.62,200,1,523,0
TX001703,C01350,680.7,UPI,returning,one_time,success,none,1,0.7,344,1,420,0
TX001704,C02515,5867.1,UPI,returning,one_time,success,none,2,0.78,1,1,554,0
TX001705,C02462,254.55,CARD,new,one_time,failed,card_declined,3,0.75,52,1,323,1
TX001706,C00586,3609.27,CARD,returning,monthly,success,none,2,0.59,112,1,1160,0
TX001707,C01257,2154.12,CARD,new,monthly,success,none,3,0.94,352,1,1346,0
TX001708,C01248,197.15,UPI,new,monthly,failed,insufficient_funds,0,0.94,227,1,721,1
TX001709,C00994,16494.7,CARD,new,one_time,success,none,2,0.85,290,1,1089,0
TX001710,C01436,1028.91,UPI,new,one_time,success,none,2,0.66,229,1,1039,0
TX001711,C00572,456.01,UPI,new,one_time,success,none,0,0.73,135,1,1354,0
TX001712,C02383,268.52,UPI,returning,monthly,success,none,1,0.8,279,1,643,0
TX001713,C01246,880.05,NETBANKING,new,monthly,success,none,2,0.9,209,1,696,0
TX001714,C02085,965.45,UPI,returning,monthly,success,none,3,0.87,70,1,620,0
TX001715,C00989,1215.18,UPI,new,yearly,success,none,1,0.93,191,1,604,0
TX001716,C00278,814.2,UPI,returning,yearly,success,none,0,0.51,202,1,1361,0
TX001717,C01220,2065.7,UPI,new,monthly,failed,bank_timeout,2,0.83,152,1,1378,1
TX001718,C02964,744.24,NETBANKING,returning,one_time,success,none,0,0.93,171,1,616,0
TX001719,C01888,158.39,NETBANKING,returning,one_time,success,none,0,0.7,173,0,64,0
TX001720,C00484,944.48,UPI,new,one_time,failed,expired_card,3,0.69,351,1,68,0
TX001721,C01266,102.77,UPI,new,yearly,success,none,0,0.73,356,1,531,0
TX001722,C00731,1562.08,UPI,new,one_time,failed,bank_timeout,2,0.92,287,1,15,1
TX001723,C02240,411.87,CARD,new,one_time,failed,bank_timeout,0,0.66,161,1,1260,1
TX001724,C01041,1291.24,UPI,new,yearly,failed,bank_timeout,1,0.86,160,0,1310,1
TX001725,C02572,4080.91,UPI,returning,one_time,success,none,0,0.71,203,1,87,0
TX001726,C00918,424.64,UPI,returning,monthly,success,none,2,0.75,132,0,334,0
TX001727,C02449,3169.27,UPI,returning,monthly,success,none,2,0.84,326,1,690,0
TX001728,C00886,710.96,UPI,new,monthly,success,none,2,0.79,160,1,953,0
TX001729,C02753,6330.88,UPI,returning,monthly,success,none,1,0.84,218,1,1357,0
TX001730,C00022,761.16,UPI,new,monthly,success,none,2,0.85,288,1,861,0
TX001731,C00474,473.19,UPI,returning,monthly,failed,network_error,1,0.67,167,1,43,1
TX001732,C02258,2180.35,WALLET,new,one_time,success,none,0,0.87,285,1,1015,0
TX001733,C02354,709.25,UPI,new,monthly,success,none,1,0.59,112,1,793,0
TX001734,C00704,472.74,UPI,returning,monthly,success,none,0,0.91,160,1,452,0
TX001735,C00687,680.05,NETBANKING,returning,one_time,success,none,0,0.89,233,1,1182,0
TX001736,C00285,1048.79,NETBANKING,returning,one_time,success,none,0,0.84,270,1,716,0
TX001737,C00716,4197.23,UPI,returning,one_time,success,none,2,0.87,24,1,1052,0
TX001738,C00763,158.52,CARD,returning,monthly,success,none,1,0.6,223,1,1173,0
TX001739,C01251,1122.24,UPI,returning,one_time,success,none,3,0.96,24,1,1332,0
TX001740,C00948,2048.58,CARD,returning,monthly,success,none,2,0.83,294,1,957,0
TX001741,C02429,1330.68,WALLET,new,one_time,success,none,2,0.95,70,0,538,0
TX001742,C02508,4063.77,UPI,new,one_time,failed,expired_card,1,0.61,54,1,1331,0
TX001743,C01031,1018.06,UPI,returning,one_time,success,none,3,0.98,293,1,1268,0
TX001744,C00029,911.83,UPI,new,monthly,failed,insufficient_funds,0,0.85,189,0,1084,1
TX001745,C00907,1982.93,CARD,returning,one_time,failed,bank_timeout,3,0.75,113,1,169,1
TX001746,C02927,1211.14,CARD,new,one_time,success,none,1,0.79,40,1,274,0
TX001747,C02127,742.18,CARD,returning,yearly,success,none,2,0.84,14,1,945,0
TX001748,C02995,1837.47,UPI,returning,monthly,failed,network_error,3,0.82,167,0,286,0
TX001749,C02507,571.05,UPI,new,yearly,success,none,1,0.67,148,1,393,0
TX001750,C00570,595.16,CARD,returning,monthly,failed,card_declined,0,0.9,94,1,431,1
TX001751,C02007,646.78,UPI,returning,yearly,success,none,2,0.64,263,1,1471,0
TX001752,C01454,4243.18,UPI,returning,monthly,failed,expired_card,1,0.83,215,1,192,0
TX001753,C00738,100.0,UPI,new,yearly,failed,insufficient_funds,0,0.82,311,1,1082,1
TX001754,C00516,1628.8,CARD,returning,one_time,failed,expired_card,2,0.72,52,1,1269,1
TX001755,C02001,1134.87,CARD,new,one_time,success,none,3,0.79,64,1,677,0
TX001756,C02445,204.21,NETBANKING,returning,one_time,success,none,2,0.91,190,0,1058,0
TX001757,C00039,1494.77,UPI,returning,yearly,failed,insufficient_funds,0,0.7,233,1,1379,0
TX001758,C00887,1764.73,NETBANKING,returning,monthly,failed,insufficient_funds,1,0.85,21,1,1217,1
TX001759,C02845,1977.6,CARD,new,one_time,success,none,0,0.98,283,1,224,0
TX001760,C02205,100.0,UPI,returning,monthly,success,none,2,0.96,286,1,1370,0
TX001761,C01099,4300.08,UPI,returning,monthly,success,none,0,0.86,85,0,1185,0
TX001762,C02932,524.4,UPI,new,yearly,success,none,2,0.63,166,1,892,0
TX001763,C01824,2178.88,WALLET,returning,monthly,success,none,0,0.88,343,1,1061,0
TX001764,C01711,2300.94,UPI,returning,monthly,success,none,1,0.8,99,1,988,0
TX001765,C00974,456.37,UPI,returning,one_time,failed,card_declined,0,0.45,21,1,249,1
TX001766,C01563,2122.73,UPI,returning,monthly,success,none,2,0.86,294,0,1308,0
TX001767,C02897,745.84,NETBANKING,new,yearly,success,none,3,0.7,73,1,91,0
TX001768,C02796,138.19,UPI,new,monthly,failed,insufficient_funds,1,0.95,212,1,916,1
TX001769,C00989,3525.37,UPI,new,monthly,success,none,3,0.58,184,1,1292,0
TX001770,C00021,505.2,UPI,new,one_time,success,none,2,0.71,237,1,552,0
TX001771,C02351,466.62,UPI,returning,one_time,failed,card_declined,1,0.78,336,1,389,1
TX001772,C00869,732.84,UPI,new,one_time,success,none,2,0.77,96,1,478,0
TX001773,C00084,1439.77,UPI,new,monthly,success,none,3,0.78,83,1,39,0
TX001774,C01683,1035.59,NETBANKING,returning,monthly,failed,bank_timeout,3,0.95,82,1,1344,1
TX001775,C01977,1897.07,NETBANKING,returning,yearly,failed,expired_card,2,0.73,284,1,598,1
TX001776,C01411,287.3,CARD,returning,monthly,failed,insufficient_funds,2,0.8,251,1,670,1
TX001777,C01531,521.97,UPI,returning,one_time,success,none,1,1.0,314,0,990,0
TX001778,C00570,976.53,CARD,returning,one_time,success,none,2,0.81,97,1,1247,0
TX001779,C00934,7316.5,UPI,new,monthly,success,none,3,0.82,306,1,390,0
TX001780,C01981,978.66,UPI,returning,monthly,success,none,0,0.73,20,1,574,0
TX001781,C01856,3246.14,NETBANKING,returning,monthly,success,none,3,0.77,165,1,265,0
TX001782,C00793,1139.74,NETBANKING,returning,monthly,success,none,2,0.8,80,1,671,0
TX001783,C00792,676.1,CARD,returning,one_time,success,none,3,0.68,75,1,1267,0
TX001784,C01810,856.86,NETBANKING,returning,one_time,success,none,2,0.5,290,1,598,0
TX001785,C01295,926.65,WALLET,returning,one_time,success,none,1,0.78,270,1,1017,0
TX001786,C02540,2005.49,CARD,new,one_time,failed,card_declined,2,0.84,214,1,1497,1
TX001787,C02256,4335.58,CARD,returning,monthly,success,none,2,0.95,276,1,991,0
TX001788,C01608,1571.33,CARD,returning,monthly,success,none,2,0.95,39,1,21,0
TX001789,C01084,3594.2,UPI,returning,yearly,success,none,2,0.62,269,1,1073,0
TX001790,C02478,417.89,UPI,returning,yearly,success,none,2,0.92,197,1,480,0
TX001791,C00985,724.42,CARD,new,monthly,success,none,3,0.64,221,1,184,0
TX001792,C01681,531.5,UPI,new,monthly,success,none,3,0.88,109,1,1389,0
TX001793,C00520,1501.84,UPI,new,monthly,success,none,0,0.85,188,1,1110,0
TX001794,C00591,765.89,UPI,new,one_time,success,none,0,0.72,150,1,158,0
TX001795,C01051,2275.09,UPI,returning,yearly,failed,bank_timeout,1,0.76,42,0,497,1
TX001796,C01710,432.25,WALLET,new,monthly,success,none,1,0.96,198,1,106,0
TX001797,C02036,1144.85,CARD,returning,yearly,success,none,0,0.96,123,0,1233,0
TX001798,C02247,2179.52,UPI,returning,yearly,success,none,3,0.84,16,1,128,0
TX001799,C02435,139.03,WALLET,returning,monthly,success,none,1,0.73,343,1,16,0
TX001800,C00349,9151.12,NETBANKING,new,one_time,success,none,0,0.82,187,1,351,0
TX001801,C00960,826.21,UPI,returning,monthly,failed,expired_card,3,0.86,21,1,875,1
TX001802,C01964,144.74,NETBANKING,new,monthly,success,none,0,0.85,292,1,1463,0
TX001803,C00693,1284.46,UPI,returning,monthly,success,none,1,0.83,126,1,1299,0
TX001804,C01560,1133.93,UPI,returning,one_time,failed,bank_timeout,1,0.91,106,0,67,1
TX001805,C00378,1010.4,UPI,returning,monthly,success,none,2,0.82,265,0,1420,0
TX001806,C02947,2954.81,CARD,new,yearly,success,none,0,0.95,268,1,994,0
TX001807,C02964,2315.65,UPI,returning,yearly,success,none,0,0.63,278,0,27,0
TX001808,C00527,1477.16,CARD,new,one_time,failed,network_error,0,0.79,215,1,1303,1
TX001809,C02782,1720.13,CARD,new,yearly,success,none,1,0.67,296,1,833,0
TX001810,C02254,987.96,UPI,returning,one_time,failed,expired_card,3,0.81,305,1,797,1
TX001811,C02503,6473.62,UPI,returning,monthly,success,none,0,0.87,239,1,1349,0
TX001812,C01260,249.84,UPI,new,one_time,success,none,3,0.97,104,1,967,0
TX001813,C01876,1260.99,UPI,returning,yearly,failed,card_declined,0,0.88,332,1,852,1
TX001814,C01764,1170.31,CARD,new,monthly,success,none,1,0.65,59,1,488,0
TX001815,C00521,2473.23,CARD,new,one_time,success,none,3,0.8,11,0,257,0
TX001816,C01702,471.61,CARD,returning,one_time,success,none,0,0.85,318,1,898,0
TX001817,C01017,191.78,UPI,new,one_time,success,none,3,0.94,88,1,946,0
TX001818,C02774,1282.83,CARD,new,monthly,success,none,0,0.75,90,1,1479,0
TX001819,C01014,1452.77,NETBANKING,new,yearly,success,none,2,0.94,280,1,529,0
TX001820,C02549,4863.92,WALLET,new,monthly,success,none,2,0.76,62,1,480,0
TX001821,C00117,307.86,NETBANKING,new,monthly,failed,insufficient_funds,2,0.9,307,1,908,0
TX001822,C02434,3479.67,CARD,returning,monthly,success,none,0,0.41,332,1,42,0
TX001823,C01368,11700.82,UPI,returning,yearly,success,none,3,0.91,267,1,488,0
TX001824,C00584,751.62,CARD,returning,monthly,success,none,2,0.82,95,0,1280,0
TX001825,C00395,301.59,NETBANKING,returning,one_time,failed,card_declined,1,0.9,122,1,105,1
TX001826,C01088,729.99,UPI,returning,monthly,success,none,3,0.6,134,1,566,0
TX001827,C02769,1112.1,UPI,returning,one_time,success,none,2,0.76,102,1,1011,0
TX001828,C00072,1927.13,UPI,returning,yearly,failed,card_declined,1,0.86,116,1,1208,1
TX001829,C00274,607.05,CARD,new,one_time,success,none,1,0.87,270,1,997,0
TX001830,C02014,5193.68,UPI,new,one_time,success,none,1,0.92,122,1,287,0
TX001831,C01344,359.77,UPI,returning,one_time,success,none,0,0.75,146,0,1095,0
TX001832,C00338,192.63,NETBANKING,new,monthly,success,none,1,0.96,226,0,1266,0
TX001833,C01390,3316.65,CARD,returning,one_time,success,none,3,0.85,199,1,198,0
TX001834,C00607,112.77,UPI,returning,yearly,failed,card_declined,3,0.62,67,0,561,0
TX001835,C00166,894.15,UPI,new,one_time,success,none,0,0.92,42,1,1447,0
TX001836,C01568,24777.25,UPI,returning,one_time,success,none,1,0.86,259,0,1133,0
TX001837,C02059,1083.51,UPI,new,one_time,success,none,3,0.78,123,1,1460,0
TX001838,C01325,357.53,UPI,returning,one_time,success,none,0,0.59,11,1,700,0
TX001839,C00729,1035.46,UPI,returning,one_time,success,none,1,0.89,86,1,1322,0
TX001840,C02849,1042.31,CARD,returning,one_time,failed,expired_card,3,0.78,333,1,875,0
TX001841,C02044,1287.75,CARD,new,one_time,failed,expired_card,1,0.64,270,1,643,1
TX001842,C00102,2126.56,UPI,new,one_time,success,none,0,0.64,308,1,1307,0
TX001843,C01416,387.95,UPI,returning,one_time,success,none,2,0.86,307,1,929,0
TX001844,C00779,5928.63,NETBANKING,returning,monthly,success,none,3,0.75,326,1,681,0
TX001845,C00214,1401.24,UPI,new,one_time,failed,network_error,1,0.89,270,1,279,1
TX001846,C01112,2268.32,UPI,new,one_time,success,none,1,0.97,337,1,752,0
TX001847,C01577,585.14,CARD,new,one_time,success,none,2,0.91,171,1,819,0
TX001848,C02449,3969.45,CARD,returning,monthly,success,none,1,0.69,206,1,1060,0
TX001849,C02636,848.06,UPI,returning,one_time,failed,bank_timeout,0,0.84,65,1,35,1
TX001850,C02937,1447.44,CARD,new,monthly,success,none,0,0.77,248,1,295,0
TX001851,C01696,431.34,CARD,new,yearly,success,none,1,0.88,200,1,506,0
TX001852,C00592,404.67,NETBANKING,returning,one_time,success,none,1,0.96,233,1,656,0
TX001853,C01334,2182.45,UPI,returning,one_time,success,none,3,0.81,275,1,99,0
TX001854,C01110,703.73,CARD,returning,one_time,success,none,0,0.83,69,1,1090,0
TX001855,C02140,466.93,UPI,returning,one_time,success,none,3,0.77,230,1,289,0
TX001856,C02721,576.41,CARD,new,one_time,success,none,2,0.88,211,1,148,0
TX001857,C00714,2206.04,CARD,returning,monthly,success,none,3,0.67,11,1,1322,0
TX001858,C00936,584.62,UPI,returning,yearly,success,none,1,0.9,104,1,997,0
TX001859,C01952,974.91,NETBANKING,returning,one_time,failed,card_declined,3,0.97,111,1,1094,0
TX001860,C00242,1113.24,UPI,returning,one_time,failed,network_error,3,0.69,243,1,1219,1
TX001861,C02044,161.2,UPI,returning,monthly,failed,network_error,3,0.87,73,1,1370,1
TX001862,C00002,251.86,UPI,returning,one_time,failed,expired_card,0,0.93,309,1,224,1
TX001863,C02273,1534.99,CARD,returning,one_time,success,none,3,0.78,45,1,222,0
TX001864,C02849,524.78,UPI,new,monthly,success,none,2,0.91,126,1,918,0
TX001865,C01769,3154.94,NETBANKING,returning,one_time,success,none,3,0.79,234,1,184,0
TX001866,C01950,2883.64,NETBANKING,returning,monthly,success,none,3,0.79,295,1,794,0
TX001867,C02637,2251.09,NETBANKING,returning,one_time,success,none,3,0.91,364,0,197,0
TX001868,C02164,6766.72,UPI,returning,monthly,success,none,1,0.86,331,1,88,0
TX001869,C00918,1009.2,CARD,returning,monthly,success,none,1,0.6,62,1,154,0
TX001870,C02242,2098.3,UPI,new,one_time,success,none,2,0.99,133,1,527,0
TX001871,C02919,611.31,NETBANKING,new,one_time,failed,bank_timeout,1,0.88,351,1,903,1
TX001872,C00090,12738.32,CARD,returning,one_time,failed,network_error,1,0.87,280,0,511,1
TX001873,C01710,7971.55,UPI,returning,yearly,success,none,0,0.73,319,1,1044,0
TX001874,C02170,1109.74,CARD,new,monthly,success,none,2,0.92,353,1,519,0
TX001875,C00143,1614.19,UPI,returning,one_time,success,none,1,0.79,246,1,1218,0
TX001876,C00106,4269.69,UPI,returning,monthly,failed,insufficient_funds,0,0.91,91,1,223,1
TX001877,C00887,946.58,UPI,returning,monthly,success,none,1,0.86,67,1,1029,0
TX001878,C00428,568.71,WALLET,returning,yearly,failed,network_error,0,0.71,331,1,393,1
TX001879,C01329,2628.03,NETBANKING,new,one_time,failed,expired_card,1,0.84,50,1,425,1
TX001880,C01896,1186.12,CARD,returning,yearly,success,none,1,0.77,162,1,872,0
TX001881,C01995,1316.85,NETBANKING,returning,one_time,failed,card_declined,1,0.71,62,1,1254,1
TX001882,C00317,476.15,UPI,new,yearly,success,none,1,0.91,180,1,623,0
TX001883,C01987,196.83,NETBANKING,returning,one_time,failed,expired_card,3,0.69,137,0,1203,0
TX001884,C00635,1388.73,UPI,new,one_time,failed,expired_card,1,0.87,80,0,24,1
TX001885,C01926,2710.7,CARD,returning,monthly,success,none,2,0.86,331,1,699,0
TX001886,C02057,874.97,CARD,returning,monthly,success,none,3,0.64,257,1,772,0
TX001887,C02822,4612.06,UPI,returning,one_time,success,none,2,0.84,74,1,166,0
TX001888,C02271,542.44,UPI,returning,monthly,failed,bank_timeout,3,0.72,303,1,357,1
TX001889,C01440,381.95,UPI,returning,one_time,failed,insufficient_funds,3,0.45,343,1,1430,0
TX001890,C00553,1025.33,WALLET,returning,one_time,failed,insufficient_funds,2,0.93,200,1,242,1
TX001891,C00716,1009.7,UPI,new,one_time,success,none,0,0.76,211,0,961,0
TX001892,C01288,2368.4,UPI,new,one_time,success,none,2,0.79,241,1,697,0
TX001893,C01714,505.24,CARD,new,monthly,success,none,1,0.68,193,1,734,0
TX001894,C01884,4307.42,UPI,returning,one_time,success,none,1,0.9,23,1,571,0
TX001895,C01108,7839.4,UPI,returning,one_time,success,none,2,0.72,293,1,968,0
TX001896,C01342,1054.54,CARD,returning,yearly,success,none,0,0.56,65,1,408,0
TX001897,C00111,3826.52,UPI,returning,one_time,success,none,3,0.85,140,1,290,0
TX001898,C00251,381.27,CARD,new,monthly,success,none,3,0.91,187,1,216,0
TX001899,C02431,3213.84,UPI,returning,yearly,success,none,1,0.76,226,1,1179,0
TX001900,C02055,3125.27,UPI,new,one_time,success,none,0,0.95,132,1,388,0
TX001901,C00459,2600.44,CARD,returning,one_time,success,none,3,0.68,55,0,1077,0
TX001902,C01108,1079.7,UPI,new,monthly,failed,bank_timeout,3,0.88,9,1,471,0
TX001903,C00208,100.0,NETBANKING,new,monthly,success,none,1,0.66,290,1,922,0
TX001904,C00900,577.25,NETBANKING,returning,monthly,failed,bank_timeout,0,0.99,63,1,254,1
TX001905,C00022,586.45,UPI,new,monthly,success,none,3,0.87,187,1,640,0
TX001906,C00410,412.3,UPI,new,yearly,success,none,0,0.86,296,1,115,0
TX001907,C00895,1239.23,UPI,returning,one_time,failed,network_error,0,0.87,168,1,133,1
TX001908,C00515,721.29,UPI,new,monthly,success,none,1,0.85,313,1,875,0
TX001909,C00809,480.77,UPI,new,one_time,failed,insufficient_funds,3,0.96,175,1,166,0
TX001910,C00874,380.39,NETBANKING,new,one_time,success,none,1,0.71,21,1,280,0
TX001911,C00014,536.19,UPI,returning,one_time,success,none,2,0.83,31,1,414,0
TX001912,C00971,3366.06,UPI,returning,one_time,failed,expired_card,3,0.87,238,0,75,0
TX001913,C02135,566.22,UPI,new,monthly,success,none,0,0.92,37,1,1207,0
TX001914,C02957,655.28,UPI,returning,one_time,success,none,0,0.71,112,0,350,0
TX001915,C01561,694.58,CARD,returning,one_time,failed,network_error,3,0.92,290,0,324,1
TX001916,C01325,1539.16,UPI,returning,one_time,success,none,1,0.94,312,1,492,0
TX001917,C01267,1730.65,UPI,returning,one_time,success,none,0,0.67,154,1,162,0
TX001918,C02170,100.0,UPI,new,monthly,failed,insufficient_funds,3,0.68,89,1,430,0
TX001919,C00750,3046.15,NETBANKING,returning,monthly,success,none,0,0.78,348,1,1153,0
TX001920,C00685,4611.77,UPI,returning,monthly,success,none,1,0.94,272,1,873,0
TX001921,C01928,383.68,NETBANKING,returning,monthly,failed,card_declined,3,0.89,203,1,725,1
TX001922,C02357,414.76,UPI,new,monthly,failed,expired_card,1,0.9,344,1,46,1
TX001923,C00695,699.07,NETBANKING,new,one_time,success,none,1,0.98,239,1,71,0
TX001924,C02336,514.91,CARD,returning,monthly,failed,expired_card,3,0.87,175,1,368,1
TX001925,C00307,1371.87,UPI,returning,one_time,failed,network_error,1,0.88,318,0,1384,1
TX001926,C01990,156.57,NETBANKING,new,yearly,success,none,1,0.49,333,1,612,0
TX001927,C02962,358.55,CARD,new,yearly,failed,insufficient_funds,1,0.66,78,1,186,1
TX001928,C00662,5111.24,UPI,returning,yearly,success,none,0,0.72,203,1,433,0
TX001929,C00549,433.45,UPI,new,one_time,success,none,1,0.89,303,0,175,0
TX001930,C00312,3802.55,CARD,returning,one_time,failed,bank_timeout,2,0.9,144,1,1013,1
TX001931,C02921,1564.53,CARD,returning,yearly,failed,card_declined,0,0.79,316,1,471,1
TX001932,C01083,179.6,CARD,returning,monthly,success,none,2,0.6,338,1,825,0
TX001933,C02972,2070.05,CARD,new,monthly,success,none,1,0.85,46,1,1348,0
TX001934,C01738,974.9,CARD,new,one_time,success,none,1,0.86,283,1,570,0
TX001935,C00755,695.43,CARD,returning,monthly,success,none,0,0.9,138,1,1297,0
TX001936,C00035,1401.02,CARD,returning,monthly,failed,expired_card,1,0.88,160,1,1495,1
TX001937,C00445,1762.76,UPI,returning,one_time,failed,bank_timeout,0,0.8,283,1,531,1
TX001938,C02141,2225.18,NETBANKING,returning,yearly,failed,bank_timeout,3,0.72,211,0,245,0
TX001939,C01983,3562.62,UPI,returning,one_time,success,none,0,0.95,359,1,40,0
TX001940,C01231,1649.35,UPI,returning,monthly,success,none,1,0.85,150,1,766,0
TX001941,C00353,277.1,CARD,returning,monthly,failed,bank_timeout,0,0.88,134,1,635,1
TX001942,C00903,682.9,UPI,new,monthly,success,none,0,0.84,161,1,412,0
TX001943,C01356,20807.07,UPI,returning,one_time,success,none,0,0.87,9,1,175,0
TX001944,C02910,2263.1,UPI,returning,monthly,failed,bank_timeout,1,0.87,279,1,354,1
TX001945,C01749,11722.76,CARD,returning,monthly,failed,network_error,0,0.82,96,1,1431,1
TX001946,C00159,4426.81,WALLET,returning,monthly,success,none,2,0.46,93,1,1428,0
TX001947,C01978,1396.61,CARD,new,monthly,success,none,3,0.95,75,1,100,0
TX001948,C00957,1482.38,UPI,new,one_time,success,none,3,0.96,49,1,620,0
TX001949,C02072,1057.24,UPI,returning,yearly,success,none,3,0.88,26,1,1295,0
TX001950,C00404,192.9,UPI,new,one_time,success,none,0,0.82,306,0,268,0
TX001951,C02853,1116.6,UPI,returning,monthly,success,none,0,0.91,101,1,93,0
TX001952,C00516,3680.02,UPI,returning,one_time,failed,expired_card,3,0.74,189,0,1396,0
TX001953,C02780,602.06,UPI,returning,one_time,success,none,3,0.62,57,1,1188,0
TX001954,C01388,1655.66,UPI,returning,monthly,success,none,1,0.95,63,1,924,0
TX001955,C02580,2569.82,UPI,returning,one_time,failed,bank_timeout,0,0.85,58,1,184,1
TX001956,C00956,441.56,CARD,returning,yearly,success,none,1,0.79,343,1,137,0
TX001957,C02200,698.33,NETBANKING,returning,one_time,failed,bank_timeout,0,0.69,290,1,616,1
TX001958,C01713,396.27,NETBANKING,new,yearly,failed,insufficient_funds,3,0.78,65,1,970,0
TX001959,C02995,481.95,CARD,returning,monthly,success,none,2,0.96,192,0,740,0
TX001960,C00608,302.59,UPI,new,monthly,failed,expired_card,1,0.86,308,1,784,1
TX001961,C02468,445.66,CARD,returning,one_time,success,none,2,0.83,154,1,1437,0
TX001962,C01274,4534.43,UPI,new,one_time,failed,card_declined,0,0.73,331,1,1349,1
TX001963,C02914,439.01,CARD,new,one_time,success,none,2,0.64,352,1,1333,0
TX001964,C01536,1244.46,CARD,returning,monthly,success,none,3,0.45,239,1,226,0
TX001965,C02626,663.24,CARD,returning,monthly,success,none,0,0.9,205,1,1397,0
TX001966,C02383,3564.81,WALLET,new,monthly,success,none,3,0.85,118,1,412,0
TX001967,C01442,4069.04,CARD,new,yearly,success,none,0,0.91,115,1,325,0
TX001968,C02980,2602.09,CARD,returning,monthly,failed,bank_timeout,0,0.84,63,1,623,1
TX001969,C01798,1489.41,UPI,returning,one_time,success,none,0,0.79,13,0,1215,0
TX001970,C00295,870.39,NETBANKING,new,one_time,success,none,3,0.59,306,1,1252,0
TX001971,C00755,332.99,UPI,returning,monthly,failed,network_error,0,0.67,71,1,841,1
TX001972,C01395,7658.17,NETBANKING,new,one_time,success,none,0,0.9,52,1,944,0
TX001973,C00186,513.03,UPI,new,monthly,failed,bank_timeout,1,0.6,165,0,401,1
TX001974,C01270,2129.51,UPI,returning,one_time,success,none,3,0.93,118,1,1134,0
TX001975,C00637,3163.92,NETBANKING,returning,one_time,success,none,0,0.41,343,0,771,0
TX001976,C01292,629.37,UPI,new,monthly,failed,bank_timeout,0,0.85,135,1,450,1
TX001977,C00530,3096.45,NETBANKING,returning,monthly,success,none,0,0.97,228,1,1361,0
TX001978,C02069,2354.81,UPI,returning,monthly,success,none,2,0.74,220,1,950,0
TX001979,C02959,6173.15,NETBANKING,new,monthly,success,none,2,0.85,196,1,1355,0
TX001980,C02915,685.85,CARD,returning,one_time,failed,bank_timeout,1,0.78,253,1,1098,1
TX001981,C00794,303.12,CARD,returning,one_time,success,none,2,0.86,57,1,475,0
TX001982,C02148,661.5,UPI,returning,monthly,success,none,1,0.84,64,1,346,0
TX001983,C02800,1351.34,UPI,returning,monthly,failed,expired_card,0,0.83,86,1,733,1
TX001984,C00478,1162.37,NETBANKING,returning,one_time,failed,expired_card,3,0.99,82,0,405,0
TX001985,C01623,739.93,UPI,returning,monthly,failed,bank_timeout,0,0.98,108,1,1227,1
TX001986,C00940,162.52,UPI,returning,monthly,success,none,3,0.94,137,0,54,0
TX001987,C00526,1755.45,CARD,returning,one_time,success,none,1,0.87,233,1,798,0
TX001988,C02382,7882.06,UPI,new,monthly,failed,network_error,3,0.91,328,1,880,1
TX001989,C00002,1744.55,UPI,returning,monthly,success,none,1,0.74,253,1,166,0
TX001990,C00375,2016.53,UPI,new,one_time,success,none,1,0.95,2,1,1028,0
TX001991,C02341,1943.89,UPI,returning,monthly,failed,card_declined,3,0.65,221,1,387,0
TX001992,C02885,1631.16,NETBANKING,returning,monthly,failed,insufficient_funds,0,0.83,146,1,345,1
TX001993,C00553,2784.06,UPI,returning,yearly,success,none,2,0.58,337,1,836,0
TX001994,C02366,1628.43,WALLET,returning,monthly,success,none,0,0.73,212,1,131,0
TX001995,C01526,802.17,UPI,returning,one_time,success,none,1,0.8,15,1,529,0
TX001996,C01852,494.73,UPI,new,one_time,success,none,0,0.83,241,1,1071,0
TX001997,C00381,854.94,CARD,returning,yearly,failed,card_declined,0,0.99,362,1,516,1
TX001998,C01647,1501.36,UPI,returning,monthly,success,none,0,0.86,60,1,326,0
TX001999,C00014,799.44,CARD,returning,one_time,success,none,2,0.71,249,1,413,0
TX002000,C00504,1501.68,NETBANKING,returning,one_time,success,none,3,0.89,154,1,1060,0
TX002001,C02279,1701.3,UPI,new,monthly,failed,network_error,2,0.66,247,1,512,0
TX002002,C02009,2522.94,CARD,new,monthly,failed,network_error,0,0.98,247,1,1230,1
TX002003,C00130,3955.23,UPI,new,one_time,success,none,3,0.76,236,0,957,0
TX002004,C00838,1185.6,UPI,returning,monthly,failed,card_declined,0,0.78,302,1,49,1
TX002005,C02939,296.55,UPI,new,one_time,success,none,1,0.91,144,1,369,0
TX002006,C02041,776.58,NETBANKING,returning,one_time,success,none,0,0.99,27,0,1012,0
TX002007,C00028,1146.03,UPI,returning,one_time,success,none,3,0.54,273,1,687,0
TX002008,C02114,174.9,NETBANKING,new,monthly,failed,card_declined,2,0.73,145,1,517,0
TX002009,C01253,4396.94,UPI,returning,monthly,success,none,2,0.59,225,1,1139,0
TX002010,C00261,1264.43,UPI,returning,monthly,success,none,0,0.96,201,1,1473,0
TX002011,C02047,1605.76,UPI,new,one_time,success,none,2,0.8,324,1,406,0
TX002012,C01473,4296.37,NETBANKING,returning,yearly,success,none,3,0.86,262,1,724,0
TX002013,C01448,583.97,CARD,returning,one_time,success,none,2,0.87,340,1,243,0
TX002014,C00460,1946.99,UPI,new,monthly,success,none,2,0.5,200,1,1466,0
TX002015,C00301,982.53,NETBANKING,returning,monthly,failed,bank_timeout,0,0.96,66,1,1325,1
TX002016,C02967,912.25,UPI,returning,one_time,success,none,3,0.95,117,1,376,0
TX002017,C02335,506.64,NETBANKING,returning,one_time,success,none,3,0.78,313,0,1085,0
TX002018,C00630,5799.94,NETBANKING,returning,yearly,success,none,1,0.87,117,1,1017,0
TX002019,C00270,753.33,CARD,new,monthly,failed,card_declined,2,0.93,139,1,67,1
TX002020,C02640,2207.17,NETBANKING,returning,one_time,success,none,3,0.59,290,1,22,0
TX002021,C01994,168.17,UPI,returning,yearly,success,none,1,0.81,260,1,267,0
TX002022,C01629,3568.81,CARD,new,one_time,failed,card_declined,0,0.89,303,1,1315,1
TX002023,C01802,3140.73,CARD,returning,one_time,failed,bank_timeout,1,0.86,18,0,1468,1
TX002024,C02892,1208.86,UPI,new,monthly,failed,network_error,1,0.95,82,1,332,1
TX002025,C00862,873.98,CARD,new,monthly,success,none,3,0.8,315,1,320,0
TX002026,C01281,1635.98,UPI,returning,one_time,success,none,1,0.91,47,1,723,0
TX002027,C02181,10816.1,UPI,returning,one_time,failed,expired_card,0,0.82,292,1,137,1
TX002028,C01800,188.06,UPI,returning,monthly,failed,bank_timeout,3,0.7,318,1,732,1
TX002029,C01707,2397.13,UPI,returning,monthly,failed,card_declined,3,0.91,339,1,592,1
TX002030,C02561,440.71,UPI,new,yearly,success,none,3,0.85,239,1,1361,0
TX002031,C02361,1075.01,NETBANKING,new,monthly,success,none,3,0.93,58,1,484,0
TX002032,C00576,855.87,UPI,returning,monthly,failed,insufficient_funds,0,0.94,296,1,233,1
TX002033,C02934,714.57,CARD,new,one_time,success,none,0,0.99,53,1,160,0
TX002034,C02004,1085.22,UPI,new,yearly,success,none,0,0.52,5,1,895,0
TX002035,C01308,352.77,UPI,new,one_time,failed,card_declined,2,0.83,363,1,1005,1
TX002036,C01957,3069.23,UPI,returning,monthly,success,none,0,0.69,230,1,1447,0
TX002037,C02735,182.34,UPI,returning,yearly,success,none,1,0.93,239,1,267,0
TX002038,C02021,1881.39,CARD,new,monthly,success,none,3,0.83,185,1,269,0
TX002039,C02213,791.13,CARD,new,monthly,failed,insufficient_funds,1,0.83,204,1,703,1
TX002040,C02353,340.04,UPI,returning,monthly,failed,bank_timeout,0,0.72,194,1,292,1
TX002041,C01656,1342.63,UPI,returning,yearly,success,none,2,0.84,273,1,1340,0
TX002042,C01580,231.15,NETBANKING,new,monthly,failed,expired_card,2,0.92,93,1,300,0
TX002043,C01848,1141.06,UPI,returning,monthly,success,none,3,0.89,278,1,1256,0
TX002044,C02204,264.31,UPI,returning,monthly,failed,expired_card,0,0.82,9,1,902,1
TX002045,C01391,1739.36,CARD,returning,one_time,success,none,2,0.69,357,0,1006,0
TX002046,C01743,435.13,UPI,new,monthly,success,none,1,0.65,9,1,1176,0
TX002047,C01926,698.55,WALLET,returning,one_time,success,none,2,0.78,18,1,547,0
TX002048,C00620,1471.37,CARD,returning,one_time,success,none,3,0.91,325,1,677,0
TX002049,C01275,506.47,UPI,returning,monthly,success,none,2,0.69,204,0,430,0
TX002050,C00957,1034.88,UPI,returning,one_time,success,none,0,0.83,268,1,1054,0
TX002051,C01940,241.33,CARD,returning,one_time,failed,insufficient_funds,1,0.89,41,1,716,1
TX002052,C02382,2060.85,UPI,returning,one_time,success,none,3,0.96,93,0,598,0
TX002053,C00969,6405.51,NETBANKING,returning,one_time,success,none,3,0.86,78,0,624,0
TX002054,C02559,17893.79,CARD,returning,one_time,failed,network_error,2,0.75,320,1,1234,1
TX002055,C01317,1201.31,UPI,returning,yearly,success,none,3,0.75,195,1,1175,0
TX002056,C01044,2411.98,CARD,returning,monthly,failed,insufficient_funds,2,0.8,327,1,88,1
TX002057,C00282,184.82,UPI,returning,one_time,failed,insufficient_funds,1,0.56,123,0,396,0
TX002058,C02845,4928.23,UPI,new,one_time,success,none,2,0.79,53,1,595,0
TX002059,C02167,2383.27,CARD,returning,monthly,success,none,3,0.65,324,1,1273,0
TX002060,C01059,675.91,CARD,returning,monthly,success,none,1,0.82,322,1,80,0
TX002061,C00198,3778.87,CARD,returning,monthly,failed,bank_timeout,2,0.76,172,1,837,1
TX002062,C02533,850.24,UPI,returning,one_time,success,none,3,0.79,297,1,238,0
TX002063,C01083,693.66,CARD,returning,one_time,success,none,3,0.76,23,1,632,0
TX002064,C02885,1763.99,UPI,returning,one_time,failed,card_declined,0,0.89,353,1,1095,1
TX002065,C01185,378.66,CARD,returning,monthly,success,none,2,0.87,150,1,243,0
TX002066,C01009,3046.12,CARD,returning,monthly,success,none,2,0.89,44,1,635,0
TX002067,C02739,381.46,CARD,returning,yearly,failed,network_error,2,0.71,245,1,889,0
TX002068,C01230,383.73,NETBANKING,returning,one_time,failed,insufficient_funds,1,0.84,155,0,1236,1
TX002069,C01036,441.56,NETBANKING,new,monthly,success,none,1,0.88,61,1,1458,0
TX002070,C00490,2343.73,WALLET,new,yearly,success,none,0,0.82,303,1,704,0
TX002071,C00276,591.83,WALLET,returning,monthly,success,none,0,0.5,200,1,773,0
TX002072,C02741,284.86,CARD,returning,monthly,success,none,0,0.54,167,1,726,0
TX002073,C02290,598.44,WALLET,new,yearly,success,none,3,0.84,295,1,588,0
TX002074,C01240,1062.05,NETBANKING,new,one_time,failed,bank_timeout,3,0.79,121,1,1002,1
TX002075,C01275,336.64,CARD,new,one_time,failed,network_error,0,0.69,258,1,436,1
TX002076,C00126,346.65,UPI,returning,yearly,success,none,3,0.91,159,1,1232,0
TX002077,C00217,9057.03,UPI,returning,monthly,failed,expired_card,0,0.91,312,1,1409,1
TX002078,C01209,463.79,NETBANKING,returning,monthly,success,none,1,0.82,343,1,197,0
TX002079,C01247,793.9,UPI,returning,monthly,success,none,3,0.52,72,1,775,0
TX002080,C02543,759.58,NETBANKING,returning,one_time,success,none,3,0.84,180,1,1186,0
TX002081,C02475,719.56,UPI,returning,monthly,success,none,0,0.97,233,1,385,0
TX002082,C00919,2041.31,UPI,returning,monthly,success,none,2,0.78,266,1,41,0
TX002083,C01318,2830.31,CARD,returning,one_time,failed,expired_card,0,0.74,202,1,1418,1
TX002084,C02199,807.58,NETBANKING,returning,one_time,success,none,3,0.74,201,0,643,0
TX002085,C02432,318.47,UPI,new,monthly,success,none,3,0.89,144,1,15,0
TX002086,C01662,3922.33,NETBANKING,returning,one_time,success,none,0,0.82,42,1,1404,0
TX002087,C00308,996.91,CARD,new,one_time,failed,bank_timeout,0,0.77,50,0,1476,1
TX002088,C01360,6187.72,UPI,new,one_time,success,none,0,0.87,224,1,3,0
TX002089,C01970,116.1,UPI,returning,monthly,success,none,3,0.79,339,1,963,0
TX002090,C02794,1333.29,UPI,new,yearly,success,none,3,0.84,60,1,771,0
TX002091,C00892,7469.67,UPI,returning,monthly,success,none,3,0.62,62,1,796,0
TX002092,C00375,770.27,UPI,new,one_time,success,none,1,0.88,51,1,108,0
TX002093,C02034,875.25,UPI,returning,yearly,success,none,0,0.93,285,0,378,0
TX002094,C01365,1473.67,UPI,returning,one_time,failed,network_error,1,0.82,12,0,737,1
TX002095,C00129,627.16,NETBANKING,returning,one_time,failed,card_declined,0,0.85,274,1,1365,1
TX002096,C01015,802.66,CARD,returning,one_time,success,none,1,0.9,96,1,1274,0
TX002097,C01800,782.26,CARD,returning,one_time,success,none,0,0.82,215,1,862,0
TX002098,C02717,585.57,UPI,returning,one_time,success,none,2,0.82,247,1,972,0
TX002099,C01382,3747.55,NETBANKING,new,one_time,failed,bank_timeout,1,0.87,86,1,1311,1
TX002100,C00517,1739.02,NETBANKING,new,one_time,success,none,3,0.77,133,1,287,0
TX002101,C01519,1408.99,UPI,returning,monthly,success,none,3,0.67,200,1,1198,0
TX002102,C00086,2461.61,NETBANKING,returning,one_time,success,none,1,0.9,292,0,877,0
TX002103,C01199,841.89,NETBANKING,new,monthly,success,none,0,0.81,51,1,131,0
TX002104,C02359,505.63,CARD,returning,monthly,success,none,1,0.91,209,1,490,0
TX002105,C01143,600.27,CARD,new,one_time,success,none,3,0.78,199,1,1471,0
TX002106,C02475,1098.59,UPI,returning,monthly,success,none,3,0.89,236,1,52,0
TX002107,C01994,380.23,UPI,returning,monthly,success,none,3,0.85,30,1,303,0
TX002108,C02162,664.97,UPI,returning,one_time,success,none,1,0.57,239,1,919,0
TX002109,C00303,654.51,UPI,returning,one_time,success,none,1,0.98,157,1,1490,0
TX002110,C02792,9177.92,UPI,new,monthly,success,none,2,0.92,259,0,1164,0
TX002111,C00588,100.0,NETBANKING,returning,monthly,success,none,0,0.92,35,1,425,0
TX002112,C00987,916.33,UPI,new,monthly,success,none,2,0.97,347,0,1358,0
TX002113,C01864,6159.15,WALLET,returning,one_time,success,none,3,0.82,72,1,1243,0
TX002114,C00345,1238.73,CARD,new,monthly,failed,card_declined,2,0.91,160,1,684,1
TX002115,C00814,2329.52,UPI,new,monthly,success,none,3,0.82,54,1,481,0
TX002116,C01988,1211.76,UPI,returning,yearly,failed,insufficient_funds,0,0.75,328,1,1042,1
TX002117,C02849,562.65,UPI,new,monthly,failed,card_declined,2,0.78,296,1,65,1
TX002118,C01311,116.52,WALLET,new,one_time,success,none,3,0.55,73,1,224,0
TX002119,C02000,1346.76,NETBANKING,returning,one_time,failed,bank_timeout,2,0.72,281,1,212,1
TX002120,C01678,504.92,UPI,returning,one_time,success,none,1,0.61,335,1,62,0
TX002121,C01328,492.58,NETBANKING,returning,monthly,success,none,1,0.68,204,1,1060,0
TX002122,C01093,665.82,CARD,returning,one_time,failed,network_error,0,0.84,195,1,1181,1
TX002123,C02409,6278.34,UPI,returning,monthly,success,none,0,0.77,283,0,1113,0
TX002124,C01010,12147.0,CARD,new,monthly,failed,card_declined,2,0.88,151,1,692,1
TX002125,C00704,1362.68,CARD,returning,one_time,success,none,0,0.66,194,1,315,0
TX002126,C00575,688.99,UPI,returning,monthly,failed,insufficient_funds,0,0.94,16,1,938,1
TX002127,C01609,337.91,CARD,returning,monthly,success,none,1,0.92,197,1,732,0
TX002128,C01113,1752.05,UPI,returning,one_time,success,none,2,0.93,240,1,1432,0
TX002129,C00688,6521.8,UPI,new,yearly,success,none,1,0.72,292,1,1240,0
TX002130,C02829,856.33,UPI,new,monthly,failed,network_error,1,0.68,67,1,279,1
TX002131,C02633,101.6,WALLET,new,one_time,success,none,1,0.85,256,0,257,0
TX002132,C02637,2143.19,CARD,new,monthly,success,none,2,0.68,349,1,948,0
TX002133,C00489,2937.75,UPI,new,monthly,success,none,2,0.59,137,1,1008,0
TX002134,C01348,224.56,UPI,returning,monthly,success,none,2,0.73,151,1,160,0
TX002135,C00494,1308.3,UPI,new,monthly,success,none,1,0.71,241,1,581,0
TX002136,C01668,1721.97,CARD,returning,one_time,success,none,0,0.79,322,1,1039,0
TX002137,C01638,1019.32,UPI,returning,one_time,success,none,2,0.77,214,1,33,0
TX002138,C00019,497.32,NETBANKING,returning,monthly,failed,expired_card,0,0.75,19,1,1192,1
TX002139,C02445,3028.85,NETBANKING,returning,one_time,success,none,1,0.96,105,1,1214,0
TX002140,C01001,732.61,CARD,returning,monthly,success,none,3,0.65,221,0,230,0
TX002141,C00851,248.34,UPI,returning,one_time,success,none,2,0.69,168,1,1054,0
TX002142,C01389,141.25,UPI,returning,monthly,failed,expired_card,0,0.91,176,1,893,1
TX002143,C01355,3869.38,UPI,new,monthly,success,none,2,0.88,261,1,1329,0
TX002144,C01368,2031.77,CARD,returning,monthly,success,none,1,0.55,198,1,20,0
TX002145,C00822,1197.48,CARD,returning,monthly,success,none,2,0.69,239,1,998,0
TX002146,C00455,706.08,CARD,new,monthly,failed,network_error,1,0.88,110,1,836,1
TX002147,C01625,646.13,UPI,returning,one_time,failed,bank_timeout,3,0.93,44,0,1258,1
TX002148,C02773,374.0,NETBANKING,returning,one_time,failed,card_declined,1,0.9,27,1,319,1
TX002149,C00711,712.33,UPI,returning,monthly,success,none,3,0.82,143,1,1167,0
TX002150,C02191,131.62,UPI,returning,yearly,failed,card_declined,3,0.85,53,0,657,1
TX002151,C00917,525.28,CARD,new,one_time,success,none,3,0.72,347,1,788,0
TX002152,C02876,803.57,UPI,returning,one_time,success,none,0,0.6,27,0,486,0
TX002153,C02653,2018.04,CARD,new,one_time,success,none,1,0.91,85,1,762,0
TX002154,C01497,1053.71,NETBANKING,new,yearly,success,none,3,0.74,151,1,1031,0
TX002155,C01441,2428.24,CARD,returning,one_time,success,none,1,0.99,2,1,763,0
TX002156,C00305,4226.52,UPI,returning,one_time,failed,network_error,2,0.53,131,0,707,0
TX002157,C00736,3159.5,UPI,new,one_time,failed,card_declined,1,0.85,245,1,630,0
TX002158,C02339,1755.5,UPI,returning,monthly,success,none,1,0.68,152,0,614,0
TX002159,C01964,1109.72,UPI,new,yearly,success,none,1,0.73,37,1,472,0
TX002160,C02150,411.25,WALLET,returning,one_time,failed,expired_card,1,0.53,25,1,821,1
TX002161,C02010,2298.34,CARD,new,one_time,success,none,0,0.96,132,0,131,0
TX002162,C02915,5882.56,UPI,returning,monthly,failed,network_error,3,0.66,132,1,265,0
TX002163,C02890,1543.96,NETBANKING,new,one_time,failed,card_declined,3,0.92,53,1,154,0
TX002164,C00962,7459.62,CARD,returning,one_time,success,none,3,0.95,327,1,815,0
TX002165,C02990,238.51,UPI,new,yearly,success,none,2,0.89,306,1,50,0
TX002166,C01027,345.79,UPI,returning,yearly,success,none,2,0.89,145,1,711,0
TX002167,C02133,2579.11,UPI,new,yearly,failed,insufficient_funds,1,0.85,258,0,333,0
TX002168,C02376,1428.37,WALLET,returning,monthly,failed,bank_timeout,0,0.94,211,1,1495,1
TX002169,C02864,4079.71,UPI,new,one_time,success,none,0,0.74,53,1,964,0
TX002170,C01474,1079.8,NETBANKING,returning,monthly,success,none,1,0.81,125,1,37,0
TX002171,C02502,460.37,UPI,new,one_time,success,none,1,0.57,106,1,1309,0
TX002172,C01948,885.73,NETBANKING,returning,one_time,failed,insufficient_funds,3,0.78,279,1,1185,0
TX002173,C02677,236.82,UPI,new,one_time,success,none,2,0.85,88,1,789,0
TX002174,C01178,354.75,WALLET,new,yearly,success,none,2,0.76,321,1,1136,0
TX002175,C00665,2899.94,NETBANKING,new,monthly,failed,insufficient_funds,2,0.93,214,1,306,1
TX002176,C00012,2624.87,UPI,new,one_time,failed,card_declined,2,0.76,17,1,467,0
TX002177,C01157,1576.57,CARD,returning,one_time,success,none,1,0.87,13,1,965,0
TX002178,C00304,196.16,CARD,returning,monthly,success,none,1,0.81,211,0,174,0
TX002179,C01764,766.32,NETBANKING,new,monthly,failed,network_error,2,0.93,204,1,1192,1
TX002180,C02831,322.14,UPI,returning,monthly,success,none,3,0.67,275,1,679,0
TX002181,C00043,3556.5,UPI,returning,one_time,success,none,3,0.91,237,1,490,0
TX002182,C00944,611.72,NETBANKING,new,monthly,success,none,3,0.93,322,1,152,0
TX002183,C02391,370.28,CARD,new,monthly,failed,expired_card,2,0.85,90,1,50,0
TX002184,C01350,1129.8,UPI,returning,yearly,failed,network_error,3,0.62,46,1,877,0
TX002185,C02546,578.16,NETBANKING,new,one_time,failed,card_declined,1,0.65,234,1,124,0
TX002186,C02412,4835.52,UPI,returning,monthly,success,none,2,0.96,70,1,1137,0
TX002187,C00891,525.94,CARD,new,one_time,success,none,3,0.82,295,1,1271,0
TX002188,C02475,270.64,UPI,returning,one_time,success,none,1,0.53,322,1,616,0
TX002189,C01005,127.37,UPI,returning,one_time,success,none,2,0.59,129,1,175,0
TX002190,C00021,1063.39,UPI,new,monthly,success,none,1,0.8,77,1,994,0
TX002191,C00407,625.2,UPI,new,one_time,failed,card_declined,3,0.66,152,0,404,0
TX002192,C02667,262.72,UPI,new,one_time,success,none,0,0.74,244,1,1458,0
TX002193,C01015,3601.93,UPI,new,one_time,success,none,3,0.41,245,0,506,0
TX002194,C00336,2137.19,UPI,returning,yearly,success,none,1,0.94,212,1,1169,0
TX002195,C01839,1066.12,UPI,new,monthly,success,none,0,0.65,190,1,1293,0
TX002196,C01148,4291.22,CARD,returning,one_time,success,none,0,0.83,122,1,1281,0
TX002197,C02447,2127.15,UPI,new,one_time,success,none,2,0.48,182,0,146,0
TX002198,C02841,481.61,UPI,returning,monthly,success,none,0,0.87,36,1,1409,0
TX002199,C01828,387.91,CARD,returning,one_time,success,none,2,0.89,36,0,404,0
TX002200,C00715,2484.88,NETBANKING,new,one_time,success,none,0,0.74,219,1,1381,0
TX002201,C00051,1630.05,CARD,returning,monthly,success,none,0,0.91,45,1,485,0
TX002202,C00324,1299.52,UPI,new,one_time,success,none,2,0.84,215,1,538,0
TX002203,C00789,470.36,NETBANKING,returning,yearly,success,none,1,0.95,239,0,234,0
TX002204,C00141,2014.14,WALLET,returning,one_time,success,none,2,0.65,143,1,61,0
TX002205,C00470,515.17,UPI,returning,one_time,failed,expired_card,0,0.91,143,1,342,1
TX002206,C00787,990.31,WALLET,returning,one_time,success,none,3,0.85,73,1,249,0
TX002207,C01826,4660.81,UPI,returning,monthly,success,none,2,0.63,333,1,730,0
TX002208,C01358,566.32,UPI,returning,one_time,success,none,2,0.53,319,1,1158,0
TX002209,C01917,227.47,UPI,returning,monthly,success,none,0,0.81,326,0,1096,0
TX002210,C00964,382.78,CARD,returning,one_time,success,none,0,0.57,74,1,688,0
TX002211,C00373,2964.01,UPI,new,one_time,success,none,3,0.77,321,1,256,0
TX002212,C02542,1414.78,UPI,returning,yearly,success,none,0,0.7,11,1,115,0
TX002213,C01693,964.03,UPI,returning,yearly,failed,insufficient_funds,2,0.71,274,1,713,1
TX002214,C02799,659.12,UPI,new,monthly,failed,insufficient_funds,2,0.78,34,1,1287,0
TX002215,C01180,1781.77,UPI,returning,monthly,failed,network_error,2,0.83,249,1,1050,1
TX002216,C02339,469.14,CARD,returning,one_time,success,none,1,0.82,222,1,1042,0
TX002217,C01672,1488.71,UPI,new,one_time,success,none,2,0.97,258,1,1122,0
TX002218,C00106,527.81,WALLET,returning,one_time,success,none,1,0.88,248,1,24,0
TX002219,C01444,446.9,UPI,returning,yearly,success,none,0,0.84,315,1,897,0
TX002220,C02718,579.7,UPI,new,monthly,success,none,1,0.62,177,0,545,0
TX002221,C01682,753.4,UPI,returning,one_time,success,none,2,0.62,335,1,696,0
TX002222,C00002,1044.37,UPI,returning,one_time,success,none,0,0.83,292,0,1270,0
TX002223,C02637,1387.77,UPI,new,one_time,success,none,1,0.82,168,0,376,0
TX002224,C02692,100.0,CARD,new,one_time,success,none,0,0.72,274,1,433,0
TX002225,C02138,488.99,CARD,returning,monthly,failed,bank_timeout,0,0.83,196,1,848,1
TX002226,C00350,741.32,UPI,returning,one_time,failed,card_declined,1,0.97,49,1,33,1
TX002227,C01287,4939.71,UPI,new,one_time,success,none,0,0.55,268,0,217,0
TX002228,C01063,372.41,UPI,new,one_time,success,none,0,0.89,21,0,151,0
TX002229,C02957,1290.51,NETBANKING,returning,monthly,failed,expired_card,2,0.87,251,1,902,1
TX002230,C02207,4890.4,CARD,returning,monthly,failed,network_error,3,0.85,230,1,442,1
TX002231,C02360,295.02,UPI,new,one_time,success,none,3,0.85,85,1,19,0
TX002232,C00445,1626.16,UPI,returning,monthly,success,none,0,0.89,12,0,542,0
TX002233,C02346,491.63,WALLET,returning,one_time,failed,expired_card,1,0.85,177,1,680,1
TX002234,C00952,662.07,UPI,returning,one_time,success,none,3,0.93,244,1,1240,0
TX002235,C00036,491.22,UPI,new,monthly,failed,insufficient_funds,1,0.84,159,1,942,0
TX002236,C01108,527.5,UPI,returning,one_time,success,none,3,0.79,293,1,298,0
TX002237,C01476,16679.11,CARD,returning,one_time,failed,insufficient_funds,2,0.84,188,1,989,1
TX002238,C01799,2551.55,WALLET,new,yearly,success,none,2,0.82,144,1,1297,0
TX002239,C01846,3300.2,WALLET,returning,one_time,success,none,1,0.79,331,1,422,0
TX002240,C01409,1793.62,CARD,new,one_time,success,none,1,0.84,99,0,1001,0
TX002241,C01196,220.03,UPI,returning,yearly,success,none,2,0.82,340,1,1454,0
TX002242,C01400,1627.76,UPI,returning,one_time,success,none,1,0.82,155,1,878,0
TX002243,C01709,3206.48,UPI,returning,monthly,success,none,0,0.77,355,1,1452,0
TX002244,C01386,467.13,WALLET,new,one_time,success,none,2,0.83,232,1,577,0
TX002245,C02607,2879.37,CARD,returning,monthly,success,none,2,0.67,231,1,656,0
TX002246,C02939,2217.94,UPI,new,monthly,success,none,2,0.95,60,1,1100,0
TX002247,C02189,6988.63,UPI,returning,one_time,success,none,2,0.94,223,1,1355,0
TX002248,C02935,722.14,UPI,returning,monthly,failed,network_error,0,0.62,143,1,714,1
TX002249,C01301,365.91,WALLET,new,yearly,failed,bank_timeout,2,0.79,102,1,244,1
TX002250,C02774,763.85,UPI,new,one_time,failed,insufficient_funds,2,0.83,23,0,899,0
TX002251,C01244,4608.1,UPI,returning,monthly,success,none,1,0.71,290,1,93,0
TX002252,C00521,176.2,UPI,returning,one_time,success,none,2,0.35,43,1,994,0
TX002253,C01807,138.6,UPI,returning,one_time,failed,expired_card,3,0.73,266,1,1092,0
TX002254,C00010,1199.18,NETBANKING,new,yearly,success,none,1,0.61,362,1,511,0
TX002255,C00984,704.45,WALLET,returning,monthly,success,none,1,0.98,235,1,387,0
TX002256,C02426,1105.14,NETBANKING,new,one_time,failed,card_declined,3,0.81,131,1,1453,0
TX002257,C01657,2822.31,CARD,returning,monthly,success,none,1,0.92,16,1,178,0
TX002258,C01661,631.08,CARD,returning,one_time,success,none,0,0.87,336,0,274,0
TX002259,C02730,168.51,CARD,returning,monthly,success,none,2,0.69,232,1,678,0
TX002260,C02632,8471.66,UPI,new,monthly,failed,card_declined,2,0.72,111,1,634,0
TX002261,C02200,404.55,CARD,returning,yearly,success,none,1,0.81,323,1,1110,0
TX002262,C00720,380.3,UPI,new,one_time,success,none,2,0.59,333,1,368,0
TX002263,C01073,3306.75,CARD,returning,one_time,success,none,1,0.81,312,1,622,0
TX002264,C00859,746.59,UPI,returning,one_time,success,none,2,0.88,201,1,575,0
TX002265,C01317,1029.28,UPI,new,one_time,success,none,1,0.69,46,1,453,0
TX002266,C01604,1777.19,NETBANKING,new,yearly,success,none,1,0.61,158,1,597,0
TX002267,C00050,3240.82,NETBANKING,new,yearly,success,none,1,0.48,118,1,1477,0
TX002268,C02712,785.67,UPI,returning,monthly,success,none,0,0.74,147,0,952,0
TX002269,C02579,5013.81,UPI,returning,monthly,success,none,1,0.81,64,0,760,0
TX002270,C02905,129.57,NETBANKING,returning,monthly,success,none,0,0.74,19,1,474,0
TX002271,C00146,2344.41,CARD,new,one_time,success,none,0,0.74,258,1,214,0
TX002272,C00915,473.65,UPI,returning,one_time,failed,bank_timeout,3,0.75,112,1,278,1
TX002273,C01463,4325.45,CARD,returning,one_time,success,none,1,0.38,66,1,249,0
TX002274,C02290,1264.01,UPI,returning,monthly,success,none,0,0.76,134,1,1261,0
TX002275,C00581,559.53,UPI,returning,monthly,success,none,3,0.82,60,1,460,0
TX002276,C02735,2127.79,NETBANKING,returning,monthly,success,none,2,0.83,61,1,1130,0
TX002277,C01585,2678.97,UPI,returning,one_time,failed,network_error,0,0.82,81,1,318,1
TX002278,C00483,2083.69,UPI,returning,monthly,failed,bank_timeout,0,0.68,270,0,887,1
TX002279,C01250,391.62,UPI,returning,yearly,success,none,0,0.95,223,1,589,0
TX002280,C00673,675.86,UPI,returning,one_time,success,none,3,0.62,13,1,1017,0
TX002281,C00631,1092.18,UPI,new,monthly,success,none,3,0.9,264,1,1413,0
TX002282,C02709,1052.31,UPI,returning,one_time,success,none,0,0.61,217,1,643,0
TX002283,C00662,2320.98,UPI,new,monthly,failed,expired_card,1,0.95,306,0,629,0
TX002284,C02853,146.22,UPI,returning,monthly,success,none,3,0.78,266,1,1172,0
TX002285,C02467,1532.0,UPI,new,one_time,success,none,3,0.68,208,1,1103,0
TX002286,C00988,820.59,UPI,new,one_time,failed,bank_timeout,2,0.82,95,1,1244,1
TX002287,C01547,474.14,CARD,returning,one_time,failed,card_declined,2,0.86,118,1,5,1
TX002288,C00650,521.92,CARD,new,yearly,failed,insufficient_funds,0,0.91,167,0,120,0
TX002289,C00969,884.89,UPI,returning,yearly,success,none,2,0.75,31,1,563,0
TX002290,C02638,100.0,CARD,returning,monthly,success,none,1,0.88,115,1,734,0
TX002291,C01101,543.87,WALLET,returning,one_time,success,none,0,0.59,49,1,462,0
TX002292,C02557,456.77,NETBANKING,new,monthly,success,none,0,0.99,199,1,705,0
TX002293,C00441,1868.3,UPI,new,monthly,success,none,3,0.69,115,1,1467,0
TX002294,C00921,490.03,CARD,returning,one_time,failed,insufficient_funds,0,0.73,28,1,1323,1
TX002295,C00770,884.38,UPI,returning,one_time,success,none,2,0.86,218,1,839,0
TX002296,C01344,5127.0,UPI,returning,yearly,success,none,0,0.81,92,1,1245,0
TX002297,C01827,2964.17,UPI,returning,monthly,failed,network_error,0,0.68,141,1,755,1
TX002298,C00263,2703.42,UPI,returning,monthly,success,none,2,0.91,327,1,72,0
TX002299,C01578,665.23,UPI,returning,one_time,success,none,3,0.86,357,0,21,0
TX002300,C02685,1887.54,CARD,new,monthly,success,none,1,0.92,281,0,742,0
TX002301,C02507,867.92,CARD,returning,monthly,failed,expired_card,2,0.93,193,1,547,1
TX002302,C00999,901.36,UPI,returning,one_time,failed,network_error,1,0.61,352,1,1194,1
TX002303,C00700,1651.91,UPI,new,monthly,failed,bank_timeout,1,0.74,217,1,1268,1
TX002304,C02350,603.66,UPI,new,yearly,failed,bank_timeout,1,0.9,80,0,1371,1
TX002305,C01604,4880.5,UPI,returning,yearly,success,none,0,0.92,322,1,946,0
TX002306,C01242,934.37,WALLET,returning,monthly,success,none,1,0.6,284,1,950,0
TX002307,C01126,2035.22,CARD,returning,monthly,failed,bank_timeout,3,0.89,137,1,148,1
TX002308,C02602,4701.33,WALLET,returning,monthly,failed,expired_card,3,0.74,168,1,1319,1
TX002309,C02336,3076.83,CARD,returning,yearly,success,none,3,0.9,157,0,1237,0
TX002310,C01191,268.03,UPI,returning,monthly,success,none,0,0.91,98,1,1198,0
TX002311,C02669,1711.11,UPI,returning,one_time,success,none,2,0.76,316,1,205,0
TX002312,C01006,2567.58,UPI,new,monthly,failed,insufficient_funds,3,0.88,256,0,771,0
TX002313,C00036,2675.42,UPI,returning,yearly,success,none,1,0.77,155,1,1328,0
TX002314,C00744,360.22,NETBANKING,returning,one_time,success,none,0,0.77,322,1,226,0
TX002315,C01765,568.48,UPI,returning,monthly,failed,card_declined,0,0.82,293,1,219,1
TX002316,C00353,2964.78,UPI,new,one_time,failed,card_declined,3,0.78,225,1,978,1
TX002317,C01923,511.96,CARD,returning,yearly,success,none,1,0.92,164,0,1027,0
TX002318,C00073,812.65,NETBANKING,new,monthly,failed,bank_timeout,1,0.93,16,1,805,1
TX002319,C02696,5302.19,UPI,new,monthly,success,none,3,0.63,56,1,451,0
TX002320,C01377,1045.45,CARD,returning,monthly,success,none,1,0.87,96,1,1461,0
TX002321,C01915,530.18,UPI,new,monthly,success,none,0,0.91,51,1,806,0
TX002322,C01094,455.95,UPI,returning,yearly,success,none,0,0.86,239,1,612,0
TX002323,C02473,1529.54,UPI,returning,yearly,success,none,3,0.76,97,1,17,0
TX002324,C00708,289.12,UPI,returning,one_time,success,none,1,0.55,133,0,1259,0
TX002325,C01805,856.34,CARD,new,one_time,failed,bank_timeout,2,0.83,99,0,1498,1
TX002326,C02609,1530.32,UPI,returning,monthly,success,none,3,0.63,112,1,1391,0
TX002327,C02876,4020.45,CARD,returning,yearly,success,none,0,0.9,168,0,1042,0
TX002328,C00956,2137.83,NETBANKING,new,one_time,success,none,3,0.75,243,0,793,0
TX002329,C02565,536.97,UPI,returning,one_time,success,none,3,0.96,161,1,1390,0
TX002330,C02476,3563.22,CARD,returning,one_time,success,none,0,0.75,247,1,740,0
TX002331,C00160,812.8,UPI,new,one_time,success,none,2,0.69,189,1,545,0
TX002332,C02197,318.71,UPI,returning,monthly,success,none,3,0.77,260,1,1183,0
TX002333,C02824,923.3,CARD,returning,one_time,success,none,2,0.81,64,1,776,0
TX002334,C01736,4620.09,CARD,new,one_time,success,none,2,0.74,92,1,994,0
TX002335,C01586,1293.67,UPI,returning,yearly,success,none,0,0.74,108,1,1462,0
TX002336,C00067,1110.45,NETBANKING,new,one_time,success,none,3,0.72,283,0,510,0
TX002337,C02429,5637.59,UPI,new,monthly,success,none,3,0.88,118,1,788,0
TX002338,C00058,262.08,WALLET,returning,one_time,failed,bank_timeout,2,0.86,21,0,428,1
TX002339,C00342,303.2,UPI,returning,monthly,success,none,3,0.76,40,1,1451,0
TX002340,C01154,217.93,UPI,returning,one_time,success,none,2,0.9,207,1,571,0
TX002341,C02775,1591.84,UPI,new,one_time,success,none,0,0.91,266,0,538,0
TX002342,C01196,1295.29,UPI,returning,one_time,failed,expired_card,0,0.8,20,1,624,1
TX002343,C02818,5129.36,CARD,returning,yearly,success,none,0,0.74,332,1,345,0
TX002344,C02662,1398.95,CARD,returning,monthly,success,none,2,0.96,102,1,285,0
TX002345,C01233,732.05,UPI,returning,one_time,success,none,3,0.5,313,1,689,0
TX002346,C02402,1098.6,UPI,new,monthly,success,none,3,0.91,361,1,24,0
TX002347,C01495,1233.62,UPI,new,one_time,success,none,1,0.73,354,0,1207,0
TX002348,C01822,206.07,UPI,returning,yearly,success,none,1,0.8,125,1,103,0
TX002349,C00116,16487.07,CARD,returning,one_time,failed,card_declined,0,0.84,328,1,366,1
TX002350,C00662,1844.33,CARD,new,monthly,success,none,3,0.89,50,1,29,0
TX002351,C01466,1352.9,WALLET,returning,one_time,success,none,2,0.97,189,1,1279,0
TX002352,C02501,2028.73,UPI,new,monthly,success,none,2,0.84,249,1,1477,0
TX002353,C01869,2229.23,UPI,new,monthly,failed,network_error,2,0.92,39,0,110,1
TX002354,C02335,952.84,CARD,returning,one_time,success,none,3,0.78,291,1,100,0
TX002355,C01017,583.33,NETBANKING,new,one_time,success,none,3,0.88,70,1,333,0
TX002356,C00311,1997.1,CARD,returning,yearly,success,none,0,0.88,247,1,857,0
TX002357,C00208,1612.77,UPI,returning,monthly,success,none,1,0.92,340,1,836,0
TX002358,C02666,487.9,UPI,returning,monthly,failed,insufficient_funds,3,0.86,145,1,865,1
TX002359,C02494,4532.53,CARD,new,monthly,success,none,2,0.93,264,1,754,0
TX002360,C02718,1470.49,CARD,new,monthly,success,none,3,0.83,4,1,105,0
TX002361,C00633,2275.19,NETBANKING,returning,one_time,success,none,1,0.82,44,1,239,0
TX002362,C02103,4411.28,UPI,returning,yearly,success,none,1,0.72,7,1,1104,0
TX002363,C02960,1120.9,WALLET,new,one_time,success,none,2,0.83,129,1,820,0
TX002364,C00657,1505.61,UPI,returning,monthly,success,none,0,0.84,191,1,1038,0
TX002365,C01424,2465.2,WALLET,returning,monthly,success,none,1,0.93,21,0,783,0
TX002366,C01932,531.2,NETBANKING,returning,monthly,success,none,1,0.76,306,1,953,0
TX002367,C02563,1157.54,CARD,returning,yearly,success,none,1,0.93,55,1,555,0
TX002368,C01680,1243.33,CARD,returning,one_time,success,none,1,0.88,291,1,1124,0
TX002369,C00237,421.55,UPI,returning,monthly,success,none,1,0.75,253,1,996,0
TX002370,C00348,11132.64,UPI,new,monthly,success,none,3,0.71,190,1,1384,0
TX002371,C02675,268.46,UPI,new,one_time,failed,network_error,2,0.84,139,1,891,1
TX002372,C00630,299.43,UPI,returning,one_time,success,none,3,0.88,354,1,480,0
TX002373,C01541,4081.53,UPI,returning,monthly,failed,insufficient_funds,0,0.76,251,1,150,1
TX002374,C02004,2237.84,UPI,new,one_time,success,none,1,0.85,129,1,819,0
TX002375,C01272,393.09,NETBANKING,returning,monthly,success,none,0,0.99,55,1,239,0
TX002376,C00364,2012.81,UPI,returning,monthly,success,none,0,0.76,234,1,248,0
TX002377,C02369,4759.27,CARD,new,monthly,success,none,2,0.75,87,1,770,0
TX002378,C00286,1063.94,CARD,new,yearly,success,none,3,0.7,120,1,521,0
TX002379,C00149,14747.41,UPI,returning,one_time,success,none,0,0.88,303,1,236,0
TX002380,C01108,195.57,UPI,returning,monthly,failed,expired_card,0,0.93,330,1,1052,1
TX002381,C02454,2194.75,UPI,returning,one_time,success,none,0,0.72,144,0,1454,0
TX002382,C00456,3521.1,CARD,new,one_time,success,none,0,0.74,194,1,1067,0
TX002383,C01767,2674.04,CARD,returning,yearly,failed,insufficient_funds,1,0.82,72,1,841,1
TX002384,C00800,893.95,UPI,returning,one_time,success,none,2,0.86,162,1,1320,0
TX002385,C01185,820.21,NETBANKING,returning,one_time,failed,expired_card,2,0.96,44,1,1442,1
TX002386,C01013,1709.82,UPI,new,monthly,success,none,2,0.83,325,1,833,0
TX002387,C02832,2479.36,CARD,returning,one_time,success,none,0,0.84,143,1,1278,0
TX002388,C02508,2003.14,UPI,new,monthly,failed,card_declined,0,0.85,266,1,509,1
TX002389,C01524,3102.79,CARD,new,monthly,success,none,1,0.91,235,0,171,0
TX002390,C02786,395.89,NETBANKING,returning,one_time,success,none,0,0.94,68,1,27,0
TX002391,C02557,873.26,CARD,new,one_time,failed,insufficient_funds,3,0.84,38,1,109,0
TX002392,C00481,428.37,UPI,returning,one_time,failed,bank_timeout,3,0.87,183,1,1205,1
TX002393,C01687,745.37,UPI,new,one_time,failed,bank_timeout,0,0.97,224,1,1404,1
TX002394,C02162,3026.68,NETBANKING,returning,one_time,success,none,3,0.57,20,1,657,0
TX002395,C02797,1221.68,UPI,new,yearly,failed,expired_card,3,0.69,137,1,579,0
TX002396,C01602,14866.4,UPI,returning,monthly,success,none,2,0.74,315,1,1216,0
TX002397,C02409,1330.63,CARD,new,one_time,failed,card_declined,0,0.85,264,1,60,0
TX002398,C00341,1164.09,UPI,returning,yearly,success,none,2,0.72,269,1,1106,0
TX002399,C02818,1219.48,UPI,returning,one_time,success,none,3,0.96,266,0,1242,0
TX002400,C02011,579.51,NETBANKING,returning,monthly,failed,expired_card,2,0.8,59,0,16,1
TX002401,C02809,1035.01,UPI,returning,one_time,failed,network_error,3,0.69,286,1,1106,0
TX002402,C02497,3387.3,UPI,new,one_time,failed,network_error,2,0.85,155,1,880,1
TX002403,C01867,1229.02,CARD,new,monthly,success,none,0,0.74,119,1,1481,0
TX002404,C00835,495.98,NETBANKING,returning,monthly,success,none,3,0.88,6,1,589,0
TX002405,C01204,434.81,UPI,new,monthly,failed,network_error,0,0.86,121,1,1228,1
TX002406,C01726,699.1,CARD,returning,one_time,success,none,1,0.95,347,1,798,0
TX002407,C01690,1180.7,CARD,returning,one_time,failed,bank_timeout,3,0.9,196,1,1208,1
TX002408,C00311,3617.67,UPI,returning,monthly,failed,network_error,2,0.74,251,1,928,1
TX002409,C00262,287.01,UPI,returning,monthly,failed,insufficient_funds,1,0.77,255,1,197,1
TX002410,C01443,796.46,UPI,returning,one_time,success,none,0,0.85,359,1,610,0
TX002411,C00406,1266.88,CARD,returning,one_time,failed,network_error,0,0.96,177,0,1164,1
TX002412,C02191,175.26,NETBANKING,returning,monthly,success,none,0,0.66,283,1,1057,0
TX002413,C00342,476.47,UPI,returning,monthly,failed,bank_timeout,1,0.62,100,1,322,1
TX002414,C01340,555.63,NETBANKING,returning,monthly,success,none,3,0.66,78,1,676,0
TX002415,C00244,494.74,CARD,new,monthly,success,none,3,0.79,22,0,882,0
TX002416,C00490,1328.61,UPI,returning,yearly,success,none,0,0.84,97,1,821,0
TX002417,C00012,933.97,CARD,new,one_time,success,none,0,0.95,204,0,902,0
TX002418,C00561,629.37,UPI,new,monthly,success,none,0,0.94,265,1,425,0
TX002419,C00042,1682.38,NETBANKING,returning,monthly,success,none,1,0.9,222,1,1377,0
TX002420,C02726,6143.04,CARD,returning,monthly,failed,insufficient_funds,1,0.64,19,1,15,1
TX002421,C00594,5649.13,CARD,returning,one_time,failed,card_declined,0,0.58,213,1,849,1
TX002422,C01453,160.33,CARD,returning,monthly,success,none,2,0.72,3,1,123,0
TX002423,C01827,1952.9,CARD,returning,monthly,success,none,3,0.5,197,1,92,0
TX002424,C01694,917.8,NETBANKING,new,monthly,success,none,1,0.86,311,1,570,0
TX002425,C00134,1280.69,CARD,returning,one_time,failed,expired_card,3,0.91,11,1,659,1
TX002426,C00948,736.36,NETBANKING,returning,monthly,failed,expired_card,1,0.7,339,1,1299,1
TX002427,C00073,1233.47,CARD,new,yearly,success,none,2,0.79,259,1,110,0
TX002428,C00399,1275.9,UPI,returning,yearly,success,none,1,0.66,270,1,1421,0
TX002429,C01429,614.65,NETBANKING,returning,monthly,success,none,3,0.77,187,1,460,0
TX002430,C02626,447.48,CARD,returning,monthly,success,none,2,0.79,226,1,1098,0
TX002431,C02907,700.16,CARD,returning,one_time,success,none,2,0.74,14,1,497,0
TX002432,C00130,1386.11,WALLET,new,monthly,success,none,2,0.89,222,0,79,0
TX002433,C02979,1996.19,UPI,returning,one_time,success,none,2,0.62,303,0,423,0
TX002434,C01812,2574.34,UPI,returning,monthly,success,none,3,0.78,330,1,1182,0
TX002435,C02002,669.02,UPI,returning,one_time,success,none,2,0.82,130,1,873,0
TX002436,C00266,1456.58,CARD,returning,monthly,success,none,3,0.84,158,1,289,0
TX002437,C01561,2871.25,NETBANKING,returning,monthly,success,none,1,0.88,182,1,469,0
TX002438,C01986,3517.81,WALLET,returning,yearly,failed,insufficient_funds,3,0.92,196,1,1207,1
TX002439,C00793,1033.98,UPI,returning,monthly,success,none,0,0.83,196,0,738,0
TX002440,C02301,879.25,CARD,returning,monthly,success,none,2,0.75,133,1,578,0
TX002441,C02870,1327.59,NETBANKING,returning,monthly,success,none,3,0.93,16,1,1171,0
TX002442,C01313,347.34,CARD,returning,one_time,success,none,1,0.95,168,1,1066,0
TX002443,C00164,903.6,UPI,returning,one_time,success,none,0,0.82,256,1,702,0
TX002444,C00095,2309.04,CARD,new,one_time,success,none,0,0.8,240,1,27,0
TX002445,C01806,2083.8,WALLET,new,one_time,success,none,1,0.73,260,1,552,0
TX002446,C02881,836.92,WALLET,returning,yearly,success,none,0,0.5,125,1,449,0
TX002447,C01134,1363.37,CARD,returning,one_time,success,none,0,0.78,93,1,1348,0
TX002448,C02384,480.75,NETBANKING,new,monthly,success,none,3,0.95,329,1,1424,0
TX002449,C00822,2216.07,UPI,returning,one_time,success,none,2,0.9,205,1,667,0
TX002450,C00238,1014.53,UPI,new,yearly,failed,insufficient_funds,3,0.73,123,1,583,0
TX002451,C02429,832.18,WALLET,returning,one_time,success,none,2,0.89,134,0,49,0
TX002452,C02947,763.78,UPI,returning,one_time,success,none,3,0.76,139,0,321,0
TX002453,C02531,1029.79,UPI,returning,one_time,success,none,1,0.78,6,1,953,0
TX002454,C01961,700.73,UPI,returning,monthly,success,none,2,0.55,6,1,1152,0
TX002455,C02950,2117.82,CARD,returning,one_time,success,none,0,0.78,3,1,193,0
TX002456,C01049,738.57,CARD,returning,monthly,success,none,0,0.8,340,1,1324,0
TX002457,C01677,5393.58,UPI,returning,monthly,failed,expired_card,3,0.59,102,1,1035,0
TX002458,C02530,4746.73,NETBANKING,returning,one_time,failed,expired_card,2,0.8,84,1,966,0
TX002459,C02965,449.64,NETBANKING,returning,one_time,success,none,1,0.9,46,1,663,0
TX002460,C00964,1175.8,UPI,returning,monthly,success,none,1,0.84,64,1,827,0
TX002461,C00537,572.12,UPI,returning,one_time,success,none,2,0.95,237,0,952,0
TX002462,C01604,791.04,CARD,returning,yearly,success,none,1,0.92,131,0,775,0
TX002463,C01980,8122.78,CARD,returning,one_time,success,none,3,0.76,44,1,939,0
TX002464,C00128,806.28,UPI,returning,monthly,success,none,1,0.73,302,1,830,0
TX002465,C00092,1572.19,UPI,returning,monthly,failed,insufficient_funds,0,0.94,328,1,59,1
TX002466,C00543,1884.32,UPI,new,monthly,success,none,2,0.73,171,1,1200,0
TX002467,C00846,403.17,UPI,returning,one_time,success,none,2,0.76,228,1,1138,0
TX002468,C01682,466.34,UPI,returning,yearly,failed,expired_card,0,0.95,260,0,565,1
TX002469,C01852,328.32,CARD,returning,monthly,success,none,0,0.92,277,0,1073,0
TX002470,C02495,452.16,CARD,returning,monthly,failed,card_declined,2,0.73,20,1,940,1
TX002471,C00390,100.0,CARD,new,monthly,failed,network_error,2,0.4,318,1,1007,0
TX002472,C02720,1890.47,UPI,new,monthly,success,none,0,0.91,314,1,897,0
TX002473,C01885,8554.34,CARD,new,yearly,success,none,1,0.68,280,1,820,0
TX002474,C00043,1271.33,UPI,new,yearly,failed,network_error,3,0.84,27,1,150,0
TX002475,C00254,266.06,UPI,new,one_time,success,none,0,0.87,349,1,95,0
TX002476,C01084,576.64,CARD,returning,one_time,success,none,3,0.76,267,1,846,0
TX002477,C02711,693.06,CARD,returning,yearly,success,none,1,0.74,47,1,970,0
TX002478,C02515,396.4,UPI,returning,one_time,success,none,2,0.78,130,1,173,0
TX002479,C02335,2591.99,CARD,returning,yearly,success,none,2,0.84,5,0,631,0
TX002480,C01541,2465.77,NETBANKING,returning,monthly,success,none,2,0.89,42,1,755,0
TX002481,C01954,345.35,CARD,returning,one_time,success,none,2,0.77,47,1,929,0
TX002482,C02826,2264.44,CARD,returning,one_time,success,none,2,0.79,88,1,1017,0
TX002483,C02393,5048.33,WALLET,new,monthly,success,none,0,0.8,158,1,962,0
TX002484,C00642,7350.75,CARD,new,monthly,success,none,2,0.83,177,1,1039,0
TX002485,C02430,19248.95,CARD,new,one_time,success,none,3,0.92,21,0,1356,0
TX002486,C00690,444.97,UPI,returning,one_time,success,none,2,0.95,245,1,520,0
TX002487,C01277,18475.86,UPI,returning,yearly,failed,card_declined,3,0.92,95,1,870,1
TX002488,C01951,769.54,CARD,new,one_time,success,none,3,0.85,233,1,82,0
TX002489,C01080,606.4,CARD,returning,monthly,success,none,2,0.89,227,1,1293,0
TX002490,C01487,1520.92,UPI,returning,monthly,success,none,2,0.63,228,1,131,0
TX002491,C00457,612.74,WALLET,returning,one_time,success,none,1,0.67,149,0,1196,0
TX002492,C00983,1634.42,UPI,new,one_time,failed,network_error,2,0.67,169,1,862,0
TX002493,C02131,292.93,CARD,new,one_time,success,none,3,0.75,180,1,1497,0
TX002494,C01123,863.72,UPI,new,one_time,success,none,1,0.89,236,1,1435,0
TX002495,C00149,3966.27,UPI,new,monthly,failed,network_error,3,0.79,313,1,692,0
TX002496,C01353,1035.81,NETBANKING,returning,monthly,failed,network_error,1,0.87,110,1,381,1
TX002497,C01180,1263.44,UPI,new,monthly,success,none,3,0.77,39,1,1138,0
TX002498,C00190,1763.86,UPI,returning,monthly,failed,bank_timeout,2,0.7,197,1,56,1
TX002499,C00883,3535.68,UPI,new,one_time,failed,card_declined,1,0.83,106,1,1248,1
TX002500,C02311,209.51,UPI,new,one_time,failed,expired_card,3,0.9,170,1,1159,0
TX002501,C00400,1967.51,CARD,returning,one_time,success,none,2,0.83,183,0,593,0
TX002502,C02812,838.71,WALLET,returning,one_time,failed,insufficient_funds,1,0.81,220,1,1225,1
TX002503,C00609,1295.48,UPI,returning,yearly,success,none,0,0.79,64,0,359,0
TX002504,C01796,3165.13,CARD,returning,one_time,success,none,2,0.94,155,1,1310,0
TX002505,C01639,332.23,CARD,returning,one_time,success,none,3,0.79,223,1,930,0
TX002506,C01576,398.36,WALLET,returning,monthly,success,none,2,0.88,327,0,634,0
TX002507,C02833,158.31,NETBANKING,returning,monthly,success,none,3,0.86,147,1,299,0
TX002508,C02149,633.23,CARD,new,yearly,success,none,3,0.86,166,1,46,0
TX002509,C01383,4148.21,UPI,new,one_time,success,none,3,0.74,168,1,733,0
TX002510,C01404,972.06,UPI,returning,one_time,success,none,3,0.86,321,1,772,0
TX002511,C00820,287.11,UPI,returning,one_time,failed,card_declined,1,0.77,233,1,1146,1
TX002512,C00820,674.74,CARD,new,one_time,failed,card_declined,0,0.82,135,1,686,1
TX002513,C00420,247.68,CARD,new,monthly,success,none,2,0.93,149,0,1181,0
TX002514,C00124,355.96,CARD,returning,yearly,failed,bank_timeout,3,0.88,29,1,1426,1
TX002515,C00422,1617.79,CARD,returning,monthly,success,none,1,0.95,252,1,1453,0
TX002516,C01509,339.04,UPI,returning,one_time,success,none,1,0.9,141,1,357,0
TX002517,C01598,3336.36,CARD,returning,one_time,success,none,3,0.71,297,1,167,0
TX002518,C00768,1021.35,UPI,returning,yearly,success,none,2,0.83,310,1,657,0
TX002519,C02045,1194.63,UPI,returning,monthly,success,none,3,0.95,294,1,295,0
TX002520,C02531,830.17,UPI,returning,yearly,success,none,1,0.86,168,0,309,0
TX002521,C02567,2375.23,NETBANKING,returning,monthly,success,none,2,0.96,291,1,719,0
TX002522,C02203,2399.85,UPI,returning,yearly,success,none,0,0.92,344,1,1482,0
TX002523,C02140,1533.11,NETBANKING,returning,yearly,success,none,0,0.64,184,1,370,0
TX002524,C01550,1929.06,UPI,returning,one_time,failed,bank_timeout,0,0.49,166,1,154,1
TX002525,C02503,887.06,UPI,returning,monthly,success,none,0,0.86,39,1,1103,0
TX002526,C01765,1885.98,NETBANKING,new,monthly,success,none,3,0.6,157,1,1188,0
TX002527,C02045,782.21,CARD,returning,one_time,failed,network_error,1,0.75,24,1,338,1
TX002528,C02646,1099.08,UPI,new,one_time,failed,bank_timeout,1,0.82,247,1,500,1
TX002529,C00510,833.27,UPI,new,one_time,failed,expired_card,1,0.93,346,0,899,0
TX002530,C01207,694.21,NETBANKING,returning,one_time,success,none,2,0.86,44,1,410,0
TX002531,C00386,550.53,UPI,returning,one_time,failed,expired_card,0,0.88,2,1,923,1
TX002532,C01598,1750.56,CARD,new,monthly,success,none,2,0.93,177,1,144,0
TX002533,C02453,4066.78,UPI,new,yearly,failed,network_error,0,0.91,70,1,1337,1
TX002534,C02294,3537.24,UPI,returning,monthly,failed,bank_timeout,2,0.85,58,1,84,1
TX002535,C00742,312.13,UPI,returning,one_time,success,none,1,0.88,212,0,1171,0
TX002536,C02709,3980.66,CARD,new,one_time,success,none,1,0.58,353,1,764,0
TX002537,C02698,797.79,CARD,new,one_time,success,none,1,0.8,290,1,1028,0
TX002538,C01912,1999.66,UPI,returning,monthly,success,none,2,0.74,227,0,1063,0
TX002539,C01447,443.1,CARD,returning,monthly,success,none,3,0.89,275,1,234,0
TX002540,C00901,1263.93,NETBANKING,new,one_time,success,none,1,0.83,323,1,561,0
TX002541,C02113,1500.75,NETBANKING,new,monthly,success,none,1,0.89,93,1,115,0
TX002542,C02261,248.49,UPI,returning,monthly,failed,network_error,0,0.8,43,1,187,1
TX002543,C02010,2014.78,UPI,new,one_time,success,none,2,0.83,308,1,741,0
TX002544,C00242,4213.02,NETBANKING,new,one_time,failed,insufficient_funds,2,0.81,251,0,545,0
TX002545,C02541,920.9,UPI,returning,monthly,failed,bank_timeout,1,0.84,119,1,449,1
TX002546,C02386,4273.41,UPI,returning,monthly,failed,bank_timeout,3,0.96,258,1,573,1
TX002547,C02021,907.15,NETBANKING,new,one_time,failed,bank_timeout,2,0.77,88,1,578,1
TX002548,C00173,2564.67,UPI,returning,one_time,success,none,3,0.7,83,1,1455,0
TX002549,C00672,119.27,UPI,returning,monthly,success,none,3,0.42,145,1,185,0
TX002550,C00164,12317.52,UPI,returning,one_time,failed,bank_timeout,1,0.8,91,0,672,1
TX002551,C00465,4892.5,NETBANKING,new,monthly,success,none,3,0.88,80,1,698,0
TX002552,C00497,824.99,UPI,returning,one_time,success,none,2,0.6,274,1,857,0
TX002553,C00700,152.61,NETBANKING,returning,one_time,failed,expired_card,3,0.87,181,0,1012,0
TX002554,C02443,1462.68,CARD,returning,one_time,failed,network_error,0,0.73,83,1,1103,1
TX002555,C00703,258.8,UPI,returning,yearly,success,none,2,0.66,41,1,614,0
TX002556,C01941,1711.03,UPI,returning,monthly,success,none,1,0.78,240,1,893,0
TX002557,C02356,1655.02,UPI,returning,yearly,success,none,2,0.68,226,1,866,0
TX002558,C01792,427.77,CARD,returning,one_time,success,none,2,0.81,309,1,691,0
TX002559,C00183,3364.27,UPI,returning,monthly,failed,expired_card,3,0.92,299,1,846,1
TX002560,C00629,2454.25,NETBANKING,returning,yearly,failed,network_error,0,0.67,37,1,749,1
TX002561,C02558,2909.75,UPI,returning,one_time,success,none,3,0.69,31,1,1066,0
TX002562,C01732,1106.39,UPI,returning,yearly,success,none,3,0.82,148,1,486,0
TX002563,C00546,266.26,UPI,returning,yearly,success,none,3,0.83,71,1,687,0
TX002564,C01588,2915.72,CARD,returning,yearly,success,none,3,0.92,108,1,1271,0
TX002565,C00624,836.84,UPI,returning,yearly,success,none,3,0.88,51,1,912,0
TX002566,C00594,273.2,UPI,returning,monthly,success,none,2,0.93,38,1,1257,0
TX002567,C00744,4238.82,NETBANKING,returning,yearly,failed,insufficient_funds,0,0.93,331,1,570,1
TX002568,C01769,8949.99,CARD,returning,one_time,failed,bank_timeout,0,0.72,237,1,98,1
TX002569,C01460,1052.32,CARD,new,monthly,success,none,0,0.81,172,1,855,0
TX002570,C01949,9500.7,CARD,new,one_time,failed,card_declined,1,0.85,50,1,629,1
TX002571,C02602,1201.49,CARD,returning,monthly,failed,expired_card,0,0.71,347,1,530,1
TX002572,C02069,749.6,UPI,new,monthly,success,none,2,0.79,136,1,305,0
TX002573,C02602,583.79,UPI,returning,monthly,success,none,3,0.79,310,1,789,0
TX002574,C02445,5636.86,NETBANKING,returning,monthly,failed,card_declined,3,0.76,296,1,19,0
TX002575,C02673,502.63,UPI,returning,one_time,success,none,2,0.85,47,1,647,0
TX002576,C00105,2287.62,CARD,new,monthly,success,none,3,0.95,4,1,1152,0
TX002577,C02240,626.93,UPI,new,one_time,success,none,3,0.71,208,1,1156,0
TX002578,C00017,692.07,UPI,new,one_time,success,none,0,0.84,304,1,1106,0
TX002579,C00393,3072.51,UPI,new,monthly,success,none,0,0.82,326,0,17,0
TX002580,C00425,749.92,UPI,returning,monthly,success,none,0,0.85,112,1,797,0
TX002581,C02177,731.58,CARD,new,one_time,success,none,1,0.94,72,1,1052,0
TX002582,C00572,3404.33,UPI,new,one_time,success,none,0,0.89,101,1,540,0
TX002583,C02077,5417.54,UPI,new,one_time,failed,insufficient_funds,0,0.8,209,1,644,1
TX002584,C01121,2089.52,NETBANKING,returning,monthly,success,none,0,0.89,29,1,1118,0
TX002585,C00242,569.77,UPI,returning,monthly,failed,card_declined,0,0.78,191,1,756,1
TX002586,C02280,658.12,NETBANKING,new,one_time,success,none,0,0.73,70,1,4,0
TX002587,C00789,1187.87,NETBANKING,returning,monthly,success,none,2,0.79,93,1,879,0
TX002588,C00715,1511.61,WALLET,returning,one_time,success,none,2,0.36,37,0,907,0
TX002589,C00759,408.35,NETBANKING,new,monthly,success,none,2,0.72,246,1,705,0
TX002590,C02850,2259.81,UPI,returning,one_time,success,none,3,0.94,143,1,817,0
TX002591,C00776,1194.54,WALLET,returning,yearly,success,none,3,0.74,131,1,932,0
TX002592,C02774,197.21,NETBANKING,new,one_time,success,none,1,0.75,75,1,1387,0
TX002593,C02248,433.15,NETBANKING,returning,monthly,failed,insufficient_funds,3,0.73,61,1,570,1
TX002594,C02993,662.4,UPI,new,monthly,success,none,1,0.63,293,1,87,0
TX002595,C00079,1019.58,WALLET,returning,one_time,failed,expired_card,2,0.7,316,1,602,1
TX002596,C00856,7253.79,CARD,returning,one_time,failed,insufficient_funds,0,0.71,142,1,1103,1
TX002597,C02515,1391.55,CARD,returning,one_time,failed,expired_card,0,0.91,246,1,959,1
TX002598,C02629,473.06,UPI,returning,monthly,success,none,1,0.79,20,1,620,0
TX002599,C01440,1367.35,UPI,new,one_time,success,none,1,0.82,306,1,178,0
TX002600,C02988,771.17,WALLET,new,monthly,failed,expired_card,0,0.94,273,1,311,1
TX002601,C02497,1517.41,UPI,returning,monthly,success,none,1,0.85,97,1,1249,0
TX002602,C02135,1959.74,UPI,new,one_time,success,none,0,0.56,183,1,703,0
TX002603,C02149,3674.71,NETBANKING,new,one_time,failed,card_declined,2,0.94,163,1,795,0
TX002604,C01032,1070.32,UPI,returning,yearly,success,none,1,0.73,40,1,25,0
TX002605,C00845,5647.46,UPI,new,one_time,success,none,2,0.88,140,1,646,0
TX002606,C00087,2719.01,UPI,returning,one_time,success,none,1,0.86,162,1,538,0
TX002607,C02091,540.54,UPI,new,monthly,failed,network_error,2,0.9,126,1,774,1
TX002608,C00408,9995.15,UPI,new,one_time,failed,network_error,2,0.85,234,1,1429,0
TX002609,C02712,1520.8,UPI,returning,monthly,success,none,3,0.88,299,1,896,0
TX002610,C01669,475.74,UPI,new,one_time,failed,network_error,3,0.9,248,1,1002,1
TX002611,C00148,5726.8,CARD,returning,yearly,success,none,1,0.9,344,1,1046,0
TX002612,C02325,8758.48,NETBANKING,new,one_time,success,none,1,0.66,31,1,1448,0
TX002613,C00232,1061.01,UPI,returning,yearly,success,none,2,0.8,179,1,559,0
TX002614,C01951,662.72,UPI,returning,one_time,success,none,2,0.95,322,0,1235,0
TX002615,C00366,923.0,UPI,new,one_time,success,none,0,0.68,120,1,284,0
TX002616,C01675,2241.12,NETBANKING,returning,yearly,success,none,3,0.93,179,1,1229,0
TX002617,C00436,3935.75,WALLET,returning,one_time,success,none,2,0.69,264,1,1332,0
TX002618,C00399,1940.09,UPI,new,one_time,success,none,1,0.91,127,0,1495,0
TX002619,C01235,1214.06,UPI,returning,one_time,success,none,0,0.89,5,1,221,0
TX002620,C01415,4905.01,CARD,new,yearly,failed,bank_timeout,3,0.95,363,1,12,1
TX002621,C02547,802.04,CARD,new,one_time,success,none,0,0.77,46,1,920,0
TX002622,C02588,3074.57,UPI,returning,monthly,success,none,2,0.8,327,1,24,0
TX002623,C00563,822.16,CARD,new,monthly,success,none,0,0.92,346,1,137,0
TX002624,C02490,1687.53,CARD,returning,one_time,failed,card_declined,1,0.9,167,1,366,1
TX002625,C01285,978.91,WALLET,returning,one_time,success,none,1,0.74,42,1,353,0
TX002626,C00773,1037.06,UPI,returning,yearly,success,none,2,0.77,85,1,1443,0
TX002627,C02398,751.91,WALLET,returning,monthly,success,none,0,0.82,276,1,1209,0
TX002628,C02038,4208.47,UPI,returning,monthly,success,none,2,0.81,190,1,1153,0
TX002629,C02568,526.93,CARD,returning,one_time,success,none,3,0.86,70,1,433,0
TX002630,C01344,523.1,CARD,new,one_time,success,none,2,0.65,16,1,698,0
TX002631,C02186,9145.28,UPI,returning,monthly,success,none,2,0.89,35,1,1448,0
TX002632,C01574,2915.65,CARD,returning,monthly,failed,insufficient_funds,3,0.5,302,1,230,0
TX002633,C00992,100.98,UPI,returning,monthly,success,none,0,0.96,65,1,988,0
TX002634,C02416,623.12,UPI,returning,one_time,failed,network_error,1,0.6,153,1,1405,1
TX002635,C01247,179.11,UPI,returning,yearly,success,none,1,0.78,103,1,318,0
TX002636,C00360,423.82,UPI,returning,one_time,success,none,0,0.97,3,1,1227,0
TX002637,C00921,100.0,UPI,returning,one_time,success,none,2,0.81,259,0,917,0
TX002638,C02377,956.24,NETBANKING,returning,yearly,failed,card_declined,1,0.73,325,1,1364,1
TX002639,C02511,350.04,UPI,new,monthly,success,none,2,0.91,18,0,1409,0
TX002640,C02994,1164.33,UPI,returning,one_time,success,none,3,0.87,166,1,244,0
TX002641,C00963,215.91,UPI,new,monthly,success,none,1,0.8,188,0,241,0
TX002642,C01828,1191.43,UPI,returning,monthly,success,none,2,0.82,148,1,277,0
TX002643,C02884,724.21,UPI,new,one_time,success,none,2,0.91,208,1,7,0
TX002644,C01614,4924.38,UPI,new,monthly,success,none,2,0.62,352,1,1296,0
TX002645,C01641,4497.86,UPI,new,one_time,failed,bank_timeout,1,0.96,13,1,820,1
TX002646,C02217,2405.1,UPI,new,one_time,failed,card_declined,2,0.59,74,1,654,0
TX002647,C00217,791.07,CARD,returning,one_time,success,none,1,0.92,67,1,1382,0
TX002648,C00378,7985.48,CARD,returning,monthly,success,none,1,0.81,77,1,1026,0
TX002649,C00119,232.05,UPI,returning,one_time,success,none,1,0.47,228,1,1172,0
TX002650,C00190,269.47,UPI,returning,yearly,failed,insufficient_funds,1,0.83,107,1,358,1
TX002651,C02815,1008.5,NETBANKING,new,monthly,success,none,0,0.57,197,1,1308,0
TX002652,C00370,10446.67,UPI,returning,one_time,success,none,3,0.86,234,1,149,0
TX002653,C01802,895.75,NETBANKING,returning,monthly,failed,network_error,3,0.73,13,1,1405,0
TX002654,C02197,913.02,UPI,returning,monthly,success,none,1,0.7,23,1,1377,0
TX002655,C00652,259.33,UPI,returning,monthly,success,none,2,0.77,51,0,1403,0
TX002656,C01883,2824.06,CARD,new,one_time,failed,insufficient_funds,1,0.9,171,1,611,1
TX002657,C01512,2844.6,NETBANKING,returning,one_time,success,none,2,0.77,115,1,915,0
TX002658,C00770,2414.08,UPI,returning,yearly,success,none,0,0.43,139,1,1153,0
TX002659,C02422,584.51,UPI,returning,one_time,success,none,3,0.86,118,1,97,0
TX002660,C00781,540.93,UPI,returning,one_time,failed,bank_timeout,1,0.71,90,1,990,1
TX002661,C01717,300.93,NETBANKING,returning,monthly,success,none,0,0.88,352,1,1028,0
TX002662,C02208,1192.58,CARD,returning,one_time,success,none,1,0.79,202,1,767,0
TX002663,C02399,372.26,UPI,returning,yearly,success,none,1,0.7,21,1,1260,0
TX002664,C01312,337.84,UPI,new,yearly,success,none,0,0.73,290,1,4,0
TX002665,C02940,717.88,UPI,returning,monthly,success,none,2,0.88,81,0,331,0
TX002666,C01250,672.39,UPI,returning,monthly,success,none,2,0.84,349,0,763,0
TX002667,C00523,640.35,UPI,returning,monthly,failed,insufficient_funds,2,0.72,2,1,4,1
TX002668,C00522,1748.38,CARD,returning,monthly,success,none,1,0.91,19,0,107,0
TX002669,C00783,1186.84,UPI,returning,monthly,success,none,2,0.92,282,1,1105,0
TX002670,C02321,822.09,UPI,new,one_time,success,none,2,0.79,361,1,864,0
TX002671,C00936,1316.87,CARD,new,yearly,success,none,1,0.8,332,1,937,0
TX002672,C02231,406.86,UPI,returning,yearly,success,none,0,0.92,351,0,488,0
TX002673,C01689,1218.38,UPI,returning,yearly,failed,bank_timeout,3,0.92,228,1,1172,1
TX002674,C00488,1274.87,UPI,returning,monthly,failed,insufficient_funds,2,0.82,263,1,279,1
TX002675,C01851,243.95,UPI,returning,one_time,success,none,0,0.92,273,1,968,0
TX002676,C00846,2968.15,NETBANKING,new,one_time,failed,bank_timeout,1,0.81,102,1,782,1
TX002677,C02172,454.21,CARD,new,one_time,success,none,1,0.38,259,1,295,0
TX002678,C02838,1200.28,UPI,returning,one_time,success,none,2,0.9,240,1,1327,0
TX002679,C02462,3513.65,UPI,returning,one_time,success,none,2,0.93,189,1,1481,0
TX002680,C02004,2767.44,UPI,new,monthly,success,none,0,0.89,307,1,458,0
TX002681,C01749,1134.94,CARD,new,monthly,success,none,2,0.86,189,0,1138,0
TX002682,C00686,763.19,UPI,new,one_time,success,none,0,0.55,231,1,1064,0
TX002683,C02161,2828.53,UPI,new,monthly,success,none,1,0.78,164,1,169,0
TX002684,C02936,2153.17,UPI,returning,one_time,success,none,0,0.79,8,1,895,0
TX002685,C02170,590.89,UPI,returning,monthly,success,none,1,0.83,77,1,291,0
TX002686,C01568,495.27,CARD,returning,yearly,success,none,2,0.87,90,1,1107,0
TX002687,C01246,138.05,NETBANKING,returning,monthly,success,none,3,0.89,179,1,1247,0
TX002688,C00039,1279.25,NETBANKING,returning,one_time,failed,card_declined,0,0.96,7,0,1169,1
TX002689,C02545,1009.59,UPI,new,monthly,success,none,3,0.85,79,1,1178,0
TX002690,C00780,3415.88,CARD,returning,monthly,failed,card_declined,0,0.92,168,0,629,1
TX002691,C01257,1570.35,CARD,returning,monthly,failed,card_declined,0,0.78,5,1,913,1
TX002692,C02991,4163.99,NETBANKING,new,yearly,failed,card_declined,3,0.7,113,1,956,0
TX002693,C02197,546.01,UPI,returning,one_time,success,none,3,0.64,348,1,1042,0
TX002694,C02709,3422.58,CARD,returning,one_time,failed,insufficient_funds,2,0.71,334,0,949,0
TX002695,C01928,646.18,UPI,new,one_time,success,none,3,0.93,269,1,1212,0
TX002696,C00302,2386.53,CARD,new,monthly,success,none,3,0.9,250,1,1454,0
TX002697,C02286,254.99,UPI,returning,monthly,success,none,2,0.34,316,0,438,0
TX002698,C00647,1387.33,CARD,returning,one_time,success,none,3,0.7,280,1,869,0
TX002699,C00663,150.7,NETBANKING,returning,one_time,failed,expired_card,3,0.86,218,1,221,1
TX002700,C02284,839.55,UPI,new,monthly,success,none,2,0.85,325,1,1244,0
TX002701,C01760,1703.35,UPI,returning,yearly,success,none,3,0.89,360,1,831,0
TX002702,C02251,651.34,UPI,new,one_time,success,none,0,0.73,112,1,474,0
TX002703,C00256,383.59,UPI,returning,one_time,success,none,0,0.75,231,1,133,0
TX002704,C00598,2555.79,UPI,returning,monthly,success,none,3,0.83,215,1,349,0
TX002705,C00662,988.84,UPI,returning,one_time,success,none,3,0.85,281,1,601,0
TX002706,C00235,672.11,NETBANKING,new,monthly,success,none,3,0.86,330,1,1440,0
TX002707,C01369,1143.55,UPI,new,monthly,success,none,1,0.8,270,1,467,0
TX002708,C02582,15316.24,CARD,new,monthly,success,none,3,0.89,233,1,793,0
TX002709,C02908,3475.53,NETBANKING,new,yearly,success,none,0,0.77,256,1,95,0
TX002710,C00770,3507.2,NETBANKING,new,one_time,success,none,3,0.91,322,1,793,0
TX002711,C02589,1695.18,CARD,returning,monthly,success,none,1,0.74,126,1,586,0
TX002712,C00213,1295.28,UPI,returning,yearly,success,none,2,0.85,163,1,741,0
TX002713,C00463,100.0,NETBANKING,returning,one_time,success,none,1,0.82,169,1,341,0
TX002714,C02484,556.14,UPI,returning,one_time,failed,bank_timeout,1,0.86,159,1,121,1
TX002715,C00283,678.19,NETBANKING,new,monthly,success,none,0,0.73,235,1,1480,0
TX002716,C01487,168.19,CARD,returning,monthly,success,none,3,0.81,52,1,1478,0
TX002717,C01431,344.67,CARD,new,one_time,failed,bank_timeout,0,0.94,171,1,493,1
TX002718,C00088,151.28,UPI,returning,one_time,success,none,1,0.89,21,1,51,0
TX002719,C01068,1055.4,CARD,returning,monthly,success,none,1,0.52,155,1,108,0
TX002720,C00461,2486.83,NETBANKING,returning,one_time,failed,expired_card,3,0.97,46,1,1176,1
TX002721,C02326,3316.86,NETBANKING,new,monthly,success,none,2,0.75,286,1,8,0
TX002722,C02469,1660.35,UPI,new,monthly,success,none,0,0.69,43,1,1439,0
TX002723,C01725,418.47,NETBANKING,new,yearly,success,none,2,0.64,189,1,301,0
TX002724,C01377,158.85,UPI,returning,monthly,success,none,1,0.87,258,1,113,0
TX002725,C02744,189.26,CARD,returning,monthly,success,none,2,0.89,13,1,63,0
TX002726,C00515,308.28,CARD,returning,monthly,success,none,0,0.83,256,1,1385,0
TX002727,C00703,450.85,UPI,new,one_time,failed,bank_timeout,1,0.66,33,1,1092,1
TX002728,C01654,934.72,UPI,returning,monthly,success,none,1,0.81,291,0,237,0
TX002729,C02067,397.75,CARD,returning,monthly,success,none,2,0.69,133,1,981,0
TX002730,C00023,1539.14,UPI,new,monthly,success,none,3,0.7,57,1,1187,0
TX002731,C02461,869.33,UPI,new,monthly,success,none,3,0.91,351,1,1023,0
TX002732,C01054,1108.26,CARD,returning,monthly,success,none,0,0.89,37,0,1319,0
TX002733,C01831,3429.78,NETBANKING,returning,one_time,success,none,3,0.94,86,1,1376,0
TX002734,C02156,336.89,CARD,new,yearly,success,none,1,0.79,229,1,1081,0
TX002735,C01305,1666.87,UPI,new,one_time,success,none,1,0.74,215,1,1093,0
TX002736,C01135,1081.42,UPI,returning,yearly,success,none,2,0.53,297,1,65,0
TX002737,C02184,785.65,CARD,new,one_time,success,none,1,0.85,160,0,1439,0
TX002738,C00362,2657.81,CARD,new,one_time,failed,bank_timeout,1,0.69,70,0,175,1
TX002739,C02177,2641.27,CARD,returning,yearly,success,none,0,0.95,220,1,346,0
TX002740,C01900,425.6,NETBANKING,returning,monthly,success,none,3,0.38,4,1,474,0
TX002741,C01285,914.01,UPI,returning,monthly,failed,card_declined,3,0.95,173,1,599,1
TX002742,C00515,1452.75,UPI,returning,one_time,failed,bank_timeout,3,0.9,265,0,1257,1
TX002743,C00449,834.63,NETBANKING,returning,yearly,success,none,0,0.89,349,0,785,0
TX002744,C01924,1968.49,UPI,returning,monthly,success,none,3,0.58,172,1,227,0
TX002745,C01507,1452.72,CARD,returning,monthly,failed,bank_timeout,2,0.65,111,1,467,1
TX002746,C01248,6853.82,NETBANKING,new,yearly,success,none,3,0.92,266,1,109,0
TX002747,C01856,237.39,NETBANKING,new,monthly,success,none,1,0.97,240,1,1136,0
TX002748,C00874,970.26,CARD,new,one_time,success,none,0,0.72,173,1,1093,0
TX002749,C02521,442.08,UPI,returning,monthly,failed,network_error,2,0.75,18,1,187,1
TX002750,C01429,2006.42,WALLET,returning,monthly,failed,bank_timeout,0,0.76,331,1,601,1
TX002751,C02350,217.64,CARD,new,yearly,failed,expired_card,2,0.87,70,0,476,1
TX002752,C02279,1550.47,UPI,returning,one_time,success,none,2,0.78,219,1,669,0
TX002753,C01755,584.03,CARD,new,monthly,success,none,1,0.88,274,1,427,0
TX002754,C00923,526.28,UPI,new,monthly,success,none,3,0.8,75,1,1123,0
TX002755,C02985,258.14,NETBANKING,returning,one_time,failed,bank_timeout,3,0.78,322,0,113,1
TX002756,C02160,688.78,UPI,returning,one_time,failed,expired_card,2,0.83,179,1,1161,1
TX002757,C01037,3243.8,NETBANKING,new,monthly,failed,bank_timeout,2,0.89,355,1,778,1
TX002758,C01417,1069.36,NETBANKING,new,monthly,success,none,3,0.81,82,1,1466,0
TX002759,C02548,2054.28,NETBANKING,new,monthly,success,none,0,0.87,47,1,464,0
TX002760,C02980,5794.37,CARD,returning,monthly,success,none,2,0.88,271,1,1103,0
TX002761,C02646,1427.61,NETBANKING,returning,monthly,success,none,2,0.75,246,1,1491,0
TX002762,C02282,627.16,UPI,returning,monthly,success,none,0,0.99,8,1,875,0
TX002763,C02650,1749.79,UPI,returning,one_time,success,none,0,0.88,143,1,880,0
TX002764,C00314,636.32,NETBANKING,returning,one_time,failed,expired_card,3,0.83,362,1,694,1
TX002765,C02614,662.21,UPI,returning,monthly,failed,bank_timeout,3,0.88,350,1,231,1
TX002766,C02257,239.87,UPI,returning,monthly,success,none,0,0.8,91,1,886,0
TX002767,C01998,2769.04,UPI,new,monthly,success,none,0,0.88,6,1,892,0
TX002768,C01038,745.46,UPI,returning,monthly,success,none,1,0.68,277,0,977,0
TX002769,C01657,1315.67,CARD,returning,monthly,success,none,1,0.74,4,1,275,0
TX002770,C02635,389.18,CARD,returning,one_time,success,none,3,0.61,203,0,548,0
TX002771,C01779,1695.86,UPI,new,monthly,failed,bank_timeout,2,0.89,277,1,1461,0
TX002772,C01015,511.86,NETBANKING,new,monthly,success,none,0,0.93,105,0,357,0
TX002773,C01094,951.74,UPI,new,monthly,success,none,3,0.95,87,1,933,0
TX002774,C01125,2638.13,CARD,new,monthly,success,none,1,0.67,225,1,1310,0
TX002775,C00698,2418.15,UPI,returning,monthly,success,none,2,0.85,333,0,1362,0
TX002776,C02180,1072.74,CARD,returning,one_time,failed,network_error,1,0.87,243,0,797,0
TX002777,C01405,187.14,UPI,returning,one_time,failed,network_error,1,0.63,107,1,1258,1
TX002778,C01156,21868.68,UPI,returning,one_time,success,none,1,0.83,193,1,1369,0
TX002779,C01044,6284.61,NETBANKING,returning,monthly,success,none,2,0.82,32,0,201,0
TX002780,C01930,2258.99,UPI,returning,one_time,failed,bank_timeout,1,0.8,162,1,1212,1
TX002781,C02584,516.36,WALLET,returning,one_time,success,none,3,0.78,228,1,804,0
TX002782,C01014,978.88,CARD,returning,yearly,success,none,2,0.98,227,0,1251,0
TX002783,C00227,636.88,UPI,returning,monthly,success,none,0,0.83,357,1,54,0
TX002784,C01829,3881.03,CARD,returning,one_time,success,none,0,0.88,70,1,161,0
TX002785,C01493,1425.82,UPI,returning,monthly,success,none,0,0.77,358,1,1399,0
TX002786,C00822,500.61,UPI,returning,monthly,failed,network_error,0,0.95,11,1,1410,1
TX002787,C02024,684.88,WALLET,new,monthly,success,none,1,0.86,317,1,1064,0
TX002788,C00871,3365.02,UPI,new,monthly,failed,insufficient_funds,1,0.84,219,1,409,1
TX002789,C02453,5432.19,CARD,new,one_time,failed,insufficient_funds,0,0.87,338,1,1135,1
TX002790,C02250,5056.0,UPI,returning,one_time,success,none,2,0.64,314,1,743,0
TX002791,C02086,2337.96,CARD,returning,one_time,success,none,1,0.71,4,0,191,0
TX002792,C02990,851.82,UPI,new,one_time,success,none,1,0.83,134,1,569,0
TX002793,C01796,100.0,UPI,returning,monthly,failed,card_declined,2,0.65,188,0,1474,1
TX002794,C00188,1476.1,WALLET,new,one_time,success,none,2,0.65,167,0,503,0
TX002795,C01081,1094.63,UPI,returning,monthly,failed,card_declined,3,0.66,356,1,74,0
TX002796,C00941,1261.41,CARD,new,monthly,success,none,2,0.67,297,1,107,0
TX002797,C02321,1157.36,CARD,returning,one_time,failed,insufficient_funds,0,0.98,56,1,1435,1
TX002798,C02631,291.12,CARD,returning,one_time,failed,card_declined,0,0.65,87,1,1257,1
TX002799,C02564,1914.88,CARD,returning,one_time,success,none,2,0.97,183,1,914,0
TX002800,C00526,2063.62,UPI,new,one_time,success,none,3,0.82,161,1,698,0
TX002801,C00336,2169.69,UPI,returning,monthly,success,none,3,0.71,151,1,1051,0
TX002802,C02746,2825.89,NETBANKING,returning,monthly,success,none,0,0.87,153,1,1085,0
TX002803,C01079,2006.31,NETBANKING,returning,monthly,success,none,0,0.5,290,1,831,0
TX002804,C02548,727.76,UPI,returning,monthly,failed,bank_timeout,2,0.42,156,1,83,0
TX002805,C02948,1021.64,UPI,returning,one_time,failed,bank_timeout,1,0.81,358,1,314,1
TX002806,C02814,1201.26,CARD,returning,monthly,success,none,3,0.86,159,1,758,0
TX002807,C02584,1221.33,WALLET,returning,monthly,success,none,0,0.89,273,1,1169,0
TX002808,C00162,2975.65,WALLET,returning,one_time,success,none,2,0.85,274,1,260,0
TX002809,C00594,2087.39,NETBANKING,returning,yearly,success,none,2,0.92,222,1,1252,0
TX002810,C01939,8754.68,UPI,returning,one_time,success,none,2,0.93,308,1,1173,0
TX002811,C02207,9961.36,NETBANKING,returning,monthly,failed,card_declined,3,0.89,215,1,267,1
TX002812,C00060,1187.55,NETBANKING,new,monthly,failed,insufficient_funds,1,0.81,64,0,848,0
TX002813,C02963,100.0,UPI,returning,monthly,failed,expired_card,2,0.78,184,1,274,1
TX002814,C01902,3777.56,UPI,returning,yearly,success,none,2,0.88,48,1,1297,0
TX002815,C02259,638.82,UPI,new,yearly,success,none,1,0.68,46,0,1404,0
TX002816,C00406,492.02,CARD,new,monthly,failed,bank_timeout,2,0.85,88,1,910,1
TX002817,C00664,736.24,UPI,returning,monthly,success,none,0,0.96,14,1,318,0
TX002818,C01133,701.6,UPI,returning,one_time,failed,network_error,3,0.91,268,0,873,1
TX002819,C01100,2022.86,UPI,new,monthly,success,none,1,0.69,137,1,1139,0
TX002820,C00542,230.57,UPI,new,yearly,failed,expired_card,1,0.83,264,1,66,1
TX002821,C01338,373.26,UPI,returning,monthly,failed,network_error,3,0.62,129,1,995,1
TX002822,C00998,1545.59,CARD,new,one_time,success,none,2,0.57,204,0,528,0
TX002823,C01141,2044.57,UPI,returning,one_time,failed,bank_timeout,3,0.78,266,1,1188,1
TX002824,C02975,2082.95,NETBANKING,returning,one_time,success,none,0,0.93,325,0,490,0
TX002825,C00868,499.18,NETBANKING,returning,one_time,success,none,1,0.85,342,1,924,0
TX002826,C02067,412.29,NETBANKING,new,one_time,success,none,2,0.91,278,1,268,0
TX002827,C00432,660.74,CARD,new,one_time,success,none,2,0.48,292,1,585,0
TX002828,C00740,1393.92,UPI,returning,one_time,failed,card_declined,3,0.85,330,1,595,1
TX002829,C01374,4843.91,UPI,returning,one_time,success,none,1,0.91,255,1,1412,0
TX002830,C00183,141.54,UPI,new,yearly,success,none,3,0.71,79,1,1098,0
TX002831,C02161,879.43,WALLET,returning,monthly,failed,network_error,1,0.92,350,1,243,1
TX002832,C01207,289.26,UPI,returning,monthly,success,none,3,0.65,235,1,1117,0
TX002833,C02529,210.14,CARD,returning,monthly,failed,insufficient_funds,2,0.92,249,1,92,1
TX002834,C01170,2884.07,CARD,returning,one_time,success,none,3,0.8,238,1,1076,0
TX002835,C00831,1890.55,NETBANKING,new,monthly,failed,network_error,1,0.98,190,1,792,1
TX002836,C01652,1718.89,CARD,new,yearly,failed,insufficient_funds,0,0.81,337,1,245,1
TX002837,C01137,2754.6,CARD,new,one_time,failed,expired_card,3,0.84,68,1,863,0
TX002838,C02811,678.77,UPI,new,one_time,failed,expired_card,0,0.87,10,1,1414,1
TX002839,C00476,711.49,CARD,returning,monthly,success,none,2,0.82,363,1,419,0
TX002840,C02811,9756.91,UPI,returning,one_time,success,none,3,0.87,261,1,877,0
TX002841,C01327,856.99,NETBANKING,new,yearly,success,none,0,0.84,185,1,1421,0
TX002842,C00971,2287.31,UPI,returning,monthly,success,none,3,0.86,117,1,1065,0
TX002843,C01020,1103.65,UPI,returning,one_time,success,none,3,0.83,29,0,484,0
TX002844,C01142,172.73,NETBANKING,returning,one_time,failed,card_declined,2,0.76,229,1,605,1
TX002845,C01837,141.94,UPI,returning,monthly,success,none,1,0.89,326,1,878,0
TX002846,C00161,614.63,NETBANKING,returning,one_time,failed,insufficient_funds,1,0.58,175,1,1436,1
TX002847,C02449,3152.97,NETBANKING,returning,yearly,failed,card_declined,3,0.92,245,1,1359,1
TX002848,C00198,2412.19,NETBANKING,new,one_time,success,none,2,0.79,145,0,1320,0
TX002849,C01284,2735.52,UPI,new,yearly,success,none,3,0.42,231,1,170,0
TX002850,C00660,408.69,UPI,returning,one_time,success,none,2,0.84,253,1,526,0
TX002851,C01776,5518.56,NETBANKING,returning,monthly,success,none,1,0.82,95,1,620,0
TX002852,C01071,417.84,NETBANKING,new,one_time,success,none,2,0.77,225,1,232,0
TX002853,C02011,1356.72,UPI,returning,one_time,failed,network_error,3,0.91,33,1,1147,1
TX002854,C00399,1085.34,UPI,new,monthly,success,none,0,0.64,209,1,988,0
TX002855,C01734,921.61,UPI,returning,one_time,success,none,0,0.92,56,1,1078,0
TX002856,C01583,4182.2,WALLET,returning,one_time,success,none,3,0.64,255,1,414,0
TX002857,C02126,541.8,UPI,returning,one_time,success,none,0,0.62,304,1,1,0
TX002858,C02172,284.4,UPI,returning,monthly,failed,card_declined,3,0.87,94,1,1480,0
TX002859,C00075,1118.78,CARD,returning,monthly,failed,network_error,3,0.88,139,0,1445,1
TX002860,C02185,735.22,UPI,new,monthly,failed,expired_card,1,0.88,187,1,941,0
TX002861,C00602,32124.78,NETBANKING,returning,one_time,success,none,1,0.68,130,1,1304,0
TX002862,C00837,2157.07,UPI,new,one_time,success,none,1,0.76,207,1,1238,0
TX002863,C01529,728.26,UPI,returning,one_time,success,none,3,0.64,205,1,1,0
TX002864,C00500,381.42,UPI,returning,yearly,success,none,2,0.57,290,1,260,0
TX002865,C01597,167.29,UPI,returning,yearly,success,none,3,0.89,67,1,109,0
TX002866,C00138,393.38,UPI,returning,monthly,success,none,1,0.92,164,0,1169,0
TX002867,C02098,1230.21,UPI,returning,yearly,success,none,1,0.75,38,1,202,0
TX002868,C01795,4570.27,UPI,new,monthly,success,none,0,0.9,224,1,758,0
TX002869,C00973,3366.7,NETBANKING,returning,one_time,failed,card_declined,1,0.83,140,1,337,1
TX002870,C01643,1378.97,UPI,new,one_time,failed,expired_card,2,0.85,135,1,1144,0
TX002871,C01886,793.8,WALLET,new,one_time,success,none,3,0.74,209,0,939,0
TX002872,C02302,1434.85,CARD,new,one_time,failed,network_error,2,0.71,180,1,1234,0
TX002873,C02029,652.86,UPI,returning,monthly,failed,insufficient_funds,3,0.9,177,1,355,1
TX002874,C02758,6114.17,UPI,returning,monthly,failed,bank_timeout,0,0.96,152,0,1139,1
TX002875,C01901,907.61,UPI,new,monthly,success,none,0,0.89,187,1,1172,0
TX002876,C02611,1005.92,UPI,new,one_time,success,none,2,0.96,330,1,589,0
TX002877,C02805,119.6,UPI,returning,monthly,success,none,0,0.83,142,1,765,0
TX002878,C01450,901.96,UPI,returning,one_time,success,none,3,0.8,16,1,867,0
TX002879,C00547,2531.29,CARD,returning,monthly,failed,network_error,0,0.84,6,0,289,1
TX002880,C00922,377.01,CARD,returning,yearly,failed,network_error,3,0.96,229,1,1276,1
TX002881,C00581,517.64,UPI,returning,one_time,success,none,3,0.68,153,1,1107,0
TX002882,C01373,2422.88,UPI,returning,one_time,success,none,2,0.97,121,0,620,0
TX002883,C01957,250.47,CARD,returning,monthly,success,none,3,0.7,47,1,825,0
TX002884,C02004,3158.34,UPI,returning,yearly,failed,bank_timeout,0,0.7,359,0,25,1
TX002885,C02097,644.1,NETBANKING,returning,one_time,success,none,2,0.77,179,1,564,0
TX002886,C02965,743.55,CARD,returning,monthly,success,none,3,0.61,326,1,698,0
TX002887,C00704,356.42,WALLET,returning,yearly,success,none,3,0.9,32,1,1465,0
TX002888,C02309,1600.46,UPI,new,one_time,success,none,3,0.89,173,1,322,0
TX002889,C02404,12834.24,WALLET,returning,one_time,failed,bank_timeout,2,0.65,184,1,1350,1
TX002890,C01626,2395.86,CARD,returning,monthly,success,none,3,0.92,105,1,962,0
TX002891,C00638,462.07,CARD,returning,one_time,failed,expired_card,2,0.85,53,1,72,1
TX002892,C02791,3413.93,UPI,returning,one_time,success,none,0,0.65,295,1,776,0
TX002893,C01010,798.97,UPI,returning,yearly,failed,network_error,2,0.86,90,1,996,1
TX002894,C02979,4335.04,NETBANKING,new,monthly,failed,network_error,1,0.71,171,1,743,1
TX002895,C00641,2456.95,CARD,new,one_time,success,none,1,0.93,298,1,702,0
TX002896,C02840,100.0,UPI,returning,one_time,failed,card_declined,3,0.84,189,1,1386,1
TX002897,C02660,401.79,UPI,returning,monthly,success,none,3,0.65,265,0,887,0
TX002898,C01862,2819.7,UPI,returning,monthly,success,none,1,0.85,325,1,356,0
TX002899,C02857,1276.22,CARD,returning,monthly,success,none,0,0.82,216,0,738,0
TX002900,C01206,393.96,CARD,returning,monthly,success,none,2,0.87,95,1,465,0
TX002901,C00686,581.97,UPI,returning,monthly,failed,bank_timeout,1,0.71,238,1,64,1
TX002902,C01852,163.0,UPI,new,yearly,success,none,2,0.76,265,1,798,0
TX002903,C00188,1003.88,UPI,returning,yearly,success,none,0,0.82,59,1,947,0
TX002904,C01620,10003.49,UPI,returning,one_time,success,none,0,0.88,219,1,86,0
TX002905,C01688,2452.67,UPI,returning,one_time,success,none,1,0.66,165,1,37,0
TX002906,C00985,9802.74,UPI,new,one_time,success,none,3,0.7,94,0,1360,0
TX002907,C00548,2650.22,UPI,new,one_time,success,none,0,0.63,308,1,644,0
TX002908,C02773,3064.01,NETBANKING,new,one_time,success,none,0,0.68,192,1,1446,0
TX002909,C02974,7895.74,CARD,returning,one_time,success,none,2,0.89,51,1,889,0
TX002910,C01432,1599.21,WALLET,returning,one_time,failed,insufficient_funds,2,0.9,91,0,1153,1
TX002911,C00876,909.39,UPI,returning,one_time,failed,network_error,1,0.61,56,1,547,1
TX002912,C00618,3079.92,NETBANKING,new,one_time,failed,card_declined,1,0.94,151,1,1133,1
TX002913,C02462,4693.06,CARD,new,one_time,success,none,2,0.68,335,1,139,0
TX002914,C01366,678.6,UPI,new,monthly,success,none,0,0.81,77,0,635,0
TX002915,C01244,532.95,UPI,returning,one_time,success,none,3,0.78,72,1,1298,0
TX002916,C00903,1259.99,CARD,returning,yearly,failed,insufficient_funds,3,0.9,16,0,326,1
TX002917,C00163,2518.7,NETBANKING,returning,one_time,success,none,1,0.93,87,1,246,0
TX002918,C01975,2435.95,UPI,new,yearly,success,none,2,0.82,189,1,1196,0
TX002919,C00270,263.97,UPI,new,one_time,failed,expired_card,0,0.52,26,1,729,0
TX002920,C00632,7417.56,CARD,new,monthly,success,none,3,0.83,309,0,1067,0
TX002921,C00906,577.57,WALLET,returning,one_time,failed,card_declined,3,0.68,30,1,75,1
TX002922,C02015,841.29,CARD,returning,monthly,failed,insufficient_funds,3,0.81,210,1,803,1
TX002923,C01642,444.68,UPI,returning,one_time,failed,network_error,0,0.78,18,1,607,1
TX002924,C00205,16290.36,UPI,returning,yearly,success,none,0,0.95,295,1,213,0
TX002925,C00582,1396.98,UPI,returning,one_time,success,none,1,0.93,45,1,1073,0
TX002926,C01580,468.26,NETBANKING,new,one_time,success,none,1,0.51,38,1,835,0
TX002927,C00841,2601.71,CARD,new,monthly,success,none,2,0.67,292,1,725,0
TX002928,C01837,2366.43,CARD,new,monthly,success,none,2,0.47,354,1,1111,0
TX002929,C01252,908.93,UPI,returning,yearly,success,none,2,0.69,219,0,1034,0
TX002930,C01720,2541.75,NETBANKING,returning,one_time,success,none,2,0.74,262,1,32,0
TX002931,C01643,480.44,CARD,returning,monthly,success,none,2,0.79,277,1,1250,0
TX002932,C02644,669.87,WALLET,new,monthly,success,none,1,0.91,132,1,1081,0
TX002933,C02298,146.9,CARD,returning,monthly,failed,card_declined,0,0.79,276,1,1099,1
TX002934,C00875,291.79,NETBANKING,new,monthly,failed,bank_timeout,3,0.72,63,1,1243,1
TX002935,C01465,6685.06,NETBANKING,new,one_time,failed,insufficient_funds,0,0.97,113,0,29,1
TX002936,C02244,5661.41,UPI,returning,one_time,success,none,1,0.9,343,1,579,0
TX002937,C00690,1171.21,WALLET,returning,monthly,success,none,3,0.78,234,1,1304,0
TX002938,C02011,5784.47,UPI,returning,monthly,success,none,3,0.78,111,1,1179,0
TX002939,C02687,934.42,CARD,returning,yearly,success,none,0,0.96,49,1,1232,0
TX002940,C01423,859.71,WALLET,new,monthly,success,none,3,0.91,349,1,1295,0
TX002941,C02002,1160.39,UPI,new,yearly,failed,network_error,1,0.92,229,1,339,0
TX002942,C00672,967.85,CARD,new,one_time,success,none,3,0.98,156,1,1391,0
TX002943,C01172,884.31,CARD,new,one_time,success,none,0,0.87,309,1,1052,0
TX002944,C01496,3440.59,CARD,new,one_time,failed,card_declined,0,0.73,262,1,108,1
TX002945,C00944,1274.28,NETBANKING,returning,yearly,failed,insufficient_funds,2,0.88,30,1,838,1
TX002946,C02247,2236.08,CARD,new,one_time,success,none,1,0.75,166,1,1143,0
TX002947,C01450,3075.99,NETBANKING,returning,one_time,success,none,3,0.67,224,1,1,0
TX002948,C02540,1616.77,UPI,returning,one_time,success,none,3,0.78,76,0,358,0
TX002949,C00896,415.6,UPI,new,one_time,success,none,3,0.89,28,1,404,0
TX002950,C02190,283.48,UPI,returning,one_time,failed,expired_card,0,0.63,254,1,1023,1
TX002951,C01337,1272.55,CARD,returning,one_time,success,none,1,0.78,351,1,967,0
TX002952,C00165,924.03,UPI,returning,one_time,success,none,3,0.92,56,1,796,0
TX002953,C02362,1196.78,CARD,new,yearly,success,none,1,0.8,307,0,2,0
TX002954,C02069,1079.17,UPI,returning,monthly,success,none,3,0.77,266,1,817,0
TX002955,C01106,14524.23,CARD,new,monthly,success,none,2,0.87,138,1,1349,0
TX002956,C01754,289.97,UPI,returning,monthly,success,none,2,0.88,66,1,116,0
TX002957,C02353,149.91,CARD,new,monthly,success,none,2,0.84,185,1,1342,0
TX002958,C01939,1529.01,CARD,returning,yearly,failed,expired_card,0,0.96,292,1,135,1
TX002959,C00371,752.63,NETBANKING,returning,yearly,success,none,3,0.49,45,1,1020,0
TX002960,C01881,1504.28,CARD,returning,one_time,success,none,0,0.99,287,1,1451,0
TX002961,C00853,1966.25,CARD,new,yearly,success,none,0,0.91,252,1,112,0
TX002962,C00384,3960.42,NETBANKING,new,one_time,failed,bank_timeout,0,0.87,96,1,1116,1
TX002963,C01932,242.93,CARD,returning,one_time,failed,card_declined,2,0.8,22,1,1150,0
TX002964,C02493,628.47,UPI,returning,one_time,failed,card_declined,1,0.83,144,1,1433,1
TX002965,C00425,1683.72,NETBANKING,returning,monthly,success,none,1,0.72,173,0,878,0
TX002966,C02209,2369.57,CARD,returning,monthly,success,none,1,0.64,108,1,955,0
TX002967,C00629,9832.51,UPI,new,one_time,success,none,3,0.94,208,0,86,0
TX002968,C00895,2851.8,CARD,returning,monthly,success,none,0,0.69,244,1,153,0
TX002969,C02538,1036.09,NETBANKING,new,one_time,success,none,0,0.75,70,0,1185,0
TX002970,C02375,450.14,WALLET,new,one_time,success,none,3,0.72,144,1,609,0
TX002971,C00598,623.73,WALLET,returning,one_time,success,none,0,0.76,87,1,1389,0
TX002972,C02337,606.25,UPI,returning,monthly,success,none,1,0.58,130,1,1166,0
TX002973,C00593,2111.67,UPI,new,one_time,success,none,0,0.8,29,1,129,0
TX002974,C01688,1417.99,UPI,new,one_time,failed,bank_timeout,3,0.73,44,1,55,0
TX002975,C00573,291.88,UPI,returning,yearly,success,none,3,0.59,281,1,359,0
TX002976,C02076,709.17,NETBANKING,new,yearly,success,none,1,0.9,172,1,152,0
TX002977,C02091,2637.4,UPI,returning,one_time,success,none,0,0.82,323,1,140,0
TX002978,C01705,1558.79,CARD,new,monthly,failed,card_declined,3,0.75,24,1,1220,0
TX002979,C02471,1936.51,CARD,new,one_time,success,none,3,0.93,298,1,1254,0
TX002980,C00177,1608.28,CARD,returning,monthly,success,none,3,0.81,13,1,923,0
TX002981,C00529,5577.14,UPI,returning,monthly,success,none,1,0.97,107,1,608,0
TX002982,C01634,1388.59,UPI,new,one_time,success,none,0,0.84,12,1,1387,0
TX002983,C00966,745.44,UPI,returning,one_time,success,none,2,0.72,27,1,1499,0
TX002984,C01518,438.89,UPI,new,one_time,success,none,0,0.83,333,0,1211,0
TX002985,C00198,1407.56,WALLET,returning,monthly,success,none,1,0.86,241,1,1404,0
TX002986,C02658,100.0,NETBANKING,returning,yearly,success,none,1,0.81,170,1,1275,0
TX002987,C02890,912.06,UPI,returning,yearly,success,none,3,0.63,217,1,705,0
TX002988,C00853,892.62,NETBANKING,returning,yearly,success,none,3,0.81,72,1,1333,0
TX002989,C01538,280.21,UPI,returning,yearly,success,none,1,0.96,249,1,1164,0
TX002990,C02070,433.43,CARD,returning,one_time,success,none,2,0.8,267,1,871,0
TX002991,C01081,2464.29,UPI,returning,monthly,failed,expired_card,2,0.75,276,0,958,1
TX002992,C02890,1381.21,CARD,returning,one_time,success,none,1,0.87,64,1,435,0
TX002993,C00098,1214.14,UPI,returning,yearly,success,none,3,0.78,249,1,976,0
TX002994,C01904,1489.73,UPI,new,monthly,success,none,1,0.5,81,1,1075,0
TX002995,C00435,1203.06,UPI,returning,one_time,success,none,3,0.82,269,1,1074,0
TX002996,C00637,3800.4,UPI,returning,monthly,failed,expired_card,3,0.86,60,1,1464,1
TX002997,C00588,1240.7,CARD,new,one_time,failed,bank_timeout,1,0.87,279,1,63,1
TX002998,C00344,255.13,UPI,returning,one_time,failed,network_error,0,0.87,232,0,1130,1
TX002999,C01318,5597.81,CARD,returning,yearly,success,none,1,0.67,114,1,1152,0
TX003000,C01980,1588.17,CARD,returning,yearly,failed,bank_timeout,0,0.92,126,1,1324,1
TX003001,C00571,608.35,CARD,new,one_time,success,none,2,0.67,163,1,482,0
TX003002,C00611,313.12,CARD,returning,one_time,success,none,3,0.93,300,0,137,0
TX003003,C01728,1629.31,UPI,returning,one_time,success,none,2,0.67,122,1,745,0
TX003004,C02291,975.38,CARD,new,yearly,success,none,3,0.9,284,1,933,0
TX003005,C01855,5293.03,NETBANKING,returning,yearly,success,none,3,0.61,10,0,1238,0
TX003006,C02609,775.95,CARD,returning,monthly,failed,expired_card,1,0.91,341,1,562,1
TX003007,C00960,474.67,CARD,returning,monthly,success,none,3,0.71,235,1,119,0
TX003008,C02080,2685.97,CARD,returning,monthly,success,none,2,0.51,192,1,204,0
TX003009,C02439,2766.34,UPI,returning,one_time,success,none,3,0.64,252,1,1351,0
TX003010,C02325,1298.09,CARD,new,yearly,success,none,0,0.96,132,1,1004,0
TX003011,C00532,2156.75,NETBANKING,returning,monthly,failed,bank_timeout,0,0.93,362,1,474,1
TX003012,C01178,1056.07,UPI,returning,one_time,success,none,1,0.72,235,1,165,0
TX003013,C02431,1385.57,NETBANKING,returning,one_time,success,none,1,0.79,33,0,1478,0
TX003014,C01092,3515.69,UPI,new,monthly,success,none,3,0.93,202,1,347,0
TX003015,C01902,2049.43,UPI,new,one_time,failed,expired_card,2,0.76,60,1,1435,0
TX003016,C00884,925.86,NETBANKING,new,monthly,success,none,1,0.83,26,1,290,0
TX003017,C02262,4240.19,NETBANKING,returning,yearly,success,none,1,0.52,349,1,612,0
TX003018,C01679,103.04,NETBANKING,new,monthly,success,none,1,0.88,334,1,607,0
TX003019,C02424,8536.22,NETBANKING,returning,monthly,success,none,0,0.91,152,1,1085,0
TX003020,C02792,199.15,UPI,returning,monthly,failed,network_error,2,0.78,354,1,733,1
TX003021,C02261,585.76,CARD,new,one_time,failed,expired_card,1,0.92,55,1,982,1
TX003022,C02127,1052.67,UPI,returning,monthly,success,none,3,0.81,253,1,711,0
TX003023,C01750,947.21,UPI,new,one_time,success,none,1,0.7,42,1,57,0
TX003024,C02676,3000.13,UPI,returning,yearly,success,none,1,0.92,349,1,969,0
TX003025,C02652,380.76,CARD,returning,yearly,success,none,0,0.93,354,1,12,0
TX003026,C00782,1423.35,UPI,new,one_time,success,none,0,0.84,180,0,467,0
TX003027,C02728,615.1,NETBANKING,new,monthly,success,none,1,0.57,362,1,1024,0
TX003028,C02106,1473.12,CARD,returning,monthly,failed,card_declined,2,0.8,319,1,544,1
TX003029,C00881,1027.85,UPI,returning,yearly,success,none,0,0.84,72,1,968,0
TX003030,C00447,1203.44,CARD,returning,monthly,success,none,1,0.73,95,0,962,0
TX003031,C02114,632.75,UPI,new,monthly,success,none,2,0.65,312,1,1034,0
TX003032,C01784,658.48,UPI,returning,monthly,success,none,1,0.8,291,1,313,0
TX003033,C01278,1461.58,NETBANKING,new,one_time,success,none,2,0.53,26,1,651,0
TX003034,C01992,2817.81,UPI,returning,one_time,success,none,3,0.97,128,1,1244,0
TX003035,C01068,602.88,NETBANKING,returning,one_time,failed,insufficient_funds,0,0.95,160,1,1104,1
TX003036,C01578,460.0,CARD,returning,one_time,failed,network_error,3,0.75,116,1,819,1
TX003037,C01012,2025.27,CARD,returning,one_time,success,none,2,0.9,344,1,1010,0
TX003038,C02275,1061.56,CARD,new,monthly,success,none,0,0.79,274,1,681,0
TX003039,C00774,2516.18,UPI,new,monthly,success,none,0,0.89,206,1,165,0
TX003040,C02727,443.28,UPI,new,yearly,success,none,3,0.9,147,1,1184,0
TX003041,C01815,185.04,UPI,new,one_time,failed,insufficient_funds,2,0.94,98,1,1136,0
TX003042,C02649,643.55,UPI,returning,yearly,success,none,0,0.75,213,1,32,0
TX003043,C02427,509.61,UPI,new,monthly,success,none,2,0.67,53,0,1480,0
TX003044,C01202,1013.55,WALLET,returning,monthly,success,none,2,0.79,315,1,1283,0
TX003045,C01451,580.07,UPI,returning,monthly,failed,network_error,0,0.77,247,1,768,1
TX003046,C02757,2300.81,CARD,returning,monthly,success,none,0,0.84,105,1,503,0
TX003047,C00307,822.09,UPI,new,one_time,success,none,0,0.99,241,1,958,0
TX003048,C00779,1274.71,UPI,new,monthly,success,none,3,0.82,11,1,462,0
TX003049,C02552,1283.87,UPI,new,monthly,success,none,0,0.78,35,1,460,0
TX003050,C02316,1332.69,CARD,returning,yearly,failed,network_error,0,0.74,100,0,1254,1
TX003051,C00008,1070.49,UPI,returning,yearly,success,none,1,0.91,165,1,850,0
TX003052,C02556,1827.31,UPI,returning,monthly,success,none,1,0.47,343,0,387,0
TX003053,C00476,494.89,CARD,returning,monthly,success,none,3,0.9,333,0,517,0
TX003054,C01321,4444.48,CARD,returning,yearly,success,none,3,0.92,233,1,1225,0
TX003055,C02212,865.63,UPI,new,yearly,success,none,1,0.92,56,1,261,0
TX003056,C00485,295.44,CARD,returning,monthly,success,none,3,0.57,265,0,679,0
TX003057,C02615,1323.55,CARD,new,monthly,failed,network_error,1,0.7,135,1,958,0
TX003058,C00905,468.16,CARD,new,one_time,success,none,1,0.8,198,1,1327,0
TX003059,C00559,2133.11,UPI,returning,monthly,failed,network_error,2,0.69,263,0,847,0
TX003060,C01968,9992.65,UPI,returning,one_time,failed,expired_card,3,0.89,11,1,754,0
TX003061,C02286,499.41,UPI,returning,monthly,failed,card_declined,0,0.86,333,1,223,1
TX003062,C01128,1529.0,WALLET,new,one_time,success,none,1,0.83,351,1,581,0
TX003063,C01234,189.52,UPI,returning,one_time,failed,expired_card,2,0.97,193,0,160,1
TX003064,C02602,1726.59,WALLET,new,one_time,success,none,2,0.83,94,1,1291,0
TX003065,C02876,452.27,UPI,returning,yearly,success,none,1,0.72,325,1,1360,0
TX003066,C00468,587.08,UPI,new,monthly,failed,expired_card,3,0.91,149,1,794,0
TX003067,C02434,364.57,UPI,new,monthly,success,none,1,0.74,216,1,1339,0
TX003068,C02823,2280.5,UPI,returning,monthly,success,none,3,0.82,101,0,608,0
TX003069,C00848,3002.81,NETBANKING,returning,yearly,failed,card_declined,1,0.88,37,1,80,1
TX003070,C02435,1122.58,NETBANKING,returning,one_time,success,none,1,0.58,245,1,1146,0
TX003071,C02925,462.0,CARD,new,monthly,failed,network_error,2,0.67,318,1,416,0
TX003072,C00259,5375.05,CARD,returning,monthly,failed,card_declined,0,0.91,160,1,924,1
TX003073,C00283,517.8,CARD,returning,yearly,success,none,0,0.75,40,1,259,0
TX003074,C01650,126.21,WALLET,returning,one_time,success,none,2,0.9,88,1,724,0
TX003075,C01899,1734.35,UPI,new,yearly,failed,insufficient_funds,3,0.83,231,1,1474,1
TX003076,C00040,363.3,CARD,new,one_time,success,none,1,0.53,7,1,784,0
TX003077,C02534,2947.19,CARD,returning,one_time,success,none,3,0.75,329,1,373,0
TX003078,C02977,749.09,WALLET,returning,one_time,success,none,0,0.82,93,1,1289,0
TX003079,C02268,2005.63,NETBANKING,returning,one_time,success,none,3,0.87,86,1,498,0
TX003080,C01015,4453.74,WALLET,returning,monthly,success,none,1,0.88,333,0,245,0
TX003081,C00613,327.39,CARD,returning,monthly,success,none,0,0.8,237,1,177,0
TX003082,C02976,622.7,UPI,returning,one_time,success,none,3,0.7,318,0,543,0
TX003083,C01916,1016.71,UPI,new,monthly,success,none,3,0.99,305,1,1476,0
TX003084,C00688,5102.83,CARD,returning,monthly,success,none,3,0.73,353,1,789,0
TX003085,C00613,567.71,CARD,new,monthly,success,none,0,0.8,5,0,455,0
TX003086,C02308,605.16,UPI,new,monthly,failed,card_declined,0,0.9,201,1,587,1
TX003087,C02414,1768.95,UPI,returning,yearly,success,none,3,0.81,218,1,603,0
TX003088,C01782,615.71,UPI,returning,monthly,success,none,2,0.88,331,1,427,0
TX003089,C01811,1277.33,NETBANKING,returning,one_time,failed,expired_card,1,0.69,218,0,1090,1
TX003090,C02592,232.4,UPI,new,one_time,success,none,0,0.89,317,1,294,0
TX003091,C02697,10039.98,CARD,new,one_time,success,none,0,0.62,76,1,1012,0
TX003092,C01548,284.94,UPI,returning,monthly,success,none,0,0.74,227,1,829,0
TX003093,C01931,794.92,UPI,new,yearly,failed,network_error,1,0.79,105,1,479,0
TX003094,C02862,1061.59,NETBANKING,returning,monthly,success,none,0,0.85,232,1,359,0
TX003095,C01153,7425.6,UPI,new,one_time,success,none,2,0.78,118,1,981,0
TX003096,C00575,291.53,UPI,returning,monthly,success,none,0,0.93,16,1,541,0
TX003097,C01911,7972.11,UPI,returning,monthly,failed,expired_card,0,0.76,279,1,1191,1
TX003098,C01013,2338.29,UPI,new,yearly,success,none,2,0.77,81,1,520,0
TX003099,C00670,1664.19,CARD,returning,one_time,success,none,1,0.58,304,1,1084,0
TX003100,C00269,409.68,UPI,new,monthly,success,none,1,0.78,328,1,866,0
TX003101,C01284,1941.35,CARD,new,yearly,failed,insufficient_funds,0,0.89,105,1,696,1
TX003102,C00924,531.93,UPI,returning,yearly,success,none,1,0.78,242,1,383,0
TX003103,C01126,3891.93,NETBANKING,returning,one_time,success,none,2,0.89,213,1,1218,0
TX003104,C01530,415.27,NETBANKING,new,one_time,failed,network_error,1,0.69,284,1,88,1
TX003105,C01759,979.3,WALLET,returning,monthly,failed,bank_timeout,0,0.64,37,0,1242,1
TX003106,C01595,629.37,NETBANKING,new,yearly,failed,expired_card,2,0.93,283,1,1122,1
TX003107,C00247,408.49,UPI,new,one_time,success,none,0,0.77,311,1,436,0
TX003108,C01561,2301.51,UPI,returning,yearly,success,none,2,0.78,46,0,1191,0
TX003109,C02179,1873.3,CARD,returning,one_time,failed,expired_card,2,0.82,71,1,313,1
TX003110,C02401,3673.9,UPI,returning,monthly,success,none,0,0.82,39,1,813,0
TX003111,C02244,184.96,UPI,returning,monthly,failed,card_declined,0,0.75,195,1,771,1
TX003112,C01940,3178.52,UPI,returning,one_time,success,none,1,0.7,127,1,402,0
TX003113,C00930,13432.72,UPI,returning,one_time,success,none,3,0.85,177,1,1349,0
TX003114,C02693,698.1,CARD,new,monthly,success,none,1,0.86,169,1,482,0
TX003115,C00227,7296.49,UPI,returning,monthly,success,none,0,0.86,175,1,918,0
TX003116,C02749,842.89,UPI,returning,one_time,success,none,0,0.86,342,1,1346,0
TX003117,C00265,277.99,CARD,returning,monthly,success,none,1,0.83,260,1,695,0
TX003118,C01396,807.84,UPI,returning,monthly,success,none,3,0.91,61,1,1070,0
TX003119,C01458,3128.17,WALLET,new,monthly,success,none,3,0.66,38,0,903,0
TX003120,C00646,474.29,UPI,new,yearly,failed,network_error,0,0.79,186,1,94,1
TX003121,C02259,601.64,CARD,returning,monthly,success,none,3,0.81,333,1,942,0
TX003122,C01419,1985.33,UPI,new,monthly,success,none,2,0.82,197,1,936,0
TX003123,C01474,1099.99,UPI,returning,monthly,success,none,1,0.89,350,0,92,0
TX003124,C02991,1967.7,UPI,returning,monthly,success,none,3,0.96,209,1,1442,0
TX003125,C01388,1391.07,UPI,returning,one_time,success,none,3,0.79,83,0,312,0
TX003126,C01900,1771.58,NETBANKING,returning,yearly,success,none,1,0.95,267,1,1465,0
TX003127,C02505,711.73,CARD,new,one_time,success,none,2,0.89,341,0,1397,0
TX003128,C02773,1382.61,UPI,returning,monthly,failed,expired_card,3,0.87,87,1,884,1
TX003129,C01250,433.82,UPI,returning,monthly,success,none,2,0.71,154,1,336,0
TX003130,C00982,3977.6,UPI,returning,one_time,success,none,0,0.79,214,1,1406,0
TX003131,C01155,581.57,UPI,new,one_time,success,none,0,0.84,61,1,1002,0
TX003132,C00588,3390.89,UPI,new,one_time,success,none,2,0.91,252,1,47,0
TX003133,C00476,868.17,WALLET,returning,one_time,success,none,2,0.95,9,1,157,0
TX003134,C01822,1342.11,UPI,new,yearly,success,none,1,0.9,353,1,544,0
TX003135,C00986,668.5,CARD,new,yearly,success,none,1,0.76,37,0,453,0
TX003136,C02204,397.03,CARD,returning,one_time,failed,insufficient_funds,1,0.66,154,1,1093,1
TX003137,C01242,191.57,NETBANKING,returning,one_time,failed,network_error,3,0.81,58,1,1012,1
TX003138,C00190,381.72,UPI,returning,yearly,success,none,0,0.95,79,1,1444,0
TX003139,C01441,793.21,CARD,returning,one_time,success,none,1,0.86,84,1,848,0
TX003140,C00981,1355.44,NETBANKING,returning,yearly,failed,network_error,3,0.7,159,1,311,1
TX003141,C01699,3012.06,UPI,new,one_time,failed,card_declined,3,0.91,310,1,1455,0
TX003142,C01716,702.22,UPI,returning,monthly,failed,expired_card,2,0.76,64,1,831,1
TX003143,C02594,453.97,WALLET,new,one_time,success,none,1,0.69,220,1,1332,0
TX003144,C00041,259.12,CARD,returning,one_time,failed,expired_card,2,0.89,251,1,408,1
TX003145,C02355,1772.35,UPI,returning,one_time,failed,bank_timeout,2,0.77,171,1,733,1
TX003146,C00943,4372.96,CARD,new,monthly,success,none,3,0.58,1,1,1054,0
TX003147,C00338,3890.65,UPI,returning,one_time,failed,bank_timeout,0,0.95,331,1,678,1
TX003148,C01338,2230.39,UPI,returning,monthly,failed,network_error,3,0.78,41,1,77,0
TX003149,C01099,2076.72,UPI,new,one_time,success,none,3,0.49,49,1,1249,0
TX003150,C02327,5988.66,UPI,returning,one_time,failed,expired_card,3,0.64,196,1,52,0
TX003151,C00896,1528.56,CARD,returning,monthly,failed,card_declined,0,0.62,256,1,1480,1
TX003152,C02321,2092.53,CARD,returning,one_time,failed,expired_card,1,0.74,58,1,295,1
TX003153,C02885,795.7,NETBANKING,returning,one_time,failed,card_declined,3,0.95,220,1,1332,1
TX003154,C02668,280.89,UPI,returning,monthly,success,none,3,0.79,28,1,819,0
TX003155,C01675,553.44,NETBANKING,new,monthly,success,none,1,0.82,92,1,833,0
TX003156,C02910,1086.63,UPI,new,yearly,success,none,1,0.76,56,1,558,0
TX003157,C00931,1165.36,UPI,returning,monthly,failed,bank_timeout,3,0.82,19,1,18,1
TX003158,C00289,7527.26,NETBANKING,returning,one_time,success,none,0,0.96,281,1,820,0
TX003159,C00724,1189.49,UPI,new,one_time,success,none,2,0.98,43,1,1437,0
TX003160,C02941,3564.73,UPI,new,one_time,success,none,2,0.92,62,0,374,0
TX003161,C02320,709.76,UPI,returning,one_time,success,none,3,0.8,191,1,601,0
TX003162,C01954,802.98,UPI,returning,one_time,success,none,0,0.72,275,1,755,0
TX003163,C01090,290.32,CARD,returning,one_time,failed,insufficient_funds,1,0.83,311,1,646,1
TX003164,C00483,522.0,WALLET,returning,one_time,success,none,0,0.58,339,1,273,0
TX003165,C00936,1857.49,CARD,returning,one_time,failed,expired_card,2,0.71,346,1,1148,1
TX003166,C02296,1104.96,NETBANKING,returning,one_time,success,none,0,0.91,15,1,1089,0
TX003167,C00156,2815.62,CARD,returning,one_time,success,none,3,0.74,19,1,1425,0
TX003168,C01071,1314.56,NETBANKING,returning,one_time,success,none,0,0.88,267,1,312,0
TX003169,C01959,770.89,UPI,new,monthly,failed,bank_timeout,2,0.95,11,1,1152,1
TX003170,C02502,9398.42,NETBANKING,returning,one_time,success,none,3,0.98,230,1,1010,0
TX003171,C02249,998.34,UPI,returning,one_time,success,none,3,0.66,235,0,1217,0
TX003172,C01684,3508.7,NETBANKING,returning,one_time,success,none,0,0.92,318,1,923,0
TX003173,C00124,734.21,UPI,returning,monthly,failed,insufficient_funds,3,0.53,352,1,1331,1
TX003174,C02049,2229.65,CARD,returning,monthly,success,none,0,0.81,328,1,70,0
TX003175,C00968,2773.92,CARD,returning,one_time,failed,insufficient_funds,0,0.62,179,1,965,1
TX003176,C00855,1350.85,WALLET,returning,monthly,success,none,1,0.87,242,0,462,0
TX003177,C00640,104.12,CARD,new,monthly,success,none,2,0.97,258,0,445,0
TX003178,C02239,1116.83,UPI,returning,monthly,success,none,1,0.76,59,1,287,0
TX003179,C01603,3753.56,CARD,returning,yearly,success,none,2,0.83,332,1,250,0
TX003180,C02564,1858.42,UPI,returning,yearly,success,none,2,0.76,93,1,402,0
TX003181,C00442,1712.72,UPI,new,one_time,success,none,3,0.62,79,1,1267,0
TX003182,C01945,195.93,UPI,returning,one_time,success,none,2,0.86,52,1,530,0
TX003183,C01839,533.55,UPI,returning,monthly,failed,bank_timeout,0,0.75,285,1,1478,1
TX003184,C01830,1654.67,UPI,new,yearly,failed,bank_timeout,1,0.95,169,1,803,1
TX003185,C02191,1653.06,NETBANKING,new,monthly,success,none,3,0.91,49,1,422,0
TX003186,C00533,3694.74,NETBANKING,new,one_time,success,none,3,0.79,161,1,643,0
TX003187,C02275,948.74,UPI,returning,one_time,success,none,2,0.9,117,1,1309,0
TX003188,C01337,1645.54,UPI,returning,monthly,success,none,1,0.8,14,1,39,0
TX003189,C00949,1114.74,UPI,new,monthly,success,none,1,0.88,33,1,180,0
TX003190,C02020,408.73,UPI,returning,monthly,success,none,1,0.8,15,1,314,0
TX003191,C00460,114.92,UPI,new,monthly,success,none,3,0.81,23,1,228,0
TX003192,C00551,1687.51,UPI,returning,one_time,success,none,1,0.85,316,1,1493,0
TX003193,C00393,1304.99,CARD,returning,yearly,success,none,0,0.63,211,1,494,0
TX003194,C01788,591.01,CARD,returning,yearly,success,none,0,0.59,262,1,56,0
TX003195,C00845,217.2,UPI,new,monthly,failed,bank_timeout,2,0.76,283,0,1399,0
TX003196,C02258,2058.51,UPI,returning,monthly,failed,card_declined,2,0.98,140,1,314,1
TX003197,C01139,840.57,CARD,returning,monthly,success,none,0,0.98,91,1,1081,0
TX003198,C00646,1913.85,NETBANKING,returning,one_time,failed,network_error,2,0.65,299,1,379,1
TX003199,C02267,7073.06,UPI,returning,one_time,success,none,3,0.63,55,1,1340,0
TX003200,C02455,128.84,UPI,returning,one_time,failed,network_error,0,0.9,281,1,1263,1
TX003201,C01467,544.79,UPI,new,yearly,failed,network_error,3,0.62,301,1,404,0
TX003202,C01378,889.47,UPI,new,one_time,success,none,1,0.86,340,1,10,0
TX003203,C02936,4697.69,UPI,new,one_time,success,none,3,0.72,65,0,532,0
TX003204,C02606,213.49,UPI,returning,monthly,success,none,1,0.82,94,1,357,0
TX003205,C02598,7599.68,UPI,returning,one_time,success,none,0,0.82,202,0,213,0
TX003206,C00142,1256.21,UPI,returning,one_time,success,none,2,0.77,264,1,621,0
TX003207,C02660,996.25,CARD,returning,monthly,failed,card_declined,2,0.92,138,1,468,1
TX003208,C00501,899.59,UPI,returning,monthly,success,none,0,0.92,254,1,614,0
TX003209,C00840,708.92,CARD,returning,monthly,success,none,3,0.89,64,0,525,0
TX003210,C02750,3127.9,UPI,new,monthly,success,none,0,0.79,349,1,1145,0
TX003211,C01683,376.71,UPI,returning,monthly,success,none,1,0.8,265,1,1280,0
TX003212,C01566,1549.08,NETBANKING,new,one_time,success,none,2,0.8,237,1,1180,0
TX003213,C02047,746.82,CARD,returning,monthly,success,none,1,0.7,340,1,1359,0
TX003214,C01531,511.77,UPI,new,one_time,success,none,0,0.55,111,1,476,0
TX003215,C00596,14559.15,CARD,returning,one_time,failed,bank_timeout,2,1.0,217,1,636,1
TX003216,C01905,1667.45,CARD,returning,one_time,success,none,1,0.73,85,1,996,0
TX003217,C00281,2024.88,UPI,new,one_time,success,none,2,0.91,105,1,1345,0
TX003218,C00424,3421.3,UPI,returning,one_time,failed,network_error,2,0.73,205,0,884,0
TX003219,C02904,264.71,NETBANKING,new,one_time,success,none,0,0.98,277,1,890,0
TX003220,C00270,6325.17,UPI,returning,monthly,success,none,1,0.99,77,0,727,0
TX003221,C00154,100.0,UPI,returning,monthly,success,none,0,0.64,12,1,1444,0
TX003222,C02662,508.38,UPI,returning,one_time,success,none,3,0.72,320,1,793,0
TX003223,C01751,692.96,CARD,new,yearly,failed,card_declined,1,0.63,335,1,699,0
TX003224,C00662,1962.01,NETBANKING,returning,monthly,success,none,0,0.93,341,1,819,0
TX003225,C01968,1364.74,NETBANKING,returning,yearly,success,none,0,0.72,165,1,380,0
TX003226,C00083,928.14,CARD,returning,monthly,success,none,3,0.93,99,1,81,0
TX003227,C02995,1083.56,WALLET,returning,one_time,success,none,0,0.71,252,0,1352,0
TX003228,C02947,412.39,CARD,new,yearly,success,none,3,0.7,350,1,387,0
TX003229,C01450,245.37,CARD,returning,yearly,success,none,1,0.96,337,1,959,0
TX003230,C01299,2267.68,WALLET,returning,monthly,success,none,3,0.86,247,0,1225,0
TX003231,C02332,2194.49,UPI,returning,one_time,success,none,3,0.97,63,0,107,0
TX003232,C00980,5348.09,CARD,returning,one_time,failed,card_declined,0,0.75,68,1,665,1
TX003233,C02221,497.69,CARD,new,monthly,success,none,2,0.87,46,0,540,0
TX003234,C02811,2192.54,NETBANKING,returning,one_time,failed,bank_timeout,0,0.84,28,1,507,1
TX003235,C01660,825.75,NETBANKING,new,monthly,success,none,2,0.75,75,1,45,0
TX003236,C01399,3606.43,NETBANKING,returning,monthly,failed,insufficient_funds,1,0.89,316,1,1444,1
TX003237,C00633,3047.15,NETBANKING,returning,one_time,success,none,2,0.72,219,1,1051,0
TX003238,C01532,1354.53,UPI,new,monthly,success,none,3,0.79,33,0,1172,0
TX003239,C00787,780.92,UPI,returning,monthly,success,none,2,0.83,152,1,1168,0
TX003240,C02991,2866.74,UPI,returning,one_time,success,none,2,0.8,240,1,1297,0
TX003241,C00398,2094.15,UPI,returning,monthly,success,none,3,0.66,185,1,884,0
TX003242,C01144,553.11,UPI,returning,monthly,success,none,2,0.75,160,0,914,0
TX003243,C00934,290.67,UPI,returning,monthly,success,none,2,0.68,211,1,451,0
TX003244,C01461,821.78,UPI,returning,monthly,failed,card_declined,1,0.7,194,1,1457,1
TX003245,C01853,4991.11,NETBANKING,new,one_time,failed,expired_card,1,0.77,104,1,1355,0
TX003246,C02724,3451.23,UPI,returning,one_time,success,none,1,0.61,63,1,549,0
TX003247,C02984,360.57,NETBANKING,returning,yearly,success,none,3,0.3,213,1,913,0
TX003248,C02513,341.12,NETBANKING,returning,monthly,success,none,1,0.95,75,1,1324,0
TX003249,C00286,3923.28,UPI,returning,one_time,success,none,1,0.79,173,1,738,0
TX003250,C00265,352.26,UPI,returning,monthly,success,none,3,0.87,347,1,980,0
TX003251,C02368,1824.93,CARD,returning,monthly,failed,card_declined,3,0.97,212,1,58,1
TX003252,C02721,592.25,CARD,returning,one_time,success,none,3,0.56,271,0,771,0
TX003253,C02868,5525.04,UPI,returning,yearly,failed,insufficient_funds,3,0.97,48,1,897,1
TX003254,C02137,507.54,UPI,returning,one_time,success,none,1,0.69,122,1,348,0
TX003255,C01678,3440.46,UPI,returning,monthly,failed,insufficient_funds,0,0.82,68,0,1071,1
TX003256,C01227,1319.3,UPI,returning,monthly,success,none,2,0.75,230,1,230,0
TX003257,C00821,1411.2,UPI,returning,one_time,success,none,1,0.77,31,0,1017,0
TX003258,C01763,152.89,UPI,returning,monthly,failed,expired_card,0,0.93,349,1,1024,1
TX003259,C02382,121.16,CARD,returning,monthly,success,none,1,0.93,122,0,454,0
TX003260,C02270,879.57,WALLET,new,monthly,success,none,1,0.68,319,0,598,0
TX003261,C00041,1403.75,CARD,returning,one_time,success,none,3,0.91,190,1,57,0
TX003262,C01732,355.95,NETBANKING,returning,yearly,success,none,0,0.92,324,1,1037,0
TX003263,C00068,369.19,CARD,new,one_time,success,none,1,0.89,105,1,1000,0
TX003264,C00988,1922.67,CARD,new,monthly,success,none,2,0.96,52,1,260,0
TX003265,C01800,1925.33,UPI,new,yearly,success,none,3,0.76,114,1,749,0
TX003266,C02562,955.52,UPI,returning,one_time,success,none,2,0.86,240,1,778,0
TX003267,C01622,2392.76,NETBANKING,returning,one_time,failed,network_error,0,0.75,119,1,194,1
TX003268,C01656,338.93,NETBANKING,returning,yearly,failed,card_declined,1,0.91,324,0,208,1
TX003269,C01279,768.21,UPI,returning,yearly,success,none,2,0.76,153,1,714,0
TX003270,C00695,5698.04,UPI,returning,monthly,success,none,0,0.89,206,1,1271,0
TX003271,C02525,1174.18,CARD,returning,monthly,success,none,3,0.53,60,1,649,0
TX003272,C01086,1244.28,UPI,new,monthly,success,none,2,0.92,168,1,759,0
TX003273,C02929,11003.26,UPI,returning,one_time,success,none,0,0.74,169,1,574,0
TX003274,C02480,270.6,NETBANKING,returning,one_time,failed,bank_timeout,0,0.8,36,0,135,1
TX003275,C01694,2431.91,UPI,new,one_time,failed,bank_timeout,2,0.72,187,1,1296,0
TX003276,C02316,5790.57,CARD,returning,one_time,failed,expired_card,1,0.99,227,1,830,1
TX003277,C01059,792.46,NETBANKING,new,monthly,success,none,0,0.83,139,1,770,0
TX003278,C00779,2590.56,UPI,new,monthly,success,none,2,0.82,28,1,1318,0
TX003279,C00494,410.75,UPI,new,monthly,success,none,3,0.91,15,0,988,0
TX003280,C01586,551.85,UPI,returning,monthly,failed,insufficient_funds,2,0.74,143,1,1434,1
TX003281,C01493,1611.57,UPI,new,yearly,failed,network_error,2,0.95,61,1,78,1
TX003282,C01791,2437.11,CARD,new,one_time,success,none,0,0.99,158,0,1419,0
TX003283,C00661,3364.17,UPI,new,one_time,success,none,3,0.85,256,1,417,0
TX003284,C01349,5269.17,UPI,returning,monthly,success,none,1,0.59,201,1,764,0
TX003285,C01328,1025.11,UPI,returning,one_time,success,none,2,0.88,142,1,589,0
TX003286,C01300,3617.77,UPI,returning,one_time,success,none,3,0.89,262,1,615,0
TX003287,C01987,778.75,UPI,returning,monthly,failed,card_declined,3,0.9,244,1,1006,0
TX003288,C02045,2702.93,CARD,new,one_time,failed,card_declined,2,0.51,357,1,403,0
TX003289,C01929,1349.5,UPI,new,yearly,failed,card_declined,0,0.75,293,1,604,1
TX003290,C01348,1712.45,UPI,new,monthly,success,none,1,0.84,357,1,792,0
TX003291,C01059,1674.9,UPI,returning,one_time,success,none,0,0.91,97,1,664,0
TX003292,C00977,220.37,NETBANKING,returning,monthly,success,none,1,0.82,335,1,419,0
TX003293,C00482,356.34,UPI,new,monthly,success,none,3,0.62,93,1,497,0
TX003294,C00728,1215.05,CARD,new,monthly,failed,bank_timeout,3,0.72,2,1,969,0
TX003295,C02528,202.9,CARD,returning,yearly,failed,network_error,0,0.67,160,1,755,1
TX003296,C01032,2517.98,CARD,new,monthly,failed,expired_card,1,0.82,203,1,52,0
TX003297,C00343,2621.64,UPI,returning,one_time,success,none,2,0.82,25,1,454,0
TX003298,C01448,1521.07,NETBANKING,returning,one_time,success,none,0,0.52,65,1,1021,0
TX003299,C02380,357.4,CARD,returning,monthly,failed,bank_timeout,1,0.96,274,1,294,1
TX003300,C02486,4359.61,NETBANKING,returning,one_time,failed,insufficient_funds,2,0.8,323,1,220,1
TX003301,C02222,8410.28,UPI,new,monthly,success,none,2,0.99,90,1,883,0
TX003302,C02607,1270.39,CARD,returning,monthly,success,none,1,0.71,5,1,1251,0
TX003303,C00527,1827.19,CARD,returning,monthly,success,none,3,0.71,5,0,1170,0
TX003304,C01897,1341.76,UPI,returning,one_time,success,none,0,0.71,140,1,1499,0
TX003305,C00659,1863.79,UPI,returning,monthly,success,none,2,0.8,129,1,825,0
TX003306,C02074,973.06,CARD,returning,one_time,success,none,3,0.75,265,0,562,0
TX003307,C00820,1059.38,UPI,new,monthly,success,none,1,0.62,59,1,1034,0
TX003308,C02653,2712.75,CARD,returning,monthly,success,none,0,0.55,132,1,47,0
TX003309,C00406,11448.62,UPI,new,monthly,failed,network_error,2,0.74,266,1,144,0
TX003310,C02280,270.41,UPI,returning,one_time,success,none,3,0.73,181,1,1352,0
TX003311,C02581,988.5,CARD,new,monthly,success,none,1,0.67,333,1,1340,0
TX003312,C01574,336.82,UPI,returning,monthly,success,none,3,0.87,359,1,822,0
TX003313,C01812,5388.51,WALLET,new,one_time,success,none,2,0.94,319,1,571,0
TX003314,C00505,609.27,NETBANKING,new,yearly,success,none,0,0.56,107,0,44,0
TX003315,C00179,258.99,CARD,returning,monthly,success,none,0,0.83,284,1,560,0
TX003316,C00132,2075.98,NETBANKING,returning,monthly,success,none,2,0.84,111,1,239,0
TX003317,C01847,6274.89,NETBANKING,returning,one_time,success,none,0,0.84,233,1,715,0
TX003318,C01479,2129.4,UPI,returning,yearly,success,none,0,0.73,54,1,309,0
TX003319,C02396,1345.87,NETBANKING,returning,monthly,success,none,3,0.8,35,1,931,0
TX003320,C02588,1651.01,UPI,returning,monthly,failed,insufficient_funds,1,0.57,264,1,157,1
TX003321,C00772,4513.56,UPI,new,monthly,success,none,2,0.94,358,1,343,0
TX003322,C01430,457.51,CARD,new,one_time,success,none,2,0.67,110,1,1332,0
TX003323,C02124,980.59,CARD,new,one_time,failed,card_declined,3,0.67,117,1,1061,0
TX003324,C00579,697.37,UPI,new,one_time,success,none,3,0.68,33,1,634,0
TX003325,C02902,341.09,UPI,new,one_time,success,none,1,0.79,249,1,1493,0
TX003326,C01516,789.68,CARD,returning,monthly,success,none,0,0.88,324,0,226,0
TX003327,C00194,3320.0,UPI,returning,one_time,failed,bank_timeout,2,0.76,91,1,1314,1
TX003328,C02008,1932.56,CARD,returning,monthly,success,none,2,0.65,348,0,1041,0
TX003329,C01186,2088.73,CARD,returning,monthly,success,none,1,0.95,121,1,1037,0
TX003330,C02395,1269.62,UPI,returning,one_time,success,none,3,0.93,300,0,1413,0
TX003331,C02999,1850.71,UPI,new,one_time,success,none,3,0.75,136,1,1269,0
TX003332,C01385,492.46,CARD,returning,monthly,success,none,0,0.89,57,1,472,0
TX003333,C01793,804.72,UPI,returning,one_time,failed,network_error,1,0.68,267,1,977,1
TX003334,C01111,1328.76,UPI,returning,one_time,success,none,2,0.85,251,1,1262,0
TX003335,C02262,1447.39,UPI,returning,monthly,success,none,0,0.71,49,1,730,0
TX003336,C01937,1510.49,UPI,new,monthly,failed,bank_timeout,0,0.9,190,0,971,1
TX003337,C02621,954.96,UPI,returning,monthly,success,none,1,0.94,129,1,152,0
TX003338,C00780,751.88,UPI,returning,monthly,success,none,0,0.84,149,1,1119,0
TX003339,C00262,25790.75,CARD,returning,monthly,success,none,2,0.71,38,1,516,0
TX003340,C00730,2715.65,CARD,returning,one_time,success,none,2,0.5,339,1,162,0
TX003341,C00283,1657.64,NETBANKING,new,yearly,failed,network_error,2,0.7,41,1,430,0
TX003342,C01491,868.52,UPI,returning,monthly,success,none,3,0.91,314,1,255,0
TX003343,C00362,698.39,UPI,new,monthly,success,none,0,0.93,318,1,919,0
TX003344,C00441,962.18,CARD,returning,monthly,success,none,0,0.84,124,1,658,0
TX003345,C02141,1469.72,CARD,returning,monthly,success,none,2,0.91,79,1,1318,0
TX003346,C01645,167.26,CARD,returning,yearly,success,none,3,0.98,364,0,1125,0
TX003347,C02801,228.29,CARD,new,one_time,success,none,1,0.73,241,0,1056,0
TX003348,C00867,580.05,CARD,returning,one_time,success,none,2,0.87,33,1,752,0
TX003349,C01448,1349.03,UPI,returning,one_time,success,none,1,0.76,89,0,1137,0
TX003350,C00142,863.27,CARD,new,one_time,success,none,2,0.81,74,1,63,0
TX003351,C01315,4808.41,CARD,new,monthly,success,none,1,0.92,269,1,1483,0
TX003352,C01456,249.04,WALLET,new,one_time,success,none,3,0.82,349,1,1405,0
TX003353,C02797,517.32,CARD,new,yearly,success,none,1,0.75,41,1,877,0
TX003354,C01876,5014.51,CARD,new,monthly,success,none,0,0.87,202,1,1059,0
TX003355,C01848,1250.28,UPI,returning,one_time,success,none,1,0.97,354,1,958,0
TX003356,C01713,2656.71,NETBANKING,new,one_time,success,none,3,0.79,169,1,1271,0
TX003357,C02701,8529.17,WALLET,returning,one_time,failed,card_declined,0,0.8,37,1,651,1
TX003358,C00701,547.96,CARD,returning,yearly,success,none,2,0.9,71,0,1098,0
TX003359,C00998,992.96,CARD,returning,monthly,success,none,1,0.87,178,1,540,0
TX003360,C02097,835.12,UPI,new,one_time,success,none,3,0.96,191,1,1340,0
TX003361,C01326,155.31,CARD,returning,one_time,success,none,3,0.91,39,0,943,0
TX003362,C00881,804.0,CARD,returning,one_time,success,none,1,0.77,137,1,167,0
TX003363,C01214,2646.68,CARD,new,one_time,failed,network_error,3,0.8,310,1,629,0
TX003364,C01160,1882.94,UPI,new,monthly,success,none,2,0.87,4,1,327,0
TX003365,C00555,2036.69,CARD,returning,monthly,failed,card_declined,3,0.82,9,0,698,0
TX003366,C00404,753.32,UPI,returning,monthly,failed,bank_timeout,2,0.93,330,1,899,1
TX003367,C00892,569.01,CARD,new,yearly,failed,bank_timeout,1,0.78,308,1,1432,1
TX003368,C02913,3902.04,UPI,returning,one_time,success,none,3,0.82,37,1,647,0
TX003369,C00602,666.93,CARD,new,monthly,failed,bank_timeout,1,0.95,321,1,581,1
TX003370,C01831,1471.57,UPI,returning,monthly,success,none,0,0.41,271,1,563,0
TX003371,C00341,1291.21,UPI,returning,one_time,success,none,0,0.94,90,1,842,0
TX003372,C01969,4730.17,CARD,new,one_time,success,none,1,0.96,307,0,529,0
TX003373,C00704,2896.95,UPI,returning,monthly,failed,card_declined,1,0.73,364,1,1118,1
TX003374,C00318,300.29,CARD,returning,one_time,success,none,2,0.75,3,0,454,0
TX003375,C02666,334.44,NETBANKING,returning,monthly,success,none,2,0.89,304,1,4,0
TX003376,C01387,1956.49,WALLET,new,monthly,success,none,0,0.84,28,1,703,0
TX003377,C02430,1028.3,UPI,returning,one_time,success,none,3,0.71,63,1,1178,0
TX003378,C02281,695.64,NETBANKING,new,one_time,success,none,0,0.86,306,1,491,0
TX003379,C01801,3027.91,UPI,returning,one_time,success,none,3,0.96,79,1,1265,0
TX003380,C01368,1322.74,NETBANKING,returning,monthly,success,none,2,0.75,5,1,456,0
TX003381,C01573,1155.7,CARD,returning,one_time,success,none,2,0.79,122,1,246,0
TX003382,C00817,2391.86,UPI,returning,yearly,failed,insufficient_funds,2,0.81,119,1,836,1
TX003383,C00553,753.62,UPI,returning,monthly,success,none,3,0.97,68,1,419,0
TX003384,C00856,5263.33,UPI,returning,one_time,success,none,2,0.77,109,1,634,0
TX003385,C01813,498.67,CARD,returning,monthly,success,none,3,0.75,218,1,595,0
TX003386,C02867,2115.25,UPI,new,monthly,failed,insufficient_funds,3,0.89,343,1,622,0
TX003387,C00183,4600.1,CARD,new,one_time,failed,network_error,3,0.67,314,1,1191,0
TX003388,C01575,276.64,CARD,new,monthly,failed,bank_timeout,3,0.74,267,0,964,0
TX003389,C00397,777.95,WALLET,new,monthly,success,none,2,0.74,307,1,1499,0
TX003390,C01728,3436.5,NETBANKING,returning,one_time,success,none,2,0.83,23,1,648,0
TX003391,C02827,3488.56,UPI,returning,one_time,success,none,0,0.68,332,0,485,0
TX003392,C01518,923.81,CARD,new,one_time,success,none,2,0.89,48,1,1373,0
TX003393,C00907,526.01,NETBANKING,returning,one_time,success,none,3,0.83,98,0,638,0
TX003394,C01357,2852.46,NETBANKING,returning,one_time,success,none,1,0.92,49,1,160,0
TX003395,C02175,3581.54,UPI,returning,monthly,failed,insufficient_funds,3,0.86,363,0,430,1
TX003396,C00001,342.18,UPI,new,one_time,failed,expired_card,1,0.94,267,1,1418,1
TX003397,C00019,329.01,UPI,new,one_time,success,none,3,0.86,71,0,768,0
TX003398,C00584,1373.69,UPI,returning,one_time,success,none,1,0.94,353,1,437,0
TX003399,C00456,2057.73,UPI,returning,monthly,success,none,1,0.68,167,0,658,0
TX003400,C02037,813.16,UPI,new,one_time,success,none,0,0.67,245,1,1214,0
TX003401,C01133,2163.09,CARD,returning,one_time,failed,bank_timeout,1,0.63,104,0,542,1
TX003402,C02493,539.08,UPI,returning,monthly,success,none,0,0.94,22,0,989,0
TX003403,C01953,132.33,CARD,returning,monthly,success,none,3,0.75,111,1,1494,0
TX003404,C02650,717.73,UPI,returning,monthly,success,none,3,0.85,323,0,44,0
TX003405,C02151,1168.21,NETBANKING,returning,one_time,success,none,1,0.85,194,1,1199,0
TX003406,C00988,832.27,NETBANKING,returning,one_time,success,none,3,0.63,310,1,919,0
TX003407,C00520,344.26,CARD,returning,one_time,success,none,2,0.79,91,1,62,0
TX003408,C00859,178.46,NETBANKING,returning,monthly,success,none,2,0.79,154,1,182,0
TX003409,C00174,655.84,UPI,returning,one_time,success,none,2,0.63,75,1,9,0
TX003410,C01367,2690.97,CARD,returning,one_time,success,none,3,0.72,276,1,715,0
TX003411,C02479,3851.42,UPI,returning,monthly,success,none,2,0.78,355,1,1301,0
TX003412,C00727,3596.49,UPI,returning,one_time,failed,expired_card,0,0.79,207,1,1483,1
TX003413,C01711,484.97,UPI,returning,monthly,success,none,3,0.68,229,0,1119,0
TX003414,C01876,345.95,CARD,returning,one_time,success,none,2,0.74,3,1,1296,0
TX003415,C02898,1801.97,UPI,returning,yearly,success,none,3,0.54,239,1,1228,0
TX003416,C01682,2069.58,CARD,returning,yearly,success,none,2,0.74,354,1,1222,0
TX003417,C01348,1636.26,UPI,new,monthly,success,none,0,0.82,176,1,1125,0
TX003418,C00990,146.34,NETBANKING,returning,yearly,success,none,1,0.83,248,1,852,0
TX003419,C02687,460.87,CARD,returning,one_time,failed,insufficient_funds,0,0.97,200,1,291,1
TX003420,C00420,1064.55,UPI,returning,monthly,failed,card_declined,1,0.87,281,1,1255,1
TX003421,C00594,1785.08,UPI,returning,one_time,success,none,2,0.9,282,1,843,0
TX003422,C02533,2362.1,NETBANKING,new,monthly,success,none,0,0.88,236,1,1434,0
TX003423,C01775,1266.81,UPI,returning,one_time,success,none,1,0.82,51,1,931,0
TX003424,C02460,1526.58,UPI,returning,one_time,success,none,0,0.94,40,1,190,0
TX003425,C00936,1193.76,CARD,returning,yearly,success,none,3,0.81,237,1,1005,0
TX003426,C01108,2176.82,UPI,new,one_time,success,none,1,0.87,113,1,274,0
TX003427,C01137,1499.47,UPI,returning,monthly,success,none,2,0.89,306,0,1277,0
TX003428,C00332,1171.15,UPI,returning,monthly,success,none,3,0.92,114,1,789,0
TX003429,C02703,838.51,UPI,returning,one_time,failed,expired_card,2,0.7,193,1,504,1
TX003430,C02089,1189.5,UPI,returning,monthly,success,none,2,0.61,218,1,1421,0
TX003431,C01794,1780.4,UPI,new,one_time,failed,expired_card,3,0.4,336,0,411,0
TX003432,C00959,1432.93,UPI,returning,yearly,success,none,1,0.96,244,1,1090,0
TX003433,C00105,1604.92,UPI,returning,yearly,success,none,3,0.83,320,1,246,0
TX003434,C00202,4199.5,WALLET,returning,monthly,success,none,2,0.69,143,1,1404,0
TX003435,C02498,1429.62,CARD,returning,monthly,failed,bank_timeout,0,0.84,287,1,285,1
TX003436,C01843,573.07,CARD,returning,one_time,failed,network_error,1,0.87,98,1,1371,1
TX003437,C01867,2653.43,UPI,returning,one_time,success,none,0,0.79,34,1,379,0
TX003438,C01997,279.72,UPI,returning,one_time,success,none,1,0.48,188,1,570,0
TX003439,C01290,371.89,NETBANKING,returning,monthly,success,none,1,0.61,265,1,1439,0
TX003440,C00910,1534.33,CARD,returning,one_time,success,none,0,0.82,150,1,1277,0
TX003441,C00210,1837.93,UPI,returning,monthly,success,none,2,0.83,13,1,513,0
TX003442,C00563,315.75,UPI,returning,monthly,success,none,3,0.93,282,1,101,0
TX003443,C02761,747.84,UPI,returning,one_time,success,none,0,0.88,123,0,748,0
TX003444,C01564,598.19,NETBANKING,returning,one_time,success,none,2,0.76,151,1,1155,0
TX003445,C00771,674.06,UPI,new,one_time,success,none,0,0.83,240,1,53,0
TX003446,C02502,2817.48,CARD,new,monthly,success,none,3,0.91,48,1,457,0
TX003447,C02715,2222.76,CARD,returning,one_time,success,none,3,0.61,166,0,1356,0
TX003448,C00629,1075.86,WALLET,returning,one_time,success,none,1,0.67,346,1,742,0
TX003449,C01629,635.26,NETBANKING,new,monthly,failed,card_declined,0,0.91,326,0,611,1
TX003450,C01702,284.39,UPI,returning,one_time,failed,bank_timeout,0,0.88,154,1,808,1
TX003451,C00387,4537.74,CARD,returning,one_time,failed,bank_timeout,1,0.88,10,1,506,1
TX003452,C01936,1982.5,CARD,returning,monthly,success,none,2,0.89,89,1,1458,0
TX003453,C02344,540.95,CARD,returning,monthly,success,none,2,0.95,137,1,1283,0
TX003454,C02306,2252.06,NETBANKING,new,monthly,success,none,1,0.82,168,0,418,0
TX003455,C01105,1022.27,NETBANKING,returning,one_time,success,none,2,0.84,175,1,1221,0
TX003456,C00268,822.95,UPI,new,one_time,success,none,2,0.69,157,1,794,0
TX003457,C02467,1694.62,UPI,returning,monthly,success,none,2,0.59,337,1,682,0
TX003458,C02283,522.44,CARD,returning,one_time,success,none,1,0.87,102,1,1451,0
TX003459,C01857,777.62,UPI,returning,yearly,success,none,3,0.61,351,1,1470,0
TX003460,C01999,1238.26,UPI,returning,one_time,success,none,1,0.92,28,1,1019,0
TX003461,C01381,665.51,UPI,new,one_time,success,none,0,0.76,339,1,1403,0
TX003462,C01237,2141.12,NETBANKING,new,one_time,success,none,0,0.84,178,1,372,0
TX003463,C00574,7108.64,UPI,returning,yearly,failed,insufficient_funds,0,0.93,161,0,464,1
TX003464,C00049,515.79,CARD,returning,monthly,success,none,2,0.92,194,1,1101,0
TX003465,C01151,207.45,UPI,returning,one_time,success,none,0,0.8,125,1,554,0
TX003466,C00223,148.16,UPI,new,monthly,failed,network_error,2,0.76,227,1,243,0
TX003467,C02969,943.44,UPI,new,one_time,success,none,2,0.92,275,1,243,0
TX003468,C01432,565.01,UPI,returning,monthly,failed,network_error,2,0.89,269,1,1095,1
TX003469,C01529,1350.0,NETBANKING,returning,one_time,success,none,0,0.84,347,1,184,0
TX003470,C01820,1252.13,NETBANKING,new,one_time,success,none,0,0.88,267,1,219,0
TX003471,C02325,220.7,CARD,returning,one_time,success,none,0,0.87,157,1,131,0
TX003472,C01462,178.59,UPI,new,one_time,success,none,2,0.88,106,1,1355,0
TX003473,C01131,1474.29,UPI,returning,one_time,failed,card_declined,2,0.86,56,1,837,1
TX003474,C01682,1255.68,UPI,new,one_time,success,none,3,0.74,261,1,1484,0
TX003475,C02468,716.36,UPI,returning,one_time,success,none,3,0.83,68,1,866,0
TX003476,C02659,209.11,UPI,new,yearly,success,none,1,0.84,130,1,415,0
TX003477,C00375,1757.05,CARD,returning,monthly,failed,card_declined,1,0.67,291,1,912,1
TX003478,C02121,3912.37,UPI,returning,yearly,success,none,2,0.93,26,1,873,0
TX003479,C02022,1448.06,UPI,new,one_time,success,none,1,0.86,72,1,1428,0
TX003480,C01054,469.9,NETBANKING,returning,one_time,success,none,3,0.82,313,1,95,0
TX003481,C01890,1146.6,UPI,new,monthly,success,none,3,0.69,305,1,44,0
TX003482,C01824,279.75,NETBANKING,new,monthly,success,none,2,0.69,225,1,978,0
TX003483,C01475,3158.84,WALLET,returning,monthly,failed,network_error,1,0.95,11,1,16,1
TX003484,C02243,1190.16,UPI,returning,monthly,success,none,2,0.61,212,1,581,0
TX003485,C01180,187.14,UPI,returning,monthly,success,none,1,0.76,9,1,498,0
TX003486,C02895,811.86,CARD,returning,monthly,success,none,2,0.94,34,1,315,0
TX003487,C01065,1742.89,UPI,returning,monthly,success,none,3,0.88,253,1,32,0
TX003488,C02071,786.0,UPI,returning,yearly,success,none,0,0.6,179,1,499,0
TX003489,C00360,832.23,CARD,returning,yearly,success,none,1,0.52,208,1,979,0
TX003490,C02608,322.34,UPI,new,one_time,success,none,2,0.88,271,1,939,0
TX003491,C02720,1932.44,UPI,returning,one_time,success,none,3,0.84,140,1,1395,0
TX003492,C02042,573.37,CARD,returning,one_time,success,none,3,0.85,196,1,23,0
TX003493,C01142,126.92,CARD,returning,one_time,failed,expired_card,3,0.79,199,1,45,1
TX003494,C01636,756.53,UPI,new,one_time,success,none,0,0.79,107,1,1082,0
TX003495,C01404,2925.29,UPI,returning,one_time,success,none,2,0.84,176,1,197,0
TX003496,C01944,744.77,UPI,new,one_time,failed,expired_card,0,0.84,63,1,222,1
TX003497,C00679,6235.32,UPI,new,monthly,success,none,2,0.94,284,1,1156,0
TX003498,C02488,1684.07,CARD,returning,one_time,success,none,3,0.95,113,1,935,0
TX003499,C02981,1538.8,CARD,returning,monthly,success,none,2,0.93,74,1,1088,0
TX003500,C00007,964.49,CARD,returning,one_time,success,none,3,0.83,317,1,627,0
TX003501,C02469,1024.25,UPI,new,monthly,success,none,2,0.96,47,1,781,0
TX003502,C01592,842.67,UPI,returning,monthly,success,none,1,0.89,232,1,104,0
TX003503,C00833,810.56,UPI,new,one_time,success,none,0,0.96,273,1,86,0
TX003504,C02607,1864.72,UPI,returning,yearly,success,none,0,0.88,307,1,1353,0
TX003505,C01811,430.16,UPI,returning,one_time,failed,bank_timeout,0,0.71,26,1,1141,1
TX003506,C00914,373.94,UPI,returning,monthly,success,none,1,0.99,64,1,119,0
TX003507,C02012,356.67,UPI,returning,monthly,success,none,1,0.71,90,1,586,0
TX003508,C01443,8481.6,CARD,returning,one_time,success,none,3,0.97,360,0,360,0
TX003509,C01451,1863.74,CARD,new,one_time,failed,network_error,3,0.88,263,1,696,0
TX003510,C01503,1486.96,CARD,returning,one_time,success,none,0,0.92,222,1,680,0
TX003511,C00126,380.88,UPI,returning,yearly,success,none,1,0.92,263,1,1457,0
TX003512,C02443,2045.39,NETBANKING,new,monthly,failed,bank_timeout,1,0.89,344,0,1233,1
TX003513,C00817,975.97,WALLET,returning,one_time,success,none,0,0.91,3,1,1065,0
TX003514,C02929,1358.54,UPI,new,monthly,failed,expired_card,2,0.56,92,1,885,0
TX003515,C01830,412.97,CARD,returning,one_time,success,none,3,0.66,161,1,609,0
TX003516,C00576,1287.26,NETBANKING,returning,one_time,failed,card_declined,3,0.87,303,1,272,1
TX003517,C02373,717.78,UPI,returning,yearly,success,none,2,0.83,140,1,1309,0
TX003518,C01416,509.99,UPI,returning,monthly,success,none,0,0.88,150,1,489,0
TX003519,C00930,2284.97,UPI,returning,one_time,failed,network_error,1,0.69,141,1,1207,1
TX003520,C01464,235.64,UPI,new,yearly,success,none,3,0.64,229,1,902,0
TX003521,C00833,1929.04,UPI,returning,one_time,failed,insufficient_funds,1,0.95,307,0,873,1
TX003522,C01055,2174.35,NETBANKING,new,one_time,success,none,0,0.79,44,1,1116,0
TX003523,C01649,455.03,CARD,returning,one_time,success,none,0,0.82,130,1,314,0
TX003524,C01901,482.83,UPI,new,monthly,success,none,3,0.84,161,1,942,0
TX003525,C01458,877.41,CARD,new,monthly,success,none,0,0.86,186,1,136,0
TX003526,C02885,1453.95,CARD,returning,one_time,success,none,0,0.83,132,1,357,0
TX003527,C02974,941.19,UPI,returning,monthly,success,none,1,0.74,196,1,1340,0
TX003528,C01400,1691.82,UPI,returning,monthly,success,none,2,0.95,225,0,240,0
TX003529,C00443,6393.13,NETBANKING,new,monthly,success,none,0,0.94,56,1,64,0
TX003530,C02123,660.03,CARD,new,yearly,failed,bank_timeout,3,0.95,323,1,64,1
TX003531,C00557,197.32,UPI,new,one_time,failed,network_error,3,0.83,336,1,1124,0
TX003532,C01179,2504.7,UPI,returning,one_time,success,none,1,0.64,92,0,306,0
TX003533,C02038,5903.58,UPI,returning,monthly,failed,insufficient_funds,0,0.61,74,0,1493,1
TX003534,C00363,1624.2,UPI,returning,one_time,failed,bank_timeout,2,0.88,308,1,383,1
TX003535,C02496,369.54,UPI,returning,one_time,success,none,0,0.67,116,1,60,0
TX003536,C01258,968.85,CARD,returning,one_time,success,none,3,0.81,17,1,402,0
TX003537,C01842,358.34,UPI,returning,monthly,success,none,1,0.59,213,1,1243,0
TX003538,C02310,2085.69,UPI,new,one_time,success,none,0,0.81,192,1,1043,0
TX003539,C01851,283.92,UPI,returning,one_time,success,none,2,0.88,275,0,704,0
TX003540,C02173,812.3,UPI,returning,one_time,success,none,1,0.97,211,1,924,0
TX003541,C00911,401.68,NETBANKING,new,monthly,success,none,1,0.96,221,1,1381,0
TX003542,C00245,1244.92,UPI,returning,monthly,success,none,3,0.91,346,1,837,0
TX003543,C00542,760.26,CARD,returning,one_time,success,none,3,0.59,300,1,1373,0
TX003544,C02533,1308.66,UPI,new,monthly,failed,expired_card,2,0.85,1,1,905,1
TX003545,C02170,1121.42,UPI,returning,monthly,success,none,3,0.9,74,1,1497,0
TX003546,C02173,408.85,CARD,returning,monthly,failed,bank_timeout,0,0.89,313,0,47,1
TX003547,C01573,2052.63,UPI,new,one_time,success,none,0,0.83,279,1,376,0
TX003548,C02218,1044.44,CARD,returning,monthly,success,none,1,0.61,79,0,908,0
TX003549,C00124,408.08,UPI,returning,yearly,failed,card_declined,2,0.93,321,1,1326,1
TX003550,C02694,10310.59,CARD,new,one_time,success,none,3,0.9,110,1,30,0
TX003551,C01732,1765.93,CARD,new,one_time,success,none,1,0.84,148,1,369,0
TX003552,C00786,940.81,CARD,returning,one_time,failed,bank_timeout,1,0.54,340,1,1211,1
TX003553,C02044,4515.2,CARD,returning,monthly,success,none,2,0.84,151,0,812,0
TX003554,C02249,6917.54,CARD,returning,monthly,success,none,3,0.85,351,1,1269,0
TX003555,C02417,948.28,NETBANKING,new,one_time,success,none,2,0.85,81,1,521,0
TX003556,C00797,1552.15,UPI,new,one_time,failed,bank_timeout,2,0.9,219,1,936,1
TX003557,C00077,408.3,CARD,new,yearly,success,none,3,0.72,102,1,255,0
TX003558,C00059,946.53,UPI,returning,monthly,success,none,0,0.75,302,1,1198,0
TX003559,C02479,898.69,UPI,returning,yearly,failed,network_error,1,0.9,261,1,1307,1
TX003560,C02686,1319.26,UPI,returning,monthly,success,none,1,0.94,44,1,10,0
TX003561,C01524,1529.6,NETBANKING,returning,one_time,failed,network_error,0,0.84,228,1,364,1
TX003562,C01937,1919.52,UPI,returning,one_time,success,none,2,0.93,307,1,960,0
TX003563,C02157,1390.81,CARD,returning,monthly,success,none,0,0.81,87,1,844,0
TX003564,C01302,326.77,UPI,new,one_time,success,none,1,0.88,114,1,1455,0
TX003565,C00068,429.03,UPI,new,one_time,success,none,3,0.93,150,1,796,0
TX003566,C02353,634.98,NETBANKING,new,one_time,success,none,3,0.69,91,1,1083,0
TX003567,C01933,826.96,UPI,new,yearly,success,none,0,0.83,51,1,1086,0
TX003568,C02722,3136.22,UPI,returning,one_time,success,none,1,0.93,206,0,1188,0
TX003569,C00365,342.77,UPI,new,one_time,success,none,0,0.73,203,1,255,0
TX003570,C00821,767.08,CARD,returning,monthly,failed,expired_card,0,0.61,241,1,1423,1
TX003571,C01403,2844.12,UPI,new,yearly,success,none,1,0.72,74,1,777,0
TX003572,C02391,812.51,UPI,new,yearly,success,none,3,0.9,357,1,1490,0
TX003573,C00947,1737.87,CARD,new,monthly,success,none,1,0.9,234,1,1150,0
TX003574,C02947,953.8,UPI,new,one_time,success,none,0,0.93,75,1,1256,0
TX003575,C01578,1417.69,CARD,returning,one_time,failed,card_declined,0,0.96,82,1,603,1
TX003576,C01378,872.64,UPI,returning,yearly,failed,card_declined,3,0.96,230,1,1432,1
TX003577,C01440,2136.8,UPI,returning,monthly,failed,expired_card,0,0.69,117,1,1314,1
TX003578,C00762,233.91,CARD,returning,monthly,failed,insufficient_funds,0,0.86,56,1,175,1
TX003579,C00341,762.57,NETBANKING,new,one_time,failed,bank_timeout,3,0.77,234,1,374,0
TX003580,C02990,1475.24,CARD,returning,one_time,success,none,1,0.93,123,1,265,0
TX003581,C00383,1870.0,CARD,new,monthly,success,none,2,0.92,103,0,925,0
TX003582,C01004,4880.25,UPI,returning,monthly,success,none,1,0.98,1,1,560,0
TX003583,C01557,741.72,UPI,returning,yearly,success,none,2,0.83,206,1,1106,0
TX003584,C00300,4814.95,UPI,new,monthly,success,none,1,0.75,225,1,924,0
TX003585,C00139,567.35,NETBANKING,returning,monthly,success,none,3,0.74,202,1,277,0
TX003586,C00359,4140.81,NETBANKING,returning,monthly,success,none,3,0.74,245,1,1251,0
TX003587,C00836,2483.61,WALLET,new,monthly,success,none,3,0.89,106,1,49,0
TX003588,C01523,439.9,UPI,new,one_time,success,none,2,0.93,177,0,1047,0
TX003589,C01628,1490.76,UPI,new,yearly,success,none,1,0.85,159,1,1125,0
TX003590,C01983,1041.86,CARD,returning,monthly,failed,network_error,3,0.9,49,0,996,1
TX003591,C01304,2049.98,CARD,new,yearly,success,none,2,0.85,188,1,852,0
TX003592,C02531,877.19,CARD,returning,monthly,success,none,3,0.79,269,1,267,0
TX003593,C00909,806.54,CARD,returning,one_time,success,none,0,0.94,55,1,703,0
TX003594,C01135,4311.73,UPI,returning,one_time,failed,expired_card,0,0.59,200,0,1274,1
TX003595,C02914,993.54,UPI,new,one_time,failed,expired_card,3,0.93,99,1,1062,1
TX003596,C02187,2505.95,UPI,returning,one_time,failed,network_error,2,0.86,161,1,21,0
TX003597,C00996,875.37,UPI,new,one_time,success,none,0,0.47,87,0,927,0
TX003598,C02483,5806.09,UPI,returning,monthly,success,none,3,0.8,201,1,717,0
TX003599,C02557,556.5,UPI,returning,one_time,failed,network_error,3,0.84,197,1,884,1
TX003600,C02321,593.39,UPI,returning,one_time,success,none,2,0.99,48,1,311,0
TX003601,C02152,5036.75,CARD,returning,yearly,success,none,2,0.75,210,1,952,0
TX003602,C01238,702.79,NETBANKING,returning,one_time,success,none,0,0.88,196,1,1234,0
TX003603,C01785,5437.5,NETBANKING,new,yearly,failed,insufficient_funds,3,0.95,240,1,814,1
TX003604,C02810,2675.36,UPI,returning,one_time,success,none,0,0.9,2,0,410,0
TX003605,C02835,939.5,UPI,new,monthly,failed,card_declined,1,0.86,269,1,63,1
TX003606,C00165,178.88,UPI,returning,one_time,success,none,3,0.71,42,1,1348,0
TX003607,C00999,1075.65,WALLET,new,monthly,failed,network_error,2,0.89,333,1,642,1
TX003608,C02568,1213.94,UPI,returning,monthly,success,none,1,0.66,270,1,470,0
TX003609,C01308,3523.53,UPI,returning,yearly,success,none,2,0.67,211,1,141,0
TX003610,C02565,5369.27,NETBANKING,returning,one_time,success,none,2,0.84,297,1,268,0
TX003611,C00657,552.81,UPI,returning,one_time,success,none,1,0.97,13,1,1142,0
TX003612,C02661,2443.49,NETBANKING,returning,yearly,success,none,0,0.82,202,1,707,0
TX003613,C02212,2357.61,UPI,returning,one_time,failed,expired_card,1,0.81,110,1,840,1
TX003614,C01910,3208.03,UPI,new,one_time,success,none,3,0.56,192,1,249,0
TX003615,C02047,1805.68,UPI,returning,monthly,success,none,0,0.73,349,0,1448,0
TX003616,C02112,157.2,NETBANKING,returning,one_time,success,none,0,0.98,212,1,1013,0
TX003617,C01141,938.78,NETBANKING,returning,one_time,failed,bank_timeout,3,0.73,299,1,86,1
TX003618,C01890,345.26,CARD,new,one_time,failed,insufficient_funds,3,0.91,299,1,831,0
TX003619,C00267,895.51,UPI,new,one_time,success,none,2,0.71,23,1,1177,0
TX003620,C01846,2921.94,UPI,returning,monthly,failed,bank_timeout,1,0.83,57,1,1032,1
TX003621,C01709,1487.94,WALLET,new,one_time,success,none,3,0.72,355,0,800,0
TX003622,C02294,3456.77,CARD,returning,monthly,success,none,1,0.82,314,1,557,0
TX003623,C02443,1543.42,CARD,new,yearly,success,none,0,0.55,248,0,282,0
TX003624,C01511,299.37,UPI,new,one_time,failed,bank_timeout,3,0.83,347,1,1313,0
TX003625,C00476,100.0,UPI,new,monthly,success,none,0,0.94,65,1,1165,0
TX003626,C00977,1272.59,UPI,returning,yearly,success,none,2,0.9,108,1,1248,0
TX003627,C01208,885.43,CARD,returning,monthly,success,none,2,0.67,298,1,128,0
TX003628,C01044,412.84,NETBANKING,new,yearly,success,none,3,0.93,355,1,939,0
TX003629,C01961,200.21,UPI,new,one_time,failed,card_declined,3,0.77,89,1,142,1
TX003630,C00558,525.98,UPI,returning,monthly,success,none,3,0.91,87,1,313,0
TX003631,C01018,902.81,UPI,returning,monthly,success,none,0,0.52,272,1,999,0
TX003632,C01606,2134.27,UPI,returning,one_time,failed,bank_timeout,3,0.81,260,1,161,1
TX003633,C00883,1324.29,NETBANKING,returning,monthly,success,none,2,0.6,113,1,403,0
TX003634,C02195,5475.66,UPI,returning,monthly,failed,expired_card,3,0.42,107,1,307,0
TX003635,C00666,389.32,NETBANKING,returning,one_time,failed,expired_card,3,0.95,358,1,691,1
TX003636,C02668,2646.67,CARD,returning,one_time,success,none,0,0.92,334,1,713,0
TX003637,C01772,1149.75,CARD,returning,monthly,success,none,1,0.75,49,1,26,0
TX003638,C02868,2196.61,NETBANKING,new,monthly,success,none,2,0.85,356,1,190,0
TX003639,C00864,708.74,CARD,new,monthly,success,none,1,0.92,120,1,220,0
TX003640,C00582,3202.48,NETBANKING,returning,monthly,failed,network_error,0,0.62,313,1,1278,1
TX003641,C00695,1473.25,UPI,returning,one_time,success,none,3,0.9,167,0,773,0
TX003642,C01252,555.88,CARD,new,one_time,failed,card_declined,3,0.73,31,1,145,0
TX003643,C01611,1083.53,CARD,returning,yearly,failed,network_error,2,0.88,291,0,92,1
TX003644,C01240,863.03,UPI,returning,yearly,success,none,3,0.89,177,1,1410,0
TX003645,C02455,1788.58,CARD,returning,monthly,failed,bank_timeout,0,0.91,217,1,854,1
TX003646,C00399,337.05,CARD,new,yearly,failed,expired_card,1,0.83,348,1,1211,1
TX003647,C01947,1064.91,NETBANKING,returning,yearly,failed,network_error,2,0.89,363,1,146,1
TX003648,C00715,1628.33,UPI,new,one_time,success,none,3,0.82,151,1,1041,0
TX003649,C00704,1133.45,CARD,returning,one_time,success,none,3,0.95,311,1,63,0
TX003650,C02809,4217.26,UPI,new,one_time,success,none,1,0.6,360,1,1088,0
TX003651,C02547,2378.02,CARD,returning,monthly,failed,expired_card,1,0.72,288,1,480,1
TX003652,C01715,1088.46,UPI,new,monthly,success,none,3,0.88,319,1,39,0
TX003653,C01973,1361.97,CARD,new,one_time,success,none,3,0.45,162,0,549,0
TX003654,C00082,1473.9,UPI,new,yearly,success,none,0,0.59,299,1,38,0
TX003655,C00604,1641.39,UPI,new,monthly,success,none,1,0.77,307,1,324,0
TX003656,C01971,176.68,UPI,returning,monthly,success,none,1,0.93,166,1,599,0
TX003657,C01711,811.17,UPI,new,one_time,failed,network_error,1,0.81,16,1,1423,1
TX003658,C02047,248.53,CARD,returning,one_time,failed,insufficient_funds,0,0.82,140,1,17,1
TX003659,C02820,3937.42,NETBANKING,returning,monthly,success,none,1,0.9,315,1,1146,0
TX003660,C00903,1031.89,UPI,returning,monthly,success,none,0,0.71,123,1,1448,0
TX003661,C00365,903.85,UPI,new,yearly,success,none,2,0.9,301,1,736,0
TX003662,C00163,2688.66,UPI,returning,monthly,failed,card_declined,2,0.81,210,1,963,1
TX003663,C02559,1672.92,CARD,new,one_time,failed,network_error,0,0.72,307,1,1057,1
TX003664,C01864,354.73,UPI,returning,one_time,failed,bank_timeout,2,0.91,39,1,1003,1
TX003665,C00116,1021.57,UPI,new,yearly,success,none,1,0.87,145,1,1233,0
TX003666,C02989,784.33,UPI,returning,one_time,success,none,1,0.78,243,1,37,0
TX003667,C02385,191.61,UPI,returning,monthly,success,none,0,0.82,189,1,620,0
TX003668,C00881,549.89,UPI,returning,monthly,failed,expired_card,3,0.55,285,1,941,1
TX003669,C02785,912.75,UPI,new,one_time,success,none,1,0.8,82,0,668,0
TX003670,C00840,977.55,CARD,new,one_time,success,none,3,0.79,136,1,1194,0
TX003671,C02195,249.08,CARD,returning,yearly,failed,expired_card,3,0.7,114,1,1062,1
TX003672,C01347,3469.15,UPI,returning,yearly,failed,card_declined,3,0.49,353,1,1438,1
TX003673,C02491,990.19,CARD,returning,yearly,success,none,2,0.73,315,1,1147,0
TX003674,C02885,1138.6,UPI,new,one_time,failed,card_declined,2,0.78,84,1,125,0
TX003675,C01037,1637.03,NETBANKING,returning,one_time,success,none,0,0.75,358,1,479,0
TX003676,C00943,498.66,UPI,returning,yearly,success,none,2,0.89,92,1,1424,0
TX003677,C01725,1730.83,CARD,new,one_time,success,none,3,0.87,202,1,1055,0
TX003678,C02335,759.7,CARD,new,monthly,failed,insufficient_funds,3,0.89,362,0,348,0
TX003679,C02768,447.38,UPI,returning,one_time,success,none,2,0.87,117,1,993,0
TX003680,C01138,1945.84,NETBANKING,returning,monthly,success,none,2,0.87,222,1,567,0
TX003681,C02528,4874.02,UPI,returning,one_time,success,none,3,0.56,128,1,328,0
TX003682,C00022,2263.87,CARD,returning,yearly,success,none,0,0.73,360,1,1467,0
TX003683,C01750,2759.98,UPI,new,yearly,success,none,3,0.93,223,1,934,0
TX003684,C00683,651.56,UPI,returning,one_time,failed,network_error,0,0.77,221,0,460,1
TX003685,C02954,221.93,CARD,returning,one_time,failed,insufficient_funds,1,0.77,318,0,907,0
TX003686,C01834,4866.54,UPI,returning,monthly,success,none,3,0.87,200,1,625,0
TX003687,C02368,8557.09,UPI,returning,one_time,failed,network_error,2,0.54,285,1,1224,0
TX003688,C00126,5129.72,UPI,returning,yearly,success,none,2,0.88,159,1,14,0
TX003689,C00277,783.85,CARD,returning,one_time,failed,network_error,3,0.47,319,0,622,0
TX003690,C02000,345.63,UPI,new,one_time,success,none,0,0.63,256,1,217,0
TX003691,C01228,377.78,UPI,returning,monthly,success,none,2,0.74,278,1,672,0
TX003692,C02242,203.62,CARD,returning,monthly,success,none,1,0.78,180,1,543,0
TX003693,C00696,984.98,UPI,new,monthly,success,none,2,0.68,337,1,1235,0
TX003694,C01310,5462.59,UPI,returning,one_time,success,none,0,0.82,135,1,1331,0
TX003695,C00057,951.78,UPI,new,one_time,success,none,3,0.59,97,1,933,0
TX003696,C00019,1483.74,UPI,new,one_time,success,none,2,0.83,235,1,1344,0
TX003697,C02312,4339.86,UPI,returning,one_time,success,none,3,0.94,10,1,400,0
TX003698,C02842,732.09,NETBANKING,returning,yearly,failed,card_declined,3,0.77,339,1,140,1
TX003699,C00113,8396.17,UPI,new,one_time,success,none,1,0.95,178,1,910,0
TX003700,C00542,8039.28,UPI,returning,one_time,failed,card_declined,1,0.99,200,1,1482,1
TX003701,C02695,961.88,UPI,returning,monthly,success,none,3,0.9,328,1,1099,0
TX003702,C00579,615.52,UPI,new,one_time,success,none,0,0.75,266,1,1351,0
TX003703,C01089,2202.26,CARD,new,yearly,success,none,1,0.73,103,1,488,0
TX003704,C00025,774.7,UPI,returning,monthly,success,none,2,0.92,187,1,174,0
TX003705,C01573,344.97,UPI,returning,one_time,success,none,1,0.72,51,1,425,0
TX003706,C02049,3949.08,UPI,returning,yearly,failed,network_error,3,0.89,105,0,1387,0
TX003707,C02959,3701.33,NETBANKING,returning,monthly,success,none,1,0.89,353,1,1061,0
TX003708,C01573,1281.15,UPI,new,monthly,success,none,0,0.39,275,1,1096,0
TX003709,C00141,310.17,UPI,new,yearly,failed,card_declined,1,0.61,229,1,1256,0
TX003710,C01768,320.69,CARD,new,yearly,success,none,0,0.89,105,0,1071,0
TX003711,C00648,1220.76,UPI,returning,one_time,success,none,2,0.8,306,1,524,0
TX003712,C02236,665.23,CARD,returning,one_time,success,none,1,0.6,57,1,1074,0
TX003713,C00201,779.7,CARD,returning,one_time,success,none,2,0.58,16,1,659,0
TX003714,C00257,3047.15,UPI,new,monthly,success,none,3,0.88,96,0,670,0
TX003715,C00547,2282.85,UPI,new,yearly,failed,network_error,2,0.79,194,1,1050,0
TX003716,C02242,4350.92,WALLET,new,one_time,success,none,1,0.62,14,0,627,0
TX003717,C02751,407.23,CARD,new,one_time,success,none,1,0.79,244,0,1275,0
TX003718,C00802,778.06,NETBANKING,returning,monthly,success,none,0,0.69,38,1,792,0
TX003719,C00942,2342.52,UPI,returning,one_time,success,none,1,0.8,68,1,586,0
TX003720,C00414,1716.56,UPI,returning,one_time,success,none,3,0.92,124,0,165,0
TX003721,C02015,5076.52,NETBANKING,returning,one_time,success,none,0,0.95,240,1,415,0
TX003722,C01382,1669.93,UPI,new,one_time,failed,card_declined,1,0.61,98,0,352,0
TX003723,C01099,6961.21,WALLET,new,yearly,failed,bank_timeout,1,0.8,190,1,793,1
TX003724,C00910,1881.86,UPI,new,yearly,success,none,1,0.63,194,1,1415,0
TX003725,C00188,3172.16,NETBANKING,new,one_time,success,none,1,0.91,323,1,1165,0
TX003726,C02016,793.53,UPI,returning,yearly,failed,network_error,3,0.84,289,0,864,1
TX003727,C01314,1112.41,UPI,new,one_time,failed,expired_card,1,0.82,57,1,360,1
TX003728,C02093,2726.96,NETBANKING,returning,yearly,success,none,0,0.55,80,0,584,0
TX003729,C02131,5502.61,UPI,returning,one_time,success,none,1,0.82,9,1,768,0
TX003730,C01147,2273.87,UPI,new,monthly,success,none,0,0.85,232,1,354,0
TX003731,C00358,1009.11,UPI,returning,one_time,success,none,0,0.85,10,0,384,0
TX003732,C01552,4347.41,CARD,returning,one_time,success,none,1,0.8,280,1,812,0
TX003733,C01090,122.49,WALLET,new,yearly,failed,bank_timeout,3,0.62,311,1,309,0
TX003734,C02984,264.48,UPI,returning,one_time,success,none,1,0.88,322,0,1452,0
TX003735,C01681,2168.16,UPI,new,yearly,success,none,1,0.84,357,1,148,0
TX003736,C02423,1112.21,UPI,returning,one_time,success,none,0,0.95,215,1,1418,0
TX003737,C00162,2009.24,CARD,new,one_time,success,none,2,0.53,350,1,720,0
TX003738,C02370,1169.59,UPI,returning,yearly,success,none,2,0.71,201,1,33,0
TX003739,C00450,1940.97,UPI,returning,monthly,failed,insufficient_funds,3,0.95,149,1,1,1
TX003740,C01498,485.7,UPI,returning,one_time,success,none,0,0.88,343,1,892,0
TX003741,C01037,1940.08,CARD,new,one_time,failed,card_declined,3,0.94,23,1,765,0
TX003742,C02232,2964.35,NETBANKING,new,monthly,success,none,1,0.89,2,1,1365,0
TX003743,C02159,3716.55,UPI,returning,one_time,success,none,1,0.83,304,1,606,0
TX003744,C01951,8213.66,UPI,new,monthly,failed,insufficient_funds,3,0.95,340,1,462,1
TX003745,C02556,1399.82,CARD,returning,monthly,success,none,0,0.87,141,1,255,0
TX003746,C01314,1442.18,CARD,returning,monthly,failed,expired_card,1,0.67,29,1,1235,1
TX003747,C02343,239.09,UPI,returning,yearly,success,none,0,0.91,31,1,561,0
TX003748,C02952,644.57,UPI,returning,monthly,success,none,1,0.61,70,1,610,0
TX003749,C01239,904.08,UPI,returning,one_time,success,none,1,0.9,9,1,1105,0
TX003750,C00974,3134.8,CARD,returning,one_time,failed,card_declined,3,0.85,133,0,1392,0
TX003751,C00632,595.26,CARD,returning,monthly,failed,insufficient_funds,3,0.91,77,0,328,0
TX003752,C01591,2431.69,UPI,new,one_time,success,none,0,0.36,245,1,1046,0
TX003753,C01051,1094.86,UPI,returning,one_time,success,none,2,0.86,209,1,951,0
TX003754,C02781,918.58,UPI,returning,monthly,success,none,2,0.85,152,1,846,0
TX003755,C01589,1406.55,WALLET,returning,yearly,success,none,2,0.51,57,1,540,0
TX003756,C02369,741.62,UPI,returning,monthly,success,none,1,0.93,80,1,1022,0
TX003757,C02961,714.06,NETBANKING,new,monthly,success,none,2,0.72,123,1,217,0
TX003758,C01694,199.38,CARD,returning,one_time,success,none,3,0.59,305,1,339,0
TX003759,C00437,855.81,UPI,returning,monthly,success,none,2,0.76,249,1,1287,0
TX003760,C02829,678.6,UPI,new,monthly,success,none,2,0.79,315,1,1183,0
TX003761,C01557,654.6,NETBANKING,new,monthly,success,none,2,0.98,236,1,774,0
TX003762,C01077,1663.82,UPI,new,one_time,success,none,2,0.76,14,1,1356,0
TX003763,C01305,2118.86,NETBANKING,returning,monthly,success,none,2,0.76,349,1,214,0
TX003764,C02774,1383.25,UPI,returning,monthly,success,none,0,0.9,62,1,796,0
TX003765,C02079,2967.32,CARD,returning,one_time,success,none,3,0.72,43,1,930,0
TX003766,C02385,1949.96,NETBANKING,returning,one_time,failed,bank_timeout,2,0.47,142,1,1471,1
TX003767,C00183,816.43,NETBANKING,returning,monthly,failed,insufficient_funds,1,0.72,307,1,186,1
TX003768,C02592,690.31,UPI,returning,monthly,success,none,0,0.86,252,1,1209,0
TX003769,C01470,1499.4,CARD,new,monthly,success,none,1,0.94,193,1,935,0
TX003770,C01480,1946.46,UPI,new,one_time,success,none,3,0.96,27,1,40,0
TX003771,C01590,4437.49,UPI,returning,one_time,failed,card_declined,2,0.82,134,1,729,1
TX003772,C01588,3608.95,UPI,new,one_time,success,none,3,0.68,217,1,700,0
TX003773,C00660,638.12,UPI,new,monthly,success,none,2,0.95,132,1,1125,0
TX003774,C00160,990.29,UPI,new,monthly,success,none,2,0.96,20,1,1122,0
TX003775,C02460,2145.26,UPI,new,yearly,failed,bank_timeout,1,0.9,99,1,1187,1
TX003776,C01012,3190.71,WALLET,returning,monthly,success,none,3,0.93,330,1,1393,0
TX003777,C00053,2804.47,CARD,returning,yearly,failed,expired_card,2,0.79,199,1,361,1
TX003778,C02456,1028.77,UPI,returning,one_time,success,none,3,0.97,331,1,384,0
TX003779,C02895,312.93,WALLET,returning,one_time,failed,insufficient_funds,2,0.66,289,1,552,1
TX003780,C01046,403.86,UPI,returning,one_time,success,none,3,0.76,113,1,1040,0
TX003781,C01054,1440.34,UPI,returning,monthly,success,none,3,0.75,62,0,1413,0
TX003782,C02751,1544.14,CARD,new,one_time,success,none,2,0.87,330,1,1164,0
TX003783,C02308,365.52,UPI,returning,monthly,success,none,3,0.94,95,1,718,0
TX003784,C01229,1146.62,CARD,new,one_time,success,none,2,0.89,211,1,48,0
TX003785,C01495,2061.57,UPI,returning,one_time,success,none,2,0.99,64,0,948,0
TX003786,C02824,346.81,UPI,returning,monthly,failed,network_error,2,0.87,113,1,1004,1
TX003787,C01490,3310.97,UPI,new,one_time,failed,card_declined,0,0.9,264,1,566,1
TX003788,C01036,751.8,NETBANKING,returning,monthly,success,none,2,0.98,52,0,847,0
TX003789,C01951,3856.88,CARD,new,monthly,success,none,3,0.83,177,0,184,0
TX003790,C00850,643.26,CARD,new,one_time,success,none,0,0.96,239,0,546,0
TX003791,C00354,392.83,CARD,returning,monthly,failed,network_error,2,0.51,323,1,855,1
TX003792,C01099,693.58,UPI,returning,monthly,failed,network_error,3,0.93,114,1,1381,1
TX003793,C02921,997.1,CARD,returning,monthly,success,none,3,0.72,225,1,622,0
TX003794,C01740,743.61,UPI,returning,one_time,failed,insufficient_funds,3,0.95,213,1,590,1
TX003795,C01465,883.59,UPI,new,monthly,success,none,0,0.85,97,1,266,0
TX003796,C00991,1531.44,CARD,new,one_time,success,none,1,0.63,195,0,720,0
TX003797,C01265,924.1,UPI,returning,one_time,success,none,1,0.59,284,1,136,0
TX003798,C01885,1026.48,UPI,returning,one_time,success,none,0,0.85,85,1,1280,0
TX003799,C01810,198.5,NETBANKING,returning,monthly,success,none,2,0.6,40,1,10,0
TX003800,C02342,1622.46,CARD,new,monthly,success,none,1,0.96,111,1,1404,0
TX003801,C02257,1003.05,CARD,returning,yearly,success,none,1,0.82,288,1,452,0
TX003802,C01112,5487.86,UPI,returning,monthly,failed,network_error,3,0.94,301,1,10,1
TX003803,C00818,428.56,UPI,returning,yearly,success,none,3,0.83,193,1,1285,0
TX003804,C01800,179.77,CARD,returning,monthly,success,none,2,0.67,158,1,934,0
TX003805,C01961,2034.63,CARD,returning,one_time,success,none,1,0.7,208,1,765,0
TX003806,C02438,1550.8,UPI,new,monthly,failed,bank_timeout,3,0.73,205,1,696,0
TX003807,C02373,400.04,WALLET,returning,monthly,success,none,0,0.94,320,1,1118,0
TX003808,C02988,237.52,WALLET,new,monthly,success,none,2,0.91,313,1,779,0
TX003809,C00889,5102.05,UPI,returning,monthly,success,none,3,0.76,127,1,60,0
TX003810,C01856,4510.26,NETBANKING,returning,monthly,failed,expired_card,3,0.83,37,1,45,1
TX003811,C01181,100.0,UPI,returning,one_time,success,none,3,0.78,130,1,1373,0
TX003812,C00668,693.52,UPI,new,monthly,failed,expired_card,0,0.95,32,1,1263,1
TX003813,C00633,5791.76,UPI,new,one_time,success,none,0,0.84,298,1,177,0
TX003814,C02625,681.26,CARD,returning,one_time,success,none,3,0.63,240,1,1499,0
TX003815,C01643,671.42,NETBANKING,new,monthly,success,none,2,0.75,109,1,684,0
TX003816,C00137,826.53,CARD,returning,monthly,success,none,3,0.61,339,1,1112,0
TX003817,C01947,357.49,CARD,new,one_time,success,none,1,0.94,145,1,948,0
TX003818,C01698,199.38,UPI,returning,monthly,success,none,3,0.78,211,1,549,0
TX003819,C00428,3141.79,UPI,new,monthly,failed,network_error,0,0.86,41,1,1486,1
TX003820,C01476,173.65,UPI,returning,one_time,failed,card_declined,1,0.83,307,0,440,1
TX003821,C02660,1404.27,UPI,returning,monthly,success,none,0,0.95,190,1,300,0
TX003822,C02959,2661.33,CARD,returning,one_time,failed,network_error,2,0.8,33,1,1215,1
TX003823,C00819,256.92,UPI,new,monthly,failed,card_declined,2,0.95,1,1,38,0
TX003824,C02189,435.17,CARD,returning,one_time,success,none,3,0.97,190,1,645,0
TX003825,C01107,3689.25,UPI,returning,monthly,success,none,2,0.91,159,1,1383,0
TX003826,C02225,1868.5,UPI,new,yearly,success,none,1,0.81,155,1,1073,0
TX003827,C00198,591.53,UPI,returning,monthly,success,none,0,0.82,42,1,372,0
TX003828,C02672,3649.15,NETBANKING,returning,monthly,success,none,3,0.88,56,1,367,0
TX003829,C01996,3664.82,UPI,new,one_time,success,none,2,0.74,188,1,66,0
TX003830,C02739,1435.19,UPI,returning,one_time,success,none,0,0.71,154,1,805,0
TX003831,C02449,445.79,NETBANKING,returning,monthly,success,none,0,0.89,150,1,1430,0
TX003832,C00471,725.28,WALLET,new,one_time,success,none,2,0.78,96,1,124,0
TX003833,C02266,1460.28,CARD,new,yearly,success,none,3,0.66,252,0,1385,0
TX003834,C01949,908.15,UPI,returning,one_time,success,none,0,0.63,139,1,430,0
TX003835,C00929,2804.43,UPI,returning,one_time,success,none,3,0.98,59,1,596,0
TX003836,C02011,237.51,WALLET,returning,monthly,success,none,0,0.62,292,1,352,0
TX003837,C02680,246.1,NETBANKING,returning,monthly,failed,expired_card,3,0.56,82,1,1311,0
TX003838,C02999,1314.05,CARD,new,one_time,success,none,3,0.97,74,1,355,0
TX003839,C00906,670.79,UPI,new,yearly,success,none,2,0.9,54,1,1387,0
TX003840,C02223,585.78,UPI,returning,monthly,success,none,0,0.9,150,1,561,0
TX003841,C00023,187.16,UPI,returning,monthly,success,none,2,0.85,23,1,1048,0
TX003842,C00235,1118.28,CARD,new,monthly,success,none,1,0.94,114,1,305,0
TX003843,C01125,1040.28,UPI,returning,monthly,failed,bank_timeout,3,0.82,267,1,797,1
TX003844,C00929,2107.97,WALLET,returning,one_time,success,none,0,0.96,299,1,1320,0
TX003845,C00523,1174.86,UPI,returning,monthly,success,none,2,0.96,251,1,710,0
TX003846,C01809,960.44,CARD,new,monthly,success,none,1,0.95,169,1,41,0
TX003847,C00431,3558.17,UPI,new,one_time,success,none,3,0.77,75,1,718,0
TX003848,C00793,295.16,UPI,returning,one_time,success,none,0,0.8,22,1,663,0
TX003849,C01630,1875.05,UPI,returning,monthly,failed,card_declined,2,0.66,151,1,617,0
TX003850,C01737,206.2,CARD,new,one_time,success,none,0,0.5,89,0,331,0
TX003851,C00533,474.2,CARD,returning,one_time,success,none,3,0.95,50,1,1345,0
TX003852,C01747,326.15,UPI,new,one_time,success,none,1,0.64,298,1,1003,0
TX003853,C01676,2396.93,NETBANKING,new,one_time,success,none,3,0.7,248,1,1403,0
TX003854,C01317,1027.2,UPI,new,monthly,failed,expired_card,0,0.97,115,1,717,1
TX003855,C02858,1081.92,NETBANKING,new,one_time,success,none,3,0.9,124,1,1351,0
TX003856,C00913,362.59,NETBANKING,returning,one_time,failed,insufficient_funds,2,0.78,94,1,1329,1
TX003857,C01125,812.65,NETBANKING,returning,one_time,success,none,0,0.74,152,1,967,0
TX003858,C01526,511.08,UPI,new,monthly,success,none,0,0.94,257,0,243,0
TX003859,C01328,1609.14,UPI,returning,monthly,failed,network_error,0,0.93,224,1,1041,1
TX003860,C02919,407.04,WALLET,returning,one_time,success,none,1,0.68,20,1,502,0
TX003861,C02588,4145.56,UPI,new,monthly,success,none,1,0.8,104,1,458,0
TX003862,C01024,205.29,UPI,returning,one_time,failed,card_declined,0,0.92,101,1,263,1
TX003863,C01577,489.55,CARD,returning,monthly,success,none,1,0.87,33,1,1300,0
TX003864,C01379,5867.6,UPI,returning,one_time,success,none,1,0.77,170,1,130,0
TX003865,C01520,709.71,CARD,returning,yearly,failed,bank_timeout,2,0.77,217,1,1200,1
TX003866,C01682,294.45,NETBANKING,new,one_time,success,none,1,0.96,178,0,439,0
TX003867,C01998,1365.22,CARD,new,monthly,success,none,1,0.86,128,1,306,0
TX003868,C00227,681.71,UPI,returning,one_time,success,none,1,0.79,192,1,836,0
TX003869,C01260,475.39,UPI,returning,one_time,failed,network_error,0,0.66,161,1,155,1
TX003870,C00873,366.55,UPI,new,monthly,success,none,0,0.8,110,1,1329,0
TX003871,C00892,17472.33,UPI,new,monthly,success,none,1,0.54,33,1,259,0
TX003872,C01479,852.73,UPI,returning,one_time,failed,expired_card,2,0.83,57,1,1415,1
TX003873,C01037,159.88,UPI,returning,monthly,failed,expired_card,1,0.88,259,0,552,0
TX003874,C02258,4883.95,UPI,new,one_time,success,none,2,0.78,40,1,1243,0
TX003875,C02789,2020.44,UPI,new,yearly,success,none,3,0.86,149,1,930,0
TX003876,C00397,509.55,NETBANKING,returning,monthly,success,none,2,0.85,66,1,1155,0
TX003877,C01124,431.33,UPI,returning,one_time,success,none,1,0.49,178,1,60,0
TX003878,C02079,2150.54,UPI,returning,monthly,success,none,2,0.84,76,1,1338,0
TX003879,C02946,856.69,CARD,new,one_time,success,none,2,0.85,146,1,816,0
TX003880,C00649,159.82,CARD,returning,monthly,success,none,2,0.77,99,1,774,0
TX003881,C00329,6550.13,UPI,returning,monthly,success,none,3,0.83,313,1,889,0
TX003882,C01483,710.53,CARD,returning,monthly,failed,expired_card,1,0.87,86,1,1121,1
TX003883,C00952,4893.05,UPI,returning,one_time,success,none,2,0.79,350,0,890,0
TX003884,C02006,3938.03,UPI,returning,yearly,success,none,1,0.8,79,1,1233,0
TX003885,C02017,403.02,NETBANKING,new,monthly,failed,card_declined,3,0.81,160,1,804,0
TX003886,C02669,3081.56,NETBANKING,new,monthly,success,none,0,0.96,48,0,532,0
TX003887,C01879,571.67,CARD,new,one_time,success,none,1,0.83,108,1,362,0
TX003888,C01197,169.58,CARD,new,one_time,failed,insufficient_funds,0,0.86,361,1,934,1
TX003889,C01773,717.23,NETBANKING,returning,monthly,success,none,3,0.88,157,1,669,0
TX003890,C00162,1632.12,WALLET,returning,monthly,success,none,3,0.63,289,1,815,0
TX003891,C01752,690.39,UPI,returning,yearly,success,none,0,0.75,156,1,771,0
TX003892,C00776,806.7,CARD,returning,one_time,success,none,1,0.58,194,1,1183,0
TX003893,C01828,3441.17,UPI,returning,monthly,success,none,0,0.81,41,1,236,0
TX003894,C02322,1219.86,UPI,new,monthly,success,none,3,0.83,109,1,1091,0
TX003895,C01052,471.87,UPI,returning,one_time,failed,insufficient_funds,3,0.85,124,0,1072,1
TX003896,C02374,2212.84,CARD,returning,one_time,success,none,1,0.6,14,1,1102,0
TX003897,C00940,1336.32,NETBANKING,new,one_time,failed,expired_card,1,0.95,115,1,1038,1
TX003898,C00540,100.0,NETBANKING,returning,monthly,failed,network_error,2,0.87,56,1,488,1
TX003899,C02536,1683.03,UPI,returning,yearly,failed,bank_timeout,0,0.82,11,1,1043,1
TX003900,C00822,1622.67,UPI,returning,yearly,success,none,1,0.93,326,1,17,0
TX003901,C01462,1118.92,UPI,returning,monthly,success,none,1,0.66,122,1,933,0
TX003902,C01089,2674.99,UPI,returning,one_time,success,none,0,0.4,360,1,726,0
TX003903,C00356,559.82,NETBANKING,new,monthly,success,none,3,0.87,314,0,880,0
TX003904,C00235,1535.33,UPI,returning,yearly,success,none,0,0.79,248,1,1173,0
TX003905,C02275,228.84,CARD,returning,monthly,failed,network_error,0,0.75,127,0,927,1
TX003906,C01549,1647.63,UPI,returning,one_time,success,none,3,0.75,205,0,615,0
TX003907,C02097,7731.51,UPI,returning,yearly,success,none,0,0.74,39,1,443,0
TX003908,C00118,405.51,CARD,returning,monthly,success,none,1,0.62,315,1,994,0
TX003909,C02102,512.96,UPI,returning,yearly,success,none,0,0.81,232,1,1230,0
TX003910,C01674,539.15,UPI,returning,yearly,success,none,1,0.84,18,1,810,0
TX003911,C02613,1248.87,UPI,returning,one_time,success,none,3,0.76,180,1,496,0
TX003912,C01068,378.78,CARD,returning,yearly,failed,card_declined,0,0.87,364,1,778,1
TX003913,C02101,1671.12,WALLET,returning,monthly,failed,insufficient_funds,2,0.77,214,1,864,1
TX003914,C00558,2557.64,NETBANKING,returning,one_time,success,none,0,0.73,4,1,372,0
TX003915,C01816,1871.22,WALLET,new,monthly,failed,bank_timeout,0,0.93,290,0,151,1
TX003916,C02006,187.09,NETBANKING,returning,monthly,success,none,1,0.73,77,1,1418,0
TX003917,C02916,2966.59,NETBANKING,returning,one_time,success,none,1,0.78,2,1,1260,0
TX003918,C00398,2799.98,CARD,returning,yearly,success,none,2,0.82,258,1,1042,0
TX003919,C00675,2515.34,UPI,new,one_time,failed,expired_card,2,0.91,240,1,900,1
TX003920,C00387,1592.15,UPI,returning,yearly,success,none,3,0.91,18,1,1053,0
TX003921,C02159,1366.75,NETBANKING,returning,one_time,success,none,3,0.95,345,1,1484,0
TX003922,C02662,3079.09,UPI,returning,one_time,success,none,0,0.68,126,1,1222,0
TX003923,C02065,7506.42,UPI,returning,one_time,failed,expired_card,1,0.88,25,1,24,1
TX003924,C00884,422.83,NETBANKING,returning,monthly,failed,card_declined,0,0.84,234,1,1022,1
TX003925,C00541,3223.19,UPI,new,one_time,success,none,1,0.79,195,0,376,0
TX003926,C00171,1006.05,WALLET,returning,yearly,failed,card_declined,3,0.83,187,1,988,1
TX003927,C02457,963.26,CARD,new,monthly,success,none,1,0.89,28,1,677,0
TX003928,C00740,235.91,UPI,new,monthly,success,none,1,0.91,75,1,1332,0
TX003929,C01402,824.86,CARD,new,one_time,success,none,3,0.83,360,1,864,0
TX003930,C02906,404.53,NETBANKING,returning,monthly,success,none,3,0.85,124,1,1043,0
TX003931,C02278,689.62,UPI,new,yearly,success,none,1,0.88,265,1,809,0
TX003932,C00119,365.7,CARD,new,one_time,success,none,2,0.74,206,1,1442,0
TX003933,C02832,700.01,NETBANKING,new,one_time,failed,card_declined,1,0.97,253,1,326,1
TX003934,C02513,730.62,UPI,returning,monthly,success,none,3,0.77,33,1,687,0
TX003935,C02152,1208.04,UPI,returning,yearly,success,none,2,0.69,21,1,655,0
TX003936,C02746,218.16,UPI,returning,monthly,success,none,2,0.78,119,1,149,0
TX003937,C01996,258.39,UPI,returning,one_time,success,none,0,0.87,43,1,610,0
TX003938,C01706,1574.85,UPI,new,monthly,failed,card_declined,3,0.89,146,1,752,0
TX003939,C01723,494.01,CARD,new,yearly,success,none,0,0.87,123,1,798,0
TX003940,C02223,3211.62,UPI,new,one_time,failed,expired_card,3,0.78,69,1,133,0
TX003941,C02793,1373.71,NETBANKING,returning,one_time,success,none,2,0.91,41,0,782,0
TX003942,C01698,2011.75,UPI,returning,one_time,success,none,2,0.9,300,1,1432,0
TX003943,C01445,4494.87,UPI,new,one_time,success,none,3,0.74,354,1,292,0
TX003944,C01760,804.55,CARD,returning,one_time,success,none,2,0.85,37,1,1295,0
TX003945,C01525,617.4,NETBANKING,returning,one_time,success,none,3,0.7,59,1,945,0
TX003946,C00665,2622.03,UPI,new,monthly,success,none,1,0.68,297,1,984,0
TX003947,C00033,1825.33,UPI,new,one_time,success,none,3,0.93,154,1,256,0
TX003948,C02103,909.3,NETBANKING,returning,one_time,failed,expired_card,3,0.92,289,0,220,0
TX003949,C02567,4409.24,UPI,new,yearly,failed,card_declined,1,0.8,102,1,24,0
TX003950,C02804,886.92,UPI,returning,one_time,success,none,2,0.72,185,1,379,0
TX003951,C02060,1133.17,UPI,returning,one_time,success,none,2,0.89,269,1,983,0
TX003952,C01552,1120.16,CARD,returning,one_time,success,none,2,0.73,41,1,1159,0
TX003953,C00720,430.7,UPI,returning,monthly,success,none,0,0.62,107,1,74,0
TX003954,C02603,1185.1,CARD,new,monthly,failed,expired_card,0,0.74,23,0,1069,1
TX003955,C02421,4432.68,CARD,new,monthly,success,none,3,0.63,129,1,545,0
TX003956,C00484,1711.23,NETBANKING,new,monthly,success,none,3,0.94,54,1,742,0
TX003957,C00973,1131.23,UPI,new,yearly,success,none,3,0.88,226,1,73,0
TX003958,C02671,932.84,UPI,returning,monthly,failed,card_declined,1,0.81,104,1,231,1
TX003959,C00307,1526.7,UPI,returning,one_time,success,none,1,0.93,247,1,1365,0
TX003960,C00457,2321.03,UPI,new,one_time,failed,bank_timeout,0,0.8,359,1,817,1
TX003961,C02208,2016.74,CARD,returning,monthly,success,none,1,0.94,221,1,1082,0
TX003962,C00331,786.93,CARD,new,yearly,failed,card_declined,3,0.67,84,1,960,0
TX003963,C02824,1517.44,CARD,new,one_time,failed,card_declined,1,0.86,273,1,669,1
TX003964,C00225,1772.13,NETBANKING,returning,one_time,failed,bank_timeout,3,0.89,297,1,454,1
TX003965,C02777,400.54,NETBANKING,new,yearly,success,none,2,0.86,325,1,875,0
TX003966,C01480,1297.55,UPI,new,one_time,success,none,2,0.77,298,1,260,0
TX003967,C01083,126.3,WALLET,new,monthly,failed,insufficient_funds,0,0.88,274,1,339,1
TX003968,C00644,1776.74,UPI,returning,one_time,failed,network_error,3,0.93,251,1,767,1
TX003969,C00616,2122.49,CARD,returning,one_time,success,none,2,0.64,21,1,757,0
TX003970,C00195,2315.88,UPI,new,monthly,success,none,3,0.84,226,1,492,0
TX003971,C00489,738.75,NETBANKING,returning,monthly,success,none,1,0.64,57,1,49,0
TX003972,C02205,1493.75,UPI,new,one_time,success,none,2,0.86,291,1,939,0
TX003973,C02658,4554.88,CARD,returning,monthly,success,none,1,0.99,76,1,971,0
TX003974,C01250,4508.72,NETBANKING,returning,one_time,success,none,3,0.78,317,1,1043,0
TX003975,C02460,1065.1,CARD,returning,monthly,success,none,0,0.82,353,1,1334,0
TX003976,C01103,1260.57,CARD,returning,one_time,success,none,2,0.96,100,1,112,0
TX003977,C01148,3330.61,UPI,returning,monthly,failed,card_declined,0,0.79,131,0,583,1
TX003978,C02519,244.5,UPI,returning,monthly,failed,bank_timeout,2,0.89,119,1,171,1
TX003979,C01242,793.87,WALLET,returning,one_time,success,none,2,0.89,257,1,852,0
TX003980,C00516,4169.58,CARD,returning,one_time,failed,bank_timeout,2,0.95,184,1,143,1
TX003981,C01626,2907.94,CARD,returning,yearly,failed,expired_card,0,0.87,165,0,685,1
TX003982,C01128,1586.47,UPI,new,one_time,success,none,2,0.82,236,1,592,0
TX003983,C00393,243.27,UPI,new,monthly,success,none,1,0.95,264,1,714,0
TX003984,C00631,1043.24,UPI,new,one_time,success,none,3,0.7,167,1,1195,0
TX003985,C01848,607.95,UPI,returning,yearly,failed,card_declined,2,0.96,10,1,592,1
TX003986,C02656,1526.97,UPI,returning,yearly,success,none,2,0.83,154,1,759,0
TX003987,C00980,488.16,UPI,new,one_time,success,none,1,0.77,244,1,1153,0
TX003988,C00434,393.18,UPI,returning,monthly,failed,bank_timeout,0,0.82,297,1,60,1
TX003989,C02588,139.09,CARD,returning,yearly,success,none,0,0.81,75,1,1037,0
TX003990,C00278,3721.21,UPI,new,one_time,success,none,1,0.58,105,1,1114,0
TX003991,C00233,735.26,CARD,new,one_time,failed,insufficient_funds,2,0.76,162,1,784,0
TX003992,C01553,1283.24,NETBANKING,returning,one_time,success,none,1,0.83,346,1,1153,0
TX003993,C01595,1094.18,UPI,returning,one_time,success,none,1,0.76,146,1,433,0
TX003994,C01114,377.12,NETBANKING,new,monthly,failed,insufficient_funds,3,0.68,238,1,1423,0
TX003995,C02410,311.36,NETBANKING,returning,monthly,success,none,3,0.68,290,0,1411,0
TX003996,C00026,401.29,UPI,returning,monthly,success,none,2,0.97,64,1,1017,0
TX003997,C01418,532.1,UPI,returning,one_time,success,none,1,0.78,133,1,148,0
TX003998,C02555,1582.25,UPI,returning,monthly,success,none,0,0.66,237,1,499,0
TX003999,C02315,494.86,CARD,returning,monthly,success,none,0,0.9,280,1,866,0
TX004000,C00461,6288.58,UPI,returning,monthly,success,none,3,0.89,83,1,164,0
TX004001,C02504,3063.0,UPI,new,yearly,success,none,0,0.9,197,1,1082,0
TX004002,C01092,2461.09,CARD,returning,one_time,failed,network_error,1,0.69,248,1,864,1
TX004003,C01007,972.96,UPI,returning,monthly,success,none,3,0.91,222,1,70,0
TX004004,C02911,4985.46,WALLET,returning,monthly,success,none,3,0.71,146,1,289,0
TX004005,C01995,881.83,UPI,returning,one_time,success,none,2,0.93,118,1,870,0
TX004006,C00491,1062.88,NETBANKING,new,one_time,success,none,3,0.75,275,1,960,0
TX004007,C01073,1299.81,UPI,new,one_time,failed,expired_card,3,0.85,137,0,1181,0
TX004008,C02612,2212.38,UPI,returning,yearly,success,none,0,0.77,167,0,1045,0
TX004009,C00216,2073.32,UPI,new,monthly,success,none,3,0.73,59,1,936,0
TX004010,C01724,681.89,WALLET,new,monthly,success,none,3,0.84,86,1,815,0
TX004011,C01593,643.55,UPI,returning,one_time,success,none,2,0.82,338,1,281,0
TX004012,C02607,2079.54,CARD,returning,yearly,success,none,2,0.83,95,0,436,0
TX004013,C00159,2242.25,NETBANKING,returning,one_time,success,none,3,0.94,170,1,1423,0
TX004014,C02537,740.0,CARD,new,monthly,success,none,0,0.93,242,1,648,0
TX004015,C00686,224.26,UPI,new,monthly,failed,expired_card,1,0.9,234,1,462,1
TX004016,C02842,891.3,WALLET,returning,one_time,failed,expired_card,0,0.65,297,0,1044,1
TX004017,C01777,2045.76,NETBANKING,returning,monthly,failed,card_declined,1,0.8,226,1,1057,1
TX004018,C02053,6670.28,UPI,returning,one_time,success,none,2,0.78,8,1,1146,0
TX004019,C01844,330.97,CARD,returning,one_time,failed,insufficient_funds,3,0.96,245,1,1015,0
TX004020,C02409,715.82,WALLET,returning,monthly,success,none,0,0.9,272,1,739,0
TX004021,C02507,742.93,WALLET,new,one_time,success,none,0,0.77,201,0,1190,0
TX004022,C02296,4254.81,UPI,returning,one_time,success,none,1,0.81,357,1,562,0
TX004023,C01590,1058.98,NETBANKING,new,one_time,success,none,1,0.89,28,0,362,0
TX004024,C01697,442.6,UPI,new,one_time,success,none,3,0.93,242,1,792,0
TX004025,C02994,1917.34,UPI,returning,one_time,success,none,3,0.75,113,1,972,0
TX004026,C02470,731.69,UPI,new,monthly,failed,card_declined,2,0.78,212,1,1465,0
TX004027,C01947,322.34,UPI,returning,one_time,failed,bank_timeout,3,0.94,238,1,465,1
TX004028,C02063,449.09,CARD,new,monthly,success,none,0,0.8,263,1,1449,0
TX004029,C02784,6210.78,UPI,returning,monthly,success,none,0,0.72,364,1,1430,0
TX004030,C01146,1610.35,UPI,new,one_time,success,none,0,0.92,227,1,1145,0
TX004031,C02325,1221.41,UPI,returning,yearly,success,none,1,0.7,174,1,1433,0
TX004032,C01582,854.15,UPI,returning,one_time,success,none,3,0.89,17,1,660,0
TX004033,C02501,1468.72,WALLET,returning,one_time,failed,network_error,3,0.83,52,1,1413,1
TX004034,C02646,1451.33,NETBANKING,returning,one_time,success,none,1,0.81,248,1,93,0
TX004035,C02494,1468.75,UPI,returning,one_time,success,none,0,0.87,221,1,1248,0
TX004036,C02258,1230.09,NETBANKING,returning,yearly,failed,network_error,1,0.72,239,1,549,1
TX004037,C02762,2614.42,UPI,returning,one_time,success,none,2,0.79,343,1,1171,0
TX004038,C02350,1122.27,CARD,returning,monthly,success,none,0,0.98,226,1,431,0
TX004039,C01933,412.43,WALLET,returning,monthly,success,none,0,0.88,351,1,729,0
TX004040,C01758,594.41,UPI,new,one_time,success,none,2,0.97,14,1,116,0
TX004041,C02051,151.56,CARD,returning,yearly,failed,card_declined,0,0.9,185,1,836,1
TX004042,C00990,8323.33,UPI,returning,yearly,success,none,0,0.8,202,1,1199,0
TX004043,C01542,2598.67,UPI,returning,yearly,success,none,3,0.72,252,0,1120,0
TX004044,C01117,478.15,CARD,new,monthly,success,none,0,0.97,182,1,163,0
TX004045,C02568,827.29,WALLET,returning,one_time,failed,network_error,0,0.84,98,0,288,1
TX004046,C00493,580.06,UPI,new,one_time,success,none,1,0.88,181,1,1488,0
TX004047,C00620,5128.39,NETBANKING,returning,monthly,success,none,2,0.82,144,0,438,0
TX004048,C02379,265.1,NETBANKING,returning,one_time,failed,card_declined,0,0.77,309,1,857,1
TX004049,C02381,1229.64,UPI,returning,monthly,failed,expired_card,1,0.72,250,1,70,1
TX004050,C02098,983.85,UPI,returning,monthly,failed,bank_timeout,0,0.55,110,1,1017,1
TX004051,C01547,2506.99,CARD,new,one_time,success,none,1,0.97,200,1,1235,0
TX004052,C00863,988.3,UPI,returning,one_time,success,none,1,0.69,271,1,1302,0
TX004053,C01692,189.01,UPI,new,yearly,failed,expired_card,2,0.9,267,1,1040,0
TX004054,C01606,853.1,WALLET,returning,one_time,success,none,1,0.97,91,1,1147,0
TX004055,C02320,414.82,CARD,returning,one_time,success,none,3,0.95,313,1,903,0
TX004056,C00580,1187.47,UPI,new,one_time,success,none,0,0.75,345,1,1469,0
TX004057,C01891,4601.68,CARD,returning,one_time,success,none,3,0.89,66,0,49,0
TX004058,C01276,192.59,UPI,returning,one_time,success,none,3,0.73,269,0,731,0
TX004059,C02608,492.64,UPI,new,one_time,success,none,2,0.71,179,1,873,0
TX004060,C02744,631.0,NETBANKING,returning,one_time,success,none,3,0.88,213,1,963,0
TX004061,C01856,748.72,NETBANKING,returning,monthly,success,none,2,0.78,338,0,290,0
TX004062,C02494,2298.76,UPI,new,one_time,success,none,0,0.64,190,1,1052,0
TX004063,C01356,921.92,UPI,new,one_time,success,none,0,0.79,8,0,1166,0
TX004064,C01163,1662.04,CARD,returning,yearly,success,none,2,0.85,148,1,1497,0
TX004065,C00357,586.53,UPI,returning,monthly,success,none,1,0.71,119,1,1347,0
TX004066,C01625,1380.12,UPI,new,one_time,success,none,2,0.9,128,1,912,0
TX004067,C02322,2387.01,UPI,new,yearly,success,none,2,0.9,101,1,651,0
TX004068,C02007,527.26,CARD,returning,one_time,success,none,3,0.74,224,1,519,0
TX004069,C02359,2395.53,UPI,returning,one_time,success,none,0,0.74,201,1,1491,0
TX004070,C00870,1155.6,UPI,new,yearly,success,none,0,0.86,286,1,1026,0
TX004071,C00886,3119.6,UPI,returning,one_time,failed,network_error,0,0.8,307,1,73,1
TX004072,C02002,896.57,UPI,returning,yearly,success,none,2,0.67,148,1,1315,0
TX004073,C02202,1605.59,UPI,returning,monthly,failed,bank_timeout,2,0.92,294,1,990,1
TX004074,C01414,1053.0,UPI,returning,one_time,success,none,0,0.86,251,1,879,0
TX004075,C01284,996.04,UPI,returning,one_time,success,none,2,0.76,215,1,1377,0
TX004076,C00620,1420.74,NETBANKING,new,one_time,success,none,0,0.82,8,1,777,0
TX004077,C00883,1875.83,UPI,new,one_time,success,none,3,0.72,120,1,909,0
TX004078,C00797,314.33,UPI,returning,yearly,success,none,3,0.83,134,1,356,0
TX004079,C02173,4599.18,WALLET,returning,one_time,success,none,2,0.98,172,1,658,0
TX004080,C01297,170.77,CARD,returning,one_time,failed,insufficient_funds,1,0.86,129,1,1463,1
TX004081,C00619,552.91,CARD,new,monthly,success,none,0,0.91,45,1,1025,0
TX004082,C01835,997.98,UPI,returning,one_time,success,none,3,0.91,78,1,1326,0
TX004083,C00245,1656.32,UPI,returning,one_time,success,none,1,0.73,299,1,1252,0
TX004084,C02896,5303.77,CARD,returning,one_time,success,none,3,0.48,25,1,1152,0
TX004085,C02498,171.01,CARD,returning,monthly,success,none,0,0.9,346,1,323,0
TX004086,C00930,660.04,UPI,new,one_time,success,none,0,0.71,268,1,1221,0
TX004087,C01271,130.73,UPI,returning,one_time,success,none,3,0.93,210,1,970,0
TX004088,C00520,1131.86,NETBANKING,returning,one_time,failed,card_declined,2,0.84,294,0,92,1
TX004089,C02410,1438.97,UPI,returning,monthly,success,none,0,0.77,107,1,1320,0
TX004090,C00008,5381.89,UPI,new,one_time,success,none,1,0.95,312,1,476,0
TX004091,C02526,1237.24,UPI,returning,one_time,success,none,1,0.85,258,1,693,0
TX004092,C02020,3115.13,NETBANKING,new,monthly,success,none,2,0.87,12,1,960,0
TX004093,C00495,1966.16,NETBANKING,new,monthly,failed,bank_timeout,3,0.77,193,1,125,1
TX004094,C01630,709.64,CARD,new,one_time,success,none,0,0.88,339,1,1010,0
TX004095,C02881,268.01,UPI,new,monthly,success,none,0,0.58,241,1,1160,0
TX004096,C01063,1443.75,UPI,returning,one_time,failed,card_declined,2,0.73,250,1,971,1
TX004097,C02641,246.63,UPI,returning,monthly,success,none,0,0.76,107,1,1257,0
TX004098,C00187,4004.63,CARD,returning,monthly,success,none,0,0.91,313,1,273,0
TX004099,C02802,932.56,CARD,new,yearly,failed,bank_timeout,1,0.91,167,0,1304,1
TX004100,C01878,3623.43,WALLET,new,monthly,success,none,1,0.85,197,1,160,0
TX004101,C02141,678.43,UPI,returning,one_time,failed,network_error,3,0.93,116,0,612,1
TX004102,C00086,1434.9,CARD,new,monthly,failed,expired_card,1,0.89,325,1,1117,1
TX004103,C00137,1352.01,UPI,new,monthly,success,none,3,0.91,341,1,327,0
TX004104,C02469,1048.33,UPI,new,yearly,failed,network_error,1,0.66,245,1,23,0
TX004105,C02122,711.48,UPI,returning,one_time,success,none,3,0.83,194,1,1208,0
TX004106,C01637,1623.69,UPI,returning,monthly,failed,insufficient_funds,0,0.75,167,1,399,1
TX004107,C02219,434.34,WALLET,new,monthly,success,none,0,0.81,184,1,783,0
TX004108,C01752,327.2,UPI,returning,monthly,failed,network_error,1,0.96,171,1,155,1
TX004109,C02218,3800.27,WALLET,returning,yearly,success,none,0,0.55,31,1,936,0
TX004110,C01788,2269.17,UPI,returning,monthly,success,none,3,0.95,258,1,251,0
TX004111,C00872,1171.33,UPI,new,monthly,failed,bank_timeout,2,0.95,56,1,48,1
TX004112,C02370,5797.27,UPI,returning,one_time,success,none,2,0.7,48,1,682,0
TX004113,C02504,839.02,UPI,new,one_time,success,none,0,0.81,263,1,1469,0
TX004114,C00944,4116.27,UPI,returning,one_time,success,none,0,0.6,40,1,668,0
TX004115,C01627,1307.11,UPI,new,one_time,success,none,1,0.62,31,1,524,0
TX004116,C02838,393.57,UPI,returning,one_time,success,none,1,0.7,122,1,1027,0
TX004117,C02661,6960.73,WALLET,returning,one_time,failed,insufficient_funds,3,0.7,71,1,1022,1
TX004118,C02937,2953.4,CARD,returning,monthly,success,none,3,0.8,59,1,1260,0
TX004119,C00349,971.63,CARD,returning,monthly,success,none,2,0.92,160,1,1301,0
TX004120,C01677,2269.17,UPI,returning,monthly,failed,bank_timeout,3,0.68,29,1,923,1
TX004121,C01197,732.38,UPI,returning,monthly,success,none,0,0.99,190,1,409,0
TX004122,C00010,2512.79,UPI,new,monthly,success,none,0,0.87,279,1,760,0
TX004123,C02788,100.38,NETBANKING,returning,one_time,success,none,1,0.88,102,1,375,0
TX004124,C01462,395.52,UPI,new,yearly,success,none,0,0.63,200,1,1181,0
TX004125,C00667,2919.77,UPI,returning,one_time,success,none,3,0.86,209,1,863,0
TX004126,C02594,854.35,CARD,returning,yearly,success,none,3,0.72,105,1,1102,0
TX004127,C01523,1349.57,UPI,returning,monthly,success,none,1,0.72,231,1,204,0
TX004128,C02177,285.21,NETBANKING,returning,one_time,success,none,3,0.89,220,0,582,0
TX004129,C00601,6959.53,UPI,new,one_time,success,none,1,0.77,84,1,952,0
TX004130,C02653,3606.63,UPI,returning,one_time,success,none,0,0.88,210,1,494,0
TX004131,C00327,897.23,CARD,returning,one_time,failed,expired_card,1,0.95,143,0,335,1
TX004132,C00980,731.65,UPI,returning,one_time,success,none,3,0.75,295,1,385,0
TX004133,C02452,3070.53,UPI,new,monthly,success,none,3,0.77,40,0,882,0
TX004134,C00629,7962.28,UPI,returning,one_time,success,none,2,0.77,165,1,1019,0
TX004135,C01630,2846.26,CARD,returning,monthly,success,none,1,0.77,273,0,431,0
TX004136,C02766,9621.95,WALLET,returning,monthly,success,none,3,0.88,228,1,1079,0
TX004137,C00274,436.0,CARD,returning,monthly,success,none,2,0.79,363,1,860,0
TX004138,C00685,483.29,NETBANKING,returning,one_time,success,none,0,0.61,72,0,1342,0
TX004139,C00116,333.97,UPI,returning,one_time,success,none,0,0.76,217,1,172,0
TX004140,C00861,1705.75,UPI,new,one_time,success,none,0,0.73,178,1,590,0
TX004141,C02004,1307.15,UPI,returning,monthly,success,none,0,0.82,161,1,249,0
TX004142,C00693,942.04,CARD,returning,monthly,success,none,0,0.95,251,1,709,0
TX004143,C01106,2463.3,UPI,new,monthly,success,none,1,0.7,285,1,935,0
TX004144,C02372,3760.58,CARD,returning,one_time,success,none,0,0.68,276,0,412,0
TX004145,C02162,238.49,CARD,returning,one_time,failed,card_declined,3,0.53,144,1,682,1
TX004146,C01793,603.67,WALLET,new,monthly,success,none,3,0.97,237,1,1381,0
TX004147,C00154,2490.26,UPI,returning,monthly,success,none,0,0.77,259,1,437,0
TX004148,C01901,686.95,UPI,returning,yearly,success,none,0,0.79,25,0,211,0
TX004149,C01428,493.63,UPI,returning,yearly,success,none,2,0.74,130,0,1445,0
TX004150,C01290,3036.73,UPI,returning,monthly,success,none,1,0.73,259,1,1344,0
TX004151,C00315,302.02,NETBANKING,new,one_time,success,none,3,0.99,364,1,711,0
TX004152,C01065,811.12,UPI,new,one_time,success,none,3,0.85,326,1,980,0
TX004153,C00105,1523.31,WALLET,returning,one_time,failed,expired_card,3,0.64,336,1,11,1
TX004154,C01925,617.81,WALLET,new,yearly,success,none,3,0.75,191,0,575,0
TX004155,C01914,2399.84,CARD,new,one_time,failed,expired_card,0,0.98,352,0,1045,1
TX004156,C01217,620.87,UPI,returning,monthly,success,none,0,0.86,315,1,171,0
TX004157,C01425,4485.56,UPI,returning,yearly,failed,expired_card,1,0.92,59,0,173,1
TX004158,C02402,967.05,UPI,returning,monthly,success,none,2,0.91,286,1,519,0
TX004159,C01773,2145.81,UPI,new,monthly,success,none,0,0.88,96,0,816,0
TX004160,C01961,2312.36,UPI,new,one_time,success,none,3,0.86,160,1,79,0
TX004161,C02781,585.5,UPI,returning,one_time,failed,bank_timeout,2,0.7,218,0,1240,1
TX004162,C01604,140.68,CARD,returning,monthly,success,none,3,0.84,361,1,297,0
TX004163,C00709,1573.02,UPI,returning,yearly,success,none,1,0.8,229,1,1262,0
TX004164,C00651,1178.84,UPI,returning,yearly,failed,card_declined,0,0.99,333,0,301,1
TX004165,C02872,1911.85,UPI,returning,one_time,success,none,1,0.83,9,1,470,0
TX004166,C00947,874.34,WALLET,returning,one_time,success,none,3,0.89,313,1,1418,0
TX004167,C00661,713.06,CARD,new,monthly,success,none,0,0.86,325,1,1175,0
TX004168,C02147,8172.03,UPI,returning,monthly,success,none,0,0.87,192,1,1320,0
TX004169,C02636,251.55,CARD,returning,one_time,failed,bank_timeout,0,0.86,49,0,1326,1
TX004170,C02330,2284.61,CARD,new,one_time,success,none,0,0.57,347,1,90,0
TX004171,C02451,617.33,NETBANKING,returning,yearly,success,none,1,0.9,169,1,45,0
TX004172,C01133,783.85,UPI,new,yearly,success,none,0,0.7,302,1,926,0
TX004173,C00700,798.63,NETBANKING,returning,monthly,success,none,2,0.88,196,1,475,0
TX004174,C02247,491.06,UPI,new,monthly,success,none,0,0.86,177,1,1494,0
TX004175,C02039,1941.52,NETBANKING,returning,one_time,success,none,3,0.68,17,1,1267,0
TX004176,C02375,4405.65,UPI,returning,monthly,failed,insufficient_funds,1,0.62,120,1,151,1
TX004177,C02202,1754.63,NETBANKING,new,one_time,success,none,2,0.89,258,1,579,0
TX004178,C00552,1216.07,WALLET,returning,one_time,success,none,3,0.7,66,1,275,0
TX004179,C00405,408.94,UPI,new,one_time,failed,bank_timeout,0,0.58,84,1,544,1
TX004180,C00462,1838.72,WALLET,returning,one_time,success,none,3,0.82,138,1,637,0
TX004181,C02180,9474.41,UPI,returning,yearly,success,none,1,0.83,76,0,441,0
TX004182,C02839,749.42,UPI,returning,yearly,success,none,1,0.93,353,0,2,0
TX004183,C00874,752.96,UPI,returning,monthly,success,none,0,0.58,328,1,1403,0
TX004184,C00084,625.72,WALLET,returning,monthly,failed,expired_card,2,0.9,136,1,630,1
TX004185,C01423,672.22,UPI,new,one_time,success,none,1,0.93,297,1,90,0
TX004186,C02802,100.0,CARD,new,monthly,failed,network_error,1,0.77,219,0,661,0
TX004187,C02676,1644.24,CARD,returning,monthly,failed,network_error,2,0.96,340,1,30,1
TX004188,C00221,470.81,WALLET,returning,monthly,failed,bank_timeout,0,0.91,353,1,1140,1
TX004189,C02601,219.15,CARD,returning,one_time,success,none,3,0.93,38,1,714,0
TX004190,C01392,2328.99,UPI,new,monthly,success,none,0,0.89,346,1,826,0
TX004191,C00112,371.66,UPI,new,one_time,success,none,0,0.93,245,1,1196,0
TX004192,C00615,781.59,UPI,returning,one_time,success,none,3,0.59,68,1,652,0
TX004193,C01582,4752.58,CARD,new,monthly,success,none,3,0.91,289,1,280,0
TX004194,C02972,267.95,UPI,returning,one_time,failed,expired_card,0,0.69,151,1,703,1
TX004195,C00475,236.84,UPI,returning,monthly,success,none,2,0.94,186,0,351,0
TX004196,C02884,1435.55,NETBANKING,returning,monthly,success,none,3,0.72,338,1,393,0
TX004197,C01914,3461.6,UPI,new,one_time,success,none,1,0.91,342,0,790,0
TX004198,C00271,227.16,CARD,returning,yearly,success,none,0,0.69,114,1,346,0
TX004199,C02469,1648.61,UPI,new,monthly,success,none,1,0.84,245,1,631,0
TX004200,C01921,1960.59,UPI,new,one_time,success,none,1,0.93,113,0,518,0
TX004201,C02755,139.89,UPI,returning,monthly,success,none,3,0.9,320,1,702,0
TX004202,C01391,2436.95,UPI,new,one_time,success,none,2,0.87,40,1,809,0
TX004203,C00040,2634.91,NETBANKING,new,monthly,success,none,1,0.74,223,1,1239,0
TX004204,C01983,802.89,UPI,new,monthly,failed,expired_card,0,0.84,173,1,1230,1
TX004205,C02237,3836.62,UPI,returning,one_time,failed,network_error,3,0.63,361,1,1112,1
TX004206,C00994,3416.79,CARD,returning,monthly,success,none,1,0.77,208,1,1129,0
TX004207,C02013,1215.75,CARD,returning,yearly,success,none,0,0.81,172,1,817,0
TX004208,C02584,698.23,CARD,returning,one_time,success,none,0,0.59,192,1,840,0
TX004209,C00290,414.54,WALLET,new,one_time,success,none,0,0.64,53,0,702,0
TX004210,C02481,1056.2,CARD,new,one_time,failed,card_declined,1,0.92,145,1,1364,1
TX004211,C02519,1938.67,UPI,new,one_time,failed,card_declined,2,0.8,237,1,662,1
TX004212,C02676,793.0,NETBANKING,returning,one_time,success,none,1,0.69,69,0,223,0
TX004213,C00279,121.81,UPI,new,one_time,failed,expired_card,2,0.67,75,1,1095,0
TX004214,C02925,3899.93,UPI,returning,one_time,success,none,2,0.81,343,1,229,0
TX004215,C00581,1326.4,UPI,new,one_time,success,none,3,0.83,273,0,1263,0
TX004216,C00863,750.23,UPI,returning,monthly,success,none,3,0.88,99,1,47,0
TX004217,C00254,2584.17,UPI,returning,yearly,success,none,2,0.77,336,0,1309,0
TX004218,C00181,5037.37,UPI,returning,yearly,success,none,1,0.93,290,1,88,0
TX004219,C00681,100.0,UPI,returning,one_time,success,none,2,0.88,51,1,1143,0
TX004220,C00825,1693.01,NETBANKING,returning,monthly,success,none,2,0.53,107,1,995,0
TX004221,C00700,263.31,NETBANKING,new,yearly,success,none,2,0.75,255,1,1406,0
TX004222,C02614,1806.43,CARD,new,yearly,success,none,0,0.64,215,1,545,0
TX004223,C01350,1246.29,NETBANKING,returning,yearly,success,none,2,0.93,296,1,1408,0
TX004224,C01381,2070.88,UPI,new,monthly,success,none,0,0.78,211,1,225,0
TX004225,C01674,665.64,NETBANKING,new,one_time,success,none,2,0.78,290,1,379,0
TX004226,C02728,168.47,UPI,returning,one_time,success,none,1,0.76,236,1,793,0
TX004227,C02439,698.99,UPI,new,monthly,failed,insufficient_funds,3,0.88,120,1,1396,0
TX004228,C01639,1647.23,UPI,returning,one_time,success,none,3,0.84,40,1,283,0
TX004229,C01958,3027.2,UPI,returning,yearly,success,none,0,0.89,146,1,1453,0
TX004230,C00212,339.74,UPI,returning,one_time,success,none,2,0.94,236,1,319,0
TX004231,C01539,3062.73,UPI,returning,yearly,success,none,1,0.54,200,0,60,0
TX004232,C00384,573.71,UPI,returning,monthly,success,none,0,0.69,280,1,1142,0
TX004233,C01715,1575.69,UPI,new,one_time,failed,insufficient_funds,1,0.62,111,1,849,1
TX004234,C00342,658.59,UPI,new,one_time,success,none,2,0.81,234,0,1216,0
TX004235,C01839,1315.76,WALLET,returning,one_time,failed,insufficient_funds,3,0.91,230,1,635,1
TX004236,C01988,2675.46,UPI,returning,monthly,failed,insufficient_funds,2,0.87,159,1,108,1
TX004237,C00844,321.5,UPI,new,monthly,success,none,2,0.81,209,1,865,0
TX004238,C01535,555.63,CARD,returning,yearly,success,none,2,0.86,88,1,927,0
TX004239,C00420,1319.44,NETBANKING,new,one_time,success,none,3,0.81,102,1,198,0
TX004240,C02799,12107.54,UPI,new,one_time,failed,insufficient_funds,3,0.92,230,1,349,0
TX004241,C01989,462.58,NETBANKING,returning,one_time,failed,network_error,0,0.97,27,0,580,1
TX004242,C01933,8434.91,UPI,new,one_time,failed,expired_card,0,0.97,90,0,251,1
TX004243,C01850,8139.01,UPI,returning,monthly,success,none,0,0.67,297,1,610,0
TX004244,C00306,994.95,UPI,returning,one_time,failed,bank_timeout,3,0.59,299,1,182,1
TX004245,C02750,813.91,CARD,new,monthly,success,none,3,0.59,151,1,210,0
TX004246,C00869,548.91,UPI,new,one_time,success,none,2,0.64,251,1,1176,0
TX004247,C02585,1024.33,CARD,new,one_time,success,none,2,0.81,19,1,814,0
TX004248,C01136,268.62,UPI,new,monthly,success,none,1,0.83,213,1,374,0
TX004249,C01435,1016.13,CARD,returning,monthly,success,none,1,0.84,92,1,150,0
TX004250,C00206,4899.46,UPI,returning,one_time,success,none,0,0.78,191,1,974,0
TX004251,C00496,595.21,UPI,new,monthly,success,none,2,0.78,110,1,757,0
TX004252,C01910,862.02,CARD,returning,one_time,success,none,2,0.91,231,1,363,0
TX004253,C02552,200.11,CARD,returning,monthly,success,none,1,0.88,303,1,1127,0
TX004254,C01046,1594.1,UPI,new,yearly,failed,network_error,0,0.87,153,1,1491,0
TX004255,C00213,1428.64,NETBANKING,returning,monthly,failed,network_error,2,0.79,215,1,217,0
TX004256,C00310,1168.76,CARD,returning,one_time,success,none,1,0.43,13,1,356,0
TX004257,C02709,882.87,UPI,new,monthly,failed,expired_card,0,0.81,250,0,761,0
TX004258,C01992,818.31,WALLET,returning,monthly,success,none,0,0.92,187,1,961,0
TX004259,C02801,1811.48,CARD,returning,one_time,failed,card_declined,0,0.72,128,1,975,1
TX004260,C00272,1065.48,UPI,new,monthly,success,none,1,0.79,38,1,50,0
TX004261,C01823,1502.63,UPI,returning,one_time,failed,network_error,2,0.92,143,1,906,1
TX004262,C02986,1359.65,UPI,returning,monthly,success,none,1,0.81,336,1,1106,0
TX004263,C02080,3372.56,UPI,new,one_time,failed,network_error,2,0.84,299,0,1431,0
TX004264,C00443,2158.12,UPI,returning,yearly,success,none,2,0.83,254,1,584,0
TX004265,C02210,1329.9,UPI,new,monthly,success,none,2,0.77,301,0,1073,0
TX004266,C02815,5006.15,CARD,returning,one_time,success,none,3,0.73,115,1,6,0
TX004267,C00254,1669.48,UPI,new,one_time,success,none,3,0.82,32,1,533,0
TX004268,C00521,4043.89,NETBANKING,returning,one_time,success,none,3,0.8,293,1,7,0
TX004269,C00977,2012.12,UPI,returning,one_time,success,none,0,0.75,73,1,1306,0
TX004270,C00010,173.83,UPI,returning,one_time,success,none,2,0.69,289,1,1022,0
TX004271,C02774,4043.37,CARD,new,one_time,failed,bank_timeout,0,0.43,54,0,619,0
TX004272,C02553,1255.36,CARD,returning,monthly,failed,insufficient_funds,1,0.78,280,1,388,1
TX004273,C02833,1041.11,UPI,new,one_time,success,none,2,0.95,1,1,594,0
TX004274,C01584,1452.95,UPI,returning,one_time,success,none,3,0.81,63,1,714,0
TX004275,C02484,776.67,UPI,new,monthly,success,none,1,0.45,288,1,1377,0
TX004276,C01135,1376.13,CARD,returning,one_time,success,none,3,0.68,179,0,1139,0
TX004277,C00153,606.75,UPI,new,one_time,failed,network_error,1,0.77,138,1,1303,1
TX004278,C01659,3921.67,CARD,returning,one_time,success,none,2,0.67,21,1,774,0
TX004279,C02965,978.88,CARD,returning,monthly,success,none,2,0.64,15,1,455,0
TX004280,C02917,748.01,UPI,returning,one_time,success,none,0,0.54,336,0,956,0
TX004281,C02801,434.88,UPI,returning,one_time,failed,insufficient_funds,3,0.9,52,1,218,1
TX004282,C01857,1434.79,UPI,returning,monthly,failed,expired_card,3,0.88,265,1,1092,1
TX004283,C01215,1322.27,UPI,returning,one_time,success,none,2,0.91,4,1,1412,0
TX004284,C01753,1617.16,UPI,returning,one_time,failed,network_error,0,0.88,211,1,481,1
TX004285,C02611,392.58,UPI,returning,one_time,success,none,0,0.94,28,1,421,0
TX004286,C01105,221.15,CARD,returning,yearly,success,none,3,0.88,218,0,1393,0
TX004287,C02537,2049.99,UPI,returning,monthly,failed,bank_timeout,2,0.86,120,1,120,1
TX004288,C00895,4839.86,NETBANKING,returning,yearly,success,none,3,0.61,253,1,1157,0
TX004289,C01112,392.94,UPI,new,monthly,success,none,2,0.95,176,1,822,0
TX004290,C00104,5374.61,UPI,returning,monthly,success,none,3,0.83,236,1,750,0
TX004291,C01915,1456.67,CARD,returning,yearly,success,none,2,0.94,253,1,1114,0
TX004292,C01007,1088.92,NETBANKING,returning,one_time,success,none,0,0.66,110,1,269,0
TX004293,C00407,736.9,UPI,returning,monthly,failed,bank_timeout,0,0.58,27,1,797,1
TX004294,C01402,274.65,CARD,returning,one_time,success,none,3,0.82,103,1,1295,0
TX004295,C00167,2944.6,NETBANKING,returning,monthly,success,none,0,0.86,20,1,1198,0
TX004296,C00509,504.92,CARD,returning,one_time,success,none,3,0.62,159,0,382,0
TX004297,C01662,502.8,UPI,new,monthly,success,none,0,0.84,217,1,1096,0
TX004298,C02361,2956.99,NETBANKING,new,yearly,success,none,3,0.81,354,0,114,0
TX004299,C00763,166.84,CARD,returning,one_time,success,none,0,0.92,310,1,539,0
TX004300,C00681,238.99,CARD,returning,monthly,success,none,2,0.95,363,1,1447,0
TX004301,C02525,1076.93,CARD,returning,one_time,success,none,0,0.84,127,0,1221,0
TX004302,C02121,1470.39,WALLET,new,one_time,success,none,2,0.96,49,0,128,0
TX004303,C01165,1780.65,UPI,new,monthly,success,none,0,0.71,99,1,1459,0
TX004304,C00582,810.95,UPI,returning,one_time,success,none,0,0.81,119,0,1427,0
TX004305,C00262,13771.68,UPI,returning,monthly,success,none,2,0.88,103,1,261,0
TX004306,C01364,873.15,UPI,new,one_time,success,none,1,0.95,304,1,962,0
TX004307,C01332,870.63,UPI,returning,monthly,success,none,3,0.7,92,1,1062,0
TX004308,C02293,494.24,CARD,new,monthly,success,none,1,0.6,90,1,488,0
TX004309,C01539,1241.29,UPI,new,yearly,failed,expired_card,0,0.89,149,1,341,1
TX004310,C00561,2028.32,CARD,new,monthly,success,none,3,0.88,135,1,1032,0
TX004311,C01100,3654.0,NETBANKING,returning,one_time,success,none,3,0.87,288,1,40,0
TX004312,C01904,247.33,UPI,returning,one_time,success,none,3,0.63,70,0,998,0
TX004313,C00175,857.49,NETBANKING,new,yearly,success,none,3,0.87,305,0,281,0
TX004314,C02157,1714.2,UPI,new,monthly,success,none,2,0.89,185,1,917,0
TX004315,C02231,1972.5,NETBANKING,returning,monthly,success,none,1,0.91,278,1,414,0
TX004316,C00192,1103.84,NETBANKING,returning,monthly,success,none,1,0.68,131,1,493,0
TX004317,C00065,1886.4,UPI,new,one_time,failed,insufficient_funds,2,0.82,150,1,732,1
TX004318,C01498,488.35,UPI,returning,monthly,success,none,1,0.84,80,0,1086,0
TX004319,C01568,5207.76,UPI,new,monthly,success,none,0,0.88,295,1,219,0
TX004320,C02912,2959.06,NETBANKING,new,one_time,success,none,3,0.74,148,1,1289,0
TX004321,C01152,285.74,NETBANKING,returning,yearly,success,none,0,0.65,141,1,1210,0
TX004322,C01938,374.24,UPI,returning,one_time,success,none,0,0.71,39,1,1064,0
TX004323,C00369,384.94,CARD,returning,one_time,success,none,1,0.55,51,1,225,0
TX004324,C00851,2160.23,UPI,returning,one_time,success,none,2,0.91,192,1,1482,0
TX004325,C00043,303.47,UPI,returning,monthly,failed,card_declined,2,0.77,301,1,1342,0
TX004326,C01908,787.59,WALLET,returning,one_time,success,none,0,0.78,242,1,248,0
TX004327,C02536,1727.97,UPI,new,one_time,success,none,3,0.76,7,1,685,0
TX004328,C00078,1026.42,NETBANKING,new,yearly,failed,expired_card,0,0.9,325,1,782,1
TX004329,C02874,1420.68,NETBANKING,returning,one_time,failed,card_declined,3,0.75,233,1,1170,0
TX004330,C01825,377.74,WALLET,returning,one_time,success,none,3,0.93,185,1,1344,0
TX004331,C01294,1987.94,UPI,new,monthly,failed,bank_timeout,0,0.76,305,1,484,1
TX004332,C00674,593.95,UPI,returning,one_time,success,none,0,0.83,112,1,331,0
TX004333,C00701,792.65,UPI,new,one_time,failed,bank_timeout,1,0.77,173,1,211,1
TX004334,C00759,1390.94,CARD,returning,one_time,success,none,3,0.92,172,1,1449,0
TX004335,C01924,1215.7,CARD,new,monthly,failed,network_error,0,0.82,210,0,58,1
TX004336,C02776,1123.25,UPI,returning,yearly,success,none,1,0.88,116,1,1043,0
TX004337,C02973,517.69,CARD,new,one_time,success,none,3,0.79,101,1,1001,0
TX004338,C00902,812.77,UPI,returning,monthly,success,none,0,0.7,135,0,1102,0
TX004339,C02937,1099.03,UPI,new,one_time,failed,bank_timeout,3,0.77,21,1,293,0
TX004340,C00993,277.25,UPI,returning,one_time,failed,insufficient_funds,3,0.77,47,1,512,1
TX004341,C01192,690.54,UPI,returning,monthly,success,none,2,0.7,302,1,1208,0
TX004342,C02387,1615.95,UPI,new,one_time,success,none,1,0.61,62,1,471,0
TX004343,C02241,305.69,UPI,new,monthly,success,none,2,0.94,242,1,792,0
TX004344,C01477,3486.25,NETBANKING,new,one_time,success,none,2,0.98,112,1,1437,0
TX004345,C02331,3903.44,CARD,returning,yearly,failed,bank_timeout,2,0.75,116,1,576,1
TX004346,C00390,315.72,UPI,returning,monthly,success,none,0,0.94,16,1,585,0
TX004347,C01000,4262.54,CARD,new,one_time,success,none,2,0.75,186,1,402,0
TX004348,C00525,949.96,CARD,returning,one_time,success,none,2,0.95,302,0,193,0
TX004349,C01856,1666.56,UPI,returning,one_time,success,none,3,0.74,104,1,408,0
TX004350,C01507,667.37,CARD,new,one_time,success,none,2,0.95,96,0,276,0
TX004351,C00659,2760.16,CARD,returning,monthly,success,none,3,0.87,100,1,324,0
TX004352,C02764,1645.98,CARD,returning,yearly,success,none,1,0.76,85,1,973,0
TX004353,C00891,485.82,CARD,returning,one_time,success,none,3,0.68,350,1,270,0
TX004354,C01482,342.0,CARD,new,one_time,success,none,0,0.79,1,1,564,0
TX004355,C00452,254.6,UPI,new,one_time,success,none,2,0.74,237,0,1270,0
TX004356,C02476,1323.38,NETBANKING,new,monthly,failed,network_error,0,0.63,314,1,654,0
TX004357,C01538,1943.94,UPI,returning,one_time,success,none,1,0.81,46,0,576,0
TX004358,C00883,2102.68,NETBANKING,returning,yearly,failed,expired_card,0,0.67,159,1,474,1
TX004359,C00313,974.59,UPI,new,monthly,success,none,3,0.82,86,1,1306,0
TX004360,C00840,344.81,UPI,new,yearly,success,none,2,0.95,323,1,556,0
TX004361,C02567,554.42,CARD,new,one_time,success,none,3,0.77,79,1,1147,0
TX004362,C00375,3471.52,UPI,returning,monthly,success,none,0,0.88,232,1,1126,0
TX004363,C00451,675.44,NETBANKING,new,monthly,failed,network_error,3,0.58,101,1,837,0
TX004364,C00595,1265.75,UPI,returning,monthly,failed,expired_card,0,0.61,249,0,773,1
TX004365,C01234,374.04,CARD,returning,one_time,success,none,0,0.69,210,0,1298,0
TX004366,C00500,1535.46,UPI,returning,yearly,failed,network_error,0,0.96,310,1,702,1
TX004367,C00464,693.89,UPI,returning,yearly,success,none,0,0.89,190,0,1386,0
TX004368,C00113,3123.51,UPI,new,one_time,success,none,1,0.93,333,1,597,0
TX004369,C01036,2376.91,CARD,returning,monthly,success,none,2,0.75,85,1,1459,0
TX004370,C02379,668.0,CARD,returning,one_time,success,none,3,0.93,237,1,1305,0
TX004371,C01925,966.17,CARD,returning,yearly,success,none,3,0.97,363,1,1278,0
TX004372,C00140,632.0,WALLET,new,monthly,success,none,3,0.76,222,1,381,0
TX004373,C01425,265.22,CARD,new,one_time,failed,bank_timeout,0,0.67,283,1,314,1
TX004374,C02950,465.24,NETBANKING,returning,one_time,failed,card_declined,0,0.56,326,1,1486,1
TX004375,C00517,1337.05,UPI,returning,one_time,failed,insufficient_funds,2,0.82,30,1,1329,1
TX004376,C02617,1518.17,UPI,returning,one_time,success,none,2,0.69,32,1,1128,0
TX004377,C01948,1272.26,UPI,returning,one_time,success,none,2,0.64,328,0,682,0
TX004378,C02894,811.0,UPI,returning,monthly,failed,card_declined,3,0.9,48,1,414,1
TX004379,C02166,2787.96,UPI,new,monthly,success,none,2,0.84,232,1,854,0
TX004380,C00888,1168.58,UPI,returning,monthly,failed,insufficient_funds,0,0.86,361,1,274,1
TX004381,C01342,2215.55,CARD,returning,monthly,success,none,2,0.8,14,0,115,0
TX004382,C00050,186.09,CARD,returning,one_time,success,none,1,0.89,44,1,970,0
TX004383,C00019,100.0,WALLET,returning,one_time,success,none,0,0.87,246,1,472,0
TX004384,C00726,1456.49,NETBANKING,returning,monthly,failed,bank_timeout,1,0.77,197,0,1136,1
TX004385,C02245,263.81,UPI,new,one_time,success,none,2,0.6,302,1,841,0
TX004386,C01474,886.74,UPI,returning,one_time,failed,network_error,1,0.9,212,1,985,1
TX004387,C02607,810.7,UPI,new,one_time,success,none,0,0.64,197,1,443,0
TX004388,C00452,5363.65,UPI,returning,monthly,success,none,3,0.78,190,1,656,0
TX004389,C02337,1635.98,UPI,returning,monthly,success,none,0,0.61,242,1,443,0
TX004390,C01165,1294.47,CARD,new,monthly,success,none,0,0.78,201,1,11,0
TX004391,C01108,2532.57,UPI,returning,one_time,success,none,0,0.76,29,1,191,0
TX004392,C02439,1585.25,CARD,new,monthly,failed,network_error,1,0.96,364,1,521,1
TX004393,C00215,693.9,CARD,returning,one_time,success,none,0,0.89,74,1,585,0
TX004394,C01550,3201.82,UPI,new,monthly,success,none,0,0.87,85,1,703,0
TX004395,C02263,361.5,UPI,returning,one_time,failed,expired_card,0,0.93,315,1,1214,1
TX004396,C00128,1515.12,NETBANKING,returning,yearly,success,none,2,0.81,19,1,1057,0
TX004397,C01846,233.32,UPI,returning,monthly,success,none,1,0.69,212,1,369,0
TX004398,C00760,1344.72,UPI,returning,monthly,success,none,2,0.75,194,1,515,0
TX004399,C02452,1330.07,UPI,returning,monthly,success,none,0,0.76,164,1,1060,0
TX004400,C01816,5863.22,UPI,returning,monthly,success,none,2,0.85,277,1,122,0
TX004401,C02386,229.3,UPI,returning,one_time,success,none,3,0.67,230,1,788,0
TX004402,C02879,601.31,NETBANKING,returning,monthly,success,none,0,0.84,17,1,24,0
TX004403,C02762,2496.59,UPI,returning,monthly,failed,card_declined,2,0.89,253,1,861,1
TX004404,C00361,1533.51,UPI,new,monthly,failed,insufficient_funds,0,0.95,87,1,374,1
TX004405,C00569,1313.31,UPI,returning,one_time,success,none,3,0.91,319,0,128,0
TX004406,C01416,421.52,CARD,new,one_time,success,none,0,0.93,158,1,105,0
TX004407,C02266,607.4,UPI,returning,monthly,success,none,0,0.82,212,0,467,0
TX004408,C01598,3808.69,UPI,new,monthly,success,none,2,0.79,125,1,188,0
TX004409,C01693,1041.58,CARD,returning,one_time,failed,network_error,0,0.81,330,1,738,1
TX004410,C00202,1596.17,UPI,returning,one_time,success,none,3,0.69,164,1,1483,0
TX004411,C02065,977.32,UPI,returning,monthly,failed,bank_timeout,3,0.9,80,1,1470,1
TX004412,C02370,335.93,UPI,returning,one_time,success,none,2,0.48,243,1,880,0
TX004413,C00518,2790.04,CARD,returning,one_time,success,none,0,0.83,315,1,982,0
TX004414,C01349,1813.9,WALLET,returning,monthly,success,none,1,0.53,175,0,1239,0
TX004415,C01436,10999.85,UPI,returning,one_time,success,none,0,0.75,129,1,808,0
TX004416,C01342,397.19,UPI,new,monthly,success,none,1,0.73,83,0,657,0
TX004417,C00681,2496.32,UPI,returning,one_time,failed,network_error,0,0.82,206,1,675,1
TX004418,C01989,295.44,CARD,returning,yearly,success,none,3,0.67,329,1,372,0
TX004419,C01492,1283.5,CARD,new,monthly,success,none,3,0.98,335,0,1192,0
TX004420,C00425,2911.74,CARD,new,one_time,success,none,0,0.8,13,1,74,0
TX004421,C01969,138.08,CARD,new,yearly,success,none,0,0.89,9,1,27,0
TX004422,C01713,893.43,NETBANKING,new,monthly,success,none,3,0.8,210,1,267,0
TX004423,C02435,624.4,NETBANKING,returning,yearly,failed,expired_card,0,0.9,331,1,1394,1
TX004424,C00778,543.51,CARD,returning,monthly,failed,network_error,0,0.8,122,1,576,1
TX004425,C02146,1611.97,UPI,returning,monthly,success,none,2,0.78,165,1,710,0
TX004426,C01827,3363.33,UPI,returning,monthly,success,none,2,0.8,147,1,1396,0
TX004427,C00208,959.8,UPI,returning,one_time,failed,bank_timeout,2,0.96,70,1,65,1
TX004428,C01538,1346.8,UPI,returning,yearly,success,none,1,0.79,99,1,1227,0
TX004429,C01660,1229.43,CARD,new,monthly,success,none,3,0.75,16,1,239,0
TX004430,C02634,1098.61,UPI,returning,monthly,success,none,0,0.66,42,1,284,0
TX004431,C02214,368.95,CARD,returning,yearly,success,none,3,0.84,163,1,244,0
TX004432,C00022,3322.41,UPI,new,yearly,success,none,0,0.82,322,1,1170,0
TX004433,C00154,1473.2,CARD,new,one_time,success,none,0,0.63,161,0,1020,0
TX004434,C01963,1627.63,UPI,returning,monthly,success,none,3,0.85,304,1,1036,0
TX004435,C00219,489.55,UPI,returning,monthly,failed,network_error,1,0.77,286,1,1485,1
TX004436,C00669,692.83,UPI,returning,monthly,success,none,1,0.74,342,0,740,0
TX004437,C01519,919.53,NETBANKING,returning,yearly,success,none,1,0.68,292,1,989,0
TX004438,C02278,236.48,UPI,returning,yearly,failed,insufficient_funds,1,0.75,77,0,1187,1
TX004439,C02068,202.75,UPI,new,monthly,success,none,2,0.52,243,1,638,0
TX004440,C02601,601.4,UPI,new,one_time,success,none,3,0.82,326,1,705,0
TX004441,C00950,1849.22,CARD,returning,monthly,failed,insufficient_funds,1,0.56,336,1,892,1
TX004442,C02196,570.7,UPI,returning,monthly,success,none,1,0.5,356,1,377,0
TX004443,C00403,395.91,WALLET,returning,one_time,failed,network_error,1,0.74,281,1,311,1
TX004444,C00596,485.57,UPI,new,monthly,failed,bank_timeout,1,0.86,147,1,1488,1
TX004445,C02415,695.52,UPI,new,one_time,failed,bank_timeout,2,0.81,252,1,880,1
TX004446,C01438,769.81,CARD,new,monthly,success,none,0,0.65,52,1,921,0
TX004447,C02850,9561.71,UPI,returning,monthly,failed,network_error,1,0.66,222,1,500,1
TX004448,C02966,3148.31,NETBANKING,returning,one_time,success,none,2,0.93,182,0,909,0
TX004449,C01158,3055.73,UPI,new,monthly,success,none,2,0.6,18,1,872,0
TX004450,C01743,3528.33,WALLET,new,one_time,success,none,2,0.65,122,1,1252,0
TX004451,C01307,403.9,CARD,new,monthly,failed,bank_timeout,0,0.96,88,1,533,1
TX004452,C00073,322.99,NETBANKING,returning,monthly,success,none,3,0.89,190,1,519,0
TX004453,C00481,362.54,UPI,returning,monthly,failed,insufficient_funds,1,0.85,323,1,901,1
TX004454,C00560,4165.14,UPI,new,monthly,success,none,0,0.8,74,1,212,0
TX004455,C00745,634.48,CARD,new,one_time,failed,insufficient_funds,2,0.77,199,1,1417,0
TX004456,C01467,313.76,CARD,returning,one_time,failed,insufficient_funds,0,0.82,280,1,1223,1
TX004457,C00100,712.66,UPI,returning,monthly,success,none,3,0.68,151,1,258,0
TX004458,C01083,863.85,UPI,returning,monthly,failed,expired_card,2,0.85,152,1,17,1
TX004459,C02556,1434.27,UPI,returning,one_time,success,none,3,0.79,31,1,425,0
TX004460,C02306,1409.44,CARD,returning,one_time,failed,card_declined,3,0.89,56,1,515,1
TX004461,C00413,479.06,UPI,new,one_time,failed,insufficient_funds,2,0.84,146,0,480,0
TX004462,C01089,2176.9,UPI,returning,one_time,success,none,1,0.8,329,1,666,0
TX004463,C02643,578.71,UPI,new,monthly,success,none,3,0.89,36,0,841,0
TX004464,C01178,937.98,UPI,returning,monthly,success,none,2,0.87,150,1,1062,0
TX004465,C02009,2179.33,UPI,returning,monthly,success,none,0,0.78,79,1,274,0
TX004466,C02314,577.19,WALLET,returning,one_time,success,none,0,0.89,87,0,1318,0
TX004467,C00821,620.58,UPI,returning,yearly,success,none,3,0.92,225,1,487,0
TX004468,C00662,1981.62,NETBANKING,returning,monthly,success,none,2,0.61,207,1,148,0
TX004469,C02995,465.11,UPI,returning,one_time,success,none,3,0.9,312,0,1244,0
TX004470,C00560,746.36,UPI,new,one_time,failed,network_error,1,0.93,235,1,1406,1
TX004471,C02965,1911.69,UPI,returning,monthly,success,none,0,0.72,225,1,306,0
TX004472,C02939,8553.47,CARD,returning,monthly,success,none,1,0.89,58,1,1433,0
TX004473,C01272,2009.02,CARD,returning,monthly,success,none,3,0.75,206,1,846,0
TX004474,C01814,1759.24,UPI,returning,yearly,success,none,1,0.79,143,1,289,0
TX004475,C02916,1864.6,UPI,returning,monthly,failed,expired_card,1,0.76,49,1,947,1
TX004476,C00610,374.96,NETBANKING,returning,yearly,success,none,3,0.94,66,1,152,0
TX004477,C02462,1231.02,WALLET,new,one_time,success,none,3,0.8,338,1,168,0
TX004478,C00025,1064.47,UPI,returning,one_time,success,none,3,0.85,150,1,1014,0
TX004479,C02029,1512.6,CARD,returning,one_time,success,none,1,0.66,199,0,953,0
TX004480,C00284,1232.14,UPI,new,monthly,success,none,2,0.9,129,1,365,0
TX004481,C01473,1603.11,UPI,returning,one_time,success,none,2,0.81,130,0,1103,0
TX004482,C02929,803.14,UPI,new,monthly,success,none,2,0.6,87,1,1198,0
TX004483,C00301,1162.83,UPI,new,one_time,success,none,1,0.82,221,1,619,0
TX004484,C01092,321.23,NETBANKING,returning,one_time,failed,network_error,0,0.86,240,1,983,1
TX004485,C01031,796.39,UPI,returning,one_time,success,none,0,0.9,226,0,262,0
TX004486,C00817,4406.49,CARD,new,one_time,success,none,3,0.87,109,1,310,0
TX004487,C00083,1508.41,NETBANKING,returning,one_time,success,none,2,0.94,28,1,337,0
TX004488,C01921,1073.93,UPI,returning,one_time,failed,bank_timeout,0,0.9,19,1,655,1
TX004489,C02094,7303.6,UPI,returning,one_time,failed,card_declined,2,0.73,250,1,795,1
TX004490,C00618,281.23,CARD,returning,monthly,success,none,1,0.63,303,0,366,0
TX004491,C02976,361.6,UPI,returning,one_time,failed,expired_card,3,0.91,46,1,223,1
TX004492,C02310,6079.7,UPI,returning,one_time,failed,bank_timeout,3,0.95,119,1,128,1
TX004493,C00176,1148.21,UPI,returning,one_time,success,none,3,0.85,4,1,423,0
TX004494,C01190,860.42,UPI,new,yearly,success,none,3,1.0,271,1,682,0
TX004495,C02705,330.56,NETBANKING,new,monthly,success,none,3,0.59,308,1,184,0
TX004496,C00842,1715.91,CARD,new,yearly,success,none,3,0.85,221,1,785,0
TX004497,C00370,1890.24,UPI,returning,monthly,success,none,3,0.42,323,1,368,0
TX004498,C01819,367.05,UPI,new,yearly,success,none,2,0.8,68,1,535,0
TX004499,C02102,953.1,WALLET,new,one_time,failed,bank_timeout,0,0.84,69,1,261,1
TX004500,C00690,784.06,UPI,returning,one_time,failed,insufficient_funds,2,0.91,229,1,1380,1
TX004501,C01780,1416.55,UPI,returning,monthly,success,none,2,0.93,205,0,813,0
TX004502,C01365,358.08,WALLET,returning,yearly,success,none,0,0.87,76,1,954,0
TX004503,C01433,3835.09,WALLET,new,monthly,success,none,2,0.88,183,1,951,0
TX004504,C00367,2740.3,UPI,returning,monthly,success,none,3,0.62,319,0,119,0
TX004505,C00644,762.67,UPI,new,one_time,failed,network_error,2,0.68,96,1,690,1
TX004506,C02427,883.23,UPI,new,one_time,success,none,3,0.89,32,1,1116,0
TX004507,C00073,956.78,UPI,new,one_time,success,none,0,0.75,66,0,1382,0
TX004508,C02963,503.55,CARD,returning,one_time,success,none,2,0.92,336,1,101,0
TX004509,C01272,703.85,UPI,new,one_time,success,none,1,0.95,25,1,157,0
TX004510,C00860,836.92,UPI,returning,one_time,success,none,2,0.75,195,1,1057,0
TX004511,C00043,5502.01,UPI,returning,monthly,success,none,0,0.73,70,1,281,0
TX004512,C02425,2826.0,WALLET,new,one_time,success,none,1,0.93,46,1,400,0
TX004513,C01065,2792.39,UPI,returning,one_time,failed,bank_timeout,3,0.82,345,1,835,1
TX004514,C02218,1587.52,UPI,returning,one_time,success,none,1,0.71,92,1,829,0
TX004515,C02260,358.77,WALLET,returning,one_time,failed,bank_timeout,3,0.71,260,1,542,1
TX004516,C01517,1052.06,UPI,returning,one_time,success,none,0,0.91,222,1,1408,0
TX004517,C02087,2894.27,UPI,returning,one_time,failed,bank_timeout,3,0.94,175,1,301,1
TX004518,C00369,311.6,UPI,returning,yearly,success,none,0,0.81,200,1,1436,0
TX004519,C02805,2072.59,UPI,returning,one_time,success,none,2,0.63,364,1,165,0
TX004520,C00151,11188.14,UPI,returning,one_time,success,none,1,0.81,191,1,182,0
TX004521,C01135,3171.05,UPI,new,monthly,success,none,1,0.68,302,1,65,0
TX004522,C01504,4509.89,UPI,returning,one_time,failed,card_declined,1,0.86,306,1,1262,1
TX004523,C01460,1364.22,UPI,returning,one_time,success,none,3,0.85,57,0,143,0
TX004524,C01071,2886.88,UPI,returning,one_time,success,none,0,0.61,173,1,1241,0
TX004525,C01024,534.94,UPI,returning,one_time,failed,expired_card,2,0.67,241,1,963,1
TX004526,C01599,2430.53,UPI,returning,monthly,success,none,0,0.96,353,1,1229,0
TX004527,C02785,2109.88,UPI,returning,monthly,failed,insufficient_funds,1,0.87,272,0,687,1
TX004528,C02041,1465.44,NETBANKING,returning,one_time,success,none,3,0.83,39,1,191,0
TX004529,C01390,4088.8,UPI,new,monthly,failed,expired_card,2,0.66,136,1,510,0
TX004530,C00069,639.84,UPI,new,one_time,success,none,2,0.64,46,1,54,0
TX004531,C02347,909.54,CARD,returning,one_time,success,none,3,0.97,320,1,543,0
TX004532,C00944,1206.48,UPI,returning,one_time,success,none,0,0.68,308,1,1457,0
TX004533,C00802,391.66,CARD,new,monthly,failed,bank_timeout,3,0.85,251,1,777,1
TX004534,C02344,1375.99,CARD,returning,one_time,success,none,1,0.89,210,1,155,0
TX004535,C02251,196.58,CARD,returning,monthly,success,none,1,0.75,29,1,722,0
TX004536,C00061,3124.27,CARD,new,monthly,success,none,1,0.77,51,1,287,0
TX004537,C00946,1148.99,UPI,returning,yearly,success,none,2,0.94,14,1,868,0
TX004538,C01338,651.39,CARD,returning,one_time,success,none,1,0.43,241,1,193,0
TX004539,C01185,476.1,UPI,returning,one_time,failed,card_declined,0,0.57,11,1,755,1
TX004540,C00331,867.33,UPI,returning,one_time,success,none,2,0.91,184,1,174,0
TX004541,C01552,2182.57,NETBANKING,new,yearly,success,none,0,0.94,50,1,1194,0
TX004542,C00338,1896.45,UPI,returning,monthly,failed,bank_timeout,2,0.91,301,1,1094,1
TX004543,C01630,541.56,WALLET,returning,monthly,failed,network_error,0,0.89,201,1,700,1
TX004544,C01328,470.58,UPI,returning,monthly,success,none,1,0.74,231,1,539,0
TX004545,C01527,2115.19,UPI,new,monthly,success,none,2,0.66,65,1,485,0
TX004546,C01674,532.54,UPI,returning,one_time,failed,expired_card,0,0.93,34,1,69,1
TX004547,C01362,1164.34,CARD,returning,monthly,success,none,2,0.73,30,1,452,0
TX004548,C01574,1241.1,UPI,new,monthly,success,none,2,0.67,277,1,1103,0
TX004549,C02687,1498.26,UPI,returning,one_time,success,none,1,0.78,203,1,462,0
TX004550,C00275,2587.04,UPI,new,one_time,success,none,2,0.91,3,1,306,0
TX004551,C01188,310.14,CARD,returning,monthly,failed,insufficient_funds,3,0.86,232,1,292,1
TX004552,C02367,162.2,UPI,returning,one_time,success,none,0,0.84,235,1,1474,0
TX004553,C02637,621.76,NETBANKING,returning,yearly,success,none,3,0.52,32,1,495,0
TX004554,C02552,6644.39,UPI,returning,one_time,failed,card_declined,2,0.91,256,1,865,1
TX004555,C02435,8284.77,UPI,returning,one_time,failed,expired_card,0,0.89,185,1,1096,1
TX004556,C01994,6844.34,UPI,returning,monthly,success,none,3,0.93,196,1,1211,0
TX004557,C00870,904.17,WALLET,new,monthly,success,none,3,0.77,313,1,1217,0
TX004558,C02881,184.54,UPI,returning,one_time,failed,bank_timeout,1,0.46,50,1,63,1
TX004559,C01015,105.32,UPI,returning,yearly,success,none,3,0.91,143,1,202,0
TX004560,C01912,593.46,CARD,new,yearly,success,none,2,0.75,319,1,269,0
TX004561,C00603,899.58,UPI,new,monthly,success,none,0,0.7,276,0,578,0
TX004562,C01800,4026.39,CARD,returning,monthly,failed,insufficient_funds,2,0.92,361,1,942,1
TX004563,C00691,2611.83,UPI,returning,monthly,failed,card_declined,3,0.67,169,0,1281,0
TX004564,C00494,1376.65,UPI,new,monthly,success,none,2,0.85,47,1,1398,0
TX004565,C00490,450.41,UPI,returning,yearly,failed,bank_timeout,3,0.85,6,1,883,1
TX004566,C02769,419.57,UPI,returning,one_time,failed,bank_timeout,1,0.89,66,1,1069,1
TX004567,C02557,1413.93,CARD,returning,one_time,failed,expired_card,2,0.67,94,1,1043,0
TX004568,C00390,2201.85,CARD,new,yearly,failed,bank_timeout,2,0.89,19,1,125,1
TX004569,C00295,1622.76,UPI,returning,one_time,failed,bank_timeout,1,0.83,286,1,455,1
TX004570,C01393,389.71,NETBANKING,returning,monthly,success,none,2,0.82,113,1,953,0
TX004571,C02844,2102.05,UPI,returning,one_time,success,none,3,0.91,217,1,63,0
TX004572,C02913,1678.93,UPI,returning,yearly,failed,card_declined,1,0.75,112,1,1033,1
TX004573,C01718,375.9,CARD,returning,monthly,failed,bank_timeout,2,0.96,109,1,1113,1
TX004574,C02597,500.54,CARD,returning,yearly,failed,network_error,3,0.86,290,0,311,0
TX004575,C00649,2183.09,UPI,returning,yearly,success,none,3,0.91,285,1,580,0
TX004576,C01874,867.39,CARD,returning,one_time,success,none,0,0.89,324,1,398,0
TX004577,C00568,5373.03,UPI,new,one_time,success,none,0,0.9,10,1,534,0
TX004578,C02901,1810.09,CARD,returning,monthly,failed,network_error,0,0.81,83,1,1100,1
TX004579,C02818,674.09,NETBANKING,returning,monthly,success,none,1,0.67,352,0,1034,0
TX004580,C00445,1085.5,CARD,returning,one_time,failed,insufficient_funds,3,0.73,58,1,1180,0
TX004581,C00363,1168.39,UPI,new,yearly,success,none,1,0.61,58,1,1034,0
TX004582,C02171,529.33,CARD,returning,one_time,success,none,1,0.86,142,1,749,0
TX004583,C01212,440.28,CARD,returning,yearly,success,none,1,0.87,229,1,1024,0
TX004584,C00742,2211.42,UPI,returning,monthly,success,none,1,0.82,76,1,317,0
TX004585,C02042,2553.64,UPI,returning,monthly,failed,network_error,1,0.82,335,1,808,1
TX004586,C00680,2005.77,WALLET,new,one_time,failed,network_error,2,0.86,22,1,610,1
TX004587,C02468,4990.63,UPI,returning,one_time,success,none,0,0.91,197,1,391,0
TX004588,C01643,637.93,UPI,returning,one_time,failed,expired_card,1,0.8,361,1,325,1
TX004589,C01573,5850.43,UPI,returning,one_time,success,none,2,0.8,249,1,917,0
TX004590,C01359,445.45,CARD,new,monthly,failed,network_error,2,0.93,332,1,1415,1
TX004591,C02140,398.34,NETBANKING,new,monthly,success,none,3,0.6,55,1,1340,0
TX004592,C00063,188.68,CARD,returning,one_time,success,none,1,0.83,274,1,385,0
TX004593,C02560,702.19,UPI,new,one_time,failed,bank_timeout,0,0.79,103,1,192,1
TX004594,C01163,662.67,CARD,returning,yearly,success,none,3,0.74,306,1,417,0
TX004595,C01229,1855.55,CARD,new,monthly,success,none,1,0.8,157,1,884,0
TX004596,C02820,1399.53,CARD,returning,one_time,failed,expired_card,3,0.82,109,1,920,1
TX004597,C00256,332.63,UPI,returning,monthly,success,none,0,0.8,277,1,618,0
TX004598,C00135,740.46,CARD,returning,yearly,success,none,0,0.84,242,1,1416,0
TX004599,C00875,756.38,UPI,returning,yearly,success,none,1,0.85,362,0,798,0
TX004600,C00822,185.68,UPI,new,monthly,failed,network_error,0,0.66,295,1,1358,1
TX004601,C02136,411.19,UPI,returning,monthly,success,none,0,0.79,210,1,990,0
TX004602,C00823,507.34,WALLET,returning,one_time,success,none,0,0.75,179,1,1240,0
TX004603,C00974,4599.14,UPI,returning,monthly,success,none,1,0.79,353,1,1025,0
TX004604,C02982,1328.03,WALLET,returning,monthly,success,none,3,0.9,329,0,916,0
TX004605,C01778,2126.36,UPI,new,one_time,success,none,3,0.84,281,1,286,0
TX004606,C00121,245.03,CARD,returning,one_time,success,none,3,0.78,336,1,1084,0
TX004607,C01638,3619.95,UPI,returning,one_time,success,none,3,0.99,113,1,640,0
TX004608,C01365,4028.31,UPI,new,monthly,failed,bank_timeout,3,0.42,346,1,1391,0
TX004609,C01008,148.66,CARD,returning,one_time,success,none,3,0.81,274,1,1401,0
TX004610,C00925,541.68,CARD,new,monthly,success,none,3,0.95,238,1,110,0
TX004611,C00645,1800.4,CARD,new,yearly,success,none,0,0.8,312,1,740,0
TX004612,C02033,2088.89,CARD,new,one_time,failed,insufficient_funds,3,0.88,61,1,440,0
TX004613,C02762,556.41,CARD,new,yearly,failed,expired_card,0,0.92,234,1,1370,1
TX004614,C02908,807.95,NETBANKING,new,monthly,failed,bank_timeout,2,0.82,278,1,1486,0
TX004615,C02069,603.42,UPI,returning,one_time,success,none,1,0.81,53,1,756,0
TX004616,C00242,1224.66,UPI,returning,one_time,failed,expired_card,0,0.89,282,1,464,1
TX004617,C02503,3630.69,UPI,returning,one_time,success,none,1,0.75,179,1,856,0
TX004618,C02669,507.23,UPI,new,one_time,success,none,1,0.89,285,1,899,0
TX004619,C02351,2983.4,CARD,returning,monthly,success,none,2,0.82,84,1,512,0
TX004620,C01620,501.86,UPI,returning,monthly,success,none,3,0.9,95,0,299,0
TX004621,C00803,469.83,UPI,returning,yearly,success,none,2,0.89,362,1,345,0
TX004622,C00964,2486.41,UPI,returning,monthly,failed,insufficient_funds,0,0.86,153,1,424,1
TX004623,C00069,2757.1,CARD,returning,one_time,failed,insufficient_funds,0,0.72,22,0,1336,1
TX004624,C01153,2569.35,UPI,new,one_time,success,none,0,0.63,77,1,1094,0
TX004625,C00196,294.18,UPI,returning,monthly,failed,expired_card,1,0.49,76,1,1051,1
TX004626,C02188,688.18,CARD,new,monthly,success,none,3,0.77,332,0,1122,0
TX004627,C02331,2497.36,CARD,new,one_time,success,none,3,0.77,316,1,93,0
TX004628,C02360,1143.15,UPI,returning,yearly,failed,bank_timeout,3,0.88,24,0,184,1
TX004629,C00746,374.77,CARD,returning,monthly,success,none,2,0.56,360,1,710,0
TX004630,C01689,1734.23,UPI,returning,monthly,success,none,2,0.8,132,1,49,0
TX004631,C00277,536.57,NETBANKING,new,monthly,success,none,0,0.84,21,0,1476,0
TX004632,C00061,6598.02,UPI,returning,one_time,success,none,3,0.78,184,0,701,0
TX004633,C01914,5140.17,WALLET,returning,monthly,success,none,3,0.75,67,1,583,0
TX004634,C02100,2006.4,WALLET,returning,one_time,success,none,2,0.84,56,1,1354,0
TX004635,C02201,4277.0,CARD,returning,monthly,success,none,1,0.94,207,1,1320,0
TX004636,C01773,1170.04,UPI,returning,one_time,success,none,3,0.67,269,1,512,0
TX004637,C01335,2357.69,UPI,new,one_time,success,none,0,0.65,167,1,1230,0
TX004638,C01838,4806.48,UPI,new,one_time,success,none,3,0.79,40,1,954,0
TX004639,C02592,1401.78,NETBANKING,new,one_time,success,none,2,0.67,76,1,1398,0
TX004640,C00567,849.64,CARD,returning,one_time,success,none,3,0.52,10,1,822,0
TX004641,C01572,199.41,WALLET,returning,monthly,success,none,0,0.7,78,1,394,0
TX004642,C00622,1009.15,CARD,returning,monthly,success,none,1,0.92,242,1,1150,0
TX004643,C02026,2498.44,UPI,new,one_time,success,none,1,0.74,43,1,500,0
TX004644,C01201,2823.22,UPI,returning,monthly,success,none,0,0.98,224,0,163,0
TX004645,C00314,1815.95,UPI,new,monthly,success,none,0,0.84,325,1,486,0
TX004646,C02855,638.23,UPI,returning,one_time,success,none,3,0.66,169,1,1315,0
TX004647,C02896,151.89,CARD,new,monthly,success,none,3,0.67,56,1,782,0
TX004648,C02145,668.33,NETBANKING,returning,monthly,success,none,2,0.89,244,1,441,0
TX004649,C02929,808.88,CARD,returning,yearly,success,none,1,0.89,76,0,756,0
TX004650,C01237,801.97,NETBANKING,new,monthly,success,none,1,0.66,355,1,661,0
TX004651,C02877,2035.62,NETBANKING,new,one_time,success,none,0,0.81,340,1,1449,0
TX004652,C00137,7987.85,UPI,returning,one_time,failed,card_declined,2,0.8,175,1,1362,1
TX004653,C01030,1240.82,UPI,new,monthly,success,none,3,0.73,40,1,379,0
TX004654,C02157,882.95,CARD,returning,one_time,success,none,0,0.93,184,1,1390,0
TX004655,C02595,846.22,UPI,returning,yearly,success,none,0,0.63,262,1,735,0
TX004656,C00662,1241.88,UPI,new,one_time,success,none,0,0.9,76,1,499,0
TX004657,C02473,479.0,UPI,returning,one_time,success,none,1,0.88,244,1,89,0
TX004658,C02678,1236.7,WALLET,returning,one_time,success,none,3,0.86,72,1,923,0
TX004659,C02309,1721.26,UPI,returning,monthly,success,none,3,0.87,210,1,170,0
TX004660,C00087,1352.47,CARD,returning,monthly,success,none,0,0.96,296,1,53,0
TX004661,C02513,1732.88,NETBANKING,new,one_time,success,none,0,0.89,361,1,1099,0
TX004662,C02124,1692.14,CARD,returning,yearly,failed,expired_card,2,0.75,80,1,689,1
TX004663,C02519,186.44,CARD,returning,one_time,success,none,3,0.66,79,1,1196,0
TX004664,C02462,2073.24,CARD,returning,one_time,success,none,0,0.79,264,1,716,0
TX004665,C02873,560.59,UPI,new,one_time,failed,card_declined,2,0.79,79,1,762,0
TX004666,C02943,366.56,UPI,new,yearly,success,none,0,0.9,62,1,152,0
TX004667,C02774,363.42,WALLET,new,monthly,success,none,1,0.81,68,1,1422,0
TX004668,C02505,1691.79,UPI,returning,monthly,success,none,0,0.76,95,1,113,0
TX004669,C01309,877.81,CARD,returning,one_time,success,none,1,0.91,127,1,1385,0
TX004670,C01701,203.98,UPI,returning,monthly,success,none,3,0.72,294,1,1492,0
TX004671,C02701,1768.77,UPI,new,monthly,failed,bank_timeout,0,0.82,185,1,113,1
TX004672,C02720,259.92,WALLET,new,one_time,failed,network_error,3,0.96,319,1,224,0
TX004673,C00495,1261.2,CARD,new,one_time,success,none,3,0.89,153,1,627,0
TX004674,C01648,1392.0,UPI,returning,yearly,success,none,3,0.64,188,0,1435,0
TX004675,C01943,2658.66,WALLET,returning,one_time,success,none,1,0.63,193,1,232,0
TX004676,C01069,6513.84,CARD,returning,monthly,success,none,3,0.88,347,1,1196,0
TX004677,C01425,280.15,UPI,returning,one_time,failed,expired_card,3,0.86,297,1,855,1
TX004678,C00597,1040.57,CARD,new,monthly,success,none,1,0.65,44,0,534,0
TX004679,C00450,831.86,UPI,returning,one_time,success,none,0,0.97,50,1,1366,0
TX004680,C00485,1692.14,CARD,returning,one_time,success,none,3,0.72,172,1,1453,0
TX004681,C00646,1360.58,UPI,new,monthly,failed,insufficient_funds,2,0.97,304,1,396,1
TX004682,C02668,770.82,UPI,new,yearly,success,none,1,0.84,21,1,612,0
TX004683,C01630,705.63,CARD,returning,yearly,failed,network_error,1,0.72,61,1,644,1
TX004684,C00662,359.08,NETBANKING,new,one_time,success,none,0,0.92,7,1,1485,0
TX004685,C00758,2944.99,CARD,returning,one_time,success,none,2,0.96,284,1,405,0
TX004686,C00289,1735.77,UPI,returning,monthly,success,none,1,0.9,157,0,851,0
TX004687,C00721,2745.64,NETBANKING,returning,one_time,success,none,0,0.79,50,1,1452,0
TX004688,C00638,804.0,CARD,returning,monthly,success,none,3,0.77,139,1,750,0
TX004689,C02283,568.59,CARD,new,monthly,success,none,3,0.93,131,1,86,0
TX004690,C02464,373.04,UPI,new,monthly,success,none,1,0.49,266,1,421,0
TX004691,C02986,1570.14,NETBANKING,returning,monthly,success,none,0,0.78,237,1,1450,0
TX004692,C00499,387.69,NETBANKING,returning,one_time,success,none,3,0.87,86,1,678,0
TX004693,C00634,6965.07,CARD,returning,monthly,failed,bank_timeout,3,0.78,330,1,214,1
TX004694,C01674,296.59,NETBANKING,returning,monthly,failed,insufficient_funds,0,0.72,23,1,225,1
TX004695,C02031,1441.82,UPI,returning,monthly,failed,expired_card,3,0.85,45,1,127,1
TX004696,C00115,5254.58,NETBANKING,new,one_time,success,none,3,0.47,195,1,846,0
TX004697,C02980,1996.38,UPI,returning,one_time,success,none,2,0.47,194,1,266,0
TX004698,C00674,1307.24,UPI,returning,yearly,success,none,0,0.84,21,1,594,0
TX004699,C01737,416.35,CARD,returning,monthly,success,none,3,0.9,328,1,1360,0
TX004700,C01258,275.4,CARD,returning,yearly,failed,bank_timeout,2,0.9,48,1,986,1
TX004701,C02254,2368.59,UPI,new,monthly,success,none,3,0.86,17,1,930,0
TX004702,C02295,4945.07,UPI,new,yearly,success,none,0,0.81,273,1,974,0
TX004703,C02806,707.08,UPI,returning,one_time,failed,expired_card,0,0.84,113,1,938,1
TX004704,C00147,351.05,UPI,returning,one_time,success,none,3,0.99,84,1,421,0
TX004705,C02166,100.0,UPI,returning,monthly,failed,network_error,1,0.7,184,0,1121,1
TX004706,C00412,411.26,UPI,returning,monthly,success,none,2,0.7,104,1,1413,0
TX004707,C01688,978.82,UPI,returning,monthly,success,none,3,0.79,87,1,808,0
TX004708,C02411,5426.9,WALLET,new,monthly,failed,expired_card,1,0.96,98,1,1338,1
TX004709,C01533,2149.81,CARD,returning,yearly,failed,insufficient_funds,2,0.95,349,1,1405,1
TX004710,C00137,1487.85,UPI,new,one_time,failed,expired_card,2,0.68,310,0,693,0
TX004711,C00019,735.01,WALLET,returning,monthly,failed,network_error,1,0.68,180,1,1363,1
TX004712,C02243,612.06,CARD,returning,one_time,failed,network_error,2,0.95,251,1,1266,1
TX004713,C02378,4472.25,UPI,new,one_time,success,none,2,0.92,44,1,326,0
TX004714,C01960,1340.42,UPI,returning,one_time,success,none,3,0.56,282,1,1055,0
TX004715,C02223,133.94,UPI,returning,monthly,success,none,1,0.97,65,1,1128,0
TX004716,C01002,559.17,UPI,new,monthly,success,none,3,0.79,325,1,165,0
TX004717,C00449,464.88,UPI,returning,yearly,success,none,3,0.76,350,1,395,0
TX004718,C01949,635.07,UPI,new,one_time,failed,insufficient_funds,2,0.71,313,1,1457,0
TX004719,C00946,1925.44,UPI,returning,one_time,success,none,1,0.71,116,0,1449,0
TX004720,C01378,984.91,CARD,new,one_time,success,none,0,0.87,161,1,1296,0
TX004721,C01523,1015.5,UPI,returning,one_time,failed,card_declined,1,0.91,183,1,161,1
TX004722,C00141,4078.45,CARD,returning,one_time,success,none,2,0.77,150,1,813,0
TX004723,C02806,546.5,CARD,returning,one_time,failed,card_declined,0,0.91,68,0,82,1
TX004724,C01921,7074.13,WALLET,returning,one_time,failed,expired_card,3,0.89,282,1,46,1
TX004725,C02978,560.42,UPI,new,one_time,success,none,0,0.76,87,1,298,0
TX004726,C00093,1198.95,NETBANKING,new,monthly,success,none,0,0.91,340,1,1219,0
TX004727,C00239,827.82,NETBANKING,new,yearly,success,none,1,0.83,38,0,928,0
TX004728,C00205,1240.69,CARD,new,monthly,success,none,3,0.93,3,1,893,0
TX004729,C02608,1710.59,CARD,returning,monthly,success,none,1,0.7,101,1,415,0
TX004730,C01457,1692.29,UPI,returning,monthly,success,none,0,0.81,44,1,121,0
TX004731,C00245,516.4,WALLET,returning,one_time,failed,network_error,2,0.9,193,0,1123,0
TX004732,C00832,356.77,UPI,returning,monthly,success,none,2,0.57,156,1,297,0
TX004733,C02973,13402.17,CARD,new,monthly,success,none,0,0.88,205,1,580,0
TX004734,C00295,675.88,UPI,new,one_time,failed,bank_timeout,2,0.72,142,1,255,1
TX004735,C02688,2206.61,UPI,returning,yearly,success,none,2,0.86,127,1,1428,0
TX004736,C00856,219.72,CARD,returning,monthly,success,none,1,0.89,174,1,764,0
TX004737,C02065,829.14,NETBANKING,new,one_time,success,none,3,0.94,118,1,158,0
TX004738,C00071,965.65,UPI,new,monthly,success,none,2,0.89,25,1,1498,0
TX004739,C01293,1759.55,WALLET,returning,monthly,failed,bank_timeout,3,0.82,270,1,1274,1
TX004740,C01349,100.0,CARD,new,monthly,success,none,3,0.68,318,1,429,0
TX004741,C00305,1294.84,UPI,returning,one_time,success,none,1,0.8,227,1,1378,0
TX004742,C01031,347.32,UPI,new,monthly,success,none,0,0.77,174,0,1087,0
TX004743,C01338,1516.78,CARD,new,one_time,success,none,2,0.78,225,1,1369,0
TX004744,C00817,389.04,UPI,returning,yearly,success,none,2,0.86,265,1,673,0
TX004745,C01127,466.15,UPI,returning,monthly,failed,network_error,1,0.77,118,1,1039,1
TX004746,C00821,834.12,UPI,returning,monthly,success,none,1,0.55,233,0,1344,0
TX004747,C00193,382.86,UPI,returning,one_time,failed,bank_timeout,0,0.66,179,1,521,1
TX004748,C01777,681.62,CARD,new,one_time,failed,insufficient_funds,3,0.56,262,1,946,0
TX004749,C00529,332.49,UPI,returning,one_time,success,none,0,0.78,131,1,948,0
TX004750,C02219,175.36,UPI,new,monthly,success,none,2,0.68,360,1,207,0
TX004751,C00251,3034.97,UPI,returning,one_time,failed,expired_card,1,0.6,166,0,603,1
TX004752,C01789,300.05,UPI,returning,monthly,failed,network_error,1,0.93,41,1,257,1
TX004753,C02589,917.19,UPI,new,one_time,success,none,3,0.9,45,1,296,0
TX004754,C02027,2328.29,CARD,new,monthly,success,none,2,0.46,284,1,1479,0
TX004755,C02464,592.92,CARD,returning,one_time,success,none,1,0.76,57,0,714,0
TX004756,C02842,480.5,UPI,returning,one_time,success,none,1,0.67,312,0,1000,0
TX004757,C01404,1375.04,UPI,returning,monthly,success,none,1,0.68,292,1,856,0
TX004758,C01168,3354.08,UPI,new,monthly,success,none,1,0.8,111,1,803,0
TX004759,C02073,340.59,UPI,returning,monthly,success,none,2,0.89,321,1,935,0
TX004760,C02716,943.74,CARD,new,monthly,success,none,3,0.86,351,1,1114,0
TX004761,C01097,193.93,UPI,new,yearly,failed,expired_card,0,0.71,357,0,9,0
TX004762,C02680,740.11,UPI,returning,one_time,success,none,0,0.81,206,1,50,0
TX004763,C01848,1134.79,CARD,returning,one_time,success,none,3,0.69,362,0,1060,0
TX004764,C00505,466.55,UPI,new,monthly,success,none,3,0.58,315,1,1478,0
TX004765,C01622,694.37,CARD,returning,yearly,failed,insufficient_funds,2,0.66,242,0,1193,0
TX004766,C02384,268.21,UPI,returning,monthly,success,none,0,0.67,341,1,889,0
TX004767,C02473,1184.5,UPI,new,monthly,success,none,3,0.9,95,1,1430,0
TX004768,C02547,3151.69,CARD,returning,one_time,failed,bank_timeout,1,0.93,64,1,623,1
TX004769,C01388,366.08,CARD,returning,monthly,failed,network_error,2,0.89,79,1,534,1
TX004770,C02995,588.35,UPI,returning,one_time,success,none,3,0.77,119,1,1482,0
TX004771,C02678,1812.65,CARD,returning,monthly,success,none,0,0.91,28,1,8,0
TX004772,C01223,3685.24,NETBANKING,returning,one_time,success,none,1,0.93,7,1,117,0
TX004773,C00718,246.36,WALLET,returning,one_time,success,none,3,0.73,308,1,634,0
TX004774,C00339,926.32,CARD,new,one_time,success,none,0,0.69,51,1,1247,0
TX004775,C00659,1455.54,NETBANKING,new,one_time,success,none,2,0.88,223,1,826,0
TX004776,C00962,990.24,UPI,returning,one_time,success,none,0,0.88,100,1,672,0
TX004777,C00429,100.0,UPI,returning,one_time,success,none,0,0.94,127,1,654,0
TX004778,C00899,1810.01,UPI,returning,monthly,failed,insufficient_funds,0,0.75,46,1,393,1
TX004779,C00139,5010.73,UPI,new,monthly,success,none,2,0.86,8,0,583,0
TX004780,C02990,1232.33,UPI,returning,one_time,success,none,3,0.66,50,1,179,0
TX004781,C00542,391.07,CARD,new,monthly,failed,insufficient_funds,3,0.72,229,0,462,0
TX004782,C02105,656.47,UPI,returning,yearly,failed,expired_card,1,0.8,181,1,1270,1
TX004783,C01256,6437.61,CARD,new,monthly,success,none,3,0.89,171,0,1041,0
TX004784,C02706,2724.29,UPI,returning,monthly,success,none,2,0.56,117,1,941,0
TX004785,C02483,2079.8,UPI,new,monthly,success,none,0,0.69,73,1,949,0
TX004786,C00384,1566.21,UPI,returning,one_time,failed,network_error,2,0.87,289,1,482,1
TX004787,C02608,566.15,UPI,returning,one_time,success,none,0,0.9,38,1,968,0
TX004788,C00194,897.33,UPI,returning,one_time,success,none,3,0.8,256,1,744,0
TX004789,C02582,1014.43,CARD,new,one_time,success,none,1,0.91,321,1,611,0
TX004790,C02566,1899.93,UPI,new,monthly,success,none,1,0.9,256,1,586,0
TX004791,C02764,4958.8,UPI,new,one_time,success,none,3,0.77,164,1,1022,0
TX004792,C02799,3355.44,CARD,returning,yearly,success,none,0,0.81,125,1,953,0
TX004793,C02233,265.23,UPI,returning,monthly,success,none,3,0.75,190,1,617,0
TX004794,C01896,1371.96,UPI,new,monthly,success,none,2,0.83,301,1,306,0
TX004795,C02340,2291.05,UPI,returning,monthly,success,none,3,0.93,204,1,1026,0
TX004796,C00732,2036.24,UPI,returning,one_time,success,none,3,0.96,152,0,565,0
TX004797,C02164,584.51,CARD,returning,monthly,success,none,0,0.68,152,1,1350,0
TX004798,C02873,20213.57,NETBANKING,new,yearly,success,none,3,0.83,222,1,1180,0
TX004799,C00685,305.8,CARD,returning,one_time,success,none,2,0.77,53,1,1249,0
TX004800,C00082,371.23,UPI,returning,one_time,success,none,3,0.86,36,1,763,0
TX004801,C02882,1385.19,CARD,returning,one_time,success,none,2,0.79,31,1,221,0
TX004802,C02381,9107.04,UPI,returning,monthly,success,none,3,0.81,47,1,262,0
TX004803,C02605,475.23,UPI,returning,one_time,success,none,0,0.83,219,1,184,0
TX004804,C02383,840.65,UPI,new,monthly,success,none,1,0.75,362,1,1147,0
TX004805,C00532,3220.51,CARD,returning,monthly,success,none,1,0.86,307,1,790,0
TX004806,C01984,1077.22,CARD,returning,one_time,failed,expired_card,2,0.73,95,1,1032,1
TX004807,C00221,784.77,CARD,returning,monthly,failed,expired_card,3,0.71,156,1,1087,1
TX004808,C00635,1930.69,CARD,returning,one_time,success,none,0,0.9,65,1,788,0
TX004809,C01770,1440.17,UPI,new,one_time,success,none,3,0.9,281,1,160,0
TX004810,C02371,3073.09,UPI,returning,one_time,failed,insufficient_funds,0,0.77,293,1,452,1
TX004811,C01875,3989.69,CARD,returning,monthly,success,none,0,0.82,105,1,1183,0
TX004812,C00003,1490.7,CARD,returning,yearly,failed,expired_card,3,0.59,249,1,77,0
TX004813,C01718,1468.11,CARD,new,one_time,failed,bank_timeout,3,0.9,251,1,708,1
TX004814,C00206,1358.47,UPI,returning,one_time,failed,bank_timeout,1,0.7,79,1,823,1
TX004815,C01856,1788.5,CARD,returning,monthly,success,none,3,0.86,100,1,1064,0
TX004816,C00040,1158.84,UPI,returning,monthly,success,none,1,0.79,165,1,329,0
TX004817,C02107,1095.97,CARD,returning,one_time,success,none,2,0.98,344,1,211,0
TX004818,C02999,3628.69,UPI,new,monthly,success,none,1,0.7,60,1,196,0
TX004819,C02622,4994.62,NETBANKING,new,yearly,success,none,1,0.94,361,1,1366,0
TX004820,C00644,242.85,UPI,returning,one_time,success,none,0,0.94,155,1,1251,0
TX004821,C01531,1107.68,CARD,returning,one_time,success,none,0,0.91,274,1,755,0
TX004822,C01908,550.76,CARD,new,one_time,success,none,1,0.84,80,1,956,0
TX004823,C02891,803.54,UPI,returning,monthly,success,none,2,0.79,327,1,787,0
TX004824,C02667,1640.11,UPI,returning,one_time,success,none,0,0.93,164,1,872,0
TX004825,C02144,2141.88,CARD,returning,monthly,success,none,2,0.85,146,1,1123,0
TX004826,C00898,980.31,UPI,new,monthly,success,none,1,0.7,327,1,1218,0
TX004827,C01086,161.85,UPI,returning,monthly,success,none,3,0.64,38,1,19,0
TX004828,C01280,417.78,WALLET,returning,one_time,failed,insufficient_funds,1,0.89,303,1,934,1
TX004829,C02609,2687.86,CARD,returning,yearly,success,none,3,0.9,292,1,163,0
TX004830,C02953,100.0,UPI,returning,monthly,failed,expired_card,0,0.83,46,1,152,1
TX004831,C02396,3595.46,CARD,returning,monthly,failed,bank_timeout,0,0.73,215,1,345,1
TX004832,C00671,1846.84,UPI,new,yearly,success,none,0,0.59,263,1,957,0
TX004833,C01506,4089.49,NETBANKING,new,yearly,success,none,0,0.77,133,0,1141,0
TX004834,C02365,899.13,CARD,new,monthly,success,none,1,0.6,324,1,1155,0
TX004835,C00719,139.57,NETBANKING,new,one_time,failed,card_declined,1,0.89,277,1,1149,1
TX004836,C01072,1686.42,UPI,returning,one_time,success,none,0,0.81,305,1,774,0
TX004837,C01956,3923.16,CARD,returning,yearly,success,none,2,0.96,251,1,832,0
TX004838,C01160,2764.8,UPI,returning,monthly,success,none,3,0.93,204,1,801,0
TX004839,C00250,565.27,UPI,new,one_time,failed,card_declined,0,0.92,153,1,1391,1
TX004840,C02362,1196.03,CARD,new,monthly,failed,expired_card,0,0.7,127,1,426,1
TX004841,C01893,643.66,UPI,returning,monthly,success,none,0,0.81,180,0,324,0
TX004842,C01854,483.35,CARD,returning,one_time,success,none,2,0.55,35,1,1311,0
TX004843,C02855,2850.9,NETBANKING,new,monthly,success,none,0,0.84,68,1,651,0
TX004844,C01504,331.12,UPI,returning,one_time,success,none,3,0.92,69,1,1247,0
TX004845,C02533,448.62,UPI,new,monthly,failed,insufficient_funds,3,0.88,325,1,559,0
TX004846,C01235,363.57,CARD,new,one_time,success,none,1,0.92,144,1,1376,0
TX004847,C00044,247.09,NETBANKING,new,monthly,success,none,2,0.91,126,1,1162,0
TX004848,C02619,1269.55,CARD,returning,one_time,failed,bank_timeout,1,0.75,53,1,962,1
TX004849,C00583,3503.45,CARD,new,one_time,success,none,2,0.98,302,1,1470,0
TX004850,C01289,911.53,UPI,new,one_time,failed,network_error,2,0.63,298,1,309,0
TX004851,C02943,243.29,UPI,new,monthly,success,none,3,0.87,17,1,366,0
TX004852,C00220,2540.06,CARD,new,one_time,success,none,0,0.9,4,1,113,0
TX004853,C01926,5917.69,UPI,returning,monthly,failed,network_error,3,0.76,33,1,220,0
TX004854,C02973,574.65,NETBANKING,new,one_time,failed,bank_timeout,1,0.88,199,1,1359,1
TX004855,C02449,679.56,UPI,returning,monthly,success,none,2,0.76,155,1,998,0
TX004856,C02775,1836.58,UPI,new,monthly,success,none,1,0.58,331,1,1156,0
TX004857,C00991,5551.78,CARD,new,one_time,failed,expired_card,3,0.93,235,0,150,0
TX004858,C02947,652.08,CARD,new,one_time,failed,card_declined,2,0.62,233,1,252,0
TX004859,C01813,289.32,CARD,new,one_time,failed,card_declined,0,0.65,50,1,1228,1
TX004860,C00858,2061.97,NETBANKING,new,monthly,success,none,2,0.88,249,1,1226,0
TX004861,C00804,2438.33,WALLET,new,monthly,success,none,1,0.9,208,1,1170,0
TX004862,C00490,1103.38,NETBANKING,returning,one_time,failed,bank_timeout,1,0.93,338,1,1228,1
TX004863,C01781,627.58,NETBANKING,returning,monthly,success,none,1,0.83,211,1,803,0
TX004864,C01494,2964.25,CARD,returning,one_time,success,none,1,0.91,270,1,799,0
TX004865,C02986,1859.45,CARD,new,one_time,success,none,2,0.82,332,1,1333,0
TX004866,C02892,508.55,UPI,returning,monthly,success,none,2,0.62,236,1,1125,0
TX004867,C01706,1151.82,UPI,new,one_time,success,none,3,0.93,362,1,464,0
TX004868,C02315,283.81,UPI,returning,monthly,success,none,3,0.86,221,0,515,0
TX004869,C00054,2177.41,UPI,returning,yearly,success,none,2,0.76,285,0,1380,0
TX004870,C02576,843.67,UPI,returning,one_time,success,none,3,0.99,307,1,1222,0
TX004871,C00616,709.31,UPI,new,monthly,failed,card_declined,2,0.38,194,1,43,0
TX004872,C01083,1061.17,NETBANKING,new,yearly,success,none,0,0.87,102,1,1271,0
TX004873,C01849,1141.74,NETBANKING,new,one_time,success,none,2,0.79,22,1,802,0
TX004874,C00955,2683.64,UPI,new,one_time,failed,bank_timeout,3,0.76,51,1,75,0
TX004875,C02434,1980.47,UPI,new,one_time,success,none,0,0.87,148,1,205,0
TX004876,C01630,937.85,NETBANKING,new,monthly,success,none,3,0.77,363,1,761,0
TX004877,C02782,2353.52,NETBANKING,new,monthly,failed,insufficient_funds,2,0.78,55,1,1305,1
TX004878,C02764,1637.19,NETBANKING,returning,monthly,failed,card_declined,3,0.79,300,1,994,0
TX004879,C00650,715.8,WALLET,returning,monthly,success,none,2,0.69,322,1,775,0
TX004880,C02348,968.05,WALLET,returning,monthly,failed,expired_card,3,0.72,251,1,845,1
TX004881,C00395,945.56,UPI,new,one_time,success,none,3,0.92,339,1,831,0
TX004882,C01360,1817.58,UPI,new,yearly,success,none,2,0.72,165,1,475,0
TX004883,C02641,759.74,CARD,returning,one_time,failed,card_declined,0,0.77,211,0,161,1
TX004884,C02562,742.18,UPI,returning,one_time,success,none,2,0.81,157,1,1238,0
TX004885,C02444,7853.84,NETBANKING,new,yearly,failed,bank_timeout,2,0.4,90,0,979,0
TX004886,C00371,2806.62,UPI,returning,monthly,success,none,2,0.82,173,1,629,0
TX004887,C00858,512.55,CARD,new,monthly,success,none,1,0.95,234,0,1485,0
TX004888,C00791,1940.97,UPI,returning,one_time,success,none,1,0.86,179,1,897,0
TX004889,C00658,1234.41,UPI,returning,monthly,success,none,3,0.93,139,1,462,0
TX004890,C02784,1622.22,CARD,new,monthly,success,none,1,0.66,339,1,572,0
TX004891,C01393,1258.08,NETBANKING,returning,monthly,success,none,0,0.89,364,1,688,0
TX004892,C00384,3603.43,UPI,returning,yearly,failed,network_error,2,0.89,42,1,1467,1
TX004893,C02110,1549.4,NETBANKING,new,one_time,failed,card_declined,0,0.8,228,1,767,1
TX004894,C02553,1030.62,NETBANKING,returning,monthly,success,none,2,0.87,190,1,220,0
TX004895,C00239,3109.42,CARD,new,monthly,success,none,0,0.83,173,1,1331,0
TX004896,C00195,1384.76,CARD,returning,one_time,success,none,1,0.65,214,1,211,0
TX004897,C02726,1238.28,CARD,new,one_time,failed,bank_timeout,2,0.87,107,1,70,0
TX004898,C02109,1501.2,UPI,returning,one_time,success,none,1,0.87,85,1,1199,0
TX004899,C01153,998.64,UPI,new,monthly,failed,card_declined,1,0.97,303,1,1374,1
TX004900,C02733,1106.8,NETBANKING,returning,one_time,failed,card_declined,2,0.9,64,1,734,1
TX004901,C02016,609.91,CARD,returning,one_time,success,none,0,0.91,181,1,427,0
TX004902,C00156,517.41,UPI,new,one_time,success,none,3,0.97,256,1,1315,0
TX004903,C00923,404.01,CARD,new,one_time,success,none,1,0.95,25,1,1471,0
TX004904,C02916,272.6,UPI,returning,one_time,failed,card_declined,1,0.86,167,1,35,1
TX004905,C02951,454.99,UPI,returning,one_time,success,none,2,0.7,8,1,75,0
TX004906,C01610,921.25,UPI,returning,yearly,failed,network_error,2,0.81,54,0,1411,0
TX004907,C00975,1215.75,UPI,returning,one_time,failed,bank_timeout,0,0.87,125,1,175,1
TX004908,C01231,836.06,UPI,returning,monthly,success,none,1,0.55,247,0,723,0
TX004909,C02436,103.99,UPI,new,monthly,success,none,3,0.81,11,1,1062,0
TX004910,C01815,5295.36,CARD,returning,monthly,success,none,1,0.85,84,1,238,0
TX004911,C02935,3250.23,UPI,returning,one_time,success,none,0,0.88,7,1,82,0
TX004912,C00838,1712.59,UPI,returning,yearly,success,none,3,0.88,203,1,666,0
TX004913,C02008,7387.1,UPI,new,monthly,success,none,2,0.93,87,0,89,0
TX004914,C01364,412.66,UPI,returning,one_time,failed,insufficient_funds,2,0.78,186,1,1048,0
TX004915,C02388,7241.8,UPI,returning,one_time,failed,expired_card,2,0.9,44,1,1223,1
TX004916,C00204,417.71,UPI,returning,one_time,success,none,0,0.96,285,1,851,0
TX004917,C00161,1392.34,UPI,returning,one_time,success,none,2,0.85,343,0,459,0
TX004918,C00392,306.79,NETBANKING,returning,monthly,success,none,3,0.9,298,1,1235,0
TX004919,C00769,1112.87,UPI,returning,one_time,failed,network_error,2,0.83,129,1,1137,1
TX004920,C02623,1613.51,UPI,returning,monthly,success,none,0,0.76,127,1,309,0
TX004921,C02582,939.46,UPI,new,yearly,success,none,1,0.92,305,1,1095,0
TX004922,C01094,2239.21,UPI,returning,one_time,success,none,1,0.83,188,1,139,0
TX004923,C02941,1210.77,CARD,returning,one_time,success,none,3,0.93,47,1,756,0
TX004924,C00405,650.4,UPI,new,monthly,failed,expired_card,0,0.38,16,1,354,0
TX004925,C00608,622.15,UPI,returning,monthly,success,none,2,0.84,238,1,1188,0
TX004926,C01615,2467.38,UPI,new,one_time,failed,expired_card,2,0.78,353,0,329,0
TX004927,C01541,570.35,CARD,new,monthly,success,none,1,0.69,195,1,903,0
TX004928,C02876,2739.15,UPI,returning,yearly,success,none,2,0.87,161,1,93,0
TX004929,C01838,3724.59,CARD,returning,monthly,failed,insufficient_funds,1,0.97,43,0,808,1
TX004930,C00690,206.7,UPI,returning,one_time,failed,card_declined,1,0.92,3,0,588,1
TX004931,C02950,3404.75,UPI,returning,monthly,success,none,2,0.84,219,1,1362,0
TX004932,C01241,8607.79,CARD,new,monthly,success,none,1,0.84,3,0,449,0
TX004933,C02104,1410.93,CARD,new,one_time,success,none,1,0.88,8,1,399,0
TX004934,C00366,1996.37,CARD,returning,one_time,failed,insufficient_funds,0,0.94,252,0,197,1
TX004935,C01723,3093.34,UPI,returning,monthly,failed,expired_card,2,0.75,83,1,1153,1
TX004936,C00455,832.57,UPI,new,one_time,success,none,0,0.81,188,1,437,0
TX004937,C00104,1315.91,UPI,returning,one_time,success,none,2,0.94,20,0,506,0
TX004938,C00077,294.65,CARD,returning,yearly,success,none,2,0.76,77,1,567,0
TX004939,C00230,1259.71,CARD,returning,yearly,success,none,2,0.86,108,1,627,0
TX004940,C01938,1804.63,UPI,returning,monthly,success,none,2,0.83,62,1,918,0
TX004941,C02379,1837.5,CARD,new,one_time,failed,network_error,3,0.9,188,1,857,0
TX004942,C01206,3182.51,CARD,new,one_time,failed,expired_card,3,0.82,109,1,1336,1
TX004943,C00893,505.32,UPI,returning,monthly,success,none,1,0.93,327,1,1008,0
TX004944,C01574,643.8,NETBANKING,returning,monthly,success,none,0,0.72,111,1,518,0
TX004945,C02736,7299.11,NETBANKING,new,monthly,success,none,0,0.96,111,1,3,0
TX004946,C02075,943.57,UPI,returning,one_time,success,none,1,0.8,90,1,686,0
TX004947,C01676,1339.48,NETBANKING,returning,monthly,failed,expired_card,0,0.86,245,1,942,1
TX004948,C00299,1025.56,UPI,new,yearly,success,none,3,0.78,5,1,902,0
TX004949,C00957,482.18,CARD,returning,one_time,success,none,0,0.68,58,1,1033,0
TX004950,C02847,5560.98,NETBANKING,new,one_time,success,none,2,0.65,307,1,48,0
TX004951,C01115,646.97,UPI,new,monthly,success,none,2,0.7,57,1,396,0
TX004952,C02528,355.21,UPI,returning,monthly,success,none,2,0.62,179,1,324,0
TX004953,C02621,698.73,NETBANKING,new,one_time,failed,insufficient_funds,2,0.67,345,1,1192,0
TX004954,C02506,148.16,UPI,new,yearly,failed,bank_timeout,1,0.56,223,1,112,0
TX004955,C01475,571.76,UPI,returning,one_time,success,none,1,0.93,60,1,21,0
TX004956,C00365,416.49,UPI,returning,yearly,success,none,3,0.73,84,1,1192,0
TX004957,C02907,2033.33,NETBANKING,returning,one_time,success,none,3,0.98,282,1,1273,0
TX004958,C01699,559.24,NETBANKING,new,one_time,failed,expired_card,3,0.93,2,0,589,0
TX004959,C00351,2664.59,UPI,new,monthly,success,none,1,0.73,347,1,890,0
TX004960,C02301,4440.33,NETBANKING,returning,yearly,failed,bank_timeout,0,0.63,58,1,822,1
TX004961,C02829,2395.09,UPI,new,yearly,success,none,2,0.99,37,1,770,0
TX004962,C01905,884.14,WALLET,returning,one_time,success,none,0,0.66,261,1,920,0
TX004963,C02851,1262.84,CARD,returning,monthly,failed,card_declined,2,0.78,318,1,1101,1
TX004964,C01012,238.65,UPI,returning,one_time,failed,expired_card,3,0.98,284,1,176,1
TX004965,C02507,959.32,UPI,new,one_time,success,none,2,0.89,182,1,613,0
TX004966,C02965,463.85,UPI,new,one_time,success,none,0,0.74,174,1,1284,0
TX004967,C00499,2195.85,UPI,returning,one_time,success,none,0,0.58,278,1,1147,0
TX004968,C00950,14367.91,CARD,returning,yearly,failed,insufficient_funds,3,0.76,269,1,9,0
TX004969,C01995,1807.72,UPI,returning,one_time,failed,card_declined,3,0.77,249,1,102,1
TX004970,C02047,149.73,WALLET,returning,monthly,success,none,0,0.8,300,1,354,0
TX004971,C00508,764.15,CARD,returning,monthly,success,none,3,0.62,322,1,1021,0
TX004972,C01328,1239.53,CARD,new,one_time,success,none,1,0.92,194,1,178,0
TX004973,C02549,1196.74,UPI,new,yearly,success,none,3,0.96,28,1,1355,0
TX004974,C02851,528.05,NETBANKING,new,one_time,failed,network_error,0,0.84,196,1,302,1
TX004975,C02646,1401.49,CARD,returning,yearly,success,none,1,0.87,297,1,1128,0
TX004976,C00166,316.56,NETBANKING,returning,yearly,success,none,0,0.84,104,1,878,0
TX004977,C02510,426.28,WALLET,returning,yearly,success,none,1,0.95,268,1,899,0
TX004978,C00920,2091.84,UPI,returning,monthly,failed,expired_card,3,0.69,71,1,542,0
TX004979,C00114,397.16,UPI,returning,one_time,success,none,3,0.71,31,1,1104,0
TX004980,C00992,1878.47,NETBANKING,returning,one_time,success,none,0,0.94,300,1,704,0
TX004981,C01952,278.81,NETBANKING,returning,monthly,success,none,1,0.9,36,1,1301,0
TX004982,C02255,6404.95,CARD,new,one_time,failed,insufficient_funds,0,0.75,17,1,67,1
TX004983,C01259,505.59,UPI,new,monthly,success,none,2,0.79,187,0,680,0
TX004984,C00515,876.85,CARD,returning,monthly,failed,expired_card,3,0.85,310,1,1496,0
TX004985,C01232,1526.32,UPI,returning,one_time,success,none,0,0.49,178,1,700,0
TX004986,C00709,623.06,UPI,returning,one_time,success,none,0,0.57,118,1,150,0
TX004987,C02186,1265.73,UPI,returning,one_time,success,none,2,0.81,207,1,765,0
TX004988,C00339,1949.56,UPI,returning,monthly,success,none,2,0.78,68,1,470,0
TX004989,C02585,2865.83,UPI,returning,one_time,failed,insufficient_funds,1,0.75,186,0,270,1
TX004990,C00068,2419.94,WALLET,returning,monthly,success,none,2,0.88,80,1,637,0
TX004991,C01597,923.52,NETBANKING,returning,monthly,failed,insufficient_funds,1,0.82,328,1,1410,1
TX004992,C01565,947.07,NETBANKING,new,one_time,success,none,0,0.93,185,1,581,0
TX004993,C00383,11488.58,NETBANKING,new,monthly,success,none,2,0.66,57,1,623,0
TX004994,C00019,2835.26,UPI,returning,monthly,failed,bank_timeout,1,0.89,190,1,423,1
TX004995,C02731,436.23,NETBANKING,returning,monthly,failed,expired_card,0,0.84,206,1,837,1
TX004996,C02122,1211.95,NETBANKING,returning,yearly,failed,insufficient_funds,1,0.75,358,0,1374,1
TX004997,C00573,784.35,NETBANKING,returning,one_time,failed,insufficient_funds,0,0.81,85,0,1298,1
TX004998,C02987,957.83,CARD,returning,one_time,failed,card_declined,1,0.89,341,0,1241,1
TX004999,C01300,320.7,UPI,returning,yearly,success,none,3,0.44,43,1,1097,0
TX005000,C02259,726.38,UPI,returning,one_time,success,none,0,0.84,113,0,479,0
TX005001,C02903,6711.35,UPI,new,one_time,success,none,0,0.88,42,1,739,0
TX005002,C01944,1956.82,WALLET,new,monthly,failed,expired_card,1,0.87,37,1,604,1
TX005003,C00651,100.0,UPI,returning,monthly,success,none,0,0.66,23,1,570,0
TX005004,C01646,3702.35,NETBANKING,new,one_time,success,none,1,0.76,204,0,928,0
TX005005,C00994,3260.48,UPI,new,monthly,failed,card_declined,0,0.75,285,1,833,1
TX005006,C02743,765.64,CARD,returning,one_time,success,none,2,0.82,124,1,587,0
TX005007,C02588,2246.8,UPI,new,monthly,success,none,2,0.91,364,1,1212,0
TX005008,C01339,464.33,UPI,returning,monthly,success,none,1,0.94,309,0,301,0
TX005009,C00901,685.22,UPI,new,monthly,success,none,3,0.96,185,1,656,0
TX005010,C01685,4907.63,CARD,returning,monthly,success,none,2,0.86,179,1,1368,0
TX005011,C02828,835.7,UPI,new,one_time,success,none,2,0.61,360,1,672,0
TX005012,C01586,169.06,CARD,returning,one_time,success,none,0,0.56,37,0,705,0
TX005013,C01924,1029.36,UPI,returning,one_time,failed,bank_timeout,3,0.85,78,1,313,1
TX005014,C01782,1013.75,NETBANKING,returning,one_time,failed,bank_timeout,3,0.76,276,1,675,1
TX005015,C01137,3635.02,UPI,returning,monthly,failed,insufficient_funds,3,0.9,318,1,1425,1
TX005016,C02218,1112.47,CARD,new,monthly,success,none,3,0.89,288,1,1430,0
TX005017,C01945,719.4,UPI,returning,one_time,failed,insufficient_funds,3,0.75,152,0,105,0
TX005018,C01038,3118.34,CARD,returning,yearly,success,none,3,0.72,316,1,321,0
TX005019,C01739,1237.43,UPI,returning,monthly,failed,insufficient_funds,2,0.79,23,1,1328,1
TX005020,C00288,518.0,CARD,returning,one_time,failed,expired_card,1,0.86,69,1,679,1
TX005021,C02237,3480.73,NETBANKING,new,one_time,failed,expired_card,1,0.8,305,1,388,1
TX005022,C02962,1330.97,UPI,new,monthly,success,none,3,0.65,143,1,385,0
TX005023,C01591,1099.85,UPI,new,one_time,failed,network_error,0,0.88,209,1,1351,1
TX005024,C02742,1310.17,CARD,returning,yearly,failed,insufficient_funds,2,0.74,281,1,190,1
TX005025,C01746,375.9,CARD,returning,monthly,success,none,0,0.95,209,1,94,0
TX005026,C02936,647.0,UPI,new,yearly,success,none,2,0.79,33,1,306,0
TX005027,C02519,1100.57,UPI,new,one_time,success,none,2,0.59,13,1,455,0
TX005028,C01099,902.65,UPI,new,monthly,failed,card_declined,2,0.83,211,1,1296,0
TX005029,C02325,3914.44,UPI,new,yearly,failed,network_error,0,0.79,181,1,309,1
TX005030,C00940,1362.95,UPI,returning,one_time,success,none,0,0.73,97,0,1210,0
TX005031,C01449,2578.35,NETBANKING,returning,one_time,success,none,3,0.65,142,1,1217,0
TX005032,C00571,1106.98,UPI,returning,monthly,success,none,2,0.57,117,1,114,0
TX005033,C02905,3153.56,CARD,returning,yearly,failed,expired_card,1,0.76,79,1,446,1
TX005034,C01001,1631.94,NETBANKING,returning,monthly,success,none,2,0.93,236,0,145,0
TX005035,C01206,1111.45,UPI,returning,monthly,success,none,1,0.92,121,1,548,0
TX005036,C02506,1082.16,CARD,returning,monthly,failed,expired_card,3,0.89,321,1,578,1
TX005037,C00918,422.23,NETBANKING,returning,one_time,success,none,3,0.88,320,1,1211,0
TX005038,C01875,1820.59,UPI,new,one_time,success,none,3,0.83,53,1,1395,0
TX005039,C00833,1053.42,UPI,new,one_time,success,none,2,0.98,287,1,681,0
TX005040,C02887,663.82,WALLET,returning,one_time,success,none,2,0.54,30,1,699,0
TX005041,C02241,3315.83,WALLET,returning,monthly,success,none,1,0.64,249,1,1361,0
TX005042,C01679,314.12,UPI,returning,monthly,success,none,1,0.76,129,1,1348,0
TX005043,C00616,718.74,UPI,returning,yearly,success,none,0,0.57,237,1,117,0
TX005044,C00406,3064.74,UPI,new,one_time,success,none,1,0.8,264,1,1339,0
TX005045,C01750,1503.46,UPI,returning,one_time,success,none,3,0.68,296,1,491,0
TX005046,C02991,1045.39,UPI,returning,monthly,success,none,2,0.96,252,1,666,0
TX005047,C02769,1409.52,CARD,returning,one_time,success,none,0,0.91,174,1,572,0
TX005048,C00093,1312.14,NETBANKING,returning,one_time,success,none,2,0.91,312,1,1213,0
TX005049,C02478,240.65,UPI,returning,one_time,success,none,3,0.61,5,1,41,0
TX005050,C00654,773.35,NETBANKING,new,one_time,success,none,3,0.81,37,1,984,0
TX005051,C00434,5522.15,UPI,new,yearly,failed,insufficient_funds,3,0.83,26,0,827,0
TX005052,C01136,567.18,UPI,returning,monthly,success,none,0,0.97,177,1,411,0
TX005053,C00375,797.67,UPI,returning,yearly,success,none,2,0.85,82,1,1485,0
TX005054,C01067,638.03,UPI,new,yearly,success,none,1,0.52,159,0,560,0
TX005055,C00207,1005.24,UPI,returning,one_time,success,none,2,0.83,137,1,435,0
TX005056,C00780,612.09,NETBANKING,returning,monthly,success,none,2,0.69,41,1,853,0
TX005057,C01320,1784.23,UPI,new,one_time,success,none,0,0.82,168,1,697,0
TX005058,C01142,1335.84,CARD,new,one_time,success,none,1,0.74,320,1,1241,0
TX005059,C00532,2376.89,UPI,returning,yearly,success,none,1,0.64,131,1,672,0
TX005060,C02214,383.39,UPI,new,one_time,success,none,2,0.94,11,1,1423,0
TX005061,C02691,780.29,CARD,new,one_time,success,none,3,0.74,66,1,1389,0
TX005062,C00090,875.05,NETBANKING,new,one_time,success,none,2,0.83,265,1,1007,0
TX005063,C01118,1729.6,UPI,new,one_time,success,none,0,0.8,13,1,775,0
TX005064,C00013,496.1,CARD,returning,one_time,failed,card_declined,3,0.69,237,1,1471,0
TX005065,C01858,2739.84,NETBANKING,returning,one_time,success,none,0,0.83,128,1,1498,0
TX005066,C00805,3591.82,CARD,returning,one_time,failed,card_declined,3,0.87,212,1,594,1
TX005067,C00945,407.94,UPI,returning,yearly,failed,bank_timeout,3,0.96,122,1,1122,1
TX005068,C02790,671.24,CARD,returning,one_time,success,none,3,0.82,278,1,986,0
TX005069,C01858,644.24,UPI,returning,one_time,success,none,1,0.97,318,0,49,0
TX005070,C01611,15250.78,CARD,returning,one_time,failed,insufficient_funds,3,0.86,110,1,924,0
TX005071,C02924,713.44,UPI,returning,monthly,success,none,1,0.9,256,1,90,0
TX005072,C01960,5870.09,UPI,returning,monthly,success,none,0,0.86,21,1,1216,0
TX005073,C02708,309.01,CARD,returning,yearly,success,none,3,0.91,68,1,1079,0
TX005074,C01053,407.63,UPI,new,monthly,success,none,3,0.96,45,1,34,0
TX005075,C00296,551.92,UPI,new,one_time,success,none,3,0.48,64,1,255,0
TX005076,C00926,470.74,NETBANKING,returning,one_time,failed,expired_card,0,0.84,99,1,745,1
TX005077,C00640,838.91,NETBANKING,new,monthly,success,none,2,0.86,199,1,1080,0
TX005078,C02388,539.81,UPI,new,monthly,failed,insufficient_funds,2,0.91,326,1,485,1
TX005079,C00628,483.31,UPI,returning,one_time,success,none,0,0.58,137,1,406,0
TX005080,C02487,3492.85,UPI,returning,monthly,success,none,0,0.39,118,0,1254,0
TX005081,C01168,3728.62,UPI,returning,yearly,success,none,0,0.95,238,1,733,0
TX005082,C00942,2833.58,WALLET,returning,monthly,success,none,2,0.86,227,1,1048,0
TX005083,C00830,1851.96,CARD,returning,monthly,failed,insufficient_funds,1,0.84,340,1,1156,1
TX005084,C01771,1203.2,UPI,new,monthly,success,none,0,0.74,74,1,353,0
TX005085,C02567,667.12,UPI,returning,one_time,success,none,2,0.93,11,1,352,0
TX005086,C00976,422.78,CARD,returning,one_time,failed,bank_timeout,1,0.92,142,1,1168,1
TX005087,C00955,1576.55,CARD,returning,one_time,success,none,3,0.75,30,1,984,0
TX005088,C01263,339.13,CARD,returning,one_time,success,none,3,0.73,345,1,745,0
TX005089,C00952,405.89,UPI,returning,yearly,success,none,0,0.86,317,0,538,0
TX005090,C00944,3473.48,UPI,returning,one_time,success,none,1,0.66,360,1,1020,0
TX005091,C02203,7336.73,UPI,returning,monthly,success,none,2,0.84,12,0,745,0
TX005092,C01205,1625.05,UPI,returning,monthly,success,none,3,0.87,340,1,702,0
TX005093,C02136,3315.81,UPI,new,monthly,success,none,3,0.77,183,1,1184,0
TX005094,C01535,857.61,NETBANKING,returning,monthly,success,none,2,0.64,350,1,1015,0
TX005095,C01097,287.82,UPI,returning,monthly,success,none,3,0.81,94,1,396,0
TX005096,C02979,2022.67,NETBANKING,returning,one_time,failed,bank_timeout,3,0.91,218,0,1211,1
TX005097,C00179,1937.76,UPI,returning,yearly,success,none,0,0.82,76,1,782,0
TX005098,C02260,1178.11,UPI,new,one_time,success,none,1,0.8,251,1,147,0
TX005099,C01829,860.6,UPI,returning,one_time,success,none,1,0.92,237,0,560,0
TX005100,C01258,2870.41,UPI,returning,monthly,failed,network_error,1,0.87,298,1,146,1
TX005101,C00465,409.23,NETBANKING,returning,one_time,failed,insufficient_funds,1,0.95,38,1,632,1
TX005102,C01775,505.84,UPI,new,one_time,success,none,2,0.88,8,1,1442,0
TX005103,C02679,400.17,UPI,new,yearly,success,none,1,0.9,78,0,365,0
TX005104,C02873,1193.89,NETBANKING,returning,monthly,success,none,0,0.9,125,1,185,0
TX005105,C01231,369.48,UPI,returning,yearly,success,none,2,0.73,85,1,702,0
TX005106,C02655,553.22,UPI,returning,one_time,success,none,0,0.92,177,1,696,0
TX005107,C00885,541.45,UPI,returning,one_time,failed,expired_card,3,0.93,338,1,894,1
TX005108,C02414,845.05,UPI,returning,monthly,success,none,1,0.86,256,1,1177,0
TX005109,C02324,247.8,UPI,new,monthly,success,none,1,0.88,12,1,686,0
TX005110,C02428,1196.56,UPI,returning,monthly,success,none,2,0.69,253,0,242,0
TX005111,C01333,3817.32,NETBANKING,new,yearly,failed,bank_timeout,1,0.94,228,1,708,1
TX005112,C01655,1255.75,NETBANKING,returning,yearly,success,none,0,0.87,213,0,235,0
TX005113,C00945,5122.11,UPI,returning,monthly,success,none,2,0.86,173,1,814,0
TX005114,C02858,4163.03,UPI,returning,one_time,success,none,1,0.72,318,1,843,0
TX005115,C00925,2386.86,UPI,returning,monthly,success,none,0,0.65,337,1,319,0
TX005116,C01939,1181.67,CARD,returning,yearly,success,none,3,0.89,1,1,950,0
TX005117,C00494,1121.59,UPI,returning,one_time,success,none,1,0.87,320,1,1419,0
TX005118,C01547,2353.83,NETBANKING,new,monthly,success,none,1,0.84,139,1,689,0
TX005119,C01970,741.24,CARD,returning,monthly,success,none,1,0.89,268,1,149,0
TX005120,C01095,166.91,UPI,new,one_time,success,none,3,0.81,103,0,1331,0
TX005121,C02412,1793.64,CARD,returning,monthly,success,none,1,0.81,326,1,758,0
TX005122,C02618,353.87,UPI,new,one_time,success,none,3,0.72,106,1,1338,0
TX005123,C01826,418.99,UPI,new,yearly,failed,network_error,0,0.83,1,0,1166,1
TX005124,C00763,1096.88,UPI,returning,monthly,success,none,2,0.93,265,1,141,0
TX005125,C02324,997.12,UPI,new,monthly,success,none,0,0.71,277,1,290,0
TX005126,C00050,267.18,CARD,new,one_time,failed,network_error,0,0.79,279,0,97,1
TX005127,C02776,1294.0,CARD,returning,one_time,success,none,2,0.98,147,0,1324,0
TX005128,C00906,2881.71,UPI,returning,yearly,success,none,2,0.75,332,1,328,0
TX005129,C02976,354.84,WALLET,new,one_time,success,none,1,0.89,246,1,857,0
TX005130,C00564,3914.66,UPI,returning,one_time,failed,network_error,3,0.87,82,1,785,1
TX005131,C00783,230.4,UPI,returning,one_time,success,none,1,0.73,342,0,346,0
TX005132,C02533,9111.79,UPI,returning,monthly,success,none,0,0.51,264,1,69,0
TX005133,C02041,726.86,CARD,returning,one_time,success,none,3,0.8,358,1,21,0
TX005134,C01832,1268.53,WALLET,new,monthly,success,none,1,0.77,330,0,1042,0
TX005135,C00584,165.33,CARD,returning,monthly,success,none,2,0.88,171,1,954,0
TX005136,C01320,1030.57,NETBANKING,new,monthly,success,none,2,0.67,339,1,708,0
TX005137,C00236,1378.13,UPI,new,yearly,failed,expired_card,1,0.83,264,1,937,1
TX005138,C02104,1006.1,UPI,returning,one_time,failed,bank_timeout,3,0.94,323,0,1013,1
TX005139,C01943,624.48,UPI,returning,monthly,failed,card_declined,0,0.98,339,1,844,1
TX005140,C00360,425.57,CARD,returning,one_time,success,none,3,0.84,261,0,1267,0
TX005141,C01931,3396.59,UPI,returning,yearly,success,none,1,0.77,74,1,1126,0
TX005142,C00110,1130.94,NETBANKING,returning,yearly,success,none,2,0.6,93,1,1498,0
TX005143,C00192,5119.19,UPI,new,one_time,success,none,2,0.72,176,1,289,0
TX005144,C00904,647.76,UPI,new,one_time,failed,expired_card,0,0.94,268,1,608,1
TX005145,C01117,709.96,UPI,returning,one_time,failed,insufficient_funds,2,0.64,201,1,1481,1
TX005146,C00862,2478.96,CARD,new,yearly,failed,card_declined,0,0.66,248,1,114,1
TX005147,C02616,216.38,UPI,returning,monthly,success,none,0,0.84,242,1,267,0
TX005148,C01084,325.88,UPI,returning,yearly,failed,expired_card,3,0.96,326,1,321,1
TX005149,C00650,3286.19,UPI,returning,one_time,success,none,3,0.84,85,1,663,0
TX005150,C00039,339.7,CARD,returning,monthly,success,none,1,0.64,338,1,1180,0
TX005151,C00637,177.85,CARD,returning,monthly,success,none,1,0.61,290,1,1006,0
TX005152,C01037,7104.81,CARD,returning,yearly,failed,bank_timeout,0,0.86,16,1,319,1
TX005153,C00036,272.1,UPI,new,one_time,success,none,1,0.96,175,1,1403,0
TX005154,C02149,1318.33,WALLET,new,one_time,success,none,2,0.69,267,1,1373,0
TX005155,C01362,1175.07,NETBANKING,returning,yearly,success,none,0,0.81,22,1,634,0
TX005156,C01984,100.0,UPI,new,one_time,failed,network_error,0,0.84,2,1,645,1
TX005157,C00166,839.4,UPI,returning,monthly,failed,expired_card,1,0.8,129,1,757,1
TX005158,C02431,1717.14,UPI,new,monthly,success,none,3,0.91,293,1,710,0
TX005159,C01880,1562.92,UPI,new,one_time,success,none,0,0.87,359,0,551,0
TX005160,C02838,2706.8,NETBANKING,new,one_time,success,none,0,0.75,31,1,675,0
TX005161,C00031,744.35,CARD,returning,monthly,success,none,3,0.87,133,1,1332,0
TX005162,C00011,2236.14,NETBANKING,new,one_time,success,none,3,0.72,355,1,1106,0
TX005163,C02012,550.41,UPI,new,one_time,success,none,0,0.68,194,1,1024,0
TX005164,C02144,267.61,CARD,new,monthly,success,none,1,0.84,188,1,1377,0
TX005165,C02501,299.55,UPI,new,yearly,failed,insufficient_funds,0,0.84,51,1,443,1
TX005166,C02240,254.14,UPI,returning,monthly,failed,insufficient_funds,0,0.78,22,1,923,1
TX005167,C00486,3009.67,CARD,returning,monthly,success,none,0,0.8,312,1,1426,0
TX005168,C01290,241.15,UPI,new,yearly,success,none,1,0.89,86,1,1064,0
TX005169,C01448,1442.36,CARD,new,monthly,success,none,3,0.94,158,0,515,0
TX005170,C02286,840.57,CARD,returning,yearly,success,none,0,0.91,217,1,307,0
TX005171,C01944,989.65,NETBANKING,returning,monthly,success,none,3,0.96,355,1,1294,0
TX005172,C01964,4288.14,UPI,returning,monthly,failed,insufficient_funds,0,0.95,103,1,152,1
TX005173,C01852,707.38,CARD,new,monthly,success,none,1,0.76,216,0,1473,0
TX005174,C01470,2021.51,WALLET,returning,yearly,success,none,0,0.57,341,1,374,0
TX005175,C01367,1138.61,NETBANKING,returning,monthly,success,none,0,0.8,35,1,884,0
TX005176,C02783,941.98,CARD,returning,monthly,failed,card_declined,3,0.73,289,1,1374,1
TX005177,C00991,10937.68,CARD,new,one_time,success,none,0,0.56,101,1,1284,0
TX005178,C00825,259.47,UPI,returning,yearly,success,none,0,0.59,59,1,796,0
TX005179,C01463,3980.38,CARD,new,one_time,success,none,0,0.81,26,1,752,0
TX005180,C02154,2114.15,CARD,new,one_time,success,none,3,0.81,258,0,1226,0
TX005181,C02229,678.9,CARD,returning,monthly,failed,network_error,2,0.93,44,1,383,1
TX005182,C02232,5593.27,CARD,new,one_time,success,none,3,0.78,235,1,350,0
TX005183,C00226,172.76,UPI,returning,one_time,success,none,0,0.77,281,1,946,0
TX005184,C00777,650.82,UPI,returning,one_time,success,none,2,0.85,274,1,1340,0
TX005185,C02838,327.51,CARD,returning,one_time,success,none,3,0.88,184,1,417,0
TX005186,C01113,1655.87,UPI,returning,one_time,failed,expired_card,3,0.58,80,1,406,0
TX005187,C00688,360.3,UPI,new,monthly,failed,card_declined,2,0.95,259,1,469,1
TX005188,C00530,1690.98,UPI,new,yearly,success,none,2,0.89,50,0,1476,0
TX005189,C00972,910.11,UPI,returning,one_time,success,none,2,0.56,147,1,112,0
TX005190,C00936,679.02,NETBANKING,returning,monthly,success,none,2,0.9,112,1,896,0
TX005191,C01423,1617.52,UPI,returning,monthly,failed,expired_card,1,0.69,359,1,840,1
TX005192,C02154,838.3,UPI,returning,one_time,success,none,1,0.67,73,1,1489,0
TX005193,C01295,369.21,UPI,returning,monthly,success,none,1,0.89,181,1,754,0
TX005194,C01999,18058.52,UPI,new,one_time,success,none,2,0.9,122,1,1089,0
TX005195,C02879,673.73,UPI,returning,monthly,success,none,0,0.67,174,1,1240,0
TX005196,C01527,119.39,UPI,returning,one_time,failed,bank_timeout,0,0.83,215,1,337,1
TX005197,C00679,472.44,NETBANKING,returning,yearly,success,none,0,0.72,99,1,669,0
TX005198,C02897,308.81,UPI,returning,one_time,success,none,3,0.9,263,1,1031,0
TX005199,C02441,2505.25,CARD,new,monthly,failed,bank_timeout,0,0.81,326,1,342,1
TX005200,C00040,1512.7,NETBANKING,returning,one_time,success,none,1,0.75,42,1,956,0
TX005201,C02708,1633.88,WALLET,returning,monthly,success,none,2,0.87,29,0,651,0
TX005202,C01106,757.47,UPI,new,one_time,success,none,3,0.94,69,1,1370,0
TX005203,C00845,829.36,UPI,returning,one_time,success,none,1,0.82,333,1,811,0
TX005204,C01744,756.78,UPI,new,one_time,success,none,0,0.98,251,1,218,0
TX005205,C02249,1011.11,UPI,returning,one_time,success,none,2,0.92,207,1,1198,0
TX005206,C00447,2528.38,UPI,returning,monthly,success,none,0,0.86,363,0,274,0
TX005207,C01235,1534.68,NETBANKING,returning,one_time,success,none,1,0.93,333,1,833,0
TX005208,C02492,1808.25,UPI,returning,monthly,success,none,1,0.81,105,0,386,0
TX005209,C01351,1807.25,UPI,new,monthly,success,none,1,0.91,76,1,1021,0
TX005210,C02809,2655.64,UPI,new,one_time,success,none,0,0.41,276,0,635,0
TX005211,C00227,1462.86,WALLET,returning,one_time,success,none,2,0.97,329,0,1155,0
TX005212,C00048,1570.03,CARD,returning,yearly,success,none,2,0.62,213,1,1021,0
TX005213,C02960,3600.42,UPI,returning,monthly,failed,expired_card,3,0.5,333,1,357,0
TX005214,C01463,563.94,UPI,returning,one_time,success,none,3,0.73,261,1,935,0
TX005215,C01831,466.03,UPI,new,monthly,success,none,3,0.74,101,1,1216,0
TX005216,C00187,334.98,CARD,returning,monthly,success,none,1,0.62,349,1,464,0
TX005217,C02393,1316.74,CARD,returning,one_time,success,none,2,0.95,170,1,1396,0
TX005218,C02272,171.79,CARD,returning,monthly,failed,card_declined,0,0.92,101,1,337,1
TX005219,C02878,1740.89,UPI,returning,one_time,success,none,2,0.79,331,1,29,0
TX005220,C02536,983.19,CARD,new,one_time,success,none,0,0.76,311,1,532,0
TX005221,C01933,3410.59,CARD,returning,one_time,success,none,3,0.7,288,1,1146,0
TX005222,C02925,560.08,WALLET,returning,monthly,failed,insufficient_funds,1,0.67,350,1,1223,1
TX005223,C00849,894.87,CARD,returning,monthly,success,none,1,0.68,346,1,498,0
TX005224,C02033,3368.43,UPI,returning,one_time,success,none,3,0.78,167,1,144,0
TX005225,C01253,4372.7,UPI,new,one_time,failed,card_declined,1,0.86,261,1,89,1
TX005226,C01414,555.49,UPI,returning,monthly,success,none,3,0.68,359,1,418,0
TX005227,C00979,1315.25,CARD,returning,one_time,failed,card_declined,2,0.83,127,1,1303,1
TX005228,C01613,1472.06,CARD,returning,monthly,success,none,0,0.88,133,1,488,0
TX005229,C01017,1593.44,UPI,returning,one_time,success,none,1,0.78,297,1,683,0
TX005230,C02236,843.39,UPI,returning,monthly,success,none,3,0.73,180,0,548,0
TX005231,C01882,3949.65,UPI,returning,one_time,success,none,0,0.93,261,1,216,0
TX005232,C00270,165.72,NETBANKING,returning,monthly,success,none,3,0.79,204,1,267,0
TX005233,C01631,719.73,UPI,new,one_time,success,none,1,0.82,6,1,1252,0
TX005234,C00310,1716.31,UPI,returning,monthly,success,none,0,0.82,222,1,224,0
TX005235,C02044,1732.33,UPI,new,monthly,success,none,1,0.92,235,0,966,0
TX005236,C01575,4241.87,UPI,new,one_time,success,none,0,0.85,242,1,598,0
TX005237,C01096,3634.49,CARD,new,monthly,success,none,0,0.89,363,1,1199,0
TX005238,C02893,824.24,NETBANKING,new,one_time,success,none,3,0.85,51,0,1360,0
TX005239,C01696,4023.35,UPI,new,one_time,success,none,0,0.75,8,0,972,0
TX005240,C02534,536.98,CARD,returning,yearly,success,none,2,0.83,201,1,1165,0
TX005241,C01446,2781.89,UPI,new,one_time,success,none,1,0.75,81,1,1450,0
TX005242,C02168,6704.42,WALLET,returning,one_time,failed,expired_card,3,0.87,108,1,187,1
TX005243,C00220,3695.77,UPI,new,one_time,success,none,0,0.85,173,1,942,0
TX005244,C00053,1218.98,UPI,new,monthly,success,none,2,0.58,92,1,508,0
TX005245,C01758,786.99,UPI,returning,yearly,failed,card_declined,2,0.68,98,1,258,1
TX005246,C01475,237.79,UPI,returning,one_time,success,none,2,0.8,157,1,1039,0
TX005247,C01667,1495.98,UPI,new,monthly,success,none,3,0.65,339,1,718,0
TX005248,C01261,359.52,CARD,returning,one_time,success,none,0,0.76,155,1,350,0
TX005249,C02806,496.14,CARD,new,one_time,failed,bank_timeout,0,0.68,122,1,790,1
TX005250,C02786,333.37,UPI,returning,monthly,failed,expired_card,2,0.9,262,1,638,1
TX005251,C00720,692.02,CARD,new,monthly,failed,expired_card,3,0.88,212,1,713,0
TX005252,C00406,1066.39,UPI,returning,one_time,success,none,1,0.95,346,0,421,0
TX005253,C02656,1441.75,CARD,returning,yearly,success,none,0,0.29,113,1,25,0
TX005254,C02470,601.54,CARD,returning,one_time,success,none,0,0.96,154,1,425,0
TX005255,C02760,3194.81,CARD,new,one_time,success,none,1,0.78,176,1,1236,0
TX005256,C02295,890.51,UPI,new,yearly,success,none,0,0.83,168,1,1344,0
TX005257,C00072,498.84,UPI,returning,monthly,success,none,1,0.86,260,1,762,0
TX005258,C01854,1375.11,UPI,returning,monthly,success,none,1,0.82,307,1,271,0
TX005259,C02233,7813.07,UPI,new,monthly,failed,expired_card,0,0.85,142,1,920,1
TX005260,C02054,1533.27,CARD,new,one_time,success,none,2,0.69,252,1,570,0
TX005261,C01230,762.91,UPI,returning,monthly,failed,card_declined,0,0.55,2,1,361,1
TX005262,C01568,238.06,UPI,new,one_time,success,none,2,0.89,258,1,793,0
TX005263,C02954,880.59,UPI,returning,monthly,success,none,0,0.79,63,1,641,0
TX005264,C00387,1387.04,UPI,returning,monthly,failed,network_error,3,0.73,220,1,934,0
TX005265,C01792,744.28,CARD,returning,yearly,success,none,2,0.52,130,1,134,0
TX005266,C00699,207.39,UPI,new,monthly,failed,insufficient_funds,1,0.68,129,0,906,1
TX005267,C01201,468.45,CARD,returning,one_time,success,none,2,0.73,92,1,1148,0
TX005268,C00827,4696.34,UPI,new,monthly,failed,insufficient_funds,2,0.98,149,1,1225,1
TX005269,C01823,4600.87,NETBANKING,new,one_time,success,none,0,0.92,74,1,1079,0
TX005270,C00349,451.85,WALLET,returning,monthly,success,none,3,0.83,126,1,302,0
TX005271,C01279,2149.0,CARD,returning,monthly,failed,bank_timeout,1,0.86,364,1,1123,1
TX005272,C00308,337.45,NETBANKING,new,one_time,success,none,3,0.86,147,1,282,0
TX005273,C01151,4466.3,UPI,new,yearly,success,none,2,0.93,22,1,935,0
TX005274,C01961,1401.41,NETBANKING,returning,yearly,success,none,3,0.89,22,1,946,0
TX005275,C02335,2834.56,NETBANKING,returning,yearly,failed,expired_card,3,0.92,13,1,123,1
TX005276,C00766,197.34,WALLET,returning,one_time,success,none,3,0.68,84,1,427,0
TX005277,C00725,2159.51,CARD,returning,monthly,success,none,2,0.71,131,1,497,0
TX005278,C02810,1088.25,CARD,returning,yearly,failed,insufficient_funds,3,0.73,206,1,1259,0
TX005279,C01620,2570.69,UPI,returning,monthly,failed,card_declined,3,0.87,271,1,980,0
TX005280,C00383,2737.68,UPI,returning,one_time,success,none,0,0.89,21,1,386,0
TX005281,C02436,1171.2,UPI,returning,monthly,failed,card_declined,1,0.87,293,1,282,1
TX005282,C00525,601.35,NETBANKING,new,yearly,success,none,2,0.88,17,1,1322,0
TX005283,C02687,2391.55,UPI,returning,monthly,success,none,3,0.87,359,1,531,0
TX005284,C02986,1032.61,CARD,returning,one_time,success,none,3,0.7,281,1,1158,0
TX005285,C00276,458.16,UPI,new,one_time,success,none,0,0.78,331,1,349,0
TX005286,C02548,436.96,UPI,returning,monthly,failed,card_declined,1,0.88,171,1,342,1
TX005287,C02765,250.34,NETBANKING,returning,monthly,success,none,2,0.61,50,1,846,0
TX005288,C00337,658.33,NETBANKING,returning,monthly,success,none,3,0.91,271,1,555,0
TX005289,C01974,3303.35,CARD,returning,one_time,success,none,2,0.63,323,1,553,0
TX005290,C02980,1310.06,UPI,returning,one_time,success,none,3,0.88,286,1,871,0
TX005291,C00481,645.63,UPI,returning,one_time,success,none,3,0.98,263,1,639,0
TX005292,C00911,2452.48,UPI,new,one_time,failed,bank_timeout,2,0.7,78,1,36,1
TX005293,C01997,477.0,UPI,new,monthly,success,none,2,0.81,357,1,362,0
TX005294,C01352,1206.34,UPI,new,one_time,failed,expired_card,3,0.59,113,0,142,0
TX005295,C02034,916.32,UPI,returning,monthly,success,none,2,0.45,307,0,612,0
TX005296,C01755,2390.2,UPI,new,monthly,success,none,1,0.62,274,1,439,0
TX005297,C00109,226.51,CARD,new,one_time,success,none,2,0.97,212,1,201,0
TX005298,C00328,468.62,UPI,returning,yearly,success,none,2,0.91,80,0,1222,0
TX005299,C01800,213.1,UPI,returning,monthly,success,none,2,0.9,310,1,320,0
TX005300,C00315,845.9,UPI,returning,monthly,success,none,2,0.7,176,1,727,0
TX005301,C01135,3682.8,WALLET,returning,yearly,failed,insufficient_funds,3,0.62,351,1,1312,0
TX005302,C02747,661.53,UPI,returning,one_time,failed,expired_card,0,0.84,153,1,79,1
TX005303,C00781,658.07,UPI,returning,one_time,success,none,3,0.7,77,1,178,0
TX005304,C01521,2622.08,UPI,returning,one_time,success,none,3,0.86,210,1,571,0
TX005305,C00156,3192.47,NETBANKING,returning,monthly,success,none,1,0.8,287,0,549,0
TX005306,C01497,1003.68,CARD,returning,monthly,success,none,3,0.64,276,1,228,0
TX005307,C01725,2174.85,CARD,new,monthly,failed,expired_card,3,0.34,349,1,247,0
TX005308,C00887,373.55,UPI,returning,one_time,success,none,1,0.77,287,1,823,0
TX005309,C02806,4350.19,CARD,returning,one_time,failed,card_declined,1,0.73,141,1,1183,1
TX005310,C00722,9402.27,CARD,returning,one_time,success,none,2,0.88,74,1,539,0
TX005311,C00913,1846.81,CARD,returning,one_time,success,none,3,0.8,255,1,908,0
TX005312,C00871,136.41,NETBANKING,returning,monthly,success,none,1,0.77,236,1,1301,0
TX005313,C00013,627.52,UPI,returning,monthly,success,none,3,0.79,344,1,1391,0
TX005314,C02656,2023.99,UPI,new,one_time,success,none,3,0.83,347,0,306,0
TX005315,C00498,719.47,NETBANKING,returning,one_time,failed,insufficient_funds,3,0.87,240,1,1017,0
TX005316,C01757,3913.54,CARD,new,one_time,success,none,2,0.78,124,1,475,0
TX005317,C02286,1974.67,UPI,returning,monthly,success,none,2,0.92,361,0,92,0
TX005318,C01118,541.06,UPI,returning,yearly,success,none,3,0.76,316,0,8,0
TX005319,C02829,1132.59,NETBANKING,returning,one_time,success,none,0,0.95,286,0,500,0
TX005320,C01195,448.62,UPI,returning,monthly,success,none,3,0.63,356,1,550,0
TX005321,C02005,913.62,UPI,new,yearly,success,none,2,0.89,364,0,787,0
TX005322,C02654,629.8,UPI,returning,one_time,failed,bank_timeout,1,0.97,227,1,212,1
TX005323,C02709,3550.21,NETBANKING,new,yearly,success,none,3,0.76,3,1,931,0
TX005324,C01648,9099.84,NETBANKING,returning,monthly,success,none,2,0.91,344,1,1100,0
TX005325,C01591,262.12,UPI,returning,yearly,success,none,1,0.91,89,1,505,0
TX005326,C02897,160.26,CARD,returning,monthly,success,none,2,0.98,259,1,32,0
TX005327,C02984,858.19,UPI,new,one_time,success,none,0,0.88,276,1,42,0
TX005328,C01491,240.23,UPI,returning,yearly,failed,expired_card,2,0.88,281,1,61,1
TX005329,C02676,1148.5,NETBANKING,returning,one_time,failed,network_error,3,0.76,293,1,320,0
TX005330,C00143,2319.1,UPI,returning,yearly,success,none,1,0.82,273,1,328,0
TX005331,C01225,4886.06,UPI,returning,one_time,success,none,3,0.56,283,1,964,0
TX005332,C02762,1341.3,CARD,returning,monthly,success,none,3,0.69,32,1,1345,0
TX005333,C02527,904.01,UPI,returning,one_time,success,none,0,0.95,68,1,551,0
TX005334,C00565,151.66,UPI,returning,yearly,success,none,2,0.99,65,1,1259,0
TX005335,C02519,1125.73,CARD,returning,one_time,failed,card_declined,0,0.8,25,1,540,1
TX005336,C02432,1177.66,CARD,returning,one_time,success,none,2,0.57,146,1,911,0
TX005337,C01716,2077.58,UPI,returning,monthly,success,none,0,0.83,297,1,301,0
TX005338,C02974,539.97,UPI,new,yearly,failed,network_error,2,0.94,169,1,1460,1
TX005339,C00417,709.77,CARD,new,one_time,failed,bank_timeout,1,0.66,360,1,843,1
TX005340,C01849,250.13,WALLET,new,one_time,success,none,3,0.89,205,1,431,0
TX005341,C02356,110.91,UPI,new,monthly,success,none,2,0.53,130,1,804,0
TX005342,C02697,361.95,WALLET,returning,one_time,failed,bank_timeout,1,0.63,261,1,915,1
TX005343,C01718,228.07,CARD,returning,monthly,success,none,2,0.85,282,1,923,0
TX005344,C01391,1535.66,NETBANKING,new,one_time,failed,bank_timeout,2,0.89,30,1,780,0
TX005345,C01068,653.19,UPI,returning,monthly,success,none,3,0.8,25,1,695,0
TX005346,C02787,640.19,UPI,returning,monthly,success,none,3,0.92,316,1,1035,0
TX005347,C01867,409.77,UPI,returning,one_time,success,none,1,0.96,53,1,114,0
TX005348,C01122,100.0,UPI,returning,monthly,success,none,3,0.69,243,1,1,0
TX005349,C01289,4955.78,WALLET,new,monthly,failed,bank_timeout,3,0.62,88,1,1034,0
TX005350,C01807,403.32,UPI,new,one_time,failed,insufficient_funds,1,0.71,158,0,607,0
TX005351,C02188,726.02,CARD,new,one_time,failed,network_error,3,0.84,51,1,429,0
TX005352,C01505,255.98,UPI,new,one_time,success,none,1,0.91,66,1,334,0
TX005353,C01017,2898.45,CARD,returning,monthly,failed,card_declined,1,0.91,242,1,946,1
TX005354,C00953,1265.76,UPI,returning,one_time,failed,network_error,3,0.66,315,0,1316,0
TX005355,C02952,479.93,UPI,returning,yearly,failed,insufficient_funds,2,0.73,176,1,1142,1
TX005356,C00072,740.83,UPI,returning,monthly,success,none,3,0.75,300,1,836,0
TX005357,C01691,5873.35,CARD,returning,one_time,success,none,3,0.94,305,1,339,0
TX005358,C01292,1019.46,UPI,returning,monthly,success,none,2,0.69,134,1,1138,0
TX005359,C01345,914.4,UPI,returning,monthly,success,none,3,0.55,29,0,740,0
TX005360,C02155,427.78,UPI,returning,yearly,success,none,3,0.66,14,1,670,0
TX005361,C00883,164.91,WALLET,new,monthly,success,none,2,0.75,272,1,1190,0
TX005362,C00139,934.45,CARD,new,one_time,success,none,1,0.95,269,1,1434,0
TX005363,C02663,1518.51,CARD,returning,monthly,success,none,2,0.68,1,1,277,0
TX005364,C02911,3293.1,CARD,new,monthly,success,none,2,0.7,181,0,116,0
TX005365,C02321,115.76,UPI,returning,monthly,success,none,0,0.91,193,1,467,0
TX005366,C01505,355.99,CARD,returning,yearly,failed,expired_card,0,0.76,44,0,588,1
TX005367,C02464,613.55,UPI,returning,one_time,success,none,1,0.86,21,1,1179,0
TX005368,C02554,1092.82,UPI,new,one_time,success,none,3,0.84,152,1,611,0
TX005369,C00733,948.58,CARD,returning,monthly,success,none,1,0.68,155,1,1138,0
TX005370,C01749,970.99,CARD,returning,yearly,success,none,3,0.84,224,1,76,0
TX005371,C00424,1649.28,UPI,returning,yearly,success,none,0,0.59,83,1,1223,0
TX005372,C01592,444.39,UPI,returning,yearly,success,none,2,0.6,148,1,937,0
TX005373,C00390,2790.96,CARD,returning,one_time,success,none,2,0.78,265,1,1225,0
TX005374,C00342,1691.64,CARD,returning,monthly,success,none,1,0.76,285,1,1400,0
TX005375,C00946,796.45,UPI,returning,one_time,failed,bank_timeout,2,0.81,338,1,186,1
TX005376,C00614,5436.59,UPI,returning,one_time,success,none,2,0.61,79,1,1361,0
TX005377,C00493,5200.01,NETBANKING,returning,one_time,failed,expired_card,0,0.91,315,1,718,1
TX005378,C00192,2787.49,CARD,new,one_time,success,none,0,0.92,34,0,33,0
TX005379,C00499,100.0,WALLET,returning,one_time,success,none,1,0.84,287,1,379,0
TX005380,C00822,5318.49,UPI,new,one_time,success,none,3,0.91,240,1,779,0
TX005381,C01736,2427.84,UPI,returning,one_time,failed,bank_timeout,1,0.78,336,1,662,1
TX005382,C01257,8155.18,UPI,new,one_time,success,none,0,0.82,334,1,1303,0
TX005383,C01969,3779.94,CARD,returning,monthly,success,none,2,0.95,101,1,1018,0
TX005384,C00227,5315.29,UPI,returning,one_time,success,none,3,0.92,102,1,1494,0
TX005385,C01395,2640.32,UPI,returning,monthly,failed,card_declined,0,0.98,25,1,677,1
TX005386,C02187,4224.66,UPI,returning,one_time,success,none,0,0.76,15,1,205,0
TX005387,C02904,8055.61,CARD,returning,monthly,failed,bank_timeout,3,0.84,28,1,215,1
TX005388,C00817,1361.79,UPI,new,one_time,success,none,3,0.83,139,0,187,0
TX005389,C01474,227.64,CARD,returning,one_time,success,none,1,0.74,81,0,209,0
TX005390,C01087,806.37,NETBANKING,returning,monthly,success,none,3,0.87,40,1,1268,0
TX005391,C00104,1619.62,CARD,returning,yearly,success,none,3,0.88,96,1,629,0
TX005392,C01875,1181.91,UPI,returning,one_time,success,none,2,0.93,180,1,560,0
TX005393,C00871,315.27,WALLET,new,one_time,success,none,1,0.84,148,0,614,0
TX005394,C00668,214.63,UPI,returning,yearly,failed,bank_timeout,3,0.64,284,1,1153,1
TX005395,C02043,522.61,UPI,returning,one_time,success,none,1,0.7,103,1,718,0
TX005396,C00273,2459.56,WALLET,new,one_time,success,none,3,0.71,284,1,555,0
TX005397,C01030,5325.91,UPI,returning,yearly,failed,expired_card,0,0.84,211,1,905,1
TX005398,C02232,2742.34,UPI,returning,monthly,failed,expired_card,0,0.87,237,0,47,1
TX005399,C01052,3157.16,UPI,new,one_time,success,none,1,0.78,347,0,798,0
TX005400,C01574,1011.49,UPI,returning,yearly,success,none,0,0.66,355,1,1241,0
TX005401,C00293,192.08,CARD,returning,monthly,success,none,0,0.69,158,1,628,0
TX005402,C02225,695.6,UPI,returning,one_time,success,none,3,0.86,196,1,672,0
TX005403,C02106,846.61,CARD,returning,monthly,success,none,2,0.76,226,0,624,0
TX005404,C01293,667.11,CARD,returning,monthly,success,none,3,0.74,119,0,824,0
TX005405,C00308,1158.28,UPI,returning,monthly,success,none,2,0.81,311,1,1056,0
TX005406,C00977,1705.17,UPI,returning,yearly,failed,expired_card,1,0.84,289,1,14,1
TX005407,C01252,2573.48,UPI,returning,one_time,failed,insufficient_funds,2,0.85,41,1,1287,1
TX005408,C01271,830.38,NETBANKING,new,monthly,failed,bank_timeout,1,0.87,44,1,733,1
TX005409,C02748,163.41,CARD,returning,monthly,success,none,2,0.72,81,1,380,0
TX005410,C01518,676.63,NETBANKING,returning,one_time,failed,expired_card,0,0.84,119,1,979,1
TX005411,C02131,1145.63,UPI,new,monthly,success,none,0,0.87,105,1,462,0
TX005412,C01210,3724.95,UPI,returning,monthly,success,none,1,0.77,136,1,594,0
TX005413,C02300,621.53,UPI,returning,yearly,failed,insufficient_funds,2,0.72,304,1,1355,1
TX005414,C01379,1830.86,UPI,returning,yearly,success,none,0,0.66,49,1,359,0
TX005415,C01774,1465.7,UPI,returning,monthly,success,none,1,0.8,309,1,999,0
TX005416,C01720,1145.85,WALLET,returning,one_time,failed,card_declined,2,0.81,259,0,1023,1
TX005417,C02043,2780.91,UPI,returning,monthly,failed,card_declined,0,0.68,152,1,1102,1
TX005418,C00796,566.32,WALLET,new,one_time,success,none,3,0.84,272,1,1021,0
TX005419,C00897,616.97,UPI,returning,one_time,failed,bank_timeout,2,0.71,253,1,1048,1
TX005420,C01962,1083.66,NETBANKING,returning,monthly,success,none,1,0.54,229,1,1270,0
TX005421,C00210,578.16,UPI,returning,monthly,success,none,3,0.79,183,1,1289,0
TX005422,C02864,1822.59,NETBANKING,returning,monthly,success,none,3,0.74,355,1,679,0
TX005423,C02657,537.43,UPI,new,yearly,failed,expired_card,1,0.79,10,1,1498,1
TX005424,C02495,1375.13,NETBANKING,new,one_time,failed,bank_timeout,3,0.75,72,1,1101,1
TX005425,C02508,992.1,UPI,returning,one_time,success,none,1,0.97,25,1,1087,0
TX005426,C00968,1359.57,UPI,returning,monthly,failed,bank_timeout,0,0.67,325,1,520,1
TX005427,C00472,692.47,UPI,returning,monthly,failed,bank_timeout,1,0.89,76,1,508,1
TX005428,C02418,781.26,UPI,returning,one_time,success,none,3,0.82,112,0,679,0
TX005429,C02948,1207.14,CARD,new,one_time,failed,insufficient_funds,3,0.93,309,1,795,0
TX005430,C00923,1342.21,WALLET,new,one_time,failed,bank_timeout,2,0.89,362,1,1196,1
TX005431,C00137,1092.03,CARD,new,monthly,success,none,3,0.83,256,1,170,0
TX005432,C00367,6035.19,CARD,returning,yearly,success,none,0,0.97,82,1,1411,0
TX005433,C02960,407.18,UPI,new,one_time,success,none,1,0.82,189,0,372,0
TX005434,C00184,1028.44,CARD,returning,one_time,success,none,1,0.95,264,1,236,0
TX005435,C02520,227.32,UPI,returning,one_time,success,none,3,0.93,212,1,1065,0
TX005436,C01399,1590.94,NETBANKING,returning,one_time,success,none,0,0.81,16,1,473,0
TX005437,C02702,359.51,UPI,returning,one_time,failed,card_declined,1,0.83,66,1,734,1
TX005438,C02797,830.22,CARD,returning,one_time,failed,expired_card,2,0.88,194,1,1387,1
TX005439,C00537,755.92,UPI,returning,monthly,failed,network_error,0,0.87,152,1,1235,1
TX005440,C02850,1452.28,UPI,returning,one_time,failed,network_error,2,0.9,24,0,1014,1
TX005441,C01603,630.94,UPI,returning,monthly,success,none,2,0.88,61,1,645,0
TX005442,C01274,604.68,UPI,returning,one_time,success,none,1,0.72,238,1,235,0
TX005443,C02968,4609.42,UPI,returning,monthly,success,none,0,0.84,238,1,231,0
TX005444,C02558,1457.63,UPI,returning,yearly,success,none,3,0.77,202,1,1313,0
TX005445,C02678,625.75,NETBANKING,returning,one_time,success,none,1,0.98,43,1,760,0
TX005446,C01097,853.35,UPI,returning,one_time,success,none,2,0.79,74,1,821,0
TX005447,C01306,5683.68,NETBANKING,returning,one_time,success,none,1,0.56,24,0,464,0
TX005448,C00916,866.82,UPI,returning,one_time,success,none,1,0.91,303,1,1203,0
TX005449,C00152,550.44,UPI,returning,one_time,failed,network_error,2,0.89,314,0,432,1
TX005450,C01029,552.8,CARD,returning,monthly,success,none,1,0.54,103,0,48,0
TX005451,C01219,633.26,UPI,returning,monthly,success,none,3,0.91,43,1,1347,0
TX005452,C01978,605.17,UPI,returning,one_time,success,none,2,0.75,247,1,1111,0
TX005453,C02512,305.01,CARD,new,monthly,success,none,0,0.96,11,1,1329,0
TX005454,C00271,356.31,UPI,new,one_time,failed,expired_card,2,0.95,334,1,1046,1
TX005455,C01187,478.51,CARD,returning,one_time,success,none,3,0.76,235,1,1012,0
TX005456,C00460,1981.42,UPI,new,monthly,success,none,0,0.75,221,1,678,0
TX005457,C00105,749.02,UPI,returning,one_time,success,none,2,0.82,7,0,848,0
TX005458,C01711,891.44,NETBANKING,new,monthly,success,none,2,0.98,268,1,1249,0
TX005459,C02210,3905.29,CARD,new,yearly,success,none,1,0.98,13,0,1332,0
TX005460,C02399,4003.83,UPI,returning,monthly,success,none,0,0.93,122,1,193,0
TX005461,C00434,827.06,NETBANKING,returning,one_time,failed,bank_timeout,3,0.61,50,1,648,1
TX005462,C02900,583.55,NETBANKING,returning,monthly,success,none,3,0.97,155,1,723,0
TX005463,C00140,462.0,UPI,new,one_time,success,none,2,0.74,215,1,704,0
TX005464,C01495,2192.45,UPI,returning,yearly,failed,expired_card,1,0.85,155,1,909,1
TX005465,C00087,893.63,NETBANKING,new,yearly,success,none,3,0.88,9,1,306,0
TX005466,C01712,745.09,UPI,new,one_time,success,none,1,0.75,63,1,156,0
TX005467,C02231,486.06,UPI,new,yearly,success,none,0,0.87,196,1,1453,0
TX005468,C02416,507.92,UPI,returning,one_time,success,none,1,0.88,8,1,599,0
TX005469,C00129,1510.29,CARD,returning,one_time,failed,expired_card,1,0.87,230,1,267,1
TX005470,C01270,294.29,NETBANKING,returning,one_time,failed,insufficient_funds,2,0.77,44,1,395,1
TX005471,C01602,2965.7,CARD,returning,one_time,success,none,3,0.7,278,1,878,0
TX005472,C00670,643.01,WALLET,returning,yearly,failed,expired_card,0,0.62,237,1,168,0
TX005473,C00149,944.22,UPI,returning,one_time,success,none,3,0.75,211,1,365,0
TX005474,C00985,288.02,UPI,new,monthly,success,none,0,0.84,130,0,469,0
TX005475,C00852,1083.16,CARD,returning,yearly,failed,insufficient_funds,0,0.76,300,1,1296,1
TX005476,C01457,789.72,WALLET,new,monthly,success,none,3,0.61,271,0,1192,0
TX005477,C00628,1043.07,UPI,returning,one_time,failed,card_declined,0,0.81,165,1,261,1
TX005478,C01493,4777.67,UPI,returning,monthly,success,none,3,0.89,38,1,1311,0
TX005479,C02494,1309.89,UPI,returning,monthly,success,none,1,0.79,277,0,1358,0
TX005480,C02045,495.39,UPI,returning,monthly,failed,insufficient_funds,0,0.95,20,0,576,1
TX005481,C00884,538.44,UPI,returning,one_time,failed,network_error,3,0.91,361,1,1326,1
TX005482,C02342,1988.49,UPI,returning,monthly,success,none,1,0.99,72,1,1180,0
TX005483,C01789,4018.62,NETBANKING,returning,monthly,success,none,1,0.87,299,1,150,0
TX005484,C00250,1453.77,UPI,new,monthly,success,none,1,0.82,56,1,1094,0
TX005485,C02926,2183.56,CARD,returning,yearly,failed,insufficient_funds,1,0.88,329,1,1401,1
TX005486,C00948,2017.75,UPI,returning,one_time,failed,card_declined,0,0.69,156,1,332,1
TX005487,C00975,4532.66,UPI,new,one_time,success,none,3,0.75,38,1,1149,0
TX005488,C01326,156.09,CARD,returning,monthly,failed,expired_card,3,0.73,359,1,760,1
TX005489,C02837,2137.13,NETBANKING,new,one_time,failed,network_error,1,0.46,83,1,1331,0
TX005490,C00984,2932.87,UPI,new,one_time,success,none,2,0.79,56,1,253,0
TX005491,C00889,287.52,NETBANKING,returning,one_time,success,none,2,0.94,44,1,132,0
TX005492,C02938,452.29,NETBANKING,returning,monthly,success,none,2,0.88,348,1,506,0
TX005493,C02118,468.35,UPI,returning,yearly,success,none,2,0.82,307,1,79,0
TX005494,C02673,529.12,UPI,returning,one_time,success,none,1,0.92,210,1,877,0
TX005495,C00875,677.41,CARD,new,one_time,failed,insufficient_funds,2,0.9,324,1,528,0
TX005496,C01327,1397.73,UPI,returning,one_time,success,none,2,0.66,311,0,1389,0
TX005497,C00471,2606.27,UPI,returning,monthly,success,none,1,0.68,307,1,554,0
TX005498,C01988,3233.49,UPI,returning,monthly,success,none,3,0.69,228,1,707,0
TX005499,C00091,474.46,UPI,new,one_time,success,none,3,0.83,328,1,1391,0
TX005500,C00530,471.21,NETBANKING,new,monthly,failed,bank_timeout,0,0.84,334,1,60,1
TX005501,C00661,4088.04,UPI,returning,one_time,success,none,3,0.72,193,1,1331,0
TX005502,C00739,2093.82,UPI,returning,yearly,success,none,0,0.95,322,0,210,0
TX005503,C02774,1191.38,UPI,returning,yearly,success,none,0,0.92,10,1,670,0
TX005504,C00872,1760.47,CARD,new,yearly,failed,expired_card,0,0.85,141,1,748,1
TX005505,C01687,1064.43,CARD,returning,one_time,failed,network_error,3,0.94,199,1,1387,1
TX005506,C00192,1853.04,NETBANKING,returning,monthly,failed,network_error,1,0.83,103,1,744,1
TX005507,C01987,783.63,CARD,returning,one_time,success,none,1,0.88,85,1,1158,0
TX005508,C02186,1434.83,CARD,new,monthly,failed,insufficient_funds,3,0.93,353,1,828,0
TX005509,C00345,242.12,UPI,new,one_time,success,none,0,0.82,15,1,238,0
TX005510,C01009,551.27,UPI,returning,monthly,success,none,2,0.97,49,1,100,0
TX005511,C02551,557.24,CARD,new,monthly,success,none,1,0.92,342,1,1330,0
TX005512,C00203,754.16,NETBANKING,returning,monthly,success,none,2,0.79,184,1,1283,0
TX005513,C00573,434.19,WALLET,returning,monthly,success,none,2,0.88,312,1,127,0
TX005514,C00192,643.2,CARD,returning,monthly,success,none,2,0.97,348,1,1397,0
TX005515,C02053,241.19,UPI,returning,one_time,success,none,3,0.93,84,1,245,0
TX005516,C01914,1898.27,UPI,returning,monthly,failed,expired_card,0,0.89,354,1,861,1
TX005517,C01717,1009.78,UPI,new,yearly,success,none,3,0.62,201,1,897,0
TX005518,C00311,199.3,UPI,new,monthly,failed,expired_card,0,0.72,89,0,621,1
TX005519,C02597,475.88,UPI,returning,monthly,success,none,0,0.53,300,0,717,0
TX005520,C02104,1535.48,UPI,new,yearly,success,none,2,0.79,275,1,547,0
TX005521,C00443,637.13,UPI,new,monthly,success,none,2,0.83,173,0,575,0
TX005522,C01261,546.24,CARD,returning,yearly,success,none,1,0.25,243,1,1271,0
TX005523,C00870,1017.81,UPI,returning,one_time,failed,bank_timeout,3,0.77,135,1,1216,1
TX005524,C00585,1546.26,CARD,returning,monthly,failed,bank_timeout,1,0.76,42,1,85,1
TX005525,C01595,260.77,UPI,returning,one_time,success,none,0,0.74,290,0,542,0
TX005526,C02800,1900.99,UPI,new,monthly,success,none,3,0.96,65,1,811,0
TX005527,C01538,492.6,WALLET,new,one_time,success,none,3,0.87,47,1,1212,0
TX005528,C00360,1077.15,UPI,returning,one_time,success,none,1,0.79,3,1,1217,0
TX005529,C01724,1058.47,NETBANKING,new,one_time,failed,network_error,3,0.82,46,0,1354,0
TX005530,C02867,647.38,UPI,new,one_time,success,none,2,0.93,124,0,642,0
TX005531,C02078,394.0,UPI,returning,one_time,success,none,2,0.76,206,1,672,0
TX005532,C01803,824.12,UPI,returning,monthly,success,none,2,0.95,313,1,634,0
TX005533,C02012,5571.0,UPI,new,one_time,success,none,0,0.91,11,1,896,0
TX005534,C02156,280.99,UPI,returning,one_time,failed,network_error,1,0.83,27,1,570,1
TX005535,C00844,5956.94,CARD,returning,one_time,success,none,2,0.98,69,1,1233,0
TX005536,C01626,845.8,UPI,returning,one_time,success,none,0,0.85,362,1,494,0
TX005537,C02765,1136.12,CARD,new,yearly,failed,card_declined,0,0.56,9,1,1251,0
TX005538,C00891,369.92,UPI,returning,monthly,success,none,1,0.87,134,1,864,0
TX005539,C01992,507.11,UPI,returning,monthly,success,none,2,0.64,127,1,711,0
TX005540,C01983,663.21,NETBANKING,new,one_time,success,none,3,0.97,339,1,825,0
TX005541,C00960,385.41,NETBANKING,returning,one_time,failed,network_error,0,0.63,102,1,1382,1
TX005542,C01469,889.88,UPI,returning,one_time,failed,bank_timeout,3,0.66,284,1,1072,0
TX005543,C02941,729.96,UPI,returning,monthly,failed,insufficient_funds,0,0.65,291,1,1285,1
TX005544,C01462,6979.84,UPI,returning,monthly,success,none,2,0.51,308,1,1108,0
TX005545,C00732,341.73,WALLET,returning,yearly,success,none,0,0.87,8,1,403,0
TX005546,C00606,1215.23,UPI,returning,one_time,success,none,0,0.89,257,0,1242,0
TX005547,C02505,1405.08,NETBANKING,returning,one_time,failed,card_declined,1,0.64,170,1,632,1
TX005548,C00615,376.03,UPI,new,one_time,success,none,1,0.67,147,1,733,0
TX005549,C02746,2179.45,WALLET,new,monthly,success,none,3,0.83,133,1,1368,0
TX005550,C02005,736.33,UPI,new,one_time,failed,network_error,1,0.8,59,1,307,1
TX005551,C01720,100.0,UPI,returning,monthly,success,none,1,0.75,57,1,1457,0
TX005552,C00674,2121.44,CARD,new,yearly,success,none,3,0.75,167,1,542,0
TX005553,C01271,358.91,WALLET,returning,monthly,failed,bank_timeout,3,0.64,3,1,1216,1
TX005554,C02591,384.61,WALLET,new,one_time,failed,card_declined,1,0.87,72,1,441,1
TX005555,C01588,2181.79,CARD,returning,one_time,success,none,2,0.82,297,1,1387,0
TX005556,C02905,774.98,CARD,returning,monthly,success,none,0,0.55,210,1,119,0
TX005557,C01612,2745.65,CARD,new,monthly,success,none,2,0.8,255,1,1396,0
TX005558,C00897,3678.15,CARD,returning,monthly,success,none,2,0.85,85,1,50,0
TX005559,C01463,575.4,NETBANKING,returning,one_time,success,none,1,0.91,38,0,531,0
TX005560,C00278,2424.21,UPI,new,yearly,failed,insufficient_funds,2,0.91,357,1,1297,1
TX005561,C00552,515.19,CARD,returning,monthly,success,none,0,0.87,154,1,780,0
TX005562,C01637,10230.37,UPI,returning,yearly,failed,insufficient_funds,2,0.7,34,1,148,1
TX005563,C02159,548.42,CARD,returning,one_time,success,none,3,0.76,215,1,711,0
TX005564,C02433,3059.75,NETBANKING,new,one_time,success,none,2,0.81,149,1,573,0
TX005565,C00761,2549.85,UPI,returning,one_time,success,none,1,0.81,161,1,569,0
TX005566,C02742,1504.31,UPI,returning,yearly,success,none,2,0.8,20,0,1188,0
TX005567,C01450,560.85,UPI,returning,one_time,success,none,2,0.93,126,1,980,0
TX005568,C00405,942.56,UPI,returning,one_time,failed,bank_timeout,3,0.73,344,1,1394,1
TX005569,C01359,127.28,UPI,returning,one_time,success,none,1,0.71,101,0,668,0
TX005570,C01233,1372.54,NETBANKING,new,monthly,failed,expired_card,0,0.59,3,1,818,0
TX005571,C00022,1555.6,CARD,new,yearly,success,none,1,0.93,59,0,1220,0
TX005572,C00678,1253.25,NETBANKING,new,monthly,failed,bank_timeout,1,0.94,354,1,1446,1
TX005573,C02659,100.0,UPI,returning,monthly,success,none,2,0.86,51,1,1270,0
TX005574,C02029,309.32,NETBANKING,new,yearly,failed,bank_timeout,1,0.81,3,1,9,1
TX005575,C01232,519.0,CARD,returning,one_time,failed,bank_timeout,1,0.81,275,1,1130,1
TX005576,C02056,1468.0,UPI,new,yearly,failed,expired_card,0,0.99,269,0,548,1
TX005577,C02750,1464.6,CARD,returning,one_time,failed,network_error,2,0.93,72,1,299,1
TX005578,C01809,924.98,WALLET,returning,monthly,success,none,0,0.88,281,1,548,0
TX005579,C00529,2069.88,UPI,returning,one_time,success,none,0,0.88,340,1,1052,0
TX005580,C02038,392.98,CARD,returning,one_time,success,none,1,0.72,27,1,1341,0
TX005581,C02650,2018.75,NETBANKING,returning,one_time,success,none,0,0.92,323,0,1400,0
TX005582,C01677,1762.95,UPI,new,one_time,success,none,3,0.83,177,1,749,0
TX005583,C00657,1599.67,CARD,new,monthly,success,none,0,0.8,141,1,752,0
TX005584,C00166,914.12,UPI,new,one_time,success,none,1,0.78,171,0,744,0
TX005585,C00849,6841.37,UPI,returning,one_time,success,none,1,0.92,321,0,902,0
TX005586,C00496,1795.78,CARD,returning,yearly,success,none,2,0.95,65,1,394,0
TX005587,C00590,416.41,UPI,new,yearly,success,none,1,0.76,246,1,1262,0
TX005588,C00429,1405.72,CARD,new,yearly,success,none,1,0.87,219,1,573,0
TX005589,C02822,2327.34,UPI,returning,monthly,success,none,3,0.94,50,1,147,0
TX005590,C00163,609.04,UPI,new,monthly,failed,network_error,1,0.91,57,1,1271,1
TX005591,C02414,3259.31,UPI,returning,monthly,success,none,2,0.87,25,1,1384,0
TX005592,C01263,1606.85,UPI,new,monthly,success,none,0,0.96,298,1,729,0
TX005593,C00072,105.37,UPI,returning,one_time,success,none,1,0.81,150,1,322,0
TX005594,C00655,1479.81,NETBANKING,returning,one_time,success,none,2,0.96,138,1,697,0
TX005595,C00269,730.68,NETBANKING,returning,one_time,success,none,1,0.91,148,0,376,0
TX005596,C01777,1876.53,NETBANKING,new,monthly,success,none,0,0.75,121,0,1110,0
TX005597,C02463,2819.22,UPI,new,monthly,success,none,0,0.82,11,1,405,0
TX005598,C01269,1332.97,NETBANKING,returning,monthly,failed,insufficient_funds,1,0.87,333,0,799,1
TX005599,C01016,5797.91,NETBANKING,returning,one_time,success,none,1,0.83,290,1,206,0
TX005600,C02723,917.17,UPI,returning,one_time,success,none,2,0.75,283,1,1330,0
TX005601,C01084,2048.41,UPI,returning,monthly,success,none,0,0.55,310,0,1269,0
TX005602,C00006,2452.69,UPI,new,monthly,success,none,1,0.67,218,1,1247,0
TX005603,C00982,994.91,UPI,returning,one_time,success,none,1,0.7,145,1,1198,0
TX005604,C02618,2389.34,NETBANKING,returning,one_time,success,none,1,0.87,109,1,817,0
TX005605,C00407,605.06,CARD,returning,monthly,failed,network_error,1,0.66,21,1,811,1
TX005606,C01954,718.69,CARD,returning,yearly,success,none,2,0.68,16,1,1120,0
TX005607,C02074,295.16,UPI,new,yearly,success,none,3,0.94,308,1,178,0
TX005608,C00986,1396.06,UPI,returning,one_time,failed,bank_timeout,2,0.82,153,1,1485,1
TX005609,C00390,1518.16,UPI,returning,monthly,success,none,0,0.73,153,1,790,0
TX005610,C00710,3566.23,WALLET,new,one_time,success,none,0,0.81,158,1,1218,0
TX005611,C02619,2419.07,UPI,new,monthly,success,none,3,0.96,124,1,347,0
TX005612,C01472,824.85,NETBANKING,returning,monthly,failed,network_error,2,0.94,42,1,58,1
TX005613,C00754,337.59,UPI,new,one_time,failed,expired_card,3,0.84,38,1,534,1
TX005614,C02194,1690.62,CARD,returning,monthly,success,none,3,0.98,144,1,376,0
TX005615,C01412,3330.09,CARD,new,monthly,success,none,0,0.92,220,1,1023,0
TX005616,C02833,2333.64,NETBANKING,returning,yearly,success,none,2,0.87,347,1,530,0
TX005617,C01273,3243.72,UPI,returning,one_time,failed,network_error,1,0.88,323,1,1448,1
TX005618,C00526,887.24,UPI,new,one_time,success,none,1,0.84,352,1,694,0
TX005619,C01486,687.72,UPI,returning,monthly,failed,bank_timeout,3,0.79,133,1,728,1
TX005620,C02061,524.84,NETBANKING,returning,monthly,failed,network_error,2,0.54,303,1,1364,0
TX005621,C02951,1037.02,UPI,new,monthly,success,none,1,0.52,234,0,104,0
TX005622,C02432,1013.75,UPI,new,yearly,failed,insufficient_funds,1,0.91,339,1,261,1
TX005623,C00556,1348.4,UPI,returning,one_time,success,none,2,0.81,20,1,898,0
TX005624,C02935,963.63,UPI,returning,one_time,success,none,1,0.97,19,1,654,0
TX005625,C00019,959.46,NETBANKING,returning,yearly,success,none,0,0.87,76,1,715,0
TX005626,C00575,504.37,NETBANKING,returning,monthly,success,none,1,0.5,23,1,398,0
TX005627,C02799,2811.91,UPI,new,one_time,success,none,0,0.67,55,1,1334,0
TX005628,C01004,1183.84,NETBANKING,returning,monthly,success,none,3,0.82,311,1,982,0
TX005629,C02467,921.09,CARD,returning,monthly,success,none,2,0.72,57,1,281,0
TX005630,C02467,519.35,UPI,returning,one_time,success,none,0,0.76,192,1,875,0
TX005631,C01939,289.48,NETBANKING,returning,one_time,failed,network_error,1,0.89,351,1,1004,1
TX005632,C01940,4056.05,CARD,returning,one_time,failed,insufficient_funds,0,0.77,75,1,522,1
TX005633,C01636,1909.58,UPI,returning,one_time,success,none,1,0.82,228,1,709,0
TX005634,C01699,216.17,CARD,returning,yearly,success,none,1,0.9,214,1,743,0
TX005635,C02170,2352.28,UPI,returning,one_time,success,none,0,0.6,169,1,1487,0
TX005636,C00432,2758.61,UPI,returning,one_time,success,none,1,0.97,14,1,35,0
TX005637,C02092,1241.87,CARD,returning,monthly,success,none,0,0.73,271,1,439,0
TX005638,C01896,5421.41,NETBANKING,returning,monthly,success,none,3,0.63,206,1,1483,0
TX005639,C01944,1362.01,CARD,new,monthly,success,none,3,0.85,117,0,1421,0
TX005640,C01341,265.91,UPI,returning,one_time,failed,card_declined,3,0.9,247,1,923,1
TX005641,C02429,1579.98,WALLET,returning,yearly,success,none,3,0.73,189,1,1221,0
TX005642,C00145,1400.94,UPI,returning,monthly,success,none,1,0.91,32,0,1003,0
TX005643,C02411,599.86,UPI,new,one_time,failed,expired_card,2,0.86,45,1,1400,1
TX005644,C01074,1946.05,UPI,new,monthly,success,none,2,0.98,35,1,244,0
TX005645,C01089,206.92,UPI,new,one_time,success,none,0,0.95,262,1,1424,0
TX005646,C02403,2952.97,UPI,new,yearly,failed,insufficient_funds,3,0.72,230,1,1014,0
TX005647,C00800,455.72,CARD,new,monthly,success,none,3,0.83,37,1,845,0
TX005648,C02874,409.55,NETBANKING,returning,yearly,failed,card_declined,0,0.79,112,1,1150,1
TX005649,C01152,978.65,WALLET,returning,one_time,failed,card_declined,2,0.9,262,1,1114,1
TX005650,C02446,1690.83,NETBANKING,returning,yearly,success,none,2,0.87,257,1,1106,0
TX005651,C01957,1291.97,UPI,new,monthly,success,none,3,0.76,335,1,1118,0
TX005652,C02928,521.83,CARD,returning,monthly,failed,bank_timeout,3,0.95,126,1,858,1
TX005653,C00463,661.1,NETBANKING,returning,one_time,failed,card_declined,2,0.93,35,1,1238,1
TX005654,C01775,353.17,UPI,new,yearly,success,none,3,0.83,312,1,504,0
TX005655,C02046,875.96,CARD,returning,one_time,success,none,3,0.85,147,0,902,0
TX005656,C00808,3213.2,UPI,returning,monthly,success,none,3,0.86,181,1,921,0
TX005657,C00187,1091.97,UPI,returning,monthly,failed,expired_card,2,0.75,307,1,693,1
TX005658,C01744,2590.0,UPI,returning,one_time,success,none,3,0.74,120,1,456,0
TX005659,C00732,4700.39,CARD,new,one_time,success,none,3,0.7,186,1,615,0
TX005660,C01936,609.1,CARD,returning,monthly,success,none,3,0.67,188,1,121,0
TX005661,C01214,909.98,UPI,new,one_time,success,none,1,0.52,115,1,853,0
TX005662,C01412,9616.09,CARD,returning,monthly,failed,expired_card,0,0.75,321,1,1219,1
TX005663,C00429,4648.7,NETBANKING,returning,monthly,failed,expired_card,0,0.6,26,1,1123,1
TX005664,C02906,205.94,WALLET,new,monthly,success,none,3,0.81,40,1,1448,0
TX005665,C01308,1615.09,UPI,new,one_time,success,none,2,0.68,290,1,1316,0
TX005666,C02285,1097.25,UPI,new,monthly,success,none,0,0.97,41,1,1146,0
TX005667,C01218,2506.02,CARD,new,monthly,success,none,3,0.93,121,1,1123,0
TX005668,C01311,520.62,UPI,new,monthly,success,none,3,0.78,7,1,66,0
TX005669,C00771,473.61,UPI,returning,one_time,success,none,0,0.96,97,1,134,0
TX005670,C00758,557.76,UPI,returning,one_time,success,none,1,0.65,354,1,745,0
TX005671,C00136,618.98,NETBANKING,returning,monthly,success,none,1,0.84,335,1,860,0
TX005672,C00792,2478.29,CARD,returning,monthly,success,none,0,0.74,327,1,609,0
TX005673,C00171,336.57,UPI,returning,one_time,success,none,3,0.78,307,1,760,0
TX005674,C02207,588.39,UPI,returning,monthly,success,none,1,0.86,174,1,1252,0
TX005675,C02249,183.27,CARD,new,yearly,success,none,2,0.94,266,1,56,0
TX005676,C01581,3002.25,UPI,returning,one_time,success,none,0,0.79,74,1,457,0
TX005677,C00962,3908.97,UPI,new,monthly,failed,expired_card,1,0.95,74,1,1375,1
TX005678,C02631,790.71,UPI,new,yearly,failed,bank_timeout,1,0.6,38,0,1318,0
TX005679,C00876,814.07,UPI,returning,yearly,success,none,0,0.83,220,0,485,0
TX005680,C02419,1725.41,UPI,returning,one_time,success,none,3,0.82,94,1,178,0
TX005681,C00103,4790.94,CARD,returning,one_time,success,none,0,0.71,291,1,688,0
TX005682,C01002,1650.13,CARD,returning,yearly,success,none,2,0.68,308,1,164,0
TX005683,C01149,545.91,UPI,new,one_time,failed,network_error,3,0.88,72,1,682,1
TX005684,C02846,217.28,UPI,returning,monthly,success,none,1,0.86,329,1,891,0
TX005685,C01482,359.56,UPI,new,monthly,success,none,3,0.59,247,1,1314,0
TX005686,C00658,1179.94,CARD,new,monthly,failed,insufficient_funds,0,0.59,74,1,1224,1
TX005687,C02930,569.45,UPI,new,one_time,failed,bank_timeout,3,0.93,60,0,1076,1
TX005688,C01221,1332.71,UPI,returning,yearly,success,none,1,0.89,21,1,742,0
TX005689,C02781,630.85,CARD,returning,one_time,success,none,1,0.82,89,1,302,0
TX005690,C00423,380.64,CARD,returning,monthly,success,none,1,0.72,304,1,700,0
TX005691,C02620,337.97,UPI,returning,monthly,failed,bank_timeout,1,0.62,223,0,1422,1
TX005692,C00171,5230.98,UPI,returning,one_time,success,none,0,0.85,184,1,46,0
TX005693,C02221,2667.74,NETBANKING,returning,one_time,success,none,0,0.87,19,0,921,0
TX005694,C02711,6188.93,NETBANKING,returning,yearly,success,none,2,0.71,30,1,177,0
TX005695,C00453,1881.74,UPI,returning,monthly,success,none,0,0.63,81,1,383,0
TX005696,C02398,713.38,NETBANKING,returning,monthly,success,none,1,0.88,329,1,326,0
TX005697,C01976,4118.9,CARD,returning,monthly,failed,insufficient_funds,2,0.75,19,0,445,0
TX005698,C01658,1060.96,WALLET,returning,one_time,failed,insufficient_funds,3,0.74,130,1,1167,1
TX005699,C02542,1367.64,UPI,returning,monthly,failed,network_error,0,0.94,146,0,974,1
TX005700,C02668,1050.66,CARD,returning,one_time,success,none,0,0.83,194,1,332,0
TX005701,C02967,100.0,CARD,returning,monthly,success,none,2,0.78,283,1,379,0
TX005702,C02054,5457.44,UPI,returning,one_time,success,none,0,0.91,227,0,837,0
TX005703,C00288,1791.85,CARD,returning,monthly,success,none,0,0.92,52,1,1215,0
TX005704,C01642,1525.11,UPI,new,monthly,success,none,0,0.95,15,1,1026,0
TX005705,C01448,1030.94,UPI,new,one_time,failed,network_error,1,0.88,308,0,629,0
TX005706,C01914,1291.33,UPI,returning,one_time,success,none,2,0.88,320,1,1384,0
TX005707,C00608,603.48,NETBANKING,new,one_time,failed,expired_card,2,0.93,303,1,493,1
TX005708,C00457,2031.6,UPI,returning,yearly,success,none,1,0.71,78,1,1453,0
TX005709,C01765,296.75,CARD,returning,one_time,success,none,2,0.93,261,0,360,0
TX005710,C01226,1320.9,CARD,new,monthly,failed,network_error,3,0.65,163,1,1261,0
TX005711,C01236,1922.87,UPI,new,one_time,failed,network_error,0,0.82,185,1,860,1
TX005712,C01030,899.04,UPI,returning,yearly,success,none,1,0.86,110,1,533,0
TX005713,C02672,1589.01,CARD,returning,monthly,success,none,3,0.8,352,1,674,0
TX005714,C02424,406.94,WALLET,new,one_time,success,none,1,0.73,332,1,808,0
TX005715,C00447,417.45,UPI,returning,monthly,failed,insufficient_funds,1,0.84,221,1,1139,1
TX005716,C00835,1389.52,UPI,returning,yearly,success,none,2,0.91,276,0,955,0
TX005717,C00811,2161.48,UPI,new,monthly,success,none,3,0.93,105,1,1119,0
TX005718,C01425,168.2,UPI,returning,monthly,success,none,3,0.98,304,1,877,0
TX005719,C01412,1848.3,UPI,new,one_time,failed,card_declined,1,0.92,195,1,291,1
TX005720,C00959,637.02,UPI,returning,one_time,success,none,1,0.89,301,1,977,0
TX005721,C01476,904.33,UPI,returning,one_time,success,none,3,0.99,235,1,1003,0
TX005722,C02897,287.29,UPI,returning,monthly,success,none,1,0.98,306,1,1355,0
TX005723,C00809,467.96,CARD,returning,monthly,success,none,2,0.7,345,1,929,0
TX005724,C00979,2881.67,WALLET,new,yearly,success,none,2,0.84,234,0,1039,0
TX005725,C02464,1133.27,UPI,new,monthly,failed,expired_card,2,0.77,331,1,965,0
TX005726,C00726,747.86,CARD,new,one_time,failed,expired_card,1,0.83,94,1,960,1
TX005727,C02502,976.05,UPI,new,monthly,success,none,0,0.9,224,1,1072,0
TX005728,C01217,1788.64,NETBANKING,returning,monthly,success,none,3,0.9,202,1,945,0
TX005729,C02198,1703.59,CARD,returning,monthly,success,none,2,0.56,80,1,936,0
TX005730,C01904,1017.37,NETBANKING,new,monthly,failed,bank_timeout,0,0.93,58,1,238,1
TX005731,C02807,3271.35,UPI,new,one_time,failed,network_error,0,0.65,92,0,1163,1
TX005732,C00779,2894.2,CARD,new,one_time,success,none,2,0.79,203,1,915,0
TX005733,C00973,1658.01,UPI,returning,monthly,success,none,2,0.97,252,1,926,0
TX005734,C02811,1158.19,UPI,returning,one_time,success,none,0,0.91,42,1,954,0
TX005735,C01539,2116.08,UPI,returning,monthly,success,none,2,0.86,60,1,873,0
TX005736,C01417,1501.57,CARD,new,one_time,success,none,0,0.96,247,1,277,0
TX005737,C02124,3167.82,CARD,returning,yearly,success,none,0,0.83,204,1,44,0
TX005738,C00599,2696.1,UPI,new,yearly,success,none,1,0.59,64,1,747,0
TX005739,C00225,396.13,CARD,returning,yearly,success,none,0,0.78,43,1,773,0
TX005740,C01554,370.2,UPI,returning,yearly,success,none,1,0.91,169,1,287,0
TX005741,C02161,543.89,UPI,returning,yearly,success,none,1,0.6,318,1,560,0
TX005742,C02299,2910.67,CARD,returning,monthly,failed,network_error,2,0.96,166,1,538,1
TX005743,C00841,226.71,UPI,returning,yearly,success,none,3,0.54,81,1,1480,0
TX005744,C01815,1627.43,UPI,new,monthly,success,none,2,0.71,232,1,71,0
TX005745,C00714,1575.84,UPI,new,monthly,success,none,3,0.76,347,1,1362,0
TX005746,C01107,3507.46,CARD,returning,one_time,success,none,0,0.9,198,1,165,0
TX005747,C00125,1313.35,UPI,new,monthly,failed,insufficient_funds,2,0.88,157,1,279,0
TX005748,C01093,286.23,WALLET,new,yearly,success,none,2,0.48,295,1,1112,0
TX005749,C02932,420.16,UPI,returning,monthly,success,none,2,0.51,328,1,993,0
TX005750,C01280,336.3,CARD,returning,one_time,success,none,2,0.89,82,1,242,0
TX005751,C01751,640.38,UPI,returning,monthly,success,none,0,0.86,144,1,308,0
TX005752,C00030,913.33,UPI,new,monthly,success,none,3,0.84,87,1,1436,0
TX005753,C02329,341.91,CARD,new,monthly,success,none,3,0.86,142,1,66,0
TX005754,C02972,4772.67,UPI,returning,monthly,success,none,1,0.95,275,0,238,0
TX005755,C02018,291.41,UPI,returning,one_time,success,none,1,0.84,199,1,751,0
TX005756,C02416,4213.73,UPI,returning,yearly,success,none,1,0.84,359,1,292,0
TX005757,C00495,3587.33,UPI,returning,monthly,success,none,2,0.72,205,1,102,0
TX005758,C01610,2692.71,UPI,returning,one_time,success,none,3,0.58,101,1,508,0
TX005759,C00718,547.98,CARD,new,monthly,success,none,2,0.88,304,1,850,0
TX005760,C01017,1544.49,CARD,new,one_time,success,none,3,0.58,185,1,1334,0
TX005761,C01338,305.71,UPI,new,one_time,success,none,0,0.87,346,0,1049,0
TX005762,C00606,2726.86,UPI,returning,yearly,success,none,3,0.57,70,1,1378,0
TX005763,C00375,1018.43,UPI,new,yearly,success,none,1,0.54,171,0,1244,0
TX005764,C02687,728.28,UPI,returning,one_time,failed,network_error,0,0.84,196,0,804,1
TX005765,C01961,322.55,CARD,returning,one_time,success,none,3,0.87,24,0,526,0
TX005766,C01049,100.0,CARD,new,one_time,failed,bank_timeout,1,0.75,94,0,1034,1
TX005767,C01358,388.18,UPI,returning,yearly,success,none,0,0.76,318,1,756,0
TX005768,C00116,3336.9,UPI,returning,yearly,failed,insufficient_funds,0,0.69,70,1,1033,1
TX005769,C02096,733.02,NETBANKING,returning,monthly,success,none,0,0.92,117,1,121,0
TX005770,C01802,925.81,UPI,returning,one_time,failed,expired_card,1,0.82,356,1,771,1
TX005771,C02147,2112.35,UPI,new,one_time,failed,network_error,2,0.75,128,0,643,0
TX005772,C01483,6671.96,CARD,returning,yearly,failed,network_error,1,0.74,329,1,522,1
TX005773,C01547,4125.76,CARD,new,one_time,failed,bank_timeout,3,0.89,223,0,948,1
TX005774,C01621,414.75,UPI,returning,monthly,success,none,2,0.85,298,0,1433,0
TX005775,C02453,157.19,NETBANKING,returning,monthly,success,none,0,0.94,184,1,267,0
TX005776,C00685,11609.91,UPI,returning,one_time,failed,bank_timeout,1,0.7,35,1,1333,1
TX005777,C02951,10604.05,CARD,new,one_time,success,none,2,0.91,231,1,1307,0
TX005778,C02551,1324.05,UPI,returning,one_time,success,none,1,0.91,88,1,451,0
TX005779,C01472,307.82,CARD,returning,monthly,success,none,1,0.83,118,1,559,0
TX005780,C02942,2873.33,NETBANKING,returning,monthly,success,none,3,0.7,92,1,106,0
TX005781,C01600,984.38,UPI,new,monthly,success,none,1,0.45,145,1,249,0
TX005782,C02306,979.48,CARD,returning,one_time,failed,insufficient_funds,0,0.95,348,1,653,1
TX005783,C02892,2682.38,NETBANKING,new,one_time,failed,expired_card,2,0.94,138,1,630,1
TX005784,C02169,1532.07,UPI,new,one_time,success,none,0,0.81,333,1,670,0
TX005785,C00810,335.02,CARD,new,one_time,success,none,3,0.97,314,1,1198,0
TX005786,C00978,792.55,NETBANKING,new,monthly,success,none,3,0.55,96,0,866,0
TX005787,C02102,2124.21,CARD,returning,yearly,success,none,3,0.85,225,1,670,0
TX005788,C01355,1826.67,UPI,returning,monthly,failed,bank_timeout,3,0.91,87,0,292,1
TX005789,C00784,1425.13,UPI,returning,monthly,success,none,2,0.74,26,1,268,0
TX005790,C00241,2788.96,UPI,new,monthly,success,none,3,0.73,165,1,532,0
TX005791,C01779,763.78,UPI,new,yearly,success,none,0,0.73,142,1,1400,0
TX005792,C01554,1311.16,UPI,new,monthly,success,none,1,0.81,205,1,1410,0
TX005793,C00483,100.0,UPI,new,monthly,success,none,0,0.62,181,1,1113,0
TX005794,C01013,699.49,UPI,returning,one_time,success,none,1,0.81,240,1,160,0
TX005795,C00187,2354.07,UPI,returning,one_time,failed,bank_timeout,2,0.7,284,1,365,1
TX005796,C01882,742.19,UPI,returning,monthly,success,none,2,0.79,102,1,1311,0
TX005797,C02704,687.99,CARD,returning,yearly,success,none,3,0.71,217,1,916,0
TX005798,C02310,387.05,CARD,new,monthly,failed,expired_card,1,0.91,333,1,568,1
TX005799,C00953,2991.01,UPI,new,one_time,failed,card_declined,1,0.83,176,0,792,0
TX005800,C01388,1897.82,UPI,returning,monthly,failed,insufficient_funds,3,0.95,363,1,492,1
TX005801,C00491,2503.42,UPI,returning,monthly,failed,card_declined,0,0.66,47,1,93,1
TX005802,C00431,195.15,UPI,returning,yearly,success,none,0,0.86,57,1,1066,0
TX005803,C00239,934.07,UPI,new,one_time,failed,expired_card,0,0.86,250,0,748,0
TX005804,C02352,828.73,CARD,new,monthly,success,none,2,0.86,67,0,387,0
TX005805,C02346,828.34,UPI,new,monthly,success,none,1,0.7,44,1,452,0
TX005806,C00076,592.28,NETBANKING,returning,yearly,success,none,2,0.95,76,1,1092,0
TX005807,C01357,775.8,UPI,new,monthly,failed,network_error,1,0.91,68,0,1229,1
TX005808,C01924,2564.82,UPI,returning,yearly,success,none,1,0.75,69,1,1351,0
TX005809,C01782,161.93,CARD,returning,one_time,success,none,3,0.88,290,1,505,0
TX005810,C02690,6485.31,CARD,returning,one_time,success,none,2,0.79,80,1,917,0
TX005811,C00827,1779.06,CARD,new,one_time,success,none,0,0.87,152,0,295,0
TX005812,C02331,1051.18,NETBANKING,returning,monthly,success,none,0,0.73,263,1,1420,0
TX005813,C00591,2715.78,UPI,new,one_time,success,none,2,0.68,139,1,1233,0
TX005814,C02120,256.77,NETBANKING,returning,one_time,success,none,3,0.94,254,0,511,0
TX005815,C02751,564.14,UPI,new,monthly,failed,insufficient_funds,1,0.8,244,1,658,1
TX005816,C01903,971.58,NETBANKING,new,monthly,success,none,2,0.8,160,1,196,0
TX005817,C01911,4296.52,UPI,new,monthly,failed,expired_card,0,0.63,4,1,1424,0
TX005818,C00575,1046.81,UPI,returning,one_time,success,none,3,0.87,212,0,999,0
TX005819,C00892,1719.96,CARD,new,yearly,success,none,1,0.97,244,1,457,0
TX005820,C02060,608.15,UPI,returning,monthly,failed,expired_card,3,0.81,278,1,462,0
TX005821,C00141,1784.41,UPI,new,one_time,failed,insufficient_funds,2,0.9,355,1,231,1
TX005822,C01790,5867.83,UPI,new,monthly,success,none,0,0.91,252,1,160,0
TX005823,C00017,2967.65,CARD,returning,one_time,failed,card_declined,1,0.81,46,1,1077,1
TX005824,C01087,1010.85,NETBANKING,new,monthly,success,none,3,0.61,347,0,817,0
TX005825,C00253,2154.88,CARD,returning,one_time,success,none,2,0.93,129,1,378,0
TX005826,C00465,1953.77,NETBANKING,returning,yearly,success,none,2,0.77,361,0,1203,0
TX005827,C00376,1819.99,UPI,returning,yearly,success,none,0,0.74,156,1,780,0
TX005828,C01828,3334.08,UPI,new,one_time,success,none,2,0.9,74,1,1207,0
TX005829,C00520,3309.25,UPI,returning,one_time,success,none,3,0.91,166,1,1414,0
TX005830,C01861,965.69,CARD,returning,one_time,success,none,2,0.8,29,1,1178,0
TX005831,C00090,2083.66,UPI,returning,monthly,failed,network_error,2,0.94,276,1,924,1
TX005832,C00720,747.63,UPI,new,one_time,success,none,3,0.93,358,0,265,0
TX005833,C02852,435.69,UPI,returning,monthly,success,none,2,0.6,327,1,489,0
TX005834,C02844,837.57,CARD,returning,one_time,failed,card_declined,0,0.71,205,1,150,1
TX005835,C00630,1016.09,UPI,returning,monthly,success,none,1,0.81,145,1,1081,0
TX005836,C01885,208.18,NETBANKING,returning,monthly,success,none,1,0.74,144,1,1198,0
TX005837,C00076,2592.38,CARD,returning,yearly,failed,bank_timeout,2,0.69,361,1,376,1
TX005838,C00926,100.0,CARD,new,one_time,success,none,0,0.75,61,1,1259,0
TX005839,C02448,16561.18,WALLET,new,monthly,success,none,2,0.98,189,1,643,0
TX005840,C01806,4924.01,UPI,new,monthly,success,none,2,0.57,308,1,1495,0
TX005841,C00970,844.71,CARD,new,monthly,failed,card_declined,2,0.67,12,1,274,0
TX005842,C01095,1107.02,NETBANKING,returning,one_time,failed,bank_timeout,2,0.91,306,1,503,1
TX005843,C02029,1484.71,CARD,returning,one_time,success,none,1,0.96,172,1,294,0
TX005844,C01405,608.4,CARD,returning,monthly,success,none,2,0.82,155,1,1302,0
TX005845,C02845,1329.58,UPI,returning,monthly,success,none,2,0.83,246,1,1186,0
TX005846,C00195,949.56,CARD,returning,one_time,success,none,2,0.78,177,1,1422,0
TX005847,C00228,997.97,UPI,new,one_time,success,none,1,0.86,310,1,1436,0
TX005848,C01460,1314.83,WALLET,returning,one_time,failed,insufficient_funds,0,0.78,74,1,680,1
TX005849,C00461,294.85,NETBANKING,returning,monthly,failed,bank_timeout,0,0.84,326,0,858,1
TX005850,C00618,1140.9,NETBANKING,returning,monthly,success,none,0,0.87,212,1,563,0
TX005851,C00064,1291.36,CARD,returning,monthly,failed,expired_card,0,0.81,49,1,1120,1
TX005852,C02213,1247.44,UPI,returning,one_time,success,none,0,0.55,280,0,79,0
TX005853,C02075,883.75,UPI,returning,one_time,failed,bank_timeout,3,0.9,243,1,718,1
TX005854,C00285,3421.58,NETBANKING,returning,monthly,success,none,2,0.56,300,1,846,0
TX005855,C01684,769.97,UPI,new,one_time,success,none,2,0.54,307,1,1456,0
TX005856,C02329,1376.54,UPI,new,one_time,success,none,0,0.83,308,1,1301,0
TX005857,C00838,4013.01,CARD,returning,monthly,success,none,3,0.73,71,1,1249,0
TX005858,C00831,1012.95,UPI,returning,one_time,failed,expired_card,1,0.82,8,1,1124,1
TX005859,C01188,1358.94,CARD,new,monthly,failed,expired_card,3,0.86,300,1,448,0
TX005860,C02966,995.87,UPI,returning,one_time,success,none,2,0.39,242,1,102,0
TX005861,C00224,3779.59,CARD,returning,one_time,failed,card_declined,0,0.65,281,1,1251,1
TX005862,C00784,847.49,NETBANKING,returning,one_time,success,none,3,0.79,295,1,868,0
TX005863,C00950,3957.45,UPI,returning,monthly,failed,network_error,1,0.79,122,1,489,1
TX005864,C00045,988.72,UPI,returning,monthly,success,none,0,0.77,289,1,754,0
TX005865,C01811,464.3,UPI,returning,monthly,success,none,1,0.65,329,1,605,0
TX005866,C00471,2163.26,WALLET,new,monthly,failed,card_declined,0,0.69,169,1,1153,1
TX005867,C02082,808.62,UPI,returning,one_time,success,none,2,0.54,351,0,1175,0
TX005868,C02701,2039.58,UPI,new,one_time,failed,card_declined,0,0.88,229,1,224,1
TX005869,C00830,100.0,CARD,new,yearly,success,none,0,0.4,113,0,957,0
TX005870,C01910,1102.36,UPI,returning,one_time,failed,expired_card,0,0.83,311,1,1305,1
TX005871,C02269,692.56,WALLET,returning,monthly,success,none,0,0.81,202,1,790,0
TX005872,C01892,378.7,NETBANKING,returning,yearly,success,none,3,0.76,55,1,193,0
TX005873,C02582,630.66,UPI,new,one_time,success,none,3,0.67,226,1,23,0
TX005874,C00692,617.88,CARD,returning,monthly,success,none,3,0.8,180,1,1261,0
TX005875,C01391,1045.25,UPI,new,one_time,success,none,0,0.87,71,1,614,0
TX005876,C00932,279.41,CARD,new,one_time,success,none,1,0.91,94,1,1421,0
TX005877,C00841,1504.59,CARD,returning,one_time,failed,network_error,3,0.87,154,1,746,1
TX005878,C01939,4299.33,UPI,returning,monthly,success,none,2,0.91,315,0,101,0
TX005879,C01574,1452.34,UPI,returning,one_time,success,none,3,0.84,32,1,114,0
TX005880,C02630,2462.64,NETBANKING,returning,one_time,failed,expired_card,3,0.62,31,1,749,0
TX005881,C02287,3276.6,UPI,returning,one_time,failed,network_error,2,0.9,363,1,659,1
TX005882,C02489,3776.26,CARD,new,one_time,success,none,2,0.64,280,1,1025,0
TX005883,C00148,7116.27,UPI,new,yearly,success,none,1,0.58,278,1,1364,0
TX005884,C01033,665.67,UPI,returning,one_time,success,none,0,0.95,337,1,222,0
TX005885,C01312,534.6,NETBANKING,returning,yearly,success,none,2,0.88,223,1,1333,0
TX005886,C00388,2400.58,UPI,returning,monthly,success,none,1,0.82,235,1,328,0
TX005887,C01874,2226.68,CARD,new,monthly,failed,bank_timeout,0,0.72,232,1,306,1
TX005888,C00916,2381.95,UPI,returning,one_time,success,none,2,0.88,355,1,1063,0
TX005889,C01879,7253.81,UPI,new,one_time,success,none,1,0.84,81,1,42,0
TX005890,C02686,1109.17,NETBANKING,returning,monthly,success,none,1,0.75,304,1,1384,0
TX005891,C00278,1679.34,CARD,returning,one_time,success,none,3,0.88,39,1,764,0
TX005892,C01978,411.42,NETBANKING,new,monthly,failed,expired_card,2,0.93,159,1,1434,1
TX005893,C01860,9277.26,NETBANKING,returning,one_time,failed,card_declined,0,0.87,142,1,1288,1
TX005894,C01826,783.25,NETBANKING,returning,yearly,success,none,1,0.87,153,1,1051,0
TX005895,C02637,805.76,NETBANKING,returning,one_time,success,none,3,0.61,256,1,604,0
TX005896,C01834,775.3,UPI,returning,one_time,success,none,1,0.64,202,0,52,0
TX005897,C02697,575.42,NETBANKING,returning,monthly,success,none,0,0.69,176,1,1329,0
TX005898,C00618,528.77,UPI,returning,one_time,success,none,1,0.98,17,0,1024,0
TX005899,C01631,649.56,UPI,returning,one_time,failed,expired_card,3,0.89,92,0,729,1
TX005900,C02183,279.84,UPI,new,one_time,success,none,0,0.94,82,1,1014,0
TX005901,C00580,500.04,UPI,new,one_time,failed,insufficient_funds,2,0.5,80,1,1193,0
TX005902,C01171,7699.9,CARD,new,one_time,success,none,3,0.91,224,1,1195,0
TX005903,C00490,2288.51,UPI,returning,one_time,success,none,0,0.84,225,1,818,0
TX005904,C02526,2768.07,UPI,returning,monthly,success,none,1,0.78,71,1,1396,0
TX005905,C01183,3558.91,UPI,returning,one_time,failed,insufficient_funds,3,0.97,353,1,585,1
TX005906,C00384,6864.61,UPI,new,monthly,success,none,0,0.78,305,1,122,0
TX005907,C00163,186.53,CARD,returning,monthly,success,none,0,0.91,2,1,966,0
TX005908,C02489,320.58,UPI,returning,one_time,success,none,3,0.87,241,1,1475,0
TX005909,C01877,490.92,UPI,new,one_time,success,none,0,0.88,27,0,757,0
TX005910,C01213,685.58,UPI,returning,yearly,success,none,0,0.84,24,1,1179,0
TX005911,C02463,811.94,UPI,returning,monthly,success,none,1,0.95,213,1,114,0
TX005912,C01363,701.36,CARD,returning,one_time,failed,insufficient_funds,2,0.94,356,1,991,1
TX005913,C01631,1365.55,UPI,returning,yearly,success,none,2,0.9,206,1,283,0
TX005914,C01205,1136.03,UPI,returning,monthly,failed,card_declined,3,0.81,131,1,729,1
TX005915,C00288,532.28,UPI,returning,one_time,failed,card_declined,3,0.93,97,1,143,1
TX005916,C01858,124.52,UPI,new,yearly,success,none,0,0.76,132,1,457,0
TX005917,C00187,406.32,WALLET,returning,one_time,success,none,2,0.81,285,1,883,0
TX005918,C01908,633.18,UPI,returning,yearly,success,none,1,0.9,68,1,1404,0
TX005919,C01162,856.56,NETBANKING,returning,one_time,success,none,1,0.92,235,1,908,0
TX005920,C00130,354.37,CARD,new,one_time,success,none,2,0.84,38,1,199,0
TX005921,C02242,671.28,UPI,returning,monthly,failed,insufficient_funds,3,0.6,56,1,1426,0
TX005922,C02364,353.9,WALLET,returning,one_time,success,none,2,0.83,234,1,1041,0
TX005923,C01888,966.98,CARD,new,one_time,success,none,3,0.86,218,1,36,0
TX005924,C00144,374.99,CARD,returning,monthly,success,none,1,0.76,239,1,613,0
TX005925,C00016,469.23,UPI,returning,one_time,failed,card_declined,0,0.86,354,1,442,1
TX005926,C02471,296.28,CARD,returning,yearly,success,none,0,0.65,109,1,1260,0
TX005927,C00245,940.58,UPI,new,one_time,success,none,1,0.77,112,1,822,0
TX005928,C00927,461.07,UPI,new,yearly,success,none,2,0.81,226,1,130,0
TX005929,C02177,2715.64,NETBANKING,returning,one_time,success,none,2,0.6,298,1,1446,0
TX005930,C00907,1645.58,NETBANKING,returning,monthly,failed,card_declined,2,0.7,193,0,1485,1
TX005931,C00887,1022.65,UPI,new,one_time,success,none,2,0.87,118,1,427,0
TX005932,C00341,493.99,CARD,new,monthly,success,none,2,0.73,18,1,419,0
TX005933,C02052,1604.42,CARD,new,one_time,success,none,3,0.7,72,1,139,0
TX005934,C01434,2187.91,UPI,returning,one_time,failed,card_declined,2,0.57,114,1,737,1
TX005935,C00306,1264.82,UPI,returning,one_time,success,none,2,0.82,168,1,539,0
TX005936,C00908,5451.8,UPI,returning,one_time,success,none,2,0.8,114,1,248,0
TX005937,C02655,1736.52,CARD,returning,one_time,failed,insufficient_funds,0,0.61,328,1,810,1
TX005938,C01372,2734.24,NETBANKING,returning,monthly,success,none,0,0.92,27,1,111,0
TX005939,C00321,1253.34,UPI,returning,one_time,success,none,2,0.72,131,1,437,0
TX005940,C00559,2155.26,CARD,new,one_time,success,none,2,0.87,132,1,837,0
TX005941,C01205,494.34,CARD,returning,yearly,success,none,3,0.83,48,1,615,0
TX005942,C02666,693.4,CARD,returning,monthly,success,none,0,0.69,222,0,881,0
TX005943,C02759,1555.21,UPI,returning,yearly,failed,bank_timeout,1,0.55,351,1,1423,1
TX005944,C01410,1543.95,UPI,returning,yearly,success,none,0,0.61,87,1,1399,0
TX005945,C01642,1821.86,NETBANKING,new,one_time,success,none,2,0.88,330,1,613,0
TX005946,C01132,3295.76,UPI,new,yearly,success,none,0,0.82,343,1,1463,0
TX005947,C02579,263.76,UPI,returning,one_time,failed,bank_timeout,2,0.8,202,1,1414,1
TX005948,C02458,413.87,NETBANKING,new,yearly,success,none,0,0.9,201,1,608,0
TX005949,C00818,1379.63,UPI,new,monthly,success,none,0,0.95,357,1,1131,0
TX005950,C01195,531.46,NETBANKING,returning,monthly,failed,network_error,0,0.79,41,1,249,1
TX005951,C02541,32137.16,UPI,returning,monthly,failed,expired_card,2,0.89,169,0,411,1
TX005952,C00012,1836.69,UPI,new,yearly,success,none,1,0.84,8,1,871,0
TX005953,C00195,1014.01,UPI,new,monthly,success,none,2,0.92,294,1,1302,0
TX005954,C02538,654.93,UPI,new,one_time,success,none,1,0.81,18,1,723,0
TX005955,C02843,678.47,UPI,returning,one_time,success,none,1,0.91,1,1,1350,0
TX005956,C02929,1130.19,CARD,returning,monthly,success,none,1,0.78,313,1,543,0
TX005957,C02230,1226.58,UPI,new,one_time,success,none,1,0.75,212,1,7,0
TX005958,C00656,694.58,NETBANKING,returning,monthly,success,none,1,0.55,144,1,540,0
TX005959,C01922,834.51,UPI,new,monthly,success,none,3,0.93,2,1,1009,0
TX005960,C02742,4206.07,UPI,new,one_time,failed,bank_timeout,1,0.93,314,1,497,1
TX005961,C02078,4378.69,UPI,returning,monthly,failed,network_error,3,0.91,281,1,377,1
TX005962,C01620,1410.97,CARD,new,monthly,success,none,2,0.67,362,1,1220,0
TX005963,C01120,286.79,UPI,returning,yearly,success,none,2,0.81,340,1,1147,0
TX005964,C00778,1879.02,UPI,returning,one_time,failed,bank_timeout,3,0.78,121,1,577,1
TX005965,C00444,5188.93,NETBANKING,new,yearly,success,none,0,0.72,100,1,1289,0
TX005966,C00298,4314.69,UPI,returning,yearly,success,none,1,0.91,144,1,243,0
TX005967,C00808,2285.7,UPI,returning,monthly,failed,insufficient_funds,3,0.84,251,1,1415,1
TX005968,C01761,4547.91,UPI,returning,yearly,success,none,2,0.68,323,1,1092,0
TX005969,C00845,1156.77,CARD,returning,monthly,success,none,2,0.88,184,1,429,0
TX005970,C01016,2055.15,UPI,returning,one_time,failed,network_error,2,0.69,60,1,1454,1
TX005971,C01385,555.14,NETBANKING,new,monthly,success,none,2,0.86,234,1,240,0
TX005972,C01398,1468.89,CARD,returning,monthly,success,none,3,0.82,186,1,32,0
TX005973,C00554,4144.49,CARD,new,yearly,failed,insufficient_funds,0,0.83,85,1,919,0
TX005974,C02351,608.24,UPI,new,monthly,success,none,2,0.81,133,1,1264,0
TX005975,C00421,463.38,WALLET,returning,monthly,success,none,0,0.76,255,1,1366,0
TX005976,C01270,1208.93,UPI,new,monthly,failed,insufficient_funds,1,0.84,17,1,335,1
TX005977,C01261,874.23,CARD,new,one_time,success,none,0,0.64,204,1,1038,0
TX005978,C00185,2098.86,UPI,returning,one_time,success,none,2,0.83,79,1,447,0
TX005979,C00468,696.97,CARD,returning,monthly,success,none,3,0.78,89,1,1128,0
TX005980,C02802,6114.63,UPI,new,one_time,success,none,1,0.8,164,0,1073,0
TX005981,C02411,301.97,UPI,new,one_time,failed,network_error,3,0.66,322,1,1132,0
TX005982,C01307,3841.95,NETBANKING,new,monthly,failed,network_error,3,0.88,88,1,474,0
TX005983,C01577,510.38,UPI,new,monthly,success,none,0,0.84,305,0,1177,0
TX005984,C00336,182.0,UPI,returning,monthly,success,none,0,0.92,275,1,52,0
TX005985,C02210,1391.13,CARD,returning,yearly,success,none,0,0.71,159,1,1063,0
TX005986,C01498,850.13,CARD,returning,one_time,success,none,2,0.39,163,0,908,0
TX005987,C02060,361.55,UPI,returning,one_time,success,none,1,0.84,14,1,840,0
TX005988,C01448,204.1,UPI,returning,monthly,success,none,0,0.73,339,0,1181,0
TX005989,C00588,1087.5,WALLET,returning,monthly,failed,bank_timeout,2,0.74,165,1,1239,1
TX005990,C01882,2909.79,CARD,returning,monthly,success,none,3,0.93,152,0,503,0
TX005991,C00201,1968.36,UPI,returning,one_time,failed,bank_timeout,1,0.69,209,1,303,1
TX005992,C00522,1160.62,NETBANKING,returning,monthly,success,none,3,0.9,313,1,470,0
TX005993,C01888,1770.2,UPI,returning,monthly,failed,expired_card,0,0.8,81,1,968,1
TX005994,C02553,1067.19,UPI,returning,one_time,failed,bank_timeout,1,0.7,109,0,490,1
TX005995,C01712,262.51,UPI,returning,one_time,success,none,2,0.68,172,1,345,0
TX005996,C00788,264.83,UPI,new,monthly,success,none,1,0.84,312,1,865,0
TX005997,C00060,895.01,NETBANKING,returning,one_time,success,none,1,0.91,336,1,453,0
TX005998,C00578,933.88,UPI,returning,one_time,success,none,1,0.8,1,0,409,0
TX005999,C00321,2568.26,UPI,returning,one_time,success,none,0,0.66,133,1,1184,0
TX006000,C01459,2338.59,NETBANKING,returning,one_time,success,none,3,0.61,173,1,119,0
TX006001,C02038,2008.48,UPI,returning,one_time,success,none,3,0.62,187,1,1399,0
TX006002,C00923,828.58,CARD,new,one_time,success,none,0,0.65,28,1,1134,0
TX006003,C01410,275.71,UPI,returning,one_time,success,none,0,0.95,215,1,308,0
TX006004,C01695,1655.85,CARD,returning,monthly,failed,network_error,3,0.59,285,1,603,1
TX006005,C00569,1854.13,UPI,returning,one_time,success,none,0,0.67,268,1,159,0
TX006006,C01102,100.63,UPI,new,monthly,success,none,0,0.83,166,1,995,0
TX006007,C00527,476.12,CARD,new,monthly,success,none,0,0.77,96,1,1033,0
TX006008,C02572,549.47,CARD,new,one_time,success,none,0,0.58,74,1,926,0
TX006009,C02661,1234.41,CARD,returning,one_time,success,none,3,0.97,50,1,189,0
TX006010,C02173,491.1,CARD,new,monthly,success,none,2,0.76,208,1,245,0
TX006011,C00871,1055.6,UPI,new,one_time,success,none,2,0.75,109,1,1072,0
TX006012,C00280,888.44,UPI,new,monthly,success,none,3,0.87,338,1,1125,0
TX006013,C02965,935.28,CARD,new,monthly,success,none,1,0.39,142,1,1189,0
TX006014,C02670,535.72,CARD,new,one_time,success,none,1,0.75,145,1,321,0
TX006015,C02894,578.83,CARD,new,monthly,success,none,2,0.89,220,1,1496,0
TX006016,C01893,372.31,CARD,returning,yearly,success,none,3,0.82,340,1,493,0
TX006017,C01752,1603.7,UPI,returning,one_time,success,none,2,0.7,252,1,348,0
TX006018,C00674,1941.28,UPI,returning,one_time,success,none,1,0.88,85,1,911,0
TX006019,C01152,507.44,UPI,returning,monthly,success,none,2,0.91,318,1,1077,0
TX006020,C02362,5017.26,NETBANKING,returning,yearly,success,none,2,0.89,233,1,978,0
TX006021,C00332,800.63,CARD,returning,one_time,success,none,2,0.6,265,1,314,0
TX006022,C01174,5065.39,CARD,new,one_time,success,none,1,0.87,98,1,1199,0
TX006023,C02040,577.02,UPI,returning,one_time,success,none,1,0.75,263,1,523,0
TX006024,C01478,144.52,UPI,returning,one_time,failed,bank_timeout,3,0.96,133,1,56,1
TX006025,C00036,1639.58,NETBANKING,returning,one_time,success,none,0,0.66,78,1,1200,0
TX006026,C01709,1406.06,NETBANKING,returning,one_time,success,none,1,0.83,285,1,1222,0
TX006027,C01444,1135.01,UPI,new,monthly,success,none,0,0.73,132,1,1038,0
TX006028,C02254,576.96,CARD,returning,yearly,success,none,2,0.87,111,1,1437,0
TX006029,C02687,1059.37,UPI,returning,monthly,success,none,0,0.86,118,1,636,0
TX006030,C02896,657.69,UPI,new,monthly,failed,network_error,3,0.97,138,1,336,0
TX006031,C01380,810.5,CARD,returning,one_time,success,none,2,0.93,306,1,452,0
TX006032,C00440,2544.35,CARD,returning,one_time,success,none,3,0.98,260,1,1236,0
TX006033,C02777,1318.46,CARD,new,monthly,failed,expired_card,0,0.71,304,1,945,1
TX006034,C01120,2018.18,UPI,new,monthly,failed,network_error,2,0.72,73,1,763,0
TX006035,C02989,869.69,UPI,returning,monthly,success,none,1,0.76,149,1,962,0
TX006036,C00164,778.98,UPI,returning,one_time,success,none,0,0.85,360,1,757,0
TX006037,C00148,346.03,UPI,new,monthly,failed,expired_card,0,0.89,141,1,275,1
TX006038,C02342,757.45,UPI,returning,one_time,success,none,2,0.53,86,1,308,0
TX006039,C00195,100.0,UPI,returning,one_time,success,none,2,0.72,107,1,569,0
TX006040,C00663,607.76,UPI,returning,one_time,failed,expired_card,3,0.72,152,1,1163,0
TX006041,C00480,1010.42,UPI,returning,yearly,failed,expired_card,1,0.71,292,1,415,1
TX006042,C00123,1926.91,CARD,returning,one_time,success,none,0,0.82,91,0,660,0
TX006043,C01424,838.25,CARD,returning,yearly,success,none,1,0.6,292,1,862,0
TX006044,C02747,1552.58,CARD,new,yearly,failed,insufficient_funds,1,0.89,234,1,265,1
TX006045,C00965,123.99,UPI,new,monthly,success,none,1,0.89,11,1,785,0
TX006046,C02709,1036.04,UPI,returning,yearly,success,none,2,0.8,157,0,791,0
TX006047,C01779,204.49,UPI,new,one_time,failed,card_declined,1,0.72,266,0,650,0
TX006048,C01486,327.57,UPI,returning,monthly,success,none,3,0.65,81,0,150,0
TX006049,C02015,909.44,UPI,returning,monthly,failed,network_error,1,0.88,164,1,599,1
TX006050,C00710,3929.49,UPI,new,one_time,success,none,2,0.75,332,1,1057,0
TX006051,C02444,1589.55,CARD,returning,monthly,failed,bank_timeout,2,0.79,276,1,394,1
TX006052,C00912,1116.81,WALLET,returning,one_time,failed,card_declined,1,0.81,34,1,589,1
TX006053,C01361,1075.42,UPI,returning,one_time,success,none,3,0.82,316,1,620,0
TX006054,C02365,537.2,NETBANKING,new,yearly,failed,card_declined,0,0.88,218,1,807,1
TX006055,C01735,636.52,UPI,new,monthly,failed,insufficient_funds,0,0.87,44,1,795,1
TX006056,C01824,1681.39,CARD,returning,one_time,failed,network_error,3,0.82,59,0,1280,0
TX006057,C01580,274.41,CARD,returning,yearly,success,none,2,0.85,47,1,828,0
TX006058,C00681,1984.36,NETBANKING,returning,one_time,failed,network_error,1,0.93,267,1,646,1
TX006059,C01334,743.59,UPI,returning,yearly,success,none,0,0.83,324,1,953,0
TX006060,C02543,2503.78,UPI,returning,yearly,success,none,0,0.72,110,1,792,0
TX006061,C00556,2867.21,UPI,returning,yearly,success,none,1,0.89,195,1,1201,0
TX006062,C00610,205.8,UPI,returning,monthly,success,none,0,0.84,296,1,751,0
TX006063,C02157,613.03,NETBANKING,new,monthly,success,none,0,0.8,162,1,701,0
TX006064,C00372,466.13,CARD,returning,monthly,success,none,2,0.72,335,0,7,0
TX006065,C02903,178.98,CARD,new,monthly,failed,bank_timeout,0,0.87,125,1,568,1
TX006066,C00616,390.52,UPI,returning,one_time,success,none,0,0.8,158,1,70,0
TX006067,C02816,12597.53,NETBANKING,new,one_time,success,none,2,0.76,252,1,64,0
TX006068,C01915,2017.29,UPI,returning,monthly,failed,insufficient_funds,0,0.77,338,1,159,1
TX006069,C02254,7459.83,UPI,returning,monthly,success,none,2,0.64,181,1,1126,0
TX006070,C00847,2512.66,NETBANKING,returning,monthly,success,none,1,0.89,39,1,76,0
TX006071,C00043,522.26,UPI,returning,monthly,success,none,0,0.91,73,1,243,0
TX006072,C00865,748.62,UPI,returning,monthly,success,none,0,0.63,329,0,753,0
TX006073,C01269,1975.22,UPI,new,monthly,failed,card_declined,3,0.78,312,1,338,0
TX006074,C01379,1698.51,CARD,returning,one_time,failed,network_error,3,0.86,280,1,1397,1
TX006075,C00785,615.64,CARD,returning,one_time,failed,insufficient_funds,3,0.34,48,1,1273,0
TX006076,C00476,242.26,UPI,returning,one_time,failed,expired_card,2,0.75,53,1,707,1
TX006077,C00083,29370.94,CARD,returning,monthly,success,none,0,0.71,242,1,376,0
TX006078,C01134,952.27,CARD,new,one_time,failed,network_error,0,0.7,340,1,1139,1
TX006079,C02238,791.76,NETBANKING,new,monthly,failed,card_declined,3,0.92,44,1,242,1
TX006080,C00800,1228.24,CARD,new,one_time,failed,expired_card,2,0.87,308,1,806,1
TX006081,C00936,860.29,CARD,returning,one_time,success,none,3,0.95,11,1,7,0
TX006082,C02299,1239.83,CARD,returning,monthly,success,none,0,0.91,54,1,798,0
TX006083,C02339,3971.69,UPI,new,one_time,success,none,2,0.71,349,1,1200,0
TX006084,C01669,968.21,UPI,new,monthly,success,none,3,0.96,93,1,1001,0
TX006085,C00326,342.85,UPI,new,yearly,success,none,0,0.64,55,1,897,0
TX006086,C01535,932.95,UPI,new,monthly,success,none,3,0.97,331,1,688,0
TX006087,C01986,689.25,UPI,returning,monthly,success,none,1,0.68,171,1,194,0
TX006088,C01965,4554.63,UPI,returning,monthly,success,none,2,0.93,203,1,725,0
TX006089,C00837,3537.3,UPI,new,one_time,success,none,1,0.86,104,1,915,0
TX006090,C00508,1221.12,UPI,new,monthly,success,none,1,0.92,48,0,982,0
TX006091,C02779,305.29,UPI,returning,one_time,failed,expired_card,2,0.56,306,1,999,1
TX006092,C02120,321.86,CARD,new,one_time,failed,expired_card,1,0.96,89,1,724,1
TX006093,C01271,1113.34,NETBANKING,returning,one_time,success,none,3,0.98,281,1,1398,0
TX006094,C00641,1535.06,UPI,returning,monthly,failed,card_declined,0,0.42,60,1,468,1
TX006095,C02988,753.99,UPI,returning,monthly,success,none,2,0.71,339,1,443,0
TX006096,C01879,678.46,UPI,new,yearly,success,none,3,0.91,275,0,139,0
TX006097,C00608,606.19,UPI,new,one_time,success,none,0,0.89,364,1,1473,0
TX006098,C01959,1071.28,UPI,returning,one_time,success,none,1,0.94,217,1,100,0
TX006099,C00566,101.21,CARD,new,monthly,success,none,2,0.56,327,1,1190,0
TX006100,C01368,364.55,UPI,returning,monthly,success,none,1,0.73,144,1,315,0
TX006101,C02102,585.78,CARD,returning,one_time,success,none,0,0.85,33,1,954,0
TX006102,C01754,3668.37,CARD,returning,one_time,failed,insufficient_funds,2,0.42,106,1,459,1
TX006103,C02576,485.99,UPI,returning,monthly,success,none,3,0.81,269,1,825,0
TX006104,C02659,1313.52,UPI,new,one_time,failed,network_error,1,0.89,207,1,220,1
TX006105,C01582,1375.46,UPI,returning,monthly,success,none,3,0.88,146,1,1492,0
TX006106,C01987,4015.5,UPI,new,monthly,success,none,3,0.82,261,1,1133,0
TX006107,C02241,3876.07,UPI,new,one_time,failed,insufficient_funds,3,0.67,327,1,1384,0
TX006108,C02106,1035.35,WALLET,returning,one_time,failed,card_declined,2,0.8,178,1,321,1
TX006109,C00129,681.65,NETBANKING,new,yearly,success,none,1,0.94,290,1,469,0
TX006110,C01873,564.63,NETBANKING,new,one_time,success,none,3,0.75,142,1,315,0
TX006111,C00706,861.73,UPI,new,one_time,success,none,0,0.61,288,1,460,0
TX006112,C00852,710.5,UPI,returning,monthly,success,none,2,0.74,276,1,606,0
TX006113,C00008,1907.65,UPI,returning,monthly,success,none,3,0.77,86,1,469,0
TX006114,C02077,1669.55,UPI,returning,monthly,success,none,3,0.92,288,1,1191,0
TX006115,C01136,1981.88,UPI,returning,monthly,success,none,1,0.85,296,1,535,0
TX006116,C02995,3863.33,CARD,returning,yearly,success,none,3,0.85,237,1,1453,0
TX006117,C02179,7064.72,UPI,returning,one_time,success,none,3,0.66,168,0,483,0
TX006118,C02236,1242.23,NETBANKING,new,monthly,failed,bank_timeout,3,0.79,277,1,1358,1
TX006119,C01699,3292.7,NETBANKING,returning,monthly,failed,network_error,1,0.59,268,0,877,0
TX006120,C02757,771.5,UPI,returning,one_time,success,none,3,0.7,36,1,154,0
TX006121,C01499,3586.77,NETBANKING,new,one_time,success,none,0,0.82,269,1,467,0
TX006122,C02260,3170.07,UPI,new,monthly,success,none,2,0.97,108,1,204,0
TX006123,C01645,3006.15,UPI,returning,monthly,success,none,3,0.72,51,0,45,0
TX006124,C00276,1204.8,CARD,returning,yearly,success,none,1,0.71,26,0,1037,0
TX006125,C01703,562.08,UPI,returning,monthly,success,none,0,0.64,247,0,742,0
TX006126,C01796,271.91,NETBANKING,returning,monthly,success,none,2,0.98,352,1,695,0
TX006127,C00243,1053.59,CARD,returning,monthly,success,none,1,0.6,76,1,1113,0
TX006128,C02733,5079.73,NETBANKING,returning,monthly,success,none,1,0.66,299,0,1042,0
TX006129,C00171,804.45,WALLET,returning,monthly,success,none,2,0.81,188,1,572,0
TX006130,C00653,2404.57,UPI,returning,monthly,success,none,2,0.79,162,1,635,0
TX006131,C01933,2550.26,UPI,new,monthly,failed,network_error,1,0.72,79,1,1427,0
TX006132,C02236,825.77,UPI,new,monthly,success,none,0,0.72,244,1,1073,0
TX006133,C01110,4090.18,UPI,returning,one_time,success,none,0,0.65,28,1,1021,0
TX006134,C01500,100.0,UPI,new,monthly,success,none,0,0.57,42,0,44,0
TX006135,C02100,322.87,NETBANKING,new,one_time,success,none,2,0.91,191,0,500,0
TX006136,C02159,438.94,UPI,returning,monthly,success,none,3,0.47,310,1,997,0
TX006137,C01973,483.13,WALLET,new,one_time,success,none,1,0.75,155,1,282,0
TX006138,C02925,1534.97,CARD,returning,monthly,success,none,0,0.7,116,1,410,0
TX006139,C01067,1465.63,UPI,new,yearly,failed,bank_timeout,3,0.87,236,1,764,1
TX006140,C02259,1626.18,UPI,returning,monthly,failed,expired_card,2,0.74,304,1,511,1
TX006141,C02036,1990.38,UPI,returning,monthly,success,none,1,0.88,196,1,781,0
TX006142,C00858,424.07,UPI,returning,monthly,success,none,3,0.67,171,1,85,0
TX006143,C02675,324.35,UPI,returning,monthly,failed,network_error,1,0.79,130,1,983,1
TX006144,C01050,1629.97,UPI,returning,one_time,success,none,2,0.83,202,1,45,0
TX006145,C00299,583.92,CARD,returning,one_time,failed,network_error,2,0.8,182,1,886,1
TX006146,C00924,228.04,UPI,returning,one_time,success,none,0,0.79,20,1,1233,0
TX006147,C00137,2896.75,CARD,new,yearly,success,none,1,0.82,360,1,682,0
TX006148,C01044,4425.34,NETBANKING,new,one_time,success,none,1,0.86,187,1,1105,0
TX006149,C02488,5203.89,UPI,new,monthly,success,none,3,0.93,195,1,503,0
TX006150,C00211,1322.14,UPI,new,yearly,success,none,1,0.71,130,1,37,0
TX006151,C02800,2050.69,CARD,new,monthly,success,none,1,0.66,289,0,1137,0
TX006152,C01575,4315.07,WALLET,new,one_time,success,none,3,0.93,177,1,979,0
TX006153,C02483,577.43,UPI,returning,one_time,failed,network_error,0,0.92,240,1,404,1
TX006154,C00780,3329.83,UPI,returning,one_time,success,none,1,0.74,149,1,486,0
TX006155,C01231,1444.32,UPI,new,monthly,success,none,3,0.94,318,1,1014,0
TX006156,C02487,2734.52,UPI,returning,one_time,failed,card_declined,2,0.89,281,1,910,1
TX006157,C01803,1320.93,UPI,returning,monthly,success,none,0,0.87,144,1,14,0
TX006158,C02714,4008.84,UPI,returning,yearly,success,none,3,0.84,157,1,502,0
TX006159,C01066,1371.31,CARD,returning,one_time,failed,bank_timeout,1,0.71,279,0,842,1
TX006160,C00411,248.64,UPI,new,one_time,success,none,0,0.76,343,1,60,0
TX006161,C02854,4684.09,UPI,returning,monthly,failed,network_error,0,0.8,125,1,1344,1
TX006162,C02658,425.16,UPI,returning,one_time,success,none,0,0.73,321,1,1098,0
TX006163,C00427,3839.35,NETBANKING,returning,monthly,success,none,2,0.71,15,1,1384,0
TX006164,C01472,1002.0,UPI,returning,monthly,failed,bank_timeout,3,0.69,61,0,414,1
TX006165,C02950,3554.65,WALLET,returning,one_time,success,none,0,0.8,34,1,1028,0
TX006166,C00942,3411.03,UPI,returning,yearly,success,none,1,0.74,118,1,381,0
TX006167,C01908,1686.05,UPI,returning,one_time,success,none,1,0.72,289,1,273,0
TX006168,C00742,1823.54,UPI,new,one_time,success,none,1,0.6,218,1,1130,0
TX006169,C01393,1673.43,CARD,returning,yearly,success,none,0,0.75,21,1,910,0
TX006170,C01244,146.38,UPI,returning,one_time,success,none,1,0.97,144,1,1302,0
TX006171,C01601,1234.39,CARD,returning,one_time,success,none,0,0.94,146,1,754,0
TX006172,C01256,359.22,CARD,returning,yearly,success,none,3,1.0,11,1,326,0
TX006173,C00328,1301.39,CARD,new,one_time,success,none,0,0.77,269,0,1443,0
TX006174,C01467,349.69,UPI,new,one_time,success,none,0,0.78,268,0,874,0
TX006175,C02100,335.31,NETBANKING,returning,monthly,success,none,3,0.65,224,1,985,0
TX006176,C01967,5458.53,UPI,new,one_time,success,none,1,0.81,31,1,475,0
TX006177,C00376,3195.34,UPI,new,monthly,success,none,0,0.8,15,1,1349,0
TX006178,C00263,1092.1,UPI,returning,monthly,success,none,3,0.9,176,1,165,0
TX006179,C00267,1319.18,CARD,new,monthly,success,none,2,0.76,307,1,313,0
TX006180,C02407,855.84,UPI,new,one_time,failed,expired_card,3,0.89,143,1,760,0
TX006181,C01945,1938.9,UPI,returning,yearly,success,none,2,0.74,360,1,1494,0
TX006182,C01894,557.77,UPI,new,one_time,failed,network_error,3,0.84,6,0,1014,0
TX006183,C01902,2962.36,UPI,new,monthly,success,none,0,0.79,17,1,1200,0
TX006184,C02700,851.43,UPI,new,yearly,success,none,1,0.95,284,1,1049,0
TX006185,C01653,720.65,UPI,returning,one_time,success,none,0,0.76,83,1,1090,0
TX006186,C01445,1120.7,UPI,returning,one_time,success,none,0,0.86,229,0,766,0
TX006187,C00046,607.2,UPI,new,one_time,success,none,2,0.68,216,1,1499,0
TX006188,C00600,1523.37,NETBANKING,new,yearly,success,none,1,0.47,210,1,1354,0
TX006189,C00720,640.75,UPI,returning,monthly,success,none,1,0.76,222,1,1202,0
TX006190,C01913,1752.02,UPI,new,yearly,success,none,0,0.78,2,1,1395,0
TX006191,C01293,3699.7,UPI,returning,monthly,failed,insufficient_funds,3,0.67,144,1,1151,0
TX006192,C00601,534.15,CARD,returning,one_time,success,none,3,0.94,273,0,874,0
TX006193,C00381,962.39,UPI,new,one_time,success,none,1,0.92,242,1,1397,0
TX006194,C00118,1739.46,UPI,returning,yearly,failed,insufficient_funds,0,0.88,237,1,871,1
TX006195,C02164,709.2,UPI,new,monthly,failed,insufficient_funds,0,0.75,126,0,1303,0
TX006196,C00260,1744.67,WALLET,new,one_time,success,none,2,0.74,251,1,271,0
TX006197,C01099,1911.03,CARD,new,monthly,failed,insufficient_funds,1,0.76,145,1,173,1
TX006198,C01504,3239.78,UPI,returning,one_time,success,none,3,0.81,343,1,812,0
TX006199,C02353,598.25,UPI,new,one_time,success,none,3,0.95,335,1,1150,0
TX006200,C02055,427.19,UPI,returning,monthly,failed,card_declined,1,0.82,118,1,589,1
TX006201,C00366,806.27,UPI,new,one_time,success,none,2,0.84,114,1,750,0
TX006202,C01658,416.65,CARD,returning,one_time,success,none,3,0.97,84,0,1282,0
TX006203,C02571,1928.5,UPI,new,monthly,success,none,1,0.86,101,1,1188,0
TX006204,C01462,343.18,CARD,new,monthly,success,none,0,0.93,71,1,219,0
TX006205,C02025,11305.18,UPI,returning,one_time,success,none,1,0.87,260,1,1051,0
TX006206,C02477,4007.52,CARD,returning,one_time,success,none,1,0.65,141,1,1349,0
TX006207,C00791,1110.51,UPI,returning,yearly,success,none,1,0.78,344,1,645,0
TX006208,C00747,2610.75,UPI,new,one_time,success,none,0,0.86,66,1,77,0
TX006209,C02415,213.41,CARD,returning,one_time,failed,expired_card,1,0.94,149,1,529,1
TX006210,C00313,13675.67,UPI,returning,one_time,success,none,0,0.65,227,1,41,0
TX006211,C00538,607.76,CARD,new,one_time,success,none,3,0.88,136,1,1186,0
TX006212,C00921,972.14,NETBANKING,returning,monthly,success,none,2,0.94,152,0,877,0
TX006213,C01078,171.41,UPI,returning,yearly,success,none,0,0.83,166,1,1441,0
TX006214,C01491,1783.42,NETBANKING,returning,monthly,failed,network_error,2,0.94,102,1,1319,1
TX006215,C02913,362.73,UPI,returning,monthly,failed,expired_card,2,0.84,201,1,200,1
TX006216,C02830,1213.98,UPI,returning,yearly,success,none,3,0.67,245,1,614,0
TX006217,C02382,636.34,CARD,new,one_time,success,none,0,0.75,364,1,946,0
TX006218,C00798,373.25,CARD,returning,monthly,success,none,3,0.75,144,1,1136,0
TX006219,C00348,490.6,UPI,new,monthly,success,none,0,0.56,362,1,232,0
TX006220,C00273,1374.42,CARD,returning,one_time,success,none,2,0.9,196,1,1386,0
TX006221,C00720,304.45,WALLET,new,monthly,failed,insufficient_funds,2,0.71,172,1,172,0
TX006222,C01774,518.63,UPI,new,monthly,success,none,1,0.85,221,1,754,0
TX006223,C02548,2128.71,NETBANKING,returning,one_time,success,none,0,0.71,175,0,1146,0
TX006224,C00685,14801.44,CARD,returning,one_time,failed,expired_card,2,0.72,314,1,1475,1
TX006225,C02127,1767.97,NETBANKING,returning,one_time,success,none,0,0.85,217,1,341,0
TX006226,C00622,438.23,UPI,returning,one_time,success,none,3,0.87,328,1,643,0
TX006227,C02040,759.67,CARD,new,one_time,success,none,3,0.77,95,0,1331,0
TX006228,C00947,1131.83,UPI,returning,monthly,success,none,0,0.75,192,0,283,0
TX006229,C02406,773.23,NETBANKING,returning,one_time,success,none,2,0.93,92,1,1115,0
TX006230,C02666,2705.54,CARD,returning,monthly,success,none,3,0.86,4,1,899,0
TX006231,C00507,1363.04,UPI,returning,one_time,success,none,2,0.98,190,1,798,0
TX006232,C01583,2718.55,UPI,returning,monthly,success,none,0,0.83,190,1,1096,0
TX006233,C02624,800.76,NETBANKING,returning,yearly,failed,expired_card,1,0.77,170,1,1210,1
TX006234,C00244,4127.8,CARD,returning,monthly,failed,card_declined,2,0.69,324,0,90,0
TX006235,C00506,928.45,UPI,new,monthly,success,none,3,0.88,320,0,465,0
TX006236,C00422,415.22,UPI,returning,one_time,success,none,0,0.95,238,1,1285,0
TX006237,C02265,9675.19,NETBANKING,new,one_time,success,none,1,0.49,228,1,363,0
TX006238,C01873,176.8,UPI,returning,one_time,success,none,3,0.56,169,0,341,0
TX006239,C01193,523.88,UPI,returning,yearly,success,none,0,0.77,157,1,1251,0
TX006240,C00330,585.8,NETBANKING,new,monthly,success,none,0,0.75,358,1,1209,0
TX006241,C00650,13471.16,UPI,new,monthly,failed,insufficient_funds,2,0.86,58,1,105,1
TX006242,C01465,6679.9,UPI,returning,monthly,failed,bank_timeout,1,0.89,353,1,216,1
TX006243,C00391,4885.02,UPI,returning,monthly,success,none,0,0.82,322,1,231,0
TX006244,C01520,787.88,NETBANKING,returning,monthly,success,none,1,0.87,195,0,1040,0
TX006245,C00381,12409.01,UPI,new,one_time,failed,expired_card,1,0.92,232,1,660,1
TX006246,C00742,1585.02,CARD,new,one_time,success,none,2,0.85,83,0,32,0
TX006247,C02011,2913.95,NETBANKING,returning,monthly,success,none,0,0.62,107,1,740,0
TX006248,C00820,1312.51,UPI,new,monthly,failed,expired_card,0,0.71,254,1,735,1
TX006249,C00673,1043.71,NETBANKING,returning,one_time,success,none,2,0.93,77,1,312,0
TX006250,C02561,852.54,UPI,new,monthly,success,none,2,0.84,48,0,505,0
TX006251,C01772,889.23,CARD,returning,one_time,success,none,0,0.85,142,1,1115,0
TX006252,C02997,2015.24,UPI,new,monthly,success,none,2,0.66,162,1,521,0
TX006253,C01212,1583.19,CARD,returning,one_time,success,none,0,0.81,317,1,945,0
TX006254,C00930,1062.66,UPI,returning,monthly,success,none,3,0.96,197,1,1236,0
TX006255,C01540,4961.8,UPI,returning,monthly,success,none,1,0.88,173,1,1200,0
TX006256,C00913,100.0,NETBANKING,new,monthly,success,none,1,0.94,4,1,362,0
TX006257,C00644,1826.01,UPI,new,one_time,success,none,2,0.63,176,1,233,0
TX006258,C00427,2247.87,NETBANKING,new,monthly,success,none,3,0.68,234,1,961,0
TX006259,C00502,3452.88,UPI,returning,one_time,success,none,1,0.54,106,1,180,0
TX006260,C00730,1027.75,UPI,returning,one_time,success,none,0,0.88,200,1,628,0
TX006261,C01284,1350.08,NETBANKING,returning,one_time,failed,insufficient_funds,1,0.84,137,1,1438,1
TX006262,C02119,2939.36,UPI,new,one_time,success,none,1,0.59,307,0,535,0
TX006263,C02526,4871.54,NETBANKING,returning,one_time,failed,card_declined,1,0.64,127,1,31,1
TX006264,C00457,811.97,UPI,returning,yearly,failed,network_error,0,0.78,121,1,1341,1
TX006265,C02237,1432.21,UPI,new,one_time,success,none,2,0.86,26,1,461,0
TX006266,C00291,5875.66,CARD,returning,monthly,success,none,0,0.94,135,0,237,0
TX006267,C00920,131.1,UPI,new,monthly,failed,insufficient_funds,2,0.91,35,1,358,1
TX006268,C02340,550.04,UPI,returning,monthly,success,none,1,0.49,77,1,626,0
TX006269,C01970,4749.7,CARD,returning,monthly,failed,network_error,1,0.82,291,1,1381,1
TX006270,C00756,3269.98,UPI,returning,monthly,success,none,3,0.85,33,1,1214,0
TX006271,C01659,1849.08,UPI,returning,monthly,success,none,1,0.96,146,1,228,0
TX006272,C01835,700.23,NETBANKING,new,one_time,failed,bank_timeout,0,0.87,208,1,13,1
TX006273,C01307,454.04,NETBANKING,returning,monthly,success,none,1,0.85,363,1,276,0
TX006274,C01568,607.16,UPI,new,one_time,success,none,3,0.91,79,1,614,0
TX006275,C01870,5156.47,UPI,new,one_time,success,none,0,0.88,57,1,1170,0
TX006276,C00377,584.97,CARD,returning,monthly,success,none,3,0.85,156,1,943,0
TX006277,C01180,1213.69,UPI,returning,yearly,success,none,3,0.73,337,0,552,0
TX006278,C00508,516.1,UPI,new,monthly,success,none,0,0.85,284,1,832,0
TX006279,C01437,2547.26,WALLET,new,monthly,failed,network_error,2,0.78,51,1,665,0
TX006280,C02576,639.88,UPI,returning,one_time,success,none,2,0.67,16,1,271,0
TX006281,C00559,994.67,CARD,new,monthly,failed,expired_card,2,0.72,211,1,53,0
TX006282,C02308,203.69,NETBANKING,returning,one_time,success,none,2,0.94,236,1,423,0
TX006283,C00421,218.47,CARD,new,monthly,success,none,3,0.8,190,0,1420,0
TX006284,C01553,1105.08,NETBANKING,new,one_time,failed,card_declined,3,0.7,62,1,878,0
TX006285,C00304,291.44,UPI,returning,monthly,success,none,0,0.69,19,1,885,0
TX006286,C00942,9000.96,UPI,returning,yearly,success,none,0,0.83,65,1,718,0
TX006287,C02590,139.56,NETBANKING,returning,yearly,success,none,2,0.86,57,1,472,0
TX006288,C01302,492.66,UPI,returning,yearly,success,none,2,0.89,228,1,1138,0
TX006289,C01090,1115.1,CARD,new,one_time,success,none,2,0.66,112,1,686,0
TX006290,C02156,761.18,UPI,returning,yearly,success,none,2,0.74,270,1,167,0
TX006291,C02316,363.53,CARD,returning,monthly,success,none,2,0.89,325,1,223,0
TX006292,C02270,420.76,UPI,returning,yearly,success,none,3,0.92,204,1,1451,0
TX006293,C01828,407.22,UPI,returning,yearly,success,none,3,0.88,151,1,956,0
TX006294,C01554,823.27,UPI,new,yearly,failed,bank_timeout,3,0.81,320,1,1253,1
TX006295,C00693,7722.78,CARD,new,one_time,success,none,3,0.68,164,1,673,0
TX006296,C00255,1185.52,UPI,returning,one_time,success,none,2,0.88,328,1,1478,0
TX006297,C01479,3579.22,CARD,new,monthly,success,none,3,0.9,151,1,801,0
TX006298,C02301,1820.7,UPI,returning,monthly,success,none,2,0.6,41,1,1211,0
TX006299,C00257,3340.46,UPI,new,one_time,failed,card_declined,3,0.97,52,1,755,0
TX006300,C02431,100.0,CARD,new,monthly,success,none,3,0.64,186,1,278,0
TX006301,C00442,808.79,UPI,new,one_time,success,none,1,0.8,349,1,850,0
TX006302,C01882,4052.69,UPI,new,one_time,success,none,2,0.77,213,1,1163,0
TX006303,C02647,619.1,UPI,returning,one_time,success,none,2,0.53,166,1,398,0
TX006304,C01114,6389.9,CARD,returning,one_time,failed,card_declined,3,0.92,88,1,458,1
TX006305,C02438,4836.23,NETBANKING,returning,monthly,failed,network_error,0,0.68,351,1,908,1
TX006306,C00582,685.99,UPI,new,yearly,success,none,2,0.86,22,0,807,0
TX006307,C01736,663.04,UPI,returning,monthly,success,none,3,0.74,111,1,353,0
TX006308,C02646,397.98,UPI,new,monthly,success,none,2,0.89,266,1,333,0
TX006309,C00019,584.29,CARD,returning,one_time,failed,card_declined,2,0.85,114,1,1324,1
TX006310,C01125,319.71,UPI,new,monthly,success,none,0,0.83,168,1,1205,0
TX006311,C02655,1683.8,CARD,returning,monthly,success,none,0,0.92,183,0,1311,0
TX006312,C01381,255.69,UPI,returning,monthly,success,none,1,0.78,92,1,719,0
TX006313,C01566,2005.67,NETBANKING,returning,one_time,success,none,0,0.87,285,0,1048,0
TX006314,C02081,2055.1,UPI,new,monthly,success,none,3,0.77,319,1,621,0
TX006315,C01994,208.26,NETBANKING,returning,yearly,failed,bank_timeout,0,0.98,283,0,334,1
TX006316,C01548,5165.82,UPI,new,one_time,success,none,1,0.82,209,1,473,0
TX006317,C00862,1832.82,UPI,returning,one_time,failed,card_declined,3,0.71,228,1,512,1
TX006318,C00155,2320.87,CARD,returning,one_time,success,none,0,0.64,219,1,164,0
TX006319,C00905,513.54,CARD,returning,one_time,success,none,1,0.57,357,1,426,0
TX006320,C01270,2043.42,UPI,returning,yearly,success,none,1,0.82,297,1,522,0
TX006321,C00405,3382.58,WALLET,new,yearly,success,none,0,0.97,347,1,647,0
TX006322,C00844,993.66,UPI,new,monthly,success,none,0,0.9,82,1,847,0
TX006323,C01783,8118.68,UPI,new,monthly,failed,bank_timeout,1,0.94,136,1,452,1
TX006324,C01565,1146.04,UPI,returning,monthly,success,none,3,0.86,124,1,48,0
TX006325,C01185,3431.61,UPI,returning,one_time,success,none,3,0.92,150,1,1189,0
TX006326,C00747,1469.99,CARD,returning,monthly,success,none,3,0.89,173,1,138,0
TX006327,C01726,1969.47,UPI,returning,monthly,success,none,1,0.58,23,1,552,0
TX006328,C00271,206.16,UPI,returning,monthly,success,none,1,0.93,206,1,979,0
TX006329,C00770,1589.31,UPI,returning,one_time,success,none,3,0.95,109,1,586,0
TX006330,C01716,525.85,UPI,returning,monthly,success,none,1,0.76,80,1,712,0
TX006331,C01511,470.41,NETBANKING,returning,one_time,success,none,0,0.77,342,1,1056,0
TX006332,C00172,6273.58,NETBANKING,returning,monthly,failed,expired_card,2,0.83,33,0,1481,0
TX006333,C00274,885.57,UPI,new,monthly,success,none,1,0.86,273,1,120,0
TX006334,C02307,402.1,UPI,new,one_time,success,none,0,0.93,192,0,967,0
TX006335,C01159,765.76,NETBANKING,new,monthly,success,none,3,0.95,15,1,804,0
TX006336,C01707,298.73,UPI,returning,monthly,success,none,3,0.72,236,1,149,0
TX006337,C01772,4600.34,UPI,returning,one_time,success,none,1,0.74,355,1,1486,0
TX006338,C00422,546.93,UPI,new,yearly,failed,expired_card,2,0.89,315,1,665,1
TX006339,C01445,1861.8,UPI,returning,one_time,success,none,0,0.93,241,1,620,0
TX006340,C01210,4256.09,NETBANKING,new,one_time,success,none,0,0.95,29,1,141,0
TX006341,C02412,665.04,CARD,returning,one_time,failed,network_error,3,0.89,90,1,1217,0
TX006342,C02426,1866.88,WALLET,returning,one_time,failed,insufficient_funds,2,0.83,23,1,938,1
TX006343,C00580,391.47,UPI,returning,monthly,success,none,3,0.74,310,1,835,0
TX006344,C00891,12654.52,UPI,new,monthly,success,none,2,0.92,96,1,26,0
TX006345,C00722,2797.22,WALLET,returning,one_time,failed,expired_card,0,0.92,110,1,334,1
TX006346,C00881,904.51,NETBANKING,new,one_time,success,none,3,0.85,107,0,900,0
TX006347,C01122,506.32,CARD,returning,one_time,success,none,3,0.77,185,1,1098,0
TX006348,C02653,978.48,UPI,returning,monthly,success,none,3,0.89,133,1,1291,0
TX006349,C02008,780.56,CARD,returning,monthly,success,none,2,0.56,51,1,1397,0
TX006350,C02070,7730.62,UPI,returning,one_time,success,none,0,0.64,243,0,1009,0
TX006351,C01474,321.97,UPI,returning,one_time,success,none,2,0.78,208,1,893,0
TX006352,C00383,1254.89,CARD,returning,one_time,success,none,3,0.61,324,1,1204,0
TX006353,C02182,1076.71,CARD,new,one_time,success,none,1,0.79,165,1,207,0
TX006354,C01450,975.15,CARD,returning,one_time,success,none,1,0.88,308,1,1209,0
TX006355,C02551,983.76,CARD,returning,monthly,success,none,0,0.76,142,1,1018,0
TX006356,C01591,976.46,UPI,new,one_time,success,none,0,0.8,328,1,1425,0
TX006357,C01787,2625.6,UPI,returning,one_time,failed,insufficient_funds,0,0.76,196,1,35,1
TX006358,C00144,2016.23,CARD,returning,monthly,failed,bank_timeout,1,0.9,49,1,1373,1
TX006359,C01887,1667.22,UPI,returning,monthly,success,none,1,0.76,125,0,678,0
TX006360,C01703,100.0,UPI,returning,one_time,success,none,3,0.94,40,1,707,0
TX006361,C01436,1480.0,UPI,returning,one_time,success,none,0,0.7,264,1,934,0
TX006362,C00224,209.42,UPI,new,monthly,success,none,2,0.81,77,1,1419,0
TX006363,C00220,2092.93,WALLET,returning,monthly,failed,insufficient_funds,0,0.63,44,1,558,1
TX006364,C00179,4791.01,UPI,returning,one_time,failed,card_declined,0,0.73,344,1,322,1
TX006365,C01655,434.31,UPI,returning,one_time,success,none,3,0.86,100,0,559,0
TX006366,C00433,844.06,CARD,new,one_time,failed,bank_timeout,3,0.8,147,1,418,0
TX006367,C00265,602.23,UPI,returning,monthly,success,none,0,0.76,103,1,571,0
TX006368,C00954,3772.27,NETBANKING,new,monthly,failed,card_declined,3,0.93,146,1,581,1
TX006369,C00429,1205.96,UPI,new,one_time,failed,insufficient_funds,2,0.44,304,1,1246,0
TX006370,C02464,6175.4,NETBANKING,returning,one_time,success,none,1,0.89,18,1,787,0
TX006371,C02775,1658.64,UPI,new,yearly,failed,card_declined,2,0.82,153,1,877,1
TX006372,C02245,1397.51,UPI,returning,monthly,success,none,1,0.89,89,0,20,0
TX006373,C01578,1174.04,UPI,returning,one_time,success,none,3,0.75,27,1,287,0
TX006374,C00480,2484.91,UPI,new,monthly,failed,bank_timeout,1,0.75,198,1,294,1
TX006375,C01354,192.93,NETBANKING,returning,one_time,success,none,2,0.88,341,1,754,0
TX006376,C00890,1194.33,UPI,new,monthly,failed,card_declined,1,0.93,46,1,913,1
TX006377,C00925,1022.45,CARD,returning,monthly,success,none,2,0.75,113,1,352,0
TX006378,C02171,2265.2,UPI,new,yearly,success,none,1,0.82,160,1,537,0
TX006379,C01903,908.96,NETBANKING,new,monthly,success,none,3,0.85,158,1,1424,0
TX006380,C01411,388.1,CARD,returning,one_time,success,none,0,0.74,212,1,468,0
TX006381,C01363,1104.72,UPI,returning,monthly,success,none,1,0.64,53,1,1027,0
TX006382,C00778,371.36,UPI,returning,yearly,success,none,2,0.8,298,0,1015,0
TX006383,C02396,159.93,CARD,new,monthly,failed,insufficient_funds,3,0.95,127,0,1137,0
TX006384,C00029,2269.06,UPI,new,one_time,success,none,1,0.57,67,0,77,0
TX006385,C00035,1956.79,UPI,returning,yearly,success,none,3,0.74,288,0,303,0
TX006386,C01420,1749.51,CARD,returning,one_time,failed,card_declined,0,0.9,15,1,1460,1
TX006387,C02671,4035.67,WALLET,returning,one_time,failed,card_declined,2,0.66,87,1,924,0
TX006388,C00589,563.95,NETBANKING,returning,one_time,success,none,0,0.82,217,1,1311,0
TX006389,C00904,262.14,CARD,new,one_time,success,none,3,0.66,146,1,135,0
TX006390,C02568,1022.46,UPI,new,monthly,failed,network_error,0,0.77,79,0,674,0
TX006391,C02170,774.72,WALLET,returning,one_time,success,none,3,0.77,344,0,873,0
TX006392,C00340,472.34,UPI,new,one_time,failed,bank_timeout,0,0.74,45,1,1054,1
TX006393,C00175,1012.47,UPI,new,monthly,success,none,2,0.95,169,1,995,0
TX006394,C01924,594.9,NETBANKING,new,monthly,failed,network_error,1,0.67,98,1,450,1
TX006395,C01715,174.86,UPI,returning,monthly,failed,insufficient_funds,0,0.72,289,1,859,1
TX006396,C00597,705.44,UPI,new,one_time,success,none,2,0.96,26,1,604,0
TX006397,C00451,352.0,CARD,returning,one_time,success,none,1,0.51,268,1,182,0
TX006398,C00557,1382.5,UPI,returning,monthly,success,none,3,0.81,55,1,75,0
TX006399,C01160,569.05,UPI,new,one_time,success,none,1,0.69,220,1,57,0
TX006400,C01357,3333.01,UPI,returning,one_time,success,none,3,0.7,219,1,197,0
TX006401,C02057,5452.7,UPI,returning,monthly,success,none,2,0.76,210,1,1051,0
TX006402,C02382,2163.28,WALLET,new,one_time,success,none,2,0.56,327,0,585,0
TX006403,C01017,232.52,UPI,new,monthly,success,none,1,0.69,280,1,609,0
TX006404,C02375,4940.37,UPI,new,monthly,success,none,1,0.87,351,1,67,0
TX006405,C02063,5301.37,UPI,returning,one_time,failed,expired_card,3,0.69,267,1,148,0
TX006406,C00839,1117.43,CARD,returning,one_time,success,none,0,0.97,72,1,1000,0
TX006407,C01638,4117.19,CARD,new,one_time,success,none,1,0.7,69,1,1055,0
TX006408,C00226,631.64,UPI,returning,one_time,success,none,0,0.8,80,1,431,0
TX006409,C01814,169.65,UPI,returning,yearly,success,none,3,0.58,152,1,621,0
TX006410,C02161,512.71,CARD,new,monthly,success,none,0,0.71,336,1,291,0
TX006411,C02021,6181.4,UPI,returning,monthly,success,none,1,0.87,325,0,668,0
TX006412,C01452,246.88,UPI,new,one_time,success,none,2,0.86,49,1,582,0
TX006413,C02049,1096.11,UPI,returning,one_time,success,none,1,0.82,363,0,242,0
TX006414,C02314,1134.72,UPI,new,monthly,success,none,0,0.87,178,1,47,0
TX006415,C01515,656.57,WALLET,returning,yearly,failed,insufficient_funds,1,0.86,82,1,437,1
TX006416,C01232,703.79,NETBANKING,new,one_time,failed,insufficient_funds,1,0.86,129,1,1180,1
TX006417,C01646,1178.8,CARD,returning,yearly,success,none,2,0.91,324,1,676,0
TX006418,C01736,625.05,NETBANKING,new,one_time,success,none,0,0.83,230,1,689,0
TX006419,C03000,264.53,CARD,returning,one_time,failed,insufficient_funds,0,0.86,22,1,432,1
TX006420,C00306,1359.72,NETBANKING,new,one_time,success,none,0,0.69,322,1,181,0
TX006421,C02060,3207.88,UPI,new,monthly,success,none,0,0.92,233,1,235,0
TX006422,C01724,2616.45,UPI,new,monthly,success,none,2,0.75,68,1,487,0
TX006423,C01690,487.98,CARD,new,monthly,success,none,3,0.88,134,1,971,0
TX006424,C01518,313.81,CARD,returning,one_time,failed,insufficient_funds,3,0.92,218,1,1304,1
TX006425,C01392,825.35,UPI,returning,monthly,failed,network_error,2,0.86,13,1,1067,1
TX006426,C02985,5259.5,UPI,returning,one_time,success,none,0,0.85,268,1,760,0
TX006427,C00420,2091.42,UPI,returning,one_time,success,none,1,0.78,325,0,103,0
TX006428,C02937,2217.12,UPI,new,one_time,success,none,0,0.91,355,1,372,0
TX006429,C02219,2670.06,UPI,new,monthly,failed,insufficient_funds,3,0.9,307,1,820,1
TX006430,C00134,1670.31,UPI,returning,monthly,success,none,1,0.83,181,1,1271,0
TX006431,C02031,1237.2,NETBANKING,returning,one_time,success,none,3,0.63,124,1,1257,0
TX006432,C01451,2126.66,CARD,returning,one_time,success,none,0,0.82,295,1,1285,0
TX006433,C01554,635.13,NETBANKING,returning,monthly,success,none,3,0.82,28,1,301,0
TX006434,C01165,266.54,NETBANKING,new,one_time,failed,card_declined,2,0.78,214,1,662,0
TX006435,C01870,2259.72,UPI,new,yearly,failed,insufficient_funds,2,0.84,333,1,228,0
TX006436,C01820,3780.98,UPI,returning,yearly,success,none,0,0.71,320,1,1022,0
TX006437,C02706,358.44,UPI,returning,monthly,success,none,1,0.88,199,1,1025,0
TX006438,C01343,2494.69,NETBANKING,new,monthly,success,none,1,0.73,28,1,549,0
TX006439,C01465,5888.55,UPI,returning,monthly,failed,expired_card,1,0.85,256,1,1319,1
TX006440,C02227,1094.17,CARD,returning,one_time,success,none,2,0.76,79,1,478,0
TX006441,C01080,483.96,UPI,returning,one_time,success,none,1,0.94,282,1,116,0
TX006442,C01179,1240.19,NETBANKING,returning,one_time,success,none,3,0.97,204,1,459,0
TX006443,C01696,632.36,UPI,new,yearly,success,none,3,0.74,109,1,76,0
TX006444,C00111,591.86,NETBANKING,returning,monthly,failed,bank_timeout,1,0.85,38,1,479,1
TX006445,C02185,1691.18,UPI,returning,one_time,success,none,1,0.84,152,1,531,0
TX006446,C02280,220.58,UPI,returning,monthly,success,none,2,0.74,196,1,1368,0
TX006447,C00468,258.8,CARD,new,one_time,failed,network_error,0,0.83,310,1,409,1
TX006448,C02780,1117.99,WALLET,returning,monthly,failed,network_error,2,0.85,160,1,432,1
TX006449,C02529,1072.44,UPI,new,one_time,success,none,2,0.57,130,0,976,0
TX006450,C00814,1546.2,NETBANKING,new,monthly,success,none,0,0.91,229,1,98,0
TX006451,C01273,7152.56,CARD,returning,one_time,failed,network_error,3,0.66,160,1,210,0
TX006452,C00994,1217.45,CARD,returning,monthly,success,none,0,0.88,342,1,1053,0
TX006453,C02032,1994.55,UPI,returning,one_time,success,none,1,0.84,293,0,518,0
TX006454,C00323,413.42,UPI,returning,one_time,success,none,3,0.91,199,1,272,0
TX006455,C02970,2363.59,UPI,returning,monthly,success,none,3,0.75,290,1,1099,0
TX006456,C00904,647.82,WALLET,new,monthly,success,none,1,0.55,349,1,671,0
TX006457,C01542,1177.82,WALLET,returning,yearly,success,none,0,0.82,85,1,895,0
TX006458,C02000,983.53,CARD,returning,monthly,success,none,1,0.86,126,1,1291,0
TX006459,C01816,3080.89,UPI,returning,monthly,failed,network_error,3,1.0,187,1,1253,1
TX006460,C02654,295.9,UPI,returning,yearly,success,none,0,0.89,74,1,945,0
TX006461,C02477,111.81,WALLET,returning,monthly,success,none,3,0.6,118,1,714,0
TX006462,C00148,885.87,UPI,returning,monthly,success,none,3,0.89,200,1,578,0
TX006463,C01142,1752.03,NETBANKING,returning,monthly,success,none,1,0.62,47,0,1333,0
TX006464,C00850,1277.0,UPI,returning,yearly,failed,insufficient_funds,2,0.77,54,0,601,0
TX006465,C00367,3760.11,UPI,returning,monthly,failed,expired_card,1,0.68,251,1,362,1
TX006466,C02898,1698.28,NETBANKING,returning,monthly,success,none,3,0.67,150,0,1406,0
TX006467,C01090,624.0,UPI,new,one_time,success,none,0,0.86,79,1,1259,0
TX006468,C02039,107.19,UPI,new,monthly,failed,insufficient_funds,0,0.9,167,1,245,1
TX006469,C02861,864.96,WALLET,new,one_time,success,none,2,0.7,79,1,1245,0
TX006470,C00175,3065.48,CARD,returning,one_time,success,none,1,0.58,288,1,764,0
TX006471,C01855,740.96,CARD,new,monthly,failed,bank_timeout,3,0.86,208,1,1103,0
TX006472,C00588,1128.13,CARD,returning,monthly,success,none,0,0.79,320,1,950,0
TX006473,C00495,1671.31,UPI,returning,one_time,success,none,1,0.78,282,1,1374,0
TX006474,C01138,397.31,UPI,returning,one_time,failed,bank_timeout,0,0.86,199,1,610,1
TX006475,C01785,2045.17,UPI,new,one_time,failed,insufficient_funds,3,0.93,268,1,268,1
TX006476,C01171,5637.08,UPI,new,one_time,failed,insufficient_funds,1,0.92,7,1,1245,1
TX006477,C00035,922.59,UPI,returning,one_time,success,none,3,0.68,62,1,1030,0
TX006478,C00999,354.58,CARD,returning,one_time,failed,insufficient_funds,2,0.94,362,1,1370,1
TX006479,C01333,1025.98,UPI,returning,one_time,failed,expired_card,3,0.59,13,1,1015,0
TX006480,C02586,118.58,CARD,returning,monthly,failed,network_error,3,0.9,272,1,834,1
TX006481,C02798,1535.95,UPI,returning,one_time,success,none,1,0.82,143,1,68,0
TX006482,C01038,1723.78,UPI,returning,one_time,success,none,3,0.9,3,1,1170,0
TX006483,C00374,5858.43,UPI,returning,yearly,success,none,3,0.62,292,1,127,0
TX006484,C02605,903.26,NETBANKING,returning,monthly,success,none,1,0.88,316,1,276,0
TX006485,C01452,1649.93,UPI,returning,one_time,success,none,0,0.87,253,1,575,0
TX006486,C01752,463.46,CARD,returning,one_time,success,none,1,0.92,21,1,588,0
TX006487,C02281,767.83,CARD,returning,monthly,success,none,0,0.75,243,0,9,0
TX006488,C00705,238.61,UPI,new,one_time,success,none,0,0.79,339,1,1264,0
TX006489,C00563,902.54,UPI,returning,monthly,failed,bank_timeout,1,0.98,76,1,425,1
TX006490,C02987,808.1,NETBANKING,returning,one_time,success,none,0,0.67,154,1,595,0
TX006491,C02935,1479.12,UPI,returning,yearly,success,none,2,0.87,322,1,1208,0
TX006492,C02774,587.81,UPI,new,monthly,success,none,1,0.73,312,1,1313,0
TX006493,C01874,1191.95,CARD,new,one_time,success,none,2,0.92,185,0,1065,0
TX006494,C02124,785.74,CARD,new,one_time,failed,bank_timeout,1,0.67,212,1,180,1
TX006495,C00439,787.21,UPI,new,monthly,success,none,3,0.77,157,1,1148,0
TX006496,C01884,1188.4,UPI,new,one_time,success,none,0,0.86,348,1,288,0
TX006497,C01980,1141.98,UPI,returning,one_time,success,none,2,0.85,162,0,447,0
TX006498,C00699,2347.66,UPI,returning,one_time,failed,network_error,2,0.94,58,0,683,1
TX006499,C01313,972.0,UPI,returning,monthly,failed,network_error,3,0.8,295,1,913,1
TX006500,C02963,772.87,UPI,returning,monthly,failed,bank_timeout,0,0.6,131,1,1170,1
TX006501,C01564,915.25,UPI,new,one_time,success,none,1,0.87,247,1,40,0
TX006502,C02939,536.64,NETBANKING,returning,monthly,failed,bank_timeout,1,0.79,291,1,281,1
TX006503,C00692,765.16,CARD,returning,monthly,failed,expired_card,1,0.89,72,1,102,1
TX006504,C02301,8359.54,NETBANKING,returning,yearly,success,none,1,0.54,344,1,1373,0
TX006505,C01201,440.24,UPI,new,monthly,success,none,2,0.49,30,1,1368,0
TX006506,C02458,829.93,UPI,returning,yearly,failed,bank_timeout,0,0.75,80,1,1252,1
TX006507,C01635,744.35,UPI,new,yearly,success,none,3,0.83,328,1,1351,0
TX006508,C01634,856.48,NETBANKING,returning,one_time,success,none,3,0.89,293,1,427,0
TX006509,C00127,787.42,UPI,returning,monthly,success,none,3,0.91,79,1,678,0
TX006510,C01507,1449.89,UPI,new,one_time,success,none,0,0.97,9,1,987,0
TX006511,C01192,198.31,UPI,new,monthly,success,none,2,0.6,166,1,518,0
TX006512,C02640,3093.85,UPI,returning,one_time,success,none,0,0.66,157,1,1462,0
TX006513,C00294,2064.38,UPI,returning,monthly,success,none,0,0.91,296,1,546,0
TX006514,C01367,316.44,UPI,returning,one_time,failed,insufficient_funds,0,0.94,174,1,670,1
TX006515,C01020,113.4,UPI,new,one_time,failed,insufficient_funds,3,0.72,221,0,669,0
TX006516,C02358,412.79,CARD,new,one_time,failed,network_error,2,0.84,174,1,1007,1
TX006517,C02710,860.35,UPI,new,yearly,success,none,2,0.65,92,1,1433,0
TX006518,C02576,14476.64,CARD,returning,one_time,failed,network_error,0,0.75,78,1,541,1
TX006519,C02588,1887.97,UPI,new,yearly,success,none,2,0.63,68,0,719,0
TX006520,C00419,179.9,UPI,new,one_time,success,none,2,0.81,167,0,567,0
TX006521,C00444,550.23,UPI,returning,monthly,success,none,2,0.77,180,1,802,0
TX006522,C00685,1039.8,UPI,returning,one_time,success,none,1,0.69,162,1,1201,0
TX006523,C02888,1413.3,UPI,returning,one_time,success,none,3,0.52,17,1,511,0
TX006524,C02284,294.49,UPI,returning,yearly,failed,insufficient_funds,2,0.86,116,1,514,1
TX006525,C01463,958.16,CARD,returning,one_time,failed,network_error,3,0.93,205,1,117,1
TX006526,C02262,535.05,UPI,returning,one_time,success,none,1,0.75,190,0,282,0
TX006527,C00085,363.67,UPI,returning,monthly,success,none,0,0.9,334,0,614,0
TX006528,C02842,1421.68,UPI,returning,monthly,success,none,0,0.77,212,1,696,0
TX006529,C01768,2377.67,UPI,returning,yearly,success,none,0,0.99,279,1,884,0
TX006530,C00085,2542.85,UPI,returning,monthly,failed,insufficient_funds,3,0.87,68,1,302,1
TX006531,C01945,1947.66,WALLET,returning,monthly,success,none,2,0.8,312,1,1219,0
TX006532,C02113,666.89,UPI,returning,one_time,failed,expired_card,1,0.66,318,1,800,1
TX006533,C01670,2240.71,UPI,returning,monthly,success,none,2,0.9,273,0,1067,0
TX006534,C00663,1493.76,CARD,returning,monthly,success,none,3,0.66,155,1,404,0
TX006535,C00627,1253.81,CARD,returning,one_time,success,none,0,0.82,53,1,1322,0
TX006536,C00064,594.85,NETBANKING,new,monthly,success,none,1,0.91,62,1,1224,0
TX006537,C02987,667.22,NETBANKING,returning,one_time,failed,network_error,2,0.89,292,1,435,1
TX006538,C00919,1180.73,CARD,returning,monthly,success,none,2,0.86,282,1,1175,0
TX006539,C01376,12580.14,WALLET,returning,one_time,success,none,0,0.73,274,1,918,0
TX006540,C01182,1482.14,UPI,new,one_time,failed,card_declined,2,0.86,206,1,1393,1
TX006541,C01613,595.15,CARD,returning,monthly,success,none,2,0.79,69,1,149,0
TX006542,C00491,477.04,NETBANKING,new,one_time,failed,bank_timeout,0,0.92,37,1,165,1
TX006543,C01879,670.64,CARD,returning,one_time,success,none,3,0.72,213,1,643,0
TX006544,C01941,9674.93,WALLET,new,one_time,success,none,3,0.72,33,1,88,0
TX006545,C00313,735.64,UPI,returning,one_time,success,none,1,0.74,20,1,298,0
TX006546,C02663,2715.88,UPI,returning,one_time,success,none,2,0.86,198,1,404,0
TX006547,C00919,753.0,WALLET,returning,monthly,success,none,3,0.76,236,1,186,0
TX006548,C01883,1423.94,UPI,returning,one_time,success,none,0,0.85,120,1,1474,0
TX006549,C00813,2420.54,CARD,new,monthly,success,none,3,0.76,124,0,497,0
TX006550,C02988,618.99,UPI,new,monthly,success,none,2,0.89,192,1,494,0
TX006551,C01490,577.6,CARD,returning,monthly,success,none,1,0.72,304,1,1256,0
TX006552,C01327,5761.02,NETBANKING,new,one_time,failed,insufficient_funds,1,0.61,343,1,766,0
TX006553,C00680,2935.38,UPI,returning,yearly,success,none,3,0.76,350,1,175,0
TX006554,C00435,2417.94,UPI,returning,yearly,success,none,0,0.78,103,1,1209,0
TX006555,C00682,2409.75,UPI,new,one_time,failed,bank_timeout,0,0.8,80,1,240,1
TX006556,C01159,1736.41,NETBANKING,new,monthly,success,none,2,0.92,219,1,986,0
TX006557,C01074,8248.41,CARD,new,one_time,failed,bank_timeout,3,0.95,42,1,1012,1
TX006558,C01456,1145.86,UPI,returning,one_time,success,none,0,0.78,334,1,585,0
TX006559,C02388,1953.27,UPI,new,one_time,success,none,0,0.81,202,1,828,0
TX006560,C02395,257.0,NETBANKING,new,monthly,success,none,0,0.73,255,1,607,0
TX006561,C02694,480.6,NETBANKING,returning,monthly,success,none,3,0.67,76,1,506,0
TX006562,C01371,330.03,UPI,returning,one_time,success,none,2,0.81,360,1,1393,0
TX006563,C00649,3920.85,UPI,returning,one_time,failed,network_error,0,0.74,321,1,708,1
TX006564,C00245,100.0,CARD,returning,monthly,success,none,1,0.87,14,1,23,0
TX006565,C02157,733.4,UPI,new,one_time,success,none,3,0.87,203,1,1155,0
TX006566,C02581,100.0,WALLET,new,yearly,failed,bank_timeout,3,0.88,91,1,1499,1
TX006567,C00296,477.57,UPI,new,monthly,success,none,3,0.79,266,1,890,0
TX006568,C02160,671.19,CARD,returning,monthly,failed,card_declined,0,0.9,193,0,1382,1
TX006569,C01613,4380.29,UPI,new,monthly,success,none,2,0.68,251,1,746,0
TX006570,C02391,1630.48,NETBANKING,returning,yearly,success,none,2,0.68,79,1,260,0
TX006571,C02149,476.69,UPI,returning,monthly,success,none,1,0.92,106,1,340,0
TX006572,C02677,3184.22,UPI,returning,one_time,failed,network_error,1,0.88,73,1,190,1
TX006573,C01628,1116.36,UPI,new,one_time,success,none,2,0.58,109,1,1151,0
TX006574,C00028,1138.61,NETBANKING,returning,one_time,success,none,2,0.91,279,0,1193,0
TX006575,C02985,329.42,UPI,returning,yearly,success,none,2,0.7,269,1,1490,0
TX006576,C01986,407.48,UPI,returning,one_time,success,none,3,0.82,200,1,468,0
TX006577,C01561,480.54,UPI,returning,one_time,success,none,3,0.72,138,0,287,0
TX006578,C00058,1148.79,UPI,returning,one_time,success,none,2,0.88,70,1,1266,0
TX006579,C01522,1185.46,UPI,returning,one_time,failed,insufficient_funds,1,0.79,140,1,646,1
TX006580,C00297,5136.32,UPI,new,monthly,failed,bank_timeout,2,0.94,137,1,1172,1
TX006581,C02182,1611.72,CARD,new,one_time,failed,bank_timeout,1,0.73,269,1,1322,1
TX006582,C02297,100.0,CARD,returning,one_time,success,none,3,0.91,63,1,771,0
TX006583,C02598,1426.02,NETBANKING,returning,one_time,failed,expired_card,2,0.71,120,1,663,1
TX006584,C00902,257.23,NETBANKING,returning,one_time,success,none,1,0.92,290,1,759,0
TX006585,C01965,417.39,UPI,returning,one_time,success,none,2,0.98,155,1,1371,0
TX006586,C01099,486.79,CARD,returning,monthly,success,none,3,0.56,23,1,601,0
TX006587,C01678,564.91,UPI,new,one_time,failed,insufficient_funds,3,0.62,269,1,794,0
TX006588,C02882,277.23,UPI,returning,one_time,failed,expired_card,3,0.64,352,1,370,1
TX006589,C01192,1344.1,UPI,returning,monthly,failed,insufficient_funds,0,0.69,323,1,1394,1
TX006590,C00771,267.52,UPI,returning,yearly,success,none,3,0.84,114,1,355,0
TX006591,C01527,1566.61,UPI,new,monthly,failed,bank_timeout,2,0.82,161,1,166,1
TX006592,C01379,10269.88,UPI,returning,one_time,success,none,1,0.91,40,1,606,0
TX006593,C01249,290.22,CARD,new,monthly,success,none,2,0.85,129,1,461,0
TX006594,C01555,825.09,UPI,new,one_time,success,none,2,0.83,290,1,1031,0
TX006595,C00146,100.0,CARD,returning,yearly,success,none,0,0.77,358,1,781,0
TX006596,C01984,811.65,UPI,returning,yearly,failed,bank_timeout,2,0.86,119,1,1063,1
TX006597,C01265,2085.4,UPI,returning,monthly,failed,card_declined,0,0.8,151,1,385,1
TX006598,C01908,2254.4,UPI,returning,one_time,success,none,2,0.9,362,1,928,0
TX006599,C02941,1184.84,UPI,new,one_time,success,none,0,0.87,98,1,343,0
TX006600,C02392,2668.48,UPI,new,yearly,success,none,3,0.82,45,1,529,0
TX006601,C01773,13989.39,CARD,returning,monthly,failed,network_error,0,0.8,227,1,1203,1
TX006602,C01059,6077.23,CARD,new,one_time,success,none,0,0.73,130,1,980,0
TX006603,C02750,650.33,UPI,returning,one_time,failed,card_declined,2,0.72,334,1,416,1
TX006604,C02049,256.95,UPI,returning,monthly,success,none,3,0.98,354,1,1483,0
TX006605,C02020,730.59,NETBANKING,new,yearly,success,none,0,0.87,11,0,1364,0
TX006606,C00153,425.39,UPI,returning,monthly,success,none,2,0.69,289,1,877,0
TX006607,C02477,1722.18,UPI,new,one_time,success,none,1,0.88,108,0,1180,0
TX006608,C00508,336.57,UPI,returning,one_time,success,none,2,0.85,361,1,1375,0
TX006609,C00491,1019.61,CARD,returning,one_time,failed,insufficient_funds,2,0.87,270,1,196,1
TX006610,C00345,2535.17,CARD,returning,yearly,success,none,1,0.86,118,1,1110,0
TX006611,C01936,991.58,CARD,returning,one_time,failed,insufficient_funds,0,0.86,303,1,90,1
TX006612,C01762,425.68,UPI,new,monthly,success,none,2,0.77,264,0,771,0
TX006613,C00221,3550.39,UPI,new,one_time,success,none,2,0.9,142,1,488,0
TX006614,C01939,167.51,UPI,returning,one_time,failed,insufficient_funds,2,0.86,140,1,246,1
TX006615,C01943,790.14,CARD,returning,monthly,success,none,3,0.84,211,1,825,0
TX006616,C00723,1051.89,NETBANKING,new,monthly,success,none,0,0.81,114,1,610,0
TX006617,C00528,1114.22,UPI,returning,one_time,success,none,3,0.77,353,1,474,0
TX006618,C01523,1313.56,UPI,returning,one_time,success,none,0,0.86,103,1,751,0
TX006619,C02889,2019.17,UPI,returning,monthly,success,none,1,0.93,249,0,1307,0
TX006620,C01665,1058.48,UPI,new,monthly,failed,insufficient_funds,2,0.74,3,1,825,0
TX006621,C00481,758.95,UPI,returning,monthly,failed,network_error,3,0.82,116,1,614,0
TX006622,C02978,729.54,UPI,new,one_time,success,none,1,0.81,18,1,734,0
TX006623,C01872,594.95,WALLET,returning,monthly,success,none,0,0.99,280,1,215,0
TX006624,C02920,2410.39,UPI,new,yearly,success,none,0,0.84,137,1,493,0
TX006625,C01463,574.48,UPI,returning,yearly,success,none,1,0.94,277,0,39,0
TX006626,C01426,2557.46,UPI,returning,monthly,success,none,0,0.91,174,1,808,0
TX006627,C00345,1117.67,UPI,returning,yearly,success,none,2,0.93,35,1,900,0
TX006628,C00045,651.15,UPI,returning,one_time,success,none,0,0.84,156,1,545,0
TX006629,C02069,2035.32,CARD,new,monthly,failed,bank_timeout,0,0.8,315,1,240,1
TX006630,C01658,529.82,UPI,returning,monthly,success,none,1,0.85,224,1,1003,0
TX006631,C01888,2075.97,WALLET,returning,one_time,success,none,0,0.74,60,0,614,0
TX006632,C02921,1356.59,UPI,new,yearly,success,none,0,0.86,235,0,853,0
TX006633,C02096,604.06,UPI,returning,one_time,success,none,1,0.86,241,1,275,0
TX006634,C01515,1860.56,UPI,returning,one_time,failed,card_declined,2,0.75,191,1,1484,1
TX006635,C02599,1894.27,CARD,returning,one_time,success,none,1,0.67,353,1,1206,0
TX006636,C02335,3489.52,UPI,returning,one_time,failed,bank_timeout,2,0.94,351,1,352,1
TX006637,C01002,2881.73,UPI,new,monthly,success,none,2,0.82,64,1,1272,0
TX006638,C01034,1792.33,UPI,returning,one_time,success,none,3,0.77,45,0,1024,0
TX006639,C02590,355.1,NETBANKING,returning,one_time,success,none,1,0.95,297,1,1445,0
TX006640,C02041,12690.22,UPI,new,monthly,success,none,1,0.52,211,1,264,0
TX006641,C02804,269.45,UPI,returning,one_time,failed,expired_card,1,0.78,76,1,644,1
TX006642,C00274,2833.49,UPI,returning,monthly,success,none,0,0.85,209,1,488,0
TX006643,C00956,1687.97,UPI,new,one_time,failed,card_declined,2,0.93,273,1,1494,1
TX006644,C02648,338.95,UPI,returning,monthly,success,none,2,0.8,260,1,213,0
TX006645,C01780,968.45,UPI,returning,one_time,failed,insufficient_funds,2,0.76,275,1,1313,1
TX006646,C00381,1013.58,CARD,returning,monthly,success,none,1,0.81,196,1,1074,0
TX006647,C01353,4046.4,UPI,new,monthly,failed,insufficient_funds,2,0.66,286,1,1239,0
TX006648,C00479,537.37,CARD,returning,yearly,success,none,2,0.49,47,1,1138,0
TX006649,C02063,843.92,CARD,new,one_time,failed,expired_card,2,0.81,45,1,80,1
TX006650,C00516,106.05,UPI,returning,monthly,success,none,2,0.91,276,1,1223,0
TX006651,C00191,6215.26,CARD,returning,monthly,success,none,3,0.86,139,0,509,0
TX006652,C01192,375.98,CARD,returning,yearly,success,none,3,0.89,192,1,265,0
TX006653,C02669,1520.68,CARD,returning,monthly,failed,card_declined,1,0.96,244,1,695,1
TX006654,C01161,990.88,CARD,returning,one_time,failed,network_error,3,0.58,20,1,69,0
TX006655,C02202,994.26,CARD,returning,monthly,success,none,0,0.95,31,1,978,0
TX006656,C01412,2464.79,UPI,returning,one_time,success,none,3,0.86,277,1,485,0
TX006657,C00272,5832.86,CARD,returning,monthly,success,none,0,0.65,103,0,805,0
TX006658,C00143,1410.21,UPI,returning,monthly,failed,network_error,1,0.53,175,1,1026,1
TX006659,C01913,2111.34,CARD,returning,yearly,success,none,0,0.72,308,0,1129,0
TX006660,C01093,1523.69,UPI,returning,monthly,failed,insufficient_funds,2,0.82,199,1,741,1
TX006661,C02295,3033.68,NETBANKING,returning,monthly,success,none,0,0.7,44,1,987,0
TX006662,C00788,690.27,UPI,returning,one_time,success,none,3,0.48,85,1,121,0
TX006663,C02127,3214.38,CARD,new,monthly,failed,insufficient_funds,0,0.74,264,1,1049,0
TX006664,C01682,3329.24,CARD,returning,one_time,success,none,2,0.73,266,1,534,0
TX006665,C00623,3237.44,NETBANKING,returning,monthly,success,none,2,0.65,55,1,1496,0
TX006666,C02573,566.71,CARD,returning,one_time,success,none,2,0.91,355,0,931,0
TX006667,C02820,926.73,UPI,returning,one_time,success,none,3,0.79,348,1,1069,0
TX006668,C00938,1393.35,NETBANKING,new,monthly,success,none,1,0.9,2,1,494,0
TX006669,C01119,278.43,CARD,new,yearly,success,none,0,0.84,294,1,1283,0
TX006670,C00617,5404.14,CARD,returning,monthly,success,none,1,0.96,43,0,112,0
TX006671,C01032,1083.25,NETBANKING,new,monthly,success,none,1,0.87,80,1,957,0
TX006672,C00067,1456.7,UPI,new,monthly,failed,insufficient_funds,2,0.67,105,1,377,0
TX006673,C00191,615.85,UPI,returning,one_time,success,none,0,0.89,108,1,49,0
TX006674,C02816,290.94,UPI,returning,one_time,failed,expired_card,1,0.65,296,1,789,1
TX006675,C00521,599.42,CARD,returning,yearly,success,none,3,0.88,155,1,595,0
TX006676,C00990,1365.4,UPI,returning,yearly,failed,expired_card,3,0.72,99,1,61,0
TX006677,C01141,2150.44,CARD,new,one_time,failed,bank_timeout,3,0.89,172,0,469,1
TX006678,C02315,1289.22,UPI,returning,one_time,success,none,3,0.93,362,1,1189,0
TX006679,C01635,1551.11,CARD,new,yearly,failed,expired_card,3,0.79,284,1,8,0
TX006680,C02533,782.88,NETBANKING,new,monthly,success,none,2,0.91,203,1,17,0
TX006681,C01188,1801.27,UPI,returning,one_time,success,none,1,0.89,286,1,284,0
TX006682,C00376,4831.12,CARD,new,one_time,success,none,0,0.88,141,0,440,0
TX006683,C00653,2218.95,CARD,returning,yearly,success,none,2,0.95,50,1,443,0
TX006684,C00549,2464.0,UPI,returning,one_time,failed,card_declined,1,0.84,128,1,1109,1
TX006685,C01098,1471.47,UPI,new,one_time,success,none,3,0.92,29,1,1068,0
TX006686,C00073,243.92,UPI,returning,monthly,success,none,0,0.79,342,0,107,0
TX006687,C02356,385.81,CARD,returning,one_time,success,none,3,0.78,127,1,1163,0
TX006688,C00199,1728.27,UPI,returning,one_time,failed,expired_card,3,0.49,64,1,845,0
TX006689,C01782,1084.7,UPI,returning,one_time,success,none,0,0.98,226,1,763,0
TX006690,C00572,1702.48,UPI,new,one_time,success,none,1,0.79,311,1,271,0
TX006691,C00791,5863.04,UPI,returning,monthly,success,none,0,0.69,335,1,796,0
TX006692,C01639,2266.6,CARD,returning,monthly,success,none,2,0.88,356,1,1474,0
TX006693,C01832,3861.79,CARD,returning,one_time,failed,card_declined,3,0.86,303,1,981,1
TX006694,C01856,1205.54,UPI,returning,one_time,success,none,2,0.85,242,1,725,0
TX006695,C01511,489.21,CARD,returning,one_time,success,none,2,0.89,363,1,1264,0
TX006696,C01175,1034.98,CARD,new,one_time,success,none,2,0.86,65,1,1143,0
TX006697,C00179,490.41,UPI,returning,monthly,success,none,3,0.84,204,1,865,0
TX006698,C02245,5209.79,UPI,returning,one_time,success,none,3,0.83,16,1,187,0
TX006699,C00735,2417.26,NETBANKING,returning,monthly,success,none,1,0.79,313,0,44,0
TX006700,C02137,1845.51,CARD,returning,monthly,success,none,1,0.57,202,0,67,0
TX006701,C00799,3774.2,CARD,returning,one_time,success,none,0,0.78,59,1,1155,0
TX006702,C00788,145.47,UPI,new,one_time,success,none,0,0.67,192,0,853,0
TX006703,C02796,1974.63,NETBANKING,returning,yearly,success,none,3,0.88,44,1,329,0
TX006704,C00209,295.7,CARD,returning,yearly,failed,network_error,0,0.74,106,1,259,1
TX006705,C00493,1088.71,NETBANKING,new,yearly,failed,bank_timeout,2,0.96,161,1,1374,1
TX006706,C02713,802.95,WALLET,new,monthly,success,none,1,0.94,346,1,379,0
TX006707,C01658,2125.45,WALLET,returning,yearly,success,none,3,0.78,138,1,1416,0
TX006708,C02919,1377.72,NETBANKING,returning,monthly,success,none,1,0.69,180,1,624,0
TX006709,C00732,4209.58,UPI,returning,one_time,success,none,0,0.72,102,1,1334,0
TX006710,C01130,600.7,NETBANKING,new,monthly,failed,expired_card,1,0.7,10,1,590,0
TX006711,C01606,2228.57,UPI,returning,one_time,failed,network_error,1,0.83,208,1,759,1
TX006712,C02746,1289.78,NETBANKING,new,monthly,success,none,0,0.93,218,0,407,0
TX006713,C00594,213.73,UPI,returning,one_time,failed,card_declined,1,0.81,53,1,486,1
TX006714,C02934,437.63,CARD,returning,one_time,failed,bank_timeout,3,0.95,22,1,313,1
TX006715,C02900,944.0,UPI,returning,one_time,success,none,2,0.52,328,1,348,0
TX006716,C01216,3335.22,CARD,returning,one_time,success,none,1,0.76,267,1,371,0
TX006717,C00325,1743.63,UPI,returning,monthly,success,none,3,0.89,323,0,364,0
TX006718,C00979,341.21,UPI,returning,monthly,success,none,2,0.74,255,1,592,0
TX006719,C01750,953.07,NETBANKING,returning,one_time,success,none,3,0.78,13,1,122,0
TX006720,C01851,8248.66,CARD,new,monthly,success,none,3,0.99,186,1,1046,0
TX006721,C01491,1225.65,UPI,returning,monthly,failed,network_error,2,0.58,45,1,834,0
TX006722,C00894,790.51,UPI,new,monthly,failed,card_declined,0,0.79,171,1,745,1
TX006723,C01391,1793.17,UPI,returning,one_time,success,none,3,0.9,251,0,393,0
TX006724,C00144,2352.87,CARD,returning,monthly,success,none,0,0.75,295,0,388,0
TX006725,C00384,694.94,WALLET,returning,monthly,success,none,0,0.76,136,1,727,0
TX006726,C02264,1812.7,CARD,returning,yearly,failed,bank_timeout,1,0.65,168,1,24,1
TX006727,C02372,789.27,UPI,returning,one_time,success,none,0,0.8,350,1,780,0
TX006728,C00217,2251.45,UPI,returning,one_time,failed,insufficient_funds,3,0.67,194,1,861,0
TX006729,C01516,1299.45,WALLET,new,one_time,failed,expired_card,3,0.72,314,1,749,0
TX006730,C02999,1775.73,UPI,returning,one_time,success,none,2,0.97,99,1,181,0
TX006731,C02231,513.28,CARD,returning,one_time,success,none,0,0.83,65,1,726,0
TX006732,C02318,482.37,UPI,returning,yearly,success,none,2,0.89,101,0,1053,0
TX006733,C02993,2822.84,CARD,new,monthly,success,none,3,0.74,219,1,259,0
TX006734,C01491,1012.93,NETBANKING,returning,one_time,success,none,2,0.88,206,1,734,0
TX006735,C02918,1458.31,UPI,returning,monthly,failed,insufficient_funds,1,0.99,162,1,748,1
TX006736,C01636,807.23,CARD,returning,one_time,success,none,2,0.79,12,1,1185,0
TX006737,C02515,2693.85,UPI,returning,one_time,success,none,1,0.89,23,1,387,0
TX006738,C02353,597.16,UPI,new,monthly,success,none,1,0.9,196,1,798,0
TX006739,C01168,957.57,UPI,new,monthly,failed,insufficient_funds,0,0.74,78,1,80,0
TX006740,C00111,2406.65,UPI,returning,monthly,success,none,3,0.91,181,1,133,0
TX006741,C01014,3543.85,UPI,returning,one_time,failed,insufficient_funds,1,0.84,347,0,943,0
TX006742,C00232,649.52,NETBANKING,returning,one_time,success,none,3,0.81,309,0,95,0
TX006743,C01715,7782.9,UPI,returning,yearly,success,none,2,0.9,296,1,831,0
TX006744,C01756,1500.03,UPI,returning,yearly,failed,network_error,2,0.83,78,1,1140,1
TX006745,C02643,386.48,UPI,new,one_time,success,none,2,0.89,36,0,1067,0
TX006746,C01578,1586.13,UPI,returning,monthly,success,none,2,0.74,193,0,426,0
TX006747,C01297,747.7,UPI,returning,one_time,failed,insufficient_funds,2,0.84,142,1,823,1
TX006748,C02221,1692.68,UPI,returning,one_time,failed,insufficient_funds,0,0.83,241,1,303,1
TX006749,C00973,1050.63,CARD,new,monthly,success,none,0,0.88,248,1,1182,0
TX006750,C01031,1181.19,WALLET,new,monthly,success,none,1,0.67,112,1,381,0
TX006751,C02594,440.72,CARD,new,monthly,success,none,3,0.82,290,1,1463,0
TX006752,C02596,2951.48,UPI,returning,monthly,failed,network_error,2,0.78,122,1,411,1
TX006753,C00518,345.11,NETBANKING,returning,monthly,failed,expired_card,3,0.86,154,1,1163,1
TX006754,C00914,361.85,UPI,returning,one_time,success,none,2,0.81,311,1,218,0
TX006755,C02263,1583.45,UPI,new,monthly,success,none,1,0.89,63,1,1461,0
TX006756,C02182,5447.13,UPI,new,yearly,success,none,0,0.84,109,1,1261,0
TX006757,C02333,770.78,UPI,returning,monthly,success,none,1,0.87,326,1,934,0
TX006758,C01945,2210.5,NETBANKING,returning,one_time,failed,bank_timeout,3,0.8,302,1,481,1
TX006759,C01463,3207.8,UPI,returning,yearly,failed,bank_timeout,3,0.79,37,1,155,1
TX006760,C01873,2476.71,CARD,new,one_time,failed,expired_card,2,0.82,279,1,353,1
TX006761,C02734,803.35,UPI,returning,one_time,success,none,0,0.77,272,0,298,0
TX006762,C02379,368.32,CARD,returning,one_time,failed,network_error,3,0.82,288,1,1001,1
TX006763,C02942,120.6,CARD,new,one_time,failed,insufficient_funds,1,0.72,7,0,1206,0
TX006764,C01308,843.16,UPI,returning,one_time,success,none,1,0.48,81,1,114,0
TX006765,C00899,3562.04,CARD,new,monthly,failed,bank_timeout,2,0.59,133,1,886,0
TX006766,C01099,356.32,CARD,new,monthly,success,none,2,0.85,191,1,1412,0
TX006767,C01190,2208.81,CARD,returning,monthly,success,none,0,0.95,140,1,876,0
TX006768,C01213,424.05,CARD,returning,monthly,failed,expired_card,2,0.87,90,1,1013,1
TX006769,C02126,1219.35,CARD,new,monthly,success,none,1,0.89,72,0,160,0
TX006770,C02995,2225.62,UPI,returning,monthly,failed,expired_card,2,0.69,9,1,1394,1
TX006771,C00688,567.08,CARD,returning,yearly,success,none,1,0.95,224,1,1415,0
TX006772,C02069,1300.47,UPI,new,one_time,failed,insufficient_funds,3,0.93,300,0,1066,0
TX006773,C00566,724.08,UPI,new,one_time,success,none,2,0.88,278,1,273,0
TX006774,C01208,2219.75,NETBANKING,returning,one_time,success,none,0,0.86,8,1,784,0
TX006775,C01895,1387.58,UPI,new,one_time,success,none,0,0.77,56,1,1187,0
TX006776,C00827,1160.39,UPI,returning,yearly,success,none,0,0.92,284,1,779,0
TX006777,C01352,5210.08,UPI,returning,one_time,success,none,2,0.92,116,1,522,0
TX006778,C02227,2126.66,UPI,new,monthly,success,none,3,0.97,201,1,1398,0
TX006779,C01812,549.85,UPI,returning,one_time,failed,expired_card,3,0.93,47,1,748,1
TX006780,C01083,1006.4,WALLET,new,monthly,success,none,0,0.67,21,1,1169,0
TX006781,C01351,1016.48,UPI,new,one_time,success,none,3,0.84,33,1,808,0
TX006782,C02953,1188.35,CARD,new,monthly,success,none,1,0.84,304,1,1017,0
TX006783,C01645,13691.21,UPI,returning,yearly,success,none,2,0.94,74,1,750,0
TX006784,C02717,1588.99,CARD,returning,one_time,success,none,3,0.87,249,1,1126,0
TX006785,C00191,143.18,WALLET,returning,one_time,failed,network_error,3,0.57,206,1,656,1
TX006786,C01224,637.27,UPI,returning,one_time,success,none,3,0.58,360,1,1382,0
TX006787,C01336,158.8,NETBANKING,new,monthly,failed,network_error,0,0.89,231,1,1077,1
TX006788,C00708,788.55,WALLET,new,one_time,failed,bank_timeout,2,0.89,272,1,236,1
TX006789,C00379,150.31,CARD,new,monthly,success,none,3,0.73,306,1,466,0
TX006790,C00387,458.71,UPI,new,one_time,failed,card_declined,2,0.74,20,1,376,0
TX006791,C02285,239.67,CARD,new,one_time,failed,expired_card,3,0.76,323,1,1455,0
TX006792,C00616,1610.27,NETBANKING,returning,monthly,success,none,1,0.46,246,1,882,0
TX006793,C01543,1097.22,UPI,returning,one_time,failed,network_error,2,0.97,45,1,260,1
TX006794,C02331,1484.69,UPI,returning,monthly,success,none,2,0.74,291,1,380,0
TX006795,C02049,987.77,UPI,new,one_time,success,none,2,0.75,225,1,1447,0
TX006796,C01755,271.97,UPI,returning,monthly,success,none,1,0.94,120,1,517,0
TX006797,C00464,1832.66,NETBANKING,returning,monthly,success,none,0,0.91,285,1,796,0
TX006798,C00967,7496.75,UPI,returning,monthly,success,none,3,0.69,45,1,1127,0
TX006799,C00172,1651.13,UPI,new,one_time,failed,insufficient_funds,0,0.64,252,1,1098,0
TX006800,C01147,716.28,CARD,returning,one_time,success,none,2,0.72,143,1,185,0
TX006801,C00843,262.94,UPI,returning,monthly,success,none,0,0.77,259,1,1470,0
TX006802,C01322,442.28,UPI,returning,one_time,failed,insufficient_funds,2,0.87,93,1,320,1
TX006803,C01909,1725.1,UPI,returning,one_time,success,none,3,0.56,325,1,505,0
TX006804,C00690,3207.09,UPI,returning,monthly,success,none,0,0.85,109,1,138,0
TX006805,C02623,1423.49,UPI,new,one_time,failed,card_declined,3,0.77,98,1,695,1
TX006806,C01508,2440.33,UPI,returning,monthly,failed,card_declined,3,0.83,34,1,122,1
TX006807,C02213,2225.37,UPI,new,yearly,success,none,0,0.85,362,0,658,0
TX006808,C02025,1819.9,NETBANKING,new,one_time,success,none,1,0.62,84,1,1089,0
TX006809,C01723,567.66,NETBANKING,returning,yearly,failed,card_declined,1,0.83,199,1,1061,1
TX006810,C00383,1304.95,UPI,returning,yearly,success,none,1,0.97,260,1,1261,0
TX006811,C02257,469.48,CARD,new,one_time,success,none,0,0.77,75,0,914,0
TX006812,C01413,1115.91,NETBANKING,returning,one_time,success,none,0,0.47,226,1,697,0
TX006813,C01584,1526.7,UPI,returning,monthly,failed,insufficient_funds,0,0.44,15,1,1367,1
TX006814,C02272,5876.89,NETBANKING,returning,monthly,success,none,0,0.57,273,1,592,0
TX006815,C02051,295.97,NETBANKING,new,one_time,success,none,1,0.83,54,1,474,0
TX006816,C00372,1774.91,UPI,returning,one_time,success,none,1,0.82,37,1,355,0
TX006817,C01711,4823.41,UPI,new,one_time,success,none,0,0.85,54,1,1103,0
TX006818,C01470,2342.2,UPI,new,monthly,success,none,3,0.77,278,1,355,0
TX006819,C00611,2522.35,UPI,returning,one_time,success,none,3,0.9,8,1,718,0
TX006820,C00116,1973.76,NETBANKING,new,monthly,failed,expired_card,3,0.83,11,1,544,1
TX006821,C00447,4017.18,NETBANKING,new,yearly,failed,network_error,0,0.74,73,1,1207,1
TX006822,C01392,369.64,UPI,returning,monthly,failed,insufficient_funds,1,0.79,326,1,1005,1
TX006823,C01341,274.26,CARD,new,one_time,success,none,0,0.81,108,0,1001,0
TX006824,C00415,1089.71,CARD,new,one_time,success,none,2,0.83,9,0,1424,0
TX006825,C01809,126.32,UPI,returning,monthly,success,none,1,0.78,238,1,1093,0
TX006826,C02940,3754.26,CARD,returning,yearly,success,none,1,0.88,245,0,990,0
TX006827,C01048,3717.16,NETBANKING,returning,monthly,failed,network_error,3,0.6,251,1,1266,0
TX006828,C02711,710.98,UPI,returning,monthly,success,none,3,0.76,335,1,1411,0
TX006829,C01874,756.9,UPI,returning,one_time,failed,card_declined,3,0.91,258,0,96,1
TX006830,C01074,1020.1,UPI,returning,monthly,failed,bank_timeout,0,0.74,288,0,1409,1
TX006831,C00718,1155.19,UPI,new,monthly,failed,expired_card,2,0.78,51,1,724,0
TX006832,C01359,1245.35,UPI,new,yearly,success,none,3,0.91,165,0,1020,0
TX006833,C01606,1916.45,UPI,returning,monthly,success,none,0,0.68,6,1,799,0
TX006834,C02319,922.76,UPI,returning,monthly,success,none,2,0.8,217,0,724,0
TX006835,C00562,2816.34,CARD,returning,monthly,success,none,0,0.84,268,1,903,0
TX006836,C02852,1712.91,UPI,new,yearly,failed,card_declined,1,0.74,54,1,360,1
TX006837,C02295,597.67,UPI,new,monthly,success,none,1,0.67,302,0,647,0
TX006838,C00387,4167.67,NETBANKING,returning,one_time,success,none,2,0.88,254,1,1319,0
TX006839,C00702,281.95,NETBANKING,returning,monthly,success,none,3,0.92,146,1,413,0
TX006840,C02607,1000.08,UPI,returning,yearly,failed,card_declined,2,0.79,59,1,146,1
TX006841,C00973,2883.95,UPI,new,monthly,success,none,0,0.86,135,1,847,0
TX006842,C01385,532.15,NETBANKING,new,monthly,failed,network_error,1,0.72,211,1,915,1
TX006843,C00984,1494.51,UPI,new,monthly,success,none,3,0.87,88,1,179,0
TX006844,C01512,1888.13,UPI,returning,monthly,failed,insufficient_funds,0,0.87,94,1,559,1
TX006845,C00352,463.81,UPI,returning,one_time,success,none,0,0.74,239,1,1359,0
TX006846,C01725,1019.96,UPI,returning,monthly,success,none,1,0.77,143,1,978,0
TX006847,C01952,937.76,UPI,returning,one_time,success,none,3,0.59,125,1,320,0
TX006848,C01280,631.6,UPI,returning,yearly,failed,bank_timeout,2,0.6,46,1,583,1
TX006849,C01908,10956.35,CARD,returning,yearly,success,none,1,0.75,160,0,483,0
TX006850,C00753,511.27,NETBANKING,returning,one_time,success,none,1,0.93,177,1,402,0
TX006851,C02829,2995.69,WALLET,new,yearly,success,none,3,0.9,94,1,1213,0
TX006852,C01025,740.41,UPI,returning,one_time,failed,expired_card,2,0.96,351,1,1075,1
TX006853,C00546,369.95,UPI,new,monthly,success,none,1,0.92,10,1,1470,0
TX006854,C01470,1215.38,CARD,returning,one_time,success,none,2,0.92,145,1,446,0
TX006855,C00079,2098.74,UPI,returning,one_time,success,none,1,0.5,148,1,784,0
TX006856,C01260,2753.17,UPI,new,yearly,success,none,2,0.97,307,1,1451,0
TX006857,C02382,5230.52,UPI,new,yearly,success,none,2,0.96,245,1,603,0
TX006858,C00889,20852.86,UPI,new,monthly,success,none,0,0.95,20,1,1047,0
TX006859,C01106,1408.83,UPI,returning,one_time,success,none,1,0.74,4,1,1042,0
TX006860,C02550,565.05,UPI,new,monthly,success,none,0,0.87,119,1,323,0
TX006861,C01991,1724.81,WALLET,returning,yearly,success,none,1,0.79,221,0,203,0
TX006862,C01501,840.32,UPI,new,one_time,failed,bank_timeout,0,0.95,182,1,734,1
TX006863,C02813,2768.24,WALLET,returning,one_time,failed,card_declined,0,0.8,92,1,814,1
TX006864,C00921,299.72,NETBANKING,new,monthly,success,none,0,0.63,321,1,38,0
TX006865,C00550,11711.59,UPI,returning,yearly,success,none,0,0.8,11,1,1157,0
TX006866,C02062,2581.3,CARD,returning,one_time,success,none,0,0.84,106,1,410,0
TX006867,C00392,203.57,CARD,returning,monthly,failed,bank_timeout,1,0.6,27,1,1357,1
TX006868,C02358,539.68,UPI,returning,monthly,failed,expired_card,3,0.65,232,1,274,0
TX006869,C02434,2480.17,UPI,returning,one_time,success,none,0,0.88,252,1,827,0
TX006870,C01381,3555.83,UPI,new,monthly,failed,card_declined,3,0.9,128,1,834,0
TX006871,C00974,307.28,CARD,returning,monthly,success,none,0,0.88,338,1,1067,0
TX006872,C00340,2237.3,UPI,returning,one_time,success,none,1,0.86,273,0,454,0
TX006873,C02645,156.44,UPI,returning,monthly,success,none,2,0.85,289,1,847,0
TX006874,C00757,1002.91,UPI,new,monthly,success,none,3,0.57,61,1,1490,0
TX006875,C01046,3334.4,UPI,new,one_time,failed,expired_card,3,0.65,106,1,33,0
TX006876,C02339,631.74,UPI,new,monthly,failed,bank_timeout,1,0.78,29,0,60,0
TX006877,C02354,243.0,UPI,new,one_time,failed,card_declined,2,0.65,63,1,35,0
TX006878,C02682,1269.29,NETBANKING,returning,one_time,success,none,3,0.93,37,1,794,0
TX006879,C02673,599.01,CARD,new,one_time,success,none,1,0.79,16,1,1430,0
TX006880,C00939,2058.14,CARD,returning,monthly,success,none,0,0.89,312,1,523,0
TX006881,C00848,452.45,CARD,returning,one_time,success,none,3,0.52,170,1,267,0
TX006882,C00442,506.42,CARD,returning,one_time,success,none,2,0.72,280,1,504,0
TX006883,C02551,145.33,CARD,returning,one_time,failed,card_declined,3,0.67,287,1,306,0
TX006884,C00130,1299.77,UPI,new,monthly,success,none,0,0.86,99,0,487,0
TX006885,C00597,933.64,WALLET,new,monthly,failed,expired_card,2,0.74,130,1,1342,1
TX006886,C01959,334.16,UPI,returning,one_time,success,none,0,0.82,341,1,469,0
TX006887,C01506,1331.15,UPI,returning,yearly,failed,insufficient_funds,2,0.59,337,1,1197,1
TX006888,C00862,3062.76,UPI,new,monthly,failed,card_declined,0,0.95,35,0,688,0
TX006889,C02641,883.98,UPI,new,monthly,success,none,2,0.86,190,1,1396,0
TX006890,C00999,1433.92,CARD,returning,monthly,success,none,2,0.94,182,1,1203,0
TX006891,C02373,1441.32,UPI,new,one_time,failed,expired_card,0,0.69,197,1,922,1
TX006892,C02496,328.87,NETBANKING,returning,yearly,failed,expired_card,3,0.85,51,1,1145,0
TX006893,C01552,8574.82,UPI,returning,one_time,success,none,1,0.93,124,1,1147,0
TX006894,C02867,684.82,UPI,returning,monthly,success,none,3,0.86,124,1,1376,0
TX006895,C01641,2113.53,UPI,returning,monthly,success,none,1,0.75,208,1,217,0
TX006896,C01512,2366.61,CARD,new,yearly,success,none,0,0.96,209,1,1484,0
TX006897,C01737,953.75,NETBANKING,returning,one_time,failed,expired_card,3,0.68,113,1,1349,0
TX006898,C02757,2011.82,UPI,new,monthly,success,none,0,0.93,270,1,1206,0
TX006899,C01450,1402.23,UPI,returning,monthly,failed,insufficient_funds,1,0.69,56,0,1357,1
TX006900,C01858,265.7,WALLET,returning,one_time,failed,network_error,2,0.84,117,0,1404,1
TX006901,C00265,786.61,UPI,new,one_time,failed,card_declined,0,0.97,123,1,793,1
TX006902,C02660,594.34,UPI,returning,one_time,success,none,3,0.84,162,0,743,0
TX006903,C02880,691.08,UPI,returning,one_time,success,none,0,0.68,340,1,201,0
TX006904,C02722,297.67,UPI,returning,one_time,failed,bank_timeout,0,0.96,166,1,1084,1
TX006905,C01463,3382.71,UPI,returning,monthly,success,none,0,0.79,17,1,233,0
TX006906,C00157,5442.49,UPI,returning,monthly,success,none,1,0.6,354,1,1143,0
TX006907,C01446,2916.1,NETBANKING,returning,yearly,failed,expired_card,3,0.83,48,1,388,1
TX006908,C02299,3907.02,CARD,returning,one_time,success,none,3,0.57,306,1,794,0
TX006909,C02926,776.94,NETBANKING,returning,one_time,success,none,1,0.94,71,1,1360,0
TX006910,C01633,580.41,UPI,new,yearly,failed,bank_timeout,3,0.76,169,1,1192,0
TX006911,C02578,503.41,CARD,new,monthly,failed,expired_card,3,0.75,300,1,1144,1
TX006912,C02375,2088.22,CARD,new,monthly,success,none,0,0.71,347,1,708,0
TX006913,C00895,1376.17,NETBANKING,new,one_time,success,none,1,0.54,104,1,811,0
TX006914,C02145,1015.14,UPI,new,yearly,success,none,1,0.86,317,1,1311,0
TX006915,C00513,4004.4,UPI,returning,one_time,success,none,1,0.62,178,1,232,0
TX006916,C00216,1644.09,CARD,new,one_time,success,none,2,0.96,214,1,1191,0
TX006917,C02173,474.06,WALLET,returning,monthly,success,none,3,0.8,350,1,1143,0
TX006918,C01707,555.07,WALLET,returning,monthly,failed,expired_card,0,0.85,164,1,102,1
TX006919,C02107,2168.94,CARD,returning,one_time,success,none,0,0.82,289,1,36,0
TX006920,C01568,3107.99,UPI,returning,monthly,success,none,0,0.7,45,1,1348,0
TX006921,C02209,1903.94,UPI,new,monthly,failed,card_declined,0,0.88,73,1,763,1
TX006922,C02332,7309.2,NETBANKING,returning,monthly,failed,insufficient_funds,3,0.47,2,1,32,0
TX006923,C02154,5625.17,UPI,returning,one_time,success,none,1,0.78,1,1,245,0
TX006924,C01129,1704.51,UPI,returning,one_time,success,none,1,0.71,326,1,352,0
TX006925,C00228,474.1,NETBANKING,new,monthly,failed,insufficient_funds,2,0.84,342,0,1269,0
TX006926,C02366,295.9,UPI,returning,yearly,success,none,0,0.87,127,1,826,0
TX006927,C01488,744.43,CARD,returning,one_time,failed,bank_timeout,2,0.81,320,1,281,1
TX006928,C00802,2329.04,CARD,returning,one_time,failed,network_error,3,0.87,364,1,176,1
TX006929,C01623,6813.4,UPI,new,one_time,success,none,2,0.79,354,1,437,0
TX006930,C01906,1664.78,UPI,returning,one_time,failed,insufficient_funds,3,0.59,310,1,84,1
TX006931,C02922,3528.83,UPI,returning,yearly,failed,insufficient_funds,2,0.9,291,1,748,1
TX006932,C00472,858.08,CARD,returning,one_time,success,none,3,0.78,315,0,1488,0
TX006933,C01080,2044.21,UPI,returning,monthly,success,none,3,0.67,292,0,459,0
TX006934,C02673,2498.28,UPI,new,one_time,failed,network_error,2,0.53,45,1,502,0
TX006935,C02061,151.47,WALLET,new,one_time,success,none,1,0.93,77,1,329,0
TX006936,C01042,725.28,UPI,new,yearly,success,none,2,0.93,33,1,840,0
TX006937,C02742,2834.73,UPI,new,monthly,failed,insufficient_funds,1,0.69,279,1,1394,0
TX006938,C02161,1442.98,UPI,new,monthly,failed,card_declined,1,0.69,149,1,900,0
TX006939,C00229,331.45,UPI,new,monthly,success,none,2,0.88,338,1,595,0
TX006940,C00171,100.0,WALLET,new,one_time,success,none,0,0.89,63,1,802,0
TX006941,C00295,760.68,UPI,returning,monthly,failed,card_declined,1,0.69,36,1,1480,1
TX006942,C00189,1020.87,UPI,returning,one_time,success,none,0,0.72,165,1,176,0
TX006943,C00426,453.08,NETBANKING,new,monthly,success,none,3,0.76,257,1,856,0
TX006944,C00977,1265.33,CARD,new,monthly,success,none,3,0.78,282,1,186,0
TX006945,C01103,1819.63,UPI,returning,one_time,success,none,3,0.65,170,1,393,0
TX006946,C02706,2144.55,NETBANKING,returning,yearly,success,none,1,0.72,232,1,1076,0
TX006947,C00919,103.97,CARD,new,monthly,failed,bank_timeout,1,0.7,78,1,602,1
TX006948,C00499,294.63,UPI,returning,monthly,success,none,3,0.8,250,1,972,0
TX006949,C01822,808.66,CARD,new,one_time,failed,bank_timeout,2,0.81,190,1,846,1
TX006950,C02810,1943.36,NETBANKING,returning,yearly,failed,bank_timeout,2,0.55,252,1,1096,1
TX006951,C00866,1788.68,UPI,returning,yearly,success,none,3,0.93,300,1,551,0
TX006952,C00826,1757.89,CARD,new,monthly,success,none,0,0.79,164,0,487,0
TX006953,C01859,747.39,WALLET,returning,one_time,failed,card_declined,3,0.49,260,1,1473,0
TX006954,C02119,790.26,CARD,new,one_time,success,none,1,0.88,149,1,1186,0
TX006955,C02296,529.36,UPI,returning,one_time,success,none,0,0.51,114,1,1178,0
TX006956,C00146,2364.2,UPI,returning,monthly,success,none,2,0.67,17,0,773,0
TX006957,C01642,436.82,CARD,returning,one_time,failed,bank_timeout,2,0.93,272,1,1239,1
TX006958,C01320,2565.83,UPI,new,yearly,success,none,0,0.94,41,0,105,0
TX006959,C02630,1349.99,WALLET,returning,one_time,success,none,0,0.9,311,1,266,0
TX006960,C00470,1048.33,UPI,returning,monthly,failed,bank_timeout,1,0.81,348,1,327,1
TX006961,C00193,568.66,UPI,returning,one_time,failed,card_declined,3,0.87,313,0,97,0
TX006962,C01092,282.72,CARD,new,one_time,success,none,0,0.84,194,1,1290,0
TX006963,C02542,573.84,UPI,new,monthly,success,none,0,0.99,38,0,252,0
TX006964,C00052,788.39,UPI,returning,monthly,failed,network_error,2,0.67,82,1,262,1
TX006965,C02930,102.61,UPI,returning,monthly,failed,bank_timeout,2,0.87,165,1,824,1
TX006966,C02411,900.23,CARD,returning,one_time,success,none,3,0.77,50,1,642,0
TX006967,C01821,2763.79,NETBANKING,returning,one_time,success,none,0,0.78,219,1,1390,0
TX006968,C02965,1933.75,CARD,new,yearly,success,none,2,0.95,129,1,142,0
TX006969,C02522,667.67,UPI,returning,monthly,success,none,3,0.84,252,1,1481,0
TX006970,C01870,1149.33,UPI,new,monthly,failed,insufficient_funds,2,0.91,193,1,18,1
TX006971,C02569,628.81,NETBANKING,returning,one_time,success,none,2,0.89,65,1,971,0
TX006972,C01787,1272.53,NETBANKING,returning,monthly,success,none,2,0.86,44,1,1233,0
TX006973,C01455,5115.9,UPI,returning,one_time,success,none,1,0.89,140,1,27,0
TX006974,C01868,2888.52,CARD,new,one_time,failed,card_declined,1,0.86,101,1,612,1
TX006975,C02739,1846.03,UPI,returning,one_time,failed,network_error,0,0.8,332,1,994,1
TX006976,C02580,669.89,UPI,new,one_time,success,none,3,0.95,309,1,438,0
TX006977,C02008,2321.43,NETBANKING,new,one_time,success,none,3,0.64,189,1,219,0
TX006978,C01435,202.98,UPI,new,one_time,success,none,1,0.93,13,1,1234,0
TX006979,C00840,852.05,UPI,new,monthly,success,none,3,0.63,298,0,897,0
TX006980,C00241,1965.91,UPI,returning,monthly,success,none,0,0.83,174,0,1360,0
TX006981,C00536,2299.44,UPI,returning,yearly,success,none,3,0.84,209,1,124,0
TX006982,C01408,2142.83,CARD,returning,one_time,success,none,3,0.86,298,1,1063,0
TX006983,C00083,1472.67,UPI,new,one_time,success,none,1,0.91,144,1,818,0
TX006984,C00982,901.69,CARD,returning,monthly,failed,insufficient_funds,1,0.8,360,1,275,1
TX006985,C00951,1878.02,UPI,new,one_time,failed,insufficient_funds,3,0.49,254,1,1057,0
TX006986,C00611,422.9,CARD,new,one_time,success,none,3,0.45,172,1,1215,0
TX006987,C00574,471.22,UPI,returning,monthly,success,none,0,0.59,109,1,1054,0
TX006988,C02334,1166.47,CARD,returning,monthly,success,none,0,0.82,326,0,219,0
TX006989,C00989,1304.01,CARD,returning,monthly,success,none,0,0.45,338,1,776,0
TX006990,C00459,176.69,WALLET,returning,yearly,success,none,2,0.75,22,1,1196,0
TX006991,C02174,1728.74,NETBANKING,new,monthly,success,none,2,0.79,291,1,490,0
TX006992,C01523,2374.94,UPI,new,one_time,failed,expired_card,2,0.73,105,1,995,0
TX006993,C02473,1015.07,UPI,returning,monthly,success,none,3,0.58,73,1,1187,0
TX006994,C02602,11783.63,CARD,new,monthly,success,none,0,0.72,305,1,313,0
TX006995,C02658,553.94,CARD,returning,monthly,success,none,2,0.93,199,1,102,0
TX006996,C01985,764.26,UPI,returning,yearly,failed,network_error,1,0.45,245,1,40,1
TX006997,C01567,738.73,UPI,new,monthly,failed,expired_card,1,0.85,76,1,998,1
TX006998,C02160,1016.19,CARD,returning,monthly,success,none,3,0.88,64,0,1335,0
TX006999,C02450,789.4,NETBANKING,new,one_time,success,none,1,0.92,287,1,544,0
TX007000,C00122,268.59,NETBANKING,new,yearly,success,none,3,0.76,129,1,1393,0
TX007001,C00273,634.89,UPI,returning,monthly,success,none,1,0.54,231,1,1280,0
TX007002,C01318,994.64,UPI,returning,one_time,success,none,2,0.75,101,1,1290,0
TX007003,C00398,3746.48,UPI,returning,one_time,success,none,2,0.92,148,1,884,0
TX007004,C02519,9919.36,UPI,new,one_time,failed,card_declined,3,0.77,353,1,1117,0
TX007005,C00985,4169.18,CARD,new,one_time,success,none,3,0.66,341,1,607,0
TX007006,C01231,505.03,CARD,returning,monthly,failed,network_error,1,0.49,344,1,364,1
TX007007,C01134,546.86,UPI,returning,one_time,success,none,0,0.9,201,1,1416,0
TX007008,C01302,935.12,UPI,returning,yearly,failed,expired_card,1,0.51,240,1,535,1
TX007009,C01911,6532.59,UPI,returning,monthly,success,none,1,0.75,320,1,954,0
TX007010,C02617,929.43,NETBANKING,returning,one_time,success,none,3,0.84,98,1,1275,0
TX007011,C01506,290.76,UPI,new,one_time,failed,card_declined,0,0.87,272,1,838,1
TX007012,C01917,664.36,UPI,new,one_time,success,none,0,0.81,247,1,943,0
TX007013,C02945,2338.01,CARD,new,one_time,success,none,3,0.96,183,1,710,0
TX007014,C00820,2186.24,CARD,returning,one_time,success,none,2,0.8,26,1,1157,0
TX007015,C02901,897.65,NETBANKING,returning,monthly,success,none,3,0.51,193,0,565,0
TX007016,C02758,2172.02,UPI,new,yearly,success,none,3,0.95,85,1,755,0
TX007017,C01957,112.94,UPI,new,yearly,success,none,3,0.69,101,1,817,0
TX007018,C02369,1216.62,UPI,returning,monthly,success,none,0,0.82,333,1,987,0
TX007019,C00179,2593.3,NETBANKING,returning,monthly,failed,bank_timeout,3,0.92,355,1,958,1
TX007020,C00897,476.82,CARD,returning,yearly,success,none,0,0.73,310,1,1456,0
TX007021,C02267,475.16,NETBANKING,new,monthly,success,none,3,0.86,253,0,451,0
TX007022,C02837,169.62,UPI,returning,one_time,success,none,2,0.78,310,1,1414,0
TX007023,C01973,5377.05,CARD,returning,monthly,failed,insufficient_funds,2,0.83,200,1,951,1
TX007024,C01552,533.71,UPI,new,yearly,failed,card_declined,1,0.97,213,1,442,1
TX007025,C00492,1395.55,UPI,returning,one_time,success,none,1,0.84,177,1,1409,0
TX007026,C00061,2006.04,UPI,new,one_time,failed,network_error,0,0.69,83,0,138,0
TX007027,C01078,4974.44,CARD,new,one_time,success,none,2,0.59,334,1,820,0
TX007028,C01704,940.21,UPI,returning,one_time,failed,insufficient_funds,0,0.78,201,0,1138,1
TX007029,C02586,639.43,NETBANKING,returning,one_time,success,none,3,0.69,359,1,674,0
TX007030,C02896,1303.84,CARD,returning,one_time,success,none,3,0.87,117,1,1240,0
TX007031,C00065,3960.32,UPI,new,yearly,success,none,0,0.68,174,1,897,0
TX007032,C00586,925.03,CARD,returning,yearly,failed,insufficient_funds,1,0.62,347,1,1220,1
TX007033,C01728,422.05,UPI,new,yearly,success,none,0,0.8,129,1,1357,0
TX007034,C02219,234.92,UPI,new,one_time,success,none,0,0.9,44,1,23,0
TX007035,C00535,323.34,CARD,returning,one_time,failed,card_declined,1,0.85,132,1,1419,1
TX007036,C02741,2602.93,NETBANKING,returning,one_time,success,none,3,0.71,31,1,996,0
TX007037,C02156,795.82,UPI,new,yearly,success,none,1,0.84,271,1,105,0
TX007038,C01871,597.34,NETBANKING,returning,one_time,failed,bank_timeout,2,0.67,1,1,1349,1
TX007039,C02862,535.95,CARD,new,monthly,failed,card_declined,1,0.88,200,1,147,1
TX007040,C01005,1193.98,UPI,returning,one_time,failed,expired_card,2,0.74,251,0,1155,0
TX007041,C02500,863.11,UPI,returning,one_time,success,none,2,0.77,283,1,687,0
TX007042,C01230,834.53,CARD,returning,one_time,success,none,1,0.91,322,1,950,0
TX007043,C02638,4227.32,UPI,returning,monthly,failed,expired_card,1,0.94,13,1,304,1
TX007044,C01040,5105.21,NETBANKING,new,one_time,success,none,1,0.89,199,1,134,0
TX007045,C00327,219.2,CARD,returning,one_time,success,none,0,0.56,162,1,1266,0
TX007046,C00608,1521.71,UPI,returning,one_time,success,none,1,0.73,161,1,1399,0
TX007047,C02707,504.28,WALLET,new,monthly,success,none,2,0.94,347,1,701,0
TX007048,C00002,855.55,UPI,returning,monthly,success,none,2,0.94,87,1,817,0
TX007049,C01034,1494.1,NETBANKING,new,yearly,failed,expired_card,2,0.63,208,1,435,0
TX007050,C02482,886.5,UPI,returning,one_time,success,none,1,0.94,171,1,1011,0
TX007051,C00125,1380.86,CARD,returning,one_time,failed,network_error,3,0.63,87,1,1463,0
TX007052,C01105,2149.46,UPI,returning,monthly,success,none,3,0.8,89,1,94,0
TX007053,C02533,1472.29,CARD,new,monthly,success,none,2,0.97,135,1,494,0
TX007054,C02700,574.31,UPI,returning,monthly,success,none,2,0.82,295,1,970,0
TX007055,C01862,584.53,UPI,returning,yearly,failed,card_declined,0,0.76,194,0,731,1
TX007056,C01174,259.9,UPI,returning,monthly,success,none,1,0.76,217,1,1019,0
TX007057,C02848,466.88,NETBANKING,returning,one_time,success,none,1,0.8,237,0,423,0
TX007058,C02921,7801.48,UPI,new,one_time,failed,insufficient_funds,2,0.96,36,1,1430,1
TX007059,C00129,496.71,CARD,returning,yearly,success,none,0,0.93,192,1,87,0
TX007060,C00438,332.49,NETBANKING,new,one_time,failed,network_error,2,0.59,206,1,135,0
TX007061,C00751,1510.1,NETBANKING,returning,monthly,failed,expired_card,0,0.93,233,1,705,1
TX007062,C02549,982.04,UPI,new,yearly,success,none,2,0.85,210,0,813,0
TX007063,C01222,901.81,NETBANKING,returning,monthly,success,none,2,0.87,132,0,788,0
TX007064,C02259,4487.48,UPI,new,monthly,success,none,1,0.8,223,1,258,0
TX007065,C00902,1899.08,CARD,returning,monthly,success,none,0,0.9,22,0,1027,0
TX007066,C02093,645.49,CARD,new,one_time,success,none,3,0.58,71,1,312,0
TX007067,C01303,717.32,UPI,returning,monthly,success,none,0,0.65,342,1,1328,0
TX007068,C02583,663.42,UPI,new,one_time,success,none,0,0.91,132,1,592,0
TX007069,C01434,2630.0,UPI,returning,one_time,success,none,1,0.82,320,1,1292,0
TX007070,C02509,805.81,UPI,new,monthly,success,none,3,0.81,22,1,410,0
TX007071,C00391,182.52,NETBANKING,returning,monthly,success,none,3,0.77,190,1,177,0
TX007072,C01068,1044.9,UPI,returning,monthly,failed,network_error,1,0.8,99,1,998,1
TX007073,C00027,235.8,NETBANKING,returning,yearly,success,none,2,0.78,296,0,1138,0
TX007074,C02842,9742.28,UPI,returning,one_time,failed,insufficient_funds,0,0.94,20,1,570,1
TX007075,C00548,417.52,WALLET,new,monthly,success,none,0,0.82,65,1,239,0
TX007076,C02669,932.75,CARD,new,one_time,failed,network_error,2,0.83,241,1,150,0
TX007077,C00567,1419.7,NETBANKING,returning,monthly,success,none,3,0.92,151,0,862,0
TX007078,C00704,821.67,UPI,returning,yearly,success,none,2,0.69,35,1,30,0
TX007079,C01243,820.55,CARD,returning,one_time,success,none,3,0.83,92,1,465,0
TX007080,C00185,1672.09,UPI,new,monthly,failed,bank_timeout,2,0.6,187,1,390,0
TX007081,C01591,5045.32,UPI,returning,monthly,success,none,2,0.8,14,1,573,0
TX007082,C01914,2362.58,CARD,returning,monthly,success,none,3,0.91,250,1,1010,0
TX007083,C00848,4810.3,CARD,new,monthly,success,none,0,0.89,300,1,1431,0
TX007084,C00599,385.05,UPI,new,monthly,success,none,2,0.85,150,1,456,0
TX007085,C00806,1506.23,UPI,returning,one_time,success,none,3,0.67,28,0,39,0
TX007086,C01358,1280.81,CARD,new,monthly,success,none,0,0.92,59,1,1201,0
TX007087,C02127,1557.9,UPI,returning,monthly,success,none,0,0.87,175,1,1111,0
TX007088,C02627,4342.61,UPI,returning,monthly,success,none,0,0.8,68,1,294,0
TX007089,C01879,879.37,CARD,returning,one_time,success,none,3,0.61,355,1,521,0
TX007090,C02461,731.06,UPI,returning,one_time,success,none,3,0.8,360,1,835,0
TX007091,C00546,1870.54,CARD,returning,one_time,success,none,2,0.81,70,1,1157,0
TX007092,C01633,185.27,CARD,new,one_time,success,none,2,0.53,112,0,1110,0
TX007093,C02217,865.36,NETBANKING,new,one_time,success,none,2,0.85,361,1,1144,0
TX007094,C02729,958.91,UPI,returning,monthly,success,none,2,0.9,352,0,991,0
TX007095,C02631,436.87,NETBANKING,returning,yearly,success,none,3,0.69,31,1,1424,0
TX007096,C02563,3155.99,UPI,returning,monthly,failed,expired_card,3,0.9,14,0,611,1
TX007097,C02080,379.08,UPI,returning,monthly,failed,card_declined,1,0.94,109,1,1112,1
TX007098,C02335,957.31,UPI,new,one_time,success,none,2,0.81,305,0,909,0
TX007099,C02642,1470.21,NETBANKING,new,monthly,failed,expired_card,3,0.81,103,1,243,0
TX007100,C01927,4244.81,CARD,new,yearly,success,none,1,0.67,21,0,372,0
TX007101,C00617,1085.12,UPI,returning,monthly,success,none,2,0.65,269,1,370,0
TX007102,C02318,2796.58,UPI,returning,one_time,failed,expired_card,1,0.7,203,1,602,1
TX007103,C01204,2209.66,UPI,new,monthly,success,none,2,0.61,227,0,1007,0
TX007104,C01760,1240.73,UPI,returning,one_time,success,none,2,0.94,127,0,1201,0
TX007105,C02566,368.89,CARD,returning,one_time,success,none,0,0.88,68,1,559,0
TX007106,C02631,261.23,CARD,returning,one_time,success,none,3,0.73,12,1,1123,0
TX007107,C00226,1219.88,NETBANKING,returning,yearly,success,none,1,0.96,48,1,1360,0
TX007108,C00670,637.34,WALLET,new,monthly,success,none,2,0.89,104,1,586,0
TX007109,C01764,2749.74,CARD,returning,one_time,success,none,3,0.76,64,1,1416,0
TX007110,C00917,2311.97,UPI,returning,monthly,success,none,1,0.92,143,1,265,0
TX007111,C02174,911.77,UPI,returning,monthly,success,none,0,0.93,272,1,748,0
TX007112,C02122,344.57,UPI,returning,one_time,success,none,3,0.91,103,1,860,0
TX007113,C01215,1827.56,UPI,returning,monthly,failed,card_declined,1,0.72,328,1,875,1
TX007114,C01706,396.25,CARD,returning,one_time,failed,card_declined,2,0.59,178,1,772,0
TX007115,C01843,513.65,WALLET,returning,monthly,success,none,0,0.89,297,1,1145,0
TX007116,C01984,411.82,NETBANKING,new,one_time,success,none,3,0.81,4,1,860,0
TX007117,C00056,954.8,UPI,new,yearly,success,none,2,0.78,264,1,211,0
TX007118,C00720,3534.02,UPI,new,one_time,success,none,0,0.93,89,1,1264,0
TX007119,C02601,1091.12,NETBANKING,new,one_time,success,none,0,0.66,242,1,635,0
TX007120,C02080,704.0,NETBANKING,new,one_time,success,none,1,0.81,324,1,1435,0
TX007121,C00574,238.5,UPI,returning,monthly,success,none,2,0.91,303,1,572,0
TX007122,C00667,1904.79,CARD,new,monthly,success,none,2,0.97,33,0,64,0
TX007123,C00284,502.5,CARD,returning,one_time,success,none,3,0.79,5,1,302,0
TX007124,C01745,1233.38,UPI,returning,one_time,success,none,3,0.89,353,1,935,0
TX007125,C02235,769.53,UPI,returning,monthly,success,none,3,0.79,61,1,119,0
TX007126,C00498,2535.58,NETBANKING,returning,monthly,failed,insufficient_funds,3,0.78,152,1,1221,1
TX007127,C01466,937.08,CARD,new,monthly,failed,insufficient_funds,0,0.83,225,1,981,1
TX007128,C00130,1033.88,UPI,returning,monthly,success,none,3,0.92,238,1,1462,0
TX007129,C00639,1782.46,CARD,new,monthly,failed,bank_timeout,2,0.85,27,1,113,1
TX007130,C02162,9017.66,CARD,returning,one_time,failed,network_error,0,0.95,157,0,524,1
TX007131,C02061,2666.3,NETBANKING,returning,monthly,success,none,3,0.86,67,1,1229,0
TX007132,C02492,1003.65,UPI,new,monthly,success,none,3,0.93,94,1,1170,0
TX007133,C02495,1100.15,WALLET,new,one_time,success,none,1,0.93,37,1,394,0
TX007134,C00986,648.81,UPI,returning,one_time,success,none,0,0.7,220,1,788,0
TX007135,C00993,424.11,CARD,returning,monthly,success,none,2,0.64,247,1,100,0
TX007136,C02763,630.96,CARD,returning,monthly,failed,network_error,3,0.92,120,1,881,1
TX007137,C02122,506.67,UPI,new,monthly,success,none,0,0.54,130,1,802,0
TX007138,C02585,2107.73,UPI,returning,one_time,success,none,2,0.84,343,1,516,0
TX007139,C00101,375.71,NETBANKING,new,one_time,failed,network_error,3,0.79,37,1,1064,1
TX007140,C02224,4159.75,CARD,returning,one_time,failed,expired_card,3,0.73,73,1,303,0
TX007141,C00427,2326.33,UPI,returning,yearly,failed,expired_card,1,0.92,351,1,721,1
TX007142,C00041,1119.35,UPI,new,yearly,failed,card_declined,1,0.75,204,0,1435,0
TX007143,C00429,1096.98,UPI,new,one_time,success,none,0,0.8,200,1,1246,0
TX007144,C00344,628.11,UPI,returning,one_time,success,none,1,0.76,193,1,563,0
TX007145,C00366,1436.67,WALLET,new,one_time,success,none,1,0.64,176,1,211,0
TX007146,C00609,3255.47,CARD,returning,one_time,success,none,0,0.93,305,1,315,0
TX007147,C02705,542.86,WALLET,returning,one_time,success,none,3,0.86,175,1,1084,0
TX007148,C00728,236.66,UPI,new,one_time,success,none,2,0.9,206,1,668,0
TX007149,C02277,2215.47,CARD,new,monthly,success,none,0,0.62,223,1,1368,0
TX007150,C00825,1516.81,UPI,returning,monthly,success,none,0,0.91,3,1,1295,0
TX007151,C01376,357.74,CARD,returning,one_time,success,none,2,0.73,164,0,945,0
TX007152,C00889,526.69,UPI,returning,monthly,success,none,1,0.65,308,1,1116,0
TX007153,C02044,464.47,UPI,new,monthly,success,none,0,0.8,84,0,531,0
TX007154,C01342,531.37,CARD,new,one_time,success,none,3,0.43,31,1,352,0
TX007155,C02884,793.39,UPI,returning,monthly,success,none,0,0.81,87,1,871,0
TX007156,C01297,840.04,CARD,returning,one_time,success,none,2,0.48,56,0,904,0
TX007157,C00117,572.04,CARD,new,one_time,failed,bank_timeout,3,0.66,274,1,1127,0
TX007158,C02866,513.8,CARD,new,one_time,success,none,0,0.74,360,1,245,0
TX007159,C02416,872.37,WALLET,returning,yearly,success,none,3,0.91,122,1,417,0
TX007160,C01118,1296.85,UPI,returning,monthly,success,none,2,0.82,221,0,238,0
TX007161,C00168,799.27,UPI,new,one_time,success,none,0,0.83,197,1,759,0
TX007162,C01739,3493.53,NETBANKING,returning,monthly,success,none,0,0.95,186,1,198,0
TX007163,C01365,1822.72,CARD,new,one_time,failed,bank_timeout,2,0.63,70,1,447,0
TX007164,C02709,223.44,UPI,new,yearly,success,none,3,0.88,213,1,676,0
TX007165,C00695,1851.46,NETBANKING,returning,monthly,success,none,3,0.56,181,1,296,0
TX007166,C00925,2009.3,UPI,returning,monthly,success,none,2,0.75,201,1,1092,0
TX007167,C00152,710.0,UPI,new,monthly,success,none,3,0.67,249,0,696,0
TX007168,C00586,245.87,UPI,new,monthly,success,none,3,0.93,316,1,669,0
TX007169,C00913,1105.52,UPI,new,yearly,success,none,0,0.96,120,1,404,0
TX007170,C02322,1088.21,UPI,returning,monthly,success,none,3,0.83,32,1,19,0
TX007171,C01578,357.22,UPI,new,one_time,success,none,2,0.86,303,0,652,0
TX007172,C00496,256.92,UPI,new,one_time,failed,network_error,3,0.78,217,0,162,0
TX007173,C02149,1004.7,UPI,new,one_time,failed,card_declined,0,0.93,121,1,981,1
TX007174,C00557,868.63,UPI,returning,one_time,success,none,3,0.79,103,1,65,0
TX007175,C01106,722.51,CARD,returning,one_time,success,none,2,0.6,153,1,732,0
TX007176,C01553,1008.87,UPI,new,one_time,success,none,1,0.76,256,1,1032,0
TX007177,C02121,364.03,UPI,returning,one_time,success,none,1,0.51,61,1,439,0
TX007178,C00157,709.94,UPI,new,monthly,success,none,1,0.76,140,1,1467,0
TX007179,C00735,1869.31,UPI,returning,monthly,success,none,1,0.91,124,1,150,0
TX007180,C02180,772.81,UPI,new,one_time,success,none,0,0.83,108,1,756,0
TX007181,C01428,206.03,UPI,new,one_time,success,none,3,0.73,114,0,1428,0
TX007182,C00559,683.56,CARD,returning,one_time,success,none,0,0.43,228,0,483,0
TX007183,C02155,376.09,CARD,returning,yearly,success,none,1,0.86,215,1,1126,0
TX007184,C02313,1432.44,NETBANKING,returning,monthly,failed,network_error,3,0.9,226,0,1075,1
TX007185,C00155,1508.45,UPI,returning,yearly,success,none,1,0.84,236,1,1072,0
TX007186,C00997,208.77,UPI,new,yearly,success,none,1,0.46,340,1,717,0
TX007187,C02295,2342.59,UPI,new,yearly,success,none,2,0.75,224,1,182,0
TX007188,C00531,360.62,CARD,returning,one_time,success,none,0,0.83,262,1,61,0
TX007189,C02906,5214.42,UPI,returning,monthly,success,none,1,0.78,22,1,1060,0
TX007190,C01972,1044.43,UPI,returning,yearly,failed,expired_card,1,0.84,151,1,1211,1
TX007191,C02586,315.33,UPI,returning,one_time,success,none,0,0.83,120,1,848,0
TX007192,C00729,350.03,CARD,returning,monthly,success,none,1,0.66,163,1,1036,0
TX007193,C01178,1553.24,NETBANKING,returning,one_time,success,none,1,0.71,113,1,623,0
TX007194,C00154,741.52,NETBANKING,new,one_time,failed,card_declined,3,0.64,142,1,1165,0
TX007195,C00092,995.6,UPI,returning,yearly,failed,network_error,0,0.76,286,1,507,1
TX007196,C02386,5501.52,UPI,new,monthly,failed,bank_timeout,0,0.84,150,1,1368,1
TX007197,C01504,544.98,NETBANKING,new,monthly,success,none,2,0.8,272,1,1372,0
TX007198,C01717,1164.4,UPI,new,monthly,success,none,3,0.59,221,1,424,0
TX007199,C02498,4536.2,UPI,returning,monthly,success,none,0,0.79,110,1,1041,0
TX007200,C02017,1437.29,CARD,returning,monthly,success,none,1,0.67,106,1,1179,0
TX007201,C02858,219.95,CARD,returning,yearly,success,none,0,0.59,256,0,830,0
TX007202,C00787,1817.81,WALLET,returning,yearly,success,none,0,0.64,130,1,1302,0
TX007203,C00273,342.75,CARD,returning,monthly,success,none,1,0.82,191,1,12,0
TX007204,C02028,4477.44,UPI,new,monthly,success,none,3,0.76,271,1,1351,0
TX007205,C02636,481.61,UPI,returning,one_time,success,none,0,0.78,19,1,570,0
TX007206,C00177,21365.0,NETBANKING,returning,one_time,success,none,2,0.73,252,0,831,0
TX007207,C02879,4757.02,CARD,returning,one_time,failed,insufficient_funds,0,0.82,347,1,412,1
TX007208,C00643,494.42,CARD,new,one_time,failed,expired_card,0,0.89,343,1,813,1
TX007209,C01899,1118.8,WALLET,new,one_time,success,none,1,0.81,94,1,1068,0
TX007210,C00567,2330.05,CARD,new,one_time,success,none,3,0.94,345,1,778,0
TX007211,C00666,2401.05,UPI,returning,one_time,success,none,2,0.71,104,1,1306,0
TX007212,C01332,1706.73,CARD,returning,monthly,success,none,2,0.79,21,1,328,0
TX007213,C02916,3835.9,CARD,returning,one_time,success,none,3,0.76,283,1,669,0
TX007214,C01799,969.74,UPI,returning,monthly,failed,network_error,0,0.86,19,1,946,1
TX007215,C01070,759.97,UPI,new,one_time,success,none,2,0.95,26,1,1370,0
TX007216,C02350,775.21,CARD,new,monthly,success,none,1,0.85,253,1,925,0
TX007217,C02916,2587.31,UPI,returning,yearly,success,none,0,0.97,177,1,1371,0
TX007218,C02960,1580.0,CARD,new,one_time,failed,card_declined,2,0.81,254,1,503,0
TX007219,C00408,1467.45,UPI,new,yearly,success,none,1,0.81,314,0,972,0
TX007220,C01213,2429.0,WALLET,returning,monthly,success,none,3,0.8,323,1,794,0
TX007221,C02870,141.03,UPI,returning,one_time,failed,card_declined,3,0.74,359,0,1345,0
TX007222,C01854,1495.28,UPI,returning,one_time,success,none,3,0.91,153,1,530,0
TX007223,C01153,1364.53,UPI,new,yearly,success,none,3,0.65,77,1,689,0
TX007224,C02609,5818.56,UPI,returning,monthly,success,none,1,0.79,334,0,388,0
TX007225,C01142,237.8,UPI,new,one_time,success,none,1,0.85,360,1,783,0
TX007226,C02512,5204.02,UPI,returning,yearly,success,none,0,0.63,202,1,640,0
TX007227,C00144,1182.53,CARD,new,monthly,success,none,3,0.86,88,1,304,0
TX007228,C02490,1788.24,UPI,returning,monthly,failed,network_error,3,0.83,120,1,490,1
TX007229,C00487,5860.08,CARD,new,yearly,failed,bank_timeout,3,0.85,107,1,990,1
TX007230,C00860,1921.31,CARD,returning,monthly,success,none,1,0.92,98,1,1057,0
TX007231,C01936,1636.59,CARD,new,one_time,failed,network_error,3,0.79,142,1,730,1
TX007232,C00148,1397.29,UPI,new,monthly,success,none,1,0.53,122,1,1300,0
TX007233,C01360,676.22,CARD,returning,monthly,failed,expired_card,0,0.84,114,1,570,1
TX007234,C01358,1065.83,UPI,returning,one_time,failed,card_declined,3,0.8,204,1,374,1
TX007235,C02859,536.19,NETBANKING,new,one_time,success,none,0,0.96,278,1,884,0
TX007236,C02714,1048.83,NETBANKING,new,one_time,success,none,1,0.6,225,0,443,0
TX007237,C00090,106.07,UPI,returning,one_time,success,none,0,0.81,210,1,1357,0
TX007238,C01358,1684.19,UPI,new,one_time,success,none,2,0.86,120,0,64,0
TX007239,C00199,970.94,UPI,new,monthly,failed,expired_card,0,0.51,351,1,184,1
TX007240,C00538,783.52,UPI,new,monthly,success,none,1,0.9,204,1,967,0
TX007241,C00301,1366.16,CARD,returning,one_time,success,none,0,0.85,98,1,579,0
TX007242,C00724,261.5,CARD,new,monthly,failed,insufficient_funds,0,0.81,271,1,369,1
TX007243,C01599,7549.75,UPI,returning,monthly,failed,bank_timeout,1,0.81,40,1,695,1
TX007244,C01460,989.53,CARD,returning,one_time,failed,network_error,1,0.82,193,1,1333,1
TX007245,C00068,947.81,NETBANKING,returning,one_time,success,none,3,0.76,181,1,1255,0
TX007246,C02507,417.63,CARD,new,one_time,success,none,0,0.84,266,1,1489,0
TX007247,C01538,1123.21,UPI,returning,monthly,success,none,3,0.92,240,1,1188,0
TX007248,C00398,4389.45,CARD,returning,one_time,failed,network_error,2,0.82,293,0,1375,1
TX007249,C00620,3089.97,UPI,returning,one_time,success,none,2,0.97,294,1,404,0
TX007250,C01585,2577.15,NETBANKING,returning,one_time,success,none,1,0.69,45,1,169,0
TX007251,C01164,1893.91,UPI,new,yearly,failed,bank_timeout,3,0.66,138,1,161,0
TX007252,C00730,766.21,UPI,returning,monthly,success,none,2,0.86,278,0,1084,0
TX007253,C00556,257.2,CARD,new,monthly,success,none,0,0.96,317,1,83,0
TX007254,C01953,896.92,UPI,returning,yearly,failed,card_declined,1,0.93,314,1,768,1
TX007255,C02829,866.21,CARD,returning,one_time,success,none,0,0.76,75,1,191,0
TX007256,C01752,3130.02,UPI,new,monthly,failed,network_error,3,0.84,305,1,841,0
TX007257,C02942,1494.27,CARD,new,one_time,success,none,3,0.81,97,1,1028,0
TX007258,C02658,5498.94,UPI,new,one_time,success,none,2,0.83,351,1,111,0
TX007259,C02796,3631.82,UPI,returning,monthly,success,none,3,0.72,110,1,946,0
TX007260,C02330,694.72,CARD,returning,monthly,success,none,2,0.88,98,1,1023,0
TX007261,C02709,182.16,UPI,returning,one_time,failed,bank_timeout,2,0.75,345,1,20,1
TX007262,C02972,4383.38,UPI,returning,one_time,failed,network_error,1,0.99,62,1,602,1
TX007263,C00996,4270.07,CARD,new,one_time,failed,card_declined,2,0.81,137,1,1102,0
TX007264,C01960,279.72,CARD,new,monthly,success,none,3,0.92,316,1,1156,0
TX007265,C01602,4960.39,UPI,new,one_time,success,none,3,0.86,210,1,17,0
TX007266,C02794,1606.99,CARD,new,monthly,success,none,1,0.77,286,1,1476,0
TX007267,C01481,1287.79,UPI,returning,yearly,success,none,3,0.69,277,1,691,0
TX007268,C02135,5512.55,UPI,returning,one_time,success,none,1,0.82,29,1,1156,0
TX007269,C01103,4207.76,UPI,returning,yearly,success,none,1,0.81,168,1,266,0
TX007270,C02839,2103.44,UPI,returning,one_time,success,none,1,0.84,145,1,540,0
TX007271,C02352,1760.26,WALLET,new,monthly,success,none,1,0.91,196,1,1059,0
TX007272,C01404,2031.22,UPI,new,monthly,failed,bank_timeout,1,0.61,97,1,857,1
TX007273,C02178,735.05,CARD,new,one_time,failed,card_declined,2,0.85,64,1,966,0
TX007274,C02644,1037.84,NETBANKING,returning,one_time,success,none,3,0.71,279,1,566,0
TX007275,C01300,444.83,WALLET,returning,yearly,success,none,1,0.69,152,1,239,0
TX007276,C01723,786.0,UPI,new,one_time,success,none,0,0.9,135,1,14,0
TX007277,C02606,760.04,NETBANKING,returning,monthly,success,none,0,0.76,264,1,216,0
TX007278,C00899,580.97,WALLET,returning,one_time,success,none,0,0.94,259,1,772,0
TX007279,C01207,1257.33,UPI,new,monthly,success,none,3,0.85,360,1,345,0
TX007280,C01536,793.16,UPI,returning,monthly,failed,network_error,3,0.67,243,1,1005,1
TX007281,C00078,1812.09,UPI,returning,monthly,failed,bank_timeout,2,0.75,219,1,39,1
TX007282,C02832,216.52,CARD,new,one_time,success,none,1,0.64,132,0,733,0
TX007283,C02722,979.11,CARD,returning,monthly,success,none,2,0.96,63,0,721,0
TX007284,C01533,1250.82,UPI,new,one_time,success,none,2,0.91,194,1,1123,0
TX007285,C00238,803.82,CARD,returning,one_time,failed,insufficient_funds,1,0.82,69,1,1074,1
TX007286,C01158,922.98,UPI,returning,monthly,failed,network_error,2,0.92,319,1,139,1
TX007287,C01997,224.7,NETBANKING,returning,monthly,success,none,1,0.67,131,1,200,0
TX007288,C01216,1566.31,UPI,new,one_time,failed,bank_timeout,1,0.69,157,1,1372,1
TX007289,C00278,2095.62,CARD,returning,monthly,success,none,1,0.69,190,1,629,0
TX007290,C00524,1796.4,UPI,new,monthly,success,none,0,0.69,289,1,1317,0
TX007291,C00180,3098.67,UPI,new,one_time,failed,insufficient_funds,3,0.81,170,1,1130,0
TX007292,C00123,1341.48,CARD,returning,monthly,success,none,1,0.7,251,1,1123,0
TX007293,C01270,1769.91,UPI,new,yearly,success,none,1,0.66,318,1,1434,0
TX007294,C01758,1281.89,UPI,new,monthly,success,none,2,0.85,234,1,1078,0
TX007295,C01095,2181.03,NETBANKING,returning,monthly,success,none,0,0.68,331,1,283,0
TX007296,C00480,226.51,UPI,returning,one_time,failed,bank_timeout,2,0.89,134,1,873,1
TX007297,C01798,448.73,NETBANKING,new,monthly,failed,expired_card,2,0.98,112,1,1359,1
TX007298,C02132,5360.97,UPI,returning,monthly,failed,expired_card,0,0.76,177,1,20,1
TX007299,C02613,100.0,UPI,returning,monthly,success,none,2,0.73,72,1,1098,0
TX007300,C02667,953.2,UPI,new,yearly,failed,bank_timeout,2,0.98,265,1,1306,1
TX007301,C02405,3541.39,WALLET,returning,one_time,success,none,1,0.81,307,1,768,0
TX007302,C00816,998.98,UPI,returning,one_time,success,none,0,0.84,253,1,1167,0
TX007303,C02695,731.42,NETBANKING,returning,one_time,success,none,0,0.73,270,1,793,0
TX007304,C00443,1248.15,WALLET,new,monthly,success,none,0,0.84,152,1,1260,0
TX007305,C02571,770.38,UPI,new,monthly,success,none,2,0.96,72,0,18,0
TX007306,C00143,1130.99,CARD,returning,one_time,success,none,3,0.83,161,1,1014,0
TX007307,C00192,553.7,CARD,returning,one_time,success,none,2,0.56,250,1,741,0
TX007308,C01411,3323.17,UPI,returning,monthly,success,none,3,0.95,29,1,558,0
TX007309,C00378,4551.74,UPI,returning,one_time,success,none,0,0.88,2,0,374,0
TX007310,C02629,959.69,UPI,returning,one_time,success,none,2,0.74,215,1,1055,0
TX007311,C00535,274.1,CARD,returning,one_time,success,none,3,0.76,238,1,951,0
TX007312,C01717,649.47,CARD,returning,monthly,success,none,0,0.71,95,0,27,0
TX007313,C01033,912.34,UPI,returning,monthly,failed,bank_timeout,2,0.73,214,1,379,1
TX007314,C01411,1818.08,UPI,new,one_time,success,none,0,0.92,180,1,321,0
TX007315,C02141,400.21,NETBANKING,returning,monthly,failed,expired_card,3,0.66,364,1,910,1
TX007316,C01990,508.18,UPI,new,yearly,success,none,0,0.7,340,1,832,0
TX007317,C02577,1827.45,CARD,new,one_time,success,none,3,0.61,166,1,737,0
TX007318,C01178,2804.3,UPI,returning,monthly,success,none,2,0.8,45,1,1198,0
TX007319,C00405,588.99,NETBANKING,new,monthly,failed,network_error,3,0.89,144,1,770,0
TX007320,C02888,289.1,NETBANKING,new,yearly,success,none,0,0.83,343,1,497,0
TX007321,C01173,29264.14,UPI,returning,monthly,success,none,0,0.68,247,1,36,0
TX007322,C00889,2400.19,UPI,returning,monthly,failed,expired_card,3,0.92,303,1,41,1
TX007323,C00422,839.66,UPI,returning,monthly,failed,expired_card,1,0.66,229,1,512,1
TX007324,C01642,2615.03,UPI,returning,one_time,failed,expired_card,0,0.75,313,1,1147,1
TX007325,C00472,968.3,UPI,returning,monthly,success,none,0,0.69,339,1,1020,0
TX007326,C02941,2610.13,CARD,new,monthly,failed,card_declined,1,0.84,166,1,1427,0
TX007327,C00547,1286.13,UPI,new,one_time,failed,network_error,3,0.61,128,1,432,0
TX007328,C00631,1201.43,UPI,returning,one_time,failed,card_declined,0,0.93,228,1,11,1
TX007329,C01038,978.89,CARD,returning,one_time,failed,network_error,0,0.93,66,1,1142,1
TX007330,C02826,257.91,CARD,returning,one_time,failed,card_declined,1,0.94,263,1,702,1
TX007331,C01830,7616.67,UPI,returning,monthly,success,none,2,0.89,276,1,881,0
TX007332,C00364,427.72,CARD,new,yearly,success,none,3,0.69,75,1,321,0
TX007333,C02167,281.46,CARD,returning,one_time,success,none,0,0.91,244,0,655,0
TX007334,C00546,886.38,CARD,new,one_time,failed,card_declined,2,0.55,337,1,514,0
TX007335,C02570,419.28,UPI,returning,yearly,success,none,0,0.96,101,1,1090,0
TX007336,C00634,1041.36,UPI,new,monthly,success,none,0,0.62,363,1,710,0
TX007337,C01937,2181.49,NETBANKING,returning,yearly,success,none,2,0.94,271,1,1083,0
TX007338,C01681,2966.99,NETBANKING,new,one_time,failed,bank_timeout,1,0.79,204,1,544,1
TX007339,C00963,2476.82,CARD,returning,monthly,failed,expired_card,3,0.84,192,1,146,1
TX007340,C00883,807.84,UPI,new,monthly,success,none,1,0.74,185,1,1221,0
TX007341,C02828,1152.39,CARD,new,one_time,success,none,0,0.85,178,1,766,0
TX007342,C00871,1648.93,NETBANKING,returning,one_time,success,none,1,0.82,17,1,247,0
TX007343,C00516,189.09,UPI,returning,one_time,success,none,0,0.72,105,1,904,0
TX007344,C02986,1940.27,UPI,returning,one_time,success,none,0,0.84,112,0,974,0
TX007345,C01421,255.37,CARD,new,yearly,failed,bank_timeout,2,0.84,99,0,1339,0
TX007346,C00866,8436.7,NETBANKING,returning,one_time,success,none,2,0.73,259,1,67,0
TX007347,C02154,731.78,UPI,new,monthly,success,none,1,0.95,173,1,921,0
TX007348,C01109,911.53,CARD,new,monthly,failed,bank_timeout,2,0.78,300,1,433,1
TX007349,C00214,507.9,CARD,returning,one_time,success,none,0,0.73,318,0,503,0
TX007350,C02898,584.08,CARD,new,monthly,success,none,1,0.81,348,0,1113,0
TX007351,C02245,10658.29,CARD,returning,one_time,success,none,2,0.79,316,0,1142,0
TX007352,C00019,2808.4,CARD,returning,one_time,failed,bank_timeout,1,0.89,75,1,815,1
TX007353,C00642,232.94,UPI,new,yearly,success,none,3,0.84,244,1,1413,0
TX007354,C01105,4935.52,UPI,new,one_time,failed,insufficient_funds,1,0.93,74,1,925,1
TX007355,C00330,3616.43,CARD,returning,one_time,success,none,3,0.72,313,1,791,0
TX007356,C00866,827.81,UPI,returning,monthly,failed,network_error,0,0.64,355,1,225,1
TX007357,C00774,1490.25,CARD,returning,monthly,failed,bank_timeout,1,0.71,237,1,1380,1
TX007358,C00392,1080.37,CARD,returning,monthly,success,none,0,0.75,99,1,459,0
TX007359,C00637,7883.92,UPI,returning,yearly,success,none,0,0.58,95,1,432,0
TX007360,C02355,494.58,CARD,new,one_time,success,none,1,0.98,192,0,1185,0
TX007361,C02943,1269.03,UPI,returning,monthly,success,none,2,0.77,236,1,1387,0
TX007362,C02700,714.69,UPI,new,yearly,failed,bank_timeout,2,0.82,273,1,475,1
TX007363,C02889,261.64,UPI,returning,one_time,success,none,1,0.77,113,0,1349,0
TX007364,C01026,9814.72,NETBANKING,new,monthly,success,none,3,0.74,58,0,5,0
TX007365,C02568,336.44,UPI,returning,one_time,failed,insufficient_funds,0,0.91,303,1,848,1
TX007366,C01675,1366.67,CARD,new,one_time,failed,insufficient_funds,3,0.92,52,1,519,0
TX007367,C02684,192.35,UPI,returning,one_time,success,none,0,0.67,274,1,49,0
TX007368,C00740,735.78,UPI,returning,monthly,failed,expired_card,1,0.7,37,0,526,1
TX007369,C01546,1672.32,UPI,returning,yearly,success,none,1,0.93,198,1,169,0
TX007370,C00469,480.71,CARD,returning,monthly,success,none,2,0.86,242,0,1125,0
TX007371,C02260,1972.0,UPI,returning,yearly,success,none,0,0.73,259,1,114,0
TX007372,C01136,837.95,UPI,new,one_time,success,none,0,0.94,230,1,581,0
TX007373,C01032,3498.48,CARD,returning,one_time,success,none,3,0.77,289,1,37,0
TX007374,C02852,4280.23,UPI,returning,yearly,success,none,1,0.88,212,0,546,0
TX007375,C02525,609.88,UPI,new,yearly,success,none,0,0.47,233,1,1464,0
TX007376,C00874,1184.09,UPI,returning,one_time,success,none,1,0.57,103,0,499,0
TX007377,C00460,1317.45,UPI,returning,monthly,success,none,0,0.81,80,1,1185,0
TX007378,C02301,2037.24,CARD,returning,one_time,failed,bank_timeout,3,0.95,228,1,397,1
TX007379,C01550,1112.52,UPI,new,monthly,failed,network_error,2,0.67,258,1,1451,0
TX007380,C00752,1326.38,UPI,returning,yearly,success,none,0,0.52,360,1,471,0
TX007381,C01462,859.71,NETBANKING,new,monthly,success,none,1,0.96,162,0,1251,0
TX007382,C01778,1230.58,NETBANKING,returning,one_time,failed,bank_timeout,3,0.66,132,1,1258,1
TX007383,C00854,4015.59,NETBANKING,returning,one_time,success,none,1,0.77,49,1,375,0
TX007384,C02284,2092.43,NETBANKING,returning,one_time,failed,expired_card,0,0.7,327,0,196,1
TX007385,C01330,2211.12,CARD,returning,monthly,success,none,2,0.71,140,1,342,0
TX007386,C00478,2259.89,CARD,new,monthly,success,none,3,0.82,204,1,1464,0
TX007387,C02727,940.29,CARD,returning,yearly,failed,bank_timeout,2,0.8,74,1,1492,1
TX007388,C02264,1508.43,CARD,new,monthly,success,none,2,0.78,172,0,1362,0
TX007389,C02903,370.49,CARD,new,one_time,success,none,1,0.66,345,1,181,0
TX007390,C00135,3900.3,UPI,returning,monthly,failed,insufficient_funds,1,0.69,124,1,1275,1
TX007391,C02953,100.0,NETBANKING,new,monthly,failed,insufficient_funds,3,0.86,69,1,1031,0
TX007392,C01153,1005.11,CARD,returning,one_time,success,none,2,0.56,17,1,82,0
TX007393,C00410,3431.99,NETBANKING,returning,one_time,failed,expired_card,0,0.92,166,1,735,1
TX007394,C01446,280.38,UPI,returning,yearly,failed,expired_card,0,0.64,242,0,1092,1
TX007395,C01318,1635.62,UPI,new,monthly,success,none,0,0.89,312,0,841,0
TX007396,C01270,555.15,UPI,returning,monthly,success,none,0,0.94,203,1,1463,0
TX007397,C01580,758.39,UPI,returning,monthly,success,none,1,0.87,86,1,309,0
TX007398,C00086,2824.09,UPI,returning,one_time,success,none,2,0.69,84,1,1391,0
TX007399,C02604,1336.83,UPI,returning,monthly,failed,insufficient_funds,2,0.71,243,0,1020,0
TX007400,C01866,143.4,UPI,returning,monthly,success,none,3,0.88,288,1,992,0
TX007401,C01470,413.05,UPI,returning,one_time,success,none,0,0.78,56,1,1479,0
TX007402,C00378,2908.33,CARD,new,one_time,success,none,2,0.9,151,1,492,0
TX007403,C01681,1718.05,NETBANKING,new,monthly,success,none,1,0.9,322,1,319,0
TX007404,C01075,6298.93,UPI,returning,one_time,success,none,3,0.73,109,0,1234,0
TX007405,C00242,5899.65,CARD,returning,monthly,success,none,0,0.77,323,1,1312,0
TX007406,C00920,778.8,UPI,returning,one_time,failed,insufficient_funds,3,0.95,133,1,564,1
TX007407,C01587,13403.05,UPI,returning,monthly,failed,bank_timeout,2,0.7,51,1,625,1
TX007408,C02314,1123.81,CARD,returning,monthly,failed,expired_card,1,0.89,153,1,770,1
TX007409,C02760,418.77,CARD,returning,one_time,failed,bank_timeout,2,0.58,24,1,162,1
TX007410,C01272,581.94,NETBANKING,returning,one_time,failed,insufficient_funds,3,0.82,286,1,106,1
TX007411,C00070,114.81,UPI,returning,one_time,success,none,1,0.63,307,1,1386,0
TX007412,C02105,5469.92,NETBANKING,new,one_time,failed,network_error,2,0.94,30,1,34,1
TX007413,C01406,5403.28,UPI,returning,monthly,success,none,2,0.84,72,1,1396,0
TX007414,C02087,397.22,UPI,returning,one_time,success,none,1,0.88,113,1,614,0
TX007415,C02008,873.16,UPI,new,monthly,success,none,2,0.8,228,1,1304,0
TX007416,C00801,1206.66,CARD,new,monthly,success,none,0,0.82,185,1,281,0
TX007417,C01042,419.74,UPI,new,one_time,success,none,2,0.85,213,1,369,0
TX007418,C02780,189.6,UPI,new,monthly,success,none,3,0.78,246,1,1369,0
TX007419,C00825,888.6,CARD,returning,monthly,success,none,2,0.87,62,1,733,0
TX007420,C00756,795.46,UPI,new,one_time,failed,expired_card,1,0.58,87,1,1057,1
TX007421,C02400,743.66,UPI,returning,monthly,success,none,0,0.93,29,0,470,0
TX007422,C01996,1370.21,UPI,returning,one_time,failed,bank_timeout,2,0.79,165,1,27,1
TX007423,C01840,4580.3,UPI,returning,one_time,success,none,2,0.83,346,1,1394,0
TX007424,C01322,809.9,CARD,returning,one_time,success,none,3,0.87,88,1,795,0
TX007425,C02331,1300.42,CARD,returning,one_time,success,none,3,0.87,125,1,116,0
TX007426,C01610,2268.49,UPI,new,monthly,failed,expired_card,2,0.48,40,1,1268,0
TX007427,C00110,1908.63,UPI,new,monthly,failed,network_error,3,0.83,183,1,297,0
TX007428,C01017,593.23,NETBANKING,returning,one_time,success,none,2,0.74,123,1,10,0
TX007429,C01962,1207.58,UPI,returning,monthly,failed,card_declined,1,0.71,26,1,1125,1
TX007430,C02592,1896.07,CARD,new,monthly,failed,insufficient_funds,2,0.9,155,1,951,0
TX007431,C01770,354.83,UPI,new,one_time,success,none,1,0.84,51,1,1216,0
TX007432,C00025,3879.8,UPI,returning,monthly,success,none,0,0.77,219,1,933,0
TX007433,C00843,4589.79,WALLET,returning,one_time,failed,network_error,1,0.63,119,1,630,1
TX007434,C02839,532.31,CARD,returning,yearly,success,none,0,0.92,278,1,1221,0
TX007435,C00738,1330.98,UPI,new,one_time,success,none,0,0.94,321,1,336,0
TX007436,C02105,2084.49,UPI,returning,monthly,success,none,0,0.85,166,1,1396,0
TX007437,C00180,635.48,UPI,returning,yearly,success,none,3,0.92,219,0,442,0
TX007438,C00232,1775.1,UPI,returning,monthly,success,none,2,0.65,1,0,861,0
TX007439,C01918,1291.11,NETBANKING,returning,one_time,success,none,1,0.82,15,1,1312,0
TX007440,C00343,252.67,NETBANKING,returning,monthly,failed,card_declined,0,0.77,267,1,621,1
TX007441,C00477,1735.69,UPI,returning,one_time,failed,bank_timeout,1,0.85,166,1,1021,1
TX007442,C01823,364.99,UPI,returning,monthly,success,none,0,0.86,349,1,859,0
TX007443,C02624,2805.12,CARD,new,monthly,success,none,3,0.87,182,1,1266,0
TX007444,C00455,560.48,UPI,returning,monthly,success,none,0,0.85,222,1,1000,0
TX007445,C01256,933.29,CARD,returning,one_time,failed,network_error,0,0.91,23,1,190,1
TX007446,C00289,4325.48,CARD,returning,monthly,success,none,2,0.95,106,1,1476,0
TX007447,C01237,1801.51,CARD,returning,one_time,success,none,1,0.6,90,1,116,0
TX007448,C02306,372.61,CARD,returning,one_time,success,none,2,0.64,317,1,1299,0
TX007449,C00530,397.46,CARD,returning,monthly,success,none,3,0.91,82,1,1072,0
TX007450,C02735,602.26,WALLET,new,monthly,success,none,1,0.87,79,1,241,0
TX007451,C02977,1627.25,UPI,returning,monthly,failed,card_declined,3,0.8,360,0,690,0
TX007452,C02277,1569.17,NETBANKING,returning,one_time,success,none,0,0.98,322,1,1330,0
TX007453,C00596,471.96,UPI,new,yearly,success,none,3,0.68,256,1,663,0
TX007454,C00435,341.31,UPI,returning,monthly,failed,network_error,1,0.81,55,0,1024,1
TX007455,C00882,1453.29,UPI,new,one_time,success,none,1,0.57,323,1,67,0
TX007456,C01782,914.28,CARD,returning,yearly,success,none,1,0.84,282,1,1029,0
TX007457,C00402,9482.62,UPI,returning,yearly,success,none,2,0.78,93,0,926,0
TX007458,C02670,1137.52,NETBANKING,new,one_time,success,none,0,0.78,122,1,905,0
TX007459,C02136,6729.48,CARD,returning,monthly,failed,card_declined,1,0.45,294,1,1358,1
TX007460,C02632,340.23,UPI,returning,monthly,failed,bank_timeout,3,0.87,50,1,449,1
TX007461,C01566,227.42,CARD,new,one_time,success,none,3,0.94,151,1,481,0
TX007462,C00309,357.78,NETBANKING,returning,one_time,success,none,3,0.65,53,1,1419,0
TX007463,C02954,3601.59,CARD,returning,monthly,failed,bank_timeout,1,0.84,39,1,1343,1
TX007464,C00343,6349.31,UPI,new,one_time,success,none,1,0.92,348,1,375,0
TX007465,C00436,501.61,NETBANKING,returning,monthly,success,none,3,0.96,112,0,852,0
TX007466,C00177,691.89,CARD,new,one_time,success,none,3,0.96,99,1,954,0
TX007467,C00139,340.71,UPI,new,yearly,failed,bank_timeout,0,0.63,194,1,1442,1
TX007468,C00194,179.17,UPI,new,monthly,success,none,1,0.89,156,0,283,0
TX007469,C01185,2249.38,UPI,new,monthly,success,none,3,0.94,316,1,467,0
TX007470,C00943,1370.62,NETBANKING,new,one_time,success,none,1,0.85,290,1,675,0
TX007471,C00525,1108.2,UPI,returning,monthly,success,none,0,0.77,211,1,1115,0
TX007472,C01625,270.41,UPI,new,one_time,success,none,2,0.81,1,1,392,0
TX007473,C02963,5653.08,NETBANKING,new,monthly,success,none,1,0.49,230,1,1198,0
TX007474,C02258,662.91,UPI,new,one_time,success,none,1,0.74,250,1,936,0
TX007475,C00741,1869.87,NETBANKING,returning,monthly,success,none,0,0.69,71,1,753,0
TX007476,C00862,256.07,UPI,returning,one_time,success,none,1,0.68,206,1,746,0
TX007477,C00954,906.39,UPI,returning,monthly,failed,bank_timeout,3,0.86,58,0,1416,1
TX007478,C01303,1467.59,UPI,new,monthly,success,none,0,0.89,16,1,95,0
TX007479,C01275,1520.93,NETBANKING,returning,monthly,success,none,2,0.88,92,1,1148,0
TX007480,C01744,1280.04,CARD,returning,one_time,success,none,0,0.44,64,0,77,0
TX007481,C02881,1798.17,NETBANKING,returning,one_time,success,none,3,0.57,70,1,344,0
TX007482,C02188,354.06,CARD,returning,monthly,success,none,1,0.66,284,1,1376,0
TX007483,C00792,1335.92,UPI,returning,one_time,success,none,0,0.83,82,1,808,0
TX007484,C00546,1228.76,UPI,new,one_time,success,none,3,0.46,171,1,1332,0
TX007485,C01845,1382.53,UPI,new,one_time,success,none,3,0.66,207,1,910,0
TX007486,C01017,1178.91,CARD,new,monthly,success,none,3,0.85,278,1,53,0
TX007487,C01928,306.98,NETBANKING,returning,one_time,failed,bank_timeout,0,0.72,142,1,271,1
TX007488,C01554,293.59,UPI,new,yearly,failed,card_declined,0,0.95,19,1,795,1
TX007489,C00057,119.79,CARD,returning,one_time,success,none,0,0.76,350,1,1381,0
TX007490,C02160,2483.77,WALLET,returning,monthly,failed,bank_timeout,2,0.77,275,1,1459,1
TX007491,C00005,2509.05,UPI,returning,one_time,failed,network_error,3,0.88,167,0,961,1
TX007492,C01438,2549.24,NETBANKING,returning,yearly,success,none,0,0.81,166,1,253,0
TX007493,C01363,1490.39,UPI,returning,one_time,failed,network_error,0,0.87,32,1,975,1
TX007494,C01821,129.92,CARD,returning,one_time,success,none,1,0.79,14,0,570,0
TX007495,C01283,392.8,UPI,returning,one_time,success,none,1,0.58,354,1,406,0
TX007496,C02138,1300.38,UPI,returning,one_time,failed,bank_timeout,0,0.84,151,1,202,1
TX007497,C02664,1255.79,UPI,returning,monthly,success,none,0,0.63,98,0,26,0
TX007498,C02939,877.65,WALLET,new,monthly,success,none,2,0.74,339,1,1496,0
TX007499,C02746,1585.92,NETBANKING,returning,one_time,success,none,1,0.66,89,1,1469,0
TX007500,C01274,1109.49,UPI,new,monthly,success,none,2,0.72,282,0,829,0
TX007501,C02946,1237.4,WALLET,returning,monthly,success,none,0,0.47,306,1,1230,0
TX007502,C01132,578.79,CARD,new,yearly,success,none,2,0.75,351,1,1226,0
TX007503,C00668,2927.81,NETBANKING,new,one_time,success,none,3,0.93,361,0,1249,0
TX007504,C02642,712.82,UPI,returning,one_time,success,none,2,0.92,197,1,1069,0
TX007505,C02637,289.85,UPI,returning,one_time,success,none,1,0.8,364,1,410,0
TX007506,C02533,507.25,CARD,returning,one_time,failed,network_error,1,0.84,311,1,1233,1
TX007507,C01282,773.97,UPI,returning,monthly,failed,bank_timeout,1,0.83,143,1,465,1
TX007508,C02687,2963.13,UPI,returning,monthly,success,none,1,0.7,313,1,523,0
TX007509,C00997,1051.25,UPI,returning,one_time,success,none,0,0.65,159,1,249,0
TX007510,C01927,910.37,UPI,returning,monthly,success,none,1,0.76,69,1,1200,0
TX007511,C00282,314.61,UPI,new,one_time,success,none,0,0.8,14,1,1374,0
TX007512,C01228,2405.43,WALLET,returning,one_time,failed,network_error,3,0.68,278,1,140,0
TX007513,C02064,571.38,UPI,returning,one_time,success,none,1,0.97,253,1,1208,0
TX007514,C00936,992.25,UPI,returning,monthly,success,none,3,0.93,303,1,974,0
TX007515,C00254,4818.33,UPI,returning,monthly,success,none,3,0.88,339,1,1079,0
TX007516,C01212,1823.96,CARD,returning,monthly,failed,expired_card,0,0.67,106,1,1488,1
TX007517,C00329,215.24,CARD,new,yearly,success,none,2,0.79,234,1,907,0
TX007518,C02592,186.88,CARD,new,monthly,success,none,1,0.59,128,1,226,0
TX007519,C02831,1028.33,UPI,new,one_time,failed,insufficient_funds,1,0.75,298,1,899,0
TX007520,C01421,326.12,UPI,new,one_time,success,none,2,0.91,248,1,101,0
TX007521,C01541,2097.6,CARD,returning,yearly,failed,network_error,1,0.84,317,1,1456,1
TX007522,C02893,1143.97,NETBANKING,new,monthly,failed,network_error,0,0.72,133,1,416,0
TX007523,C01193,1293.86,CARD,new,monthly,success,none,2,0.77,24,1,1367,0
TX007524,C01717,540.91,UPI,returning,monthly,success,none,1,0.93,48,0,124,0
TX007525,C02414,6256.55,UPI,returning,one_time,success,none,1,0.86,271,1,1425,0
TX007526,C01202,18818.46,UPI,returning,monthly,failed,insufficient_funds,0,0.83,284,1,112,1
TX007527,C00655,829.99,CARD,returning,one_time,failed,expired_card,1,0.7,250,1,298,1
TX007528,C01386,1560.93,UPI,returning,one_time,success,none,0,0.63,161,1,268,0
TX007529,C00760,1208.84,UPI,returning,one_time,success,none,3,0.89,100,1,503,0
TX007530,C02687,845.83,UPI,returning,monthly,success,none,1,0.93,303,1,803,0
TX007531,C01799,477.2,UPI,returning,monthly,success,none,2,0.83,341,1,883,0
TX007532,C01064,370.57,UPI,new,monthly,failed,insufficient_funds,0,0.82,194,1,542,1
TX007533,C02972,352.27,UPI,returning,monthly,failed,network_error,0,0.81,54,1,1154,1
TX007534,C00416,1644.58,CARD,returning,one_time,success,none,1,0.91,129,1,866,0
TX007535,C00255,652.18,UPI,returning,one_time,success,none,0,0.8,13,1,1492,0
TX007536,C01167,100.0,UPI,returning,monthly,failed,bank_timeout,3,0.85,336,1,937,1
TX007537,C01877,1711.04,UPI,returning,monthly,success,none,0,0.85,101,1,1315,0
TX007538,C02758,1055.47,UPI,returning,monthly,success,none,3,0.67,207,1,854,0
TX007539,C02625,4216.13,CARD,new,monthly,success,none,2,0.91,231,1,1438,0
TX007540,C00900,1592.6,UPI,new,monthly,success,none,0,0.9,300,0,412,0
TX007541,C02059,249.97,CARD,new,one_time,success,none,2,0.78,340,1,900,0
TX007542,C00026,117.96,CARD,new,one_time,success,none,3,0.89,127,1,1130,0
TX007543,C00421,534.07,NETBANKING,new,one_time,success,none,0,0.5,310,1,1329,0
TX007544,C01245,586.92,UPI,returning,monthly,success,none,3,0.58,334,1,732,0
TX007545,C01877,2816.24,UPI,returning,monthly,success,none,3,0.78,195,1,694,0
TX007546,C02544,1086.95,CARD,returning,one_time,success,none,2,0.96,335,1,610,0
TX007547,C01261,3407.34,UPI,returning,monthly,success,none,2,0.73,364,1,19,0
TX007548,C02285,291.54,UPI,returning,yearly,success,none,2,0.63,256,0,1188,0
TX007549,C01009,2879.19,CARD,new,one_time,success,none,3,0.97,177,1,1043,0
TX007550,C00219,2255.19,UPI,returning,yearly,failed,expired_card,3,0.73,70,1,174,0
TX007551,C01511,145.73,UPI,returning,yearly,success,none,2,0.74,137,1,32,0
TX007552,C01960,4115.92,CARD,new,monthly,success,none,3,0.68,171,1,791,0
TX007553,C02509,1204.06,WALLET,new,monthly,success,none,2,0.77,237,1,477,0
TX007554,C00663,1623.02,NETBANKING,new,one_time,failed,network_error,1,0.76,358,1,1205,0
TX007555,C02683,461.79,UPI,returning,one_time,success,none,0,0.97,192,1,1422,0
TX007556,C00990,3925.49,UPI,returning,yearly,success,none,1,0.92,237,1,919,0
TX007557,C00189,335.01,UPI,returning,one_time,failed,bank_timeout,3,0.92,95,0,577,1
TX007558,C00255,2520.2,UPI,new,one_time,success,none,0,0.58,253,1,803,0
TX007559,C00068,2491.42,CARD,new,one_time,failed,bank_timeout,3,0.87,293,1,1056,0
TX007560,C00616,413.99,UPI,new,monthly,failed,expired_card,3,0.9,282,1,804,0
TX007561,C02384,7969.47,UPI,new,one_time,success,none,0,0.86,86,1,689,0
TX007562,C02719,1382.33,NETBANKING,new,one_time,success,none,3,0.75,36,1,1437,0
TX007563,C02869,2108.84,NETBANKING,new,monthly,success,none,3,0.8,46,1,528,0
TX007564,C00874,238.14,CARD,returning,monthly,failed,network_error,3,0.81,320,1,1044,1
TX007565,C02348,9115.49,NETBANKING,returning,monthly,success,none,2,0.94,202,1,506,0
TX007566,C01626,322.29,CARD,returning,one_time,success,none,3,0.88,256,1,361,0
TX007567,C00357,3056.07,UPI,returning,one_time,success,none,0,0.61,113,1,369,0
TX007568,C00256,405.54,UPI,returning,one_time,success,none,1,0.81,10,1,103,0
TX007569,C01008,590.52,UPI,returning,monthly,success,none,0,0.58,249,1,1192,0
TX007570,C02401,2413.31,UPI,new,monthly,success,none,0,0.94,31,1,1320,0
TX007571,C01756,3064.23,NETBANKING,returning,monthly,success,none,1,0.93,82,1,933,0
TX007572,C02572,307.57,UPI,returning,one_time,success,none,3,0.8,314,1,539,0
TX007573,C02998,3263.23,UPI,new,yearly,failed,card_declined,1,0.84,284,1,480,1
TX007574,C02804,3118.1,UPI,new,one_time,success,none,1,0.73,256,1,459,0
TX007575,C00284,429.25,UPI,returning,one_time,success,none,2,0.85,211,1,340,0
TX007576,C00099,5424.32,NETBANKING,returning,monthly,success,none,2,0.75,185,1,1367,0
TX007577,C00197,255.48,CARD,new,one_time,failed,bank_timeout,0,0.85,77,1,610,1
TX007578,C02530,587.12,CARD,new,monthly,success,none,0,0.75,36,1,788,0
TX007579,C00878,1770.47,UPI,returning,one_time,failed,insufficient_funds,2,0.9,63,0,135,1
TX007580,C01869,467.05,CARD,new,one_time,success,none,1,0.88,70,1,1234,0
TX007581,C02663,1427.7,CARD,returning,monthly,success,none,1,0.9,141,1,1296,0
TX007582,C02666,1395.59,CARD,new,one_time,success,none,1,0.83,115,1,1179,0
TX007583,C01389,909.53,NETBANKING,returning,one_time,success,none,3,0.63,183,1,1227,0
TX007584,C02416,2520.97,WALLET,new,monthly,failed,card_declined,2,0.66,50,1,1117,0
TX007585,C00570,872.74,WALLET,new,one_time,success,none,3,0.93,340,1,232,0
TX007586,C02638,1382.35,CARD,returning,monthly,success,none,1,0.84,52,1,1131,0
TX007587,C01066,3451.18,NETBANKING,new,monthly,success,none,3,0.91,303,1,454,0
TX007588,C00422,2417.98,UPI,new,monthly,success,none,0,0.74,343,1,1393,0
TX007589,C02884,2406.71,NETBANKING,returning,one_time,success,none,2,0.94,106,1,1301,0
TX007590,C01205,347.52,NETBANKING,new,monthly,failed,insufficient_funds,1,0.61,78,1,1338,0
TX007591,C00545,1853.43,NETBANKING,new,monthly,failed,expired_card,0,0.78,304,1,33,1
TX007592,C00071,455.55,NETBANKING,new,one_time,success,none,3,0.84,196,1,670,0
TX007593,C01224,304.47,UPI,returning,one_time,success,none,0,0.77,334,1,1105,0
TX007594,C00768,1020.75,UPI,returning,monthly,failed,bank_timeout,1,0.96,105,1,892,1
TX007595,C02355,443.95,UPI,returning,one_time,success,none,2,0.72,252,1,997,0
TX007596,C01707,2417.81,CARD,returning,monthly,success,none,2,0.71,42,1,788,0
TX007597,C02425,2476.34,UPI,returning,one_time,success,none,1,0.83,220,0,379,0
TX007598,C00655,163.59,UPI,returning,monthly,failed,bank_timeout,2,0.79,31,0,120,1
TX007599,C02726,479.0,CARD,returning,one_time,success,none,0,0.86,326,1,659,0
TX007600,C02447,254.73,CARD,returning,yearly,failed,expired_card,1,0.95,237,1,590,1
TX007601,C01797,690.47,NETBANKING,returning,one_time,success,none,3,0.81,7,1,695,0
TX007602,C00221,1728.79,CARD,returning,yearly,success,none,2,0.88,298,1,455,0
TX007603,C00182,860.67,CARD,new,one_time,failed,bank_timeout,3,0.56,140,1,1227,1
TX007604,C00307,608.04,CARD,returning,monthly,success,none,2,0.74,142,1,1089,0
TX007605,C02570,4024.58,NETBANKING,returning,monthly,success,none,2,0.8,297,1,7,0
TX007606,C01420,109.41,UPI,new,one_time,success,none,1,0.85,43,1,220,0
TX007607,C01014,3777.7,UPI,new,one_time,success,none,1,0.91,286,1,255,0
TX007608,C02052,636.33,NETBANKING,returning,yearly,failed,card_declined,0,0.45,9,1,289,1
TX007609,C02911,1014.24,CARD,returning,one_time,success,none,3,0.77,334,1,463,0
TX007610,C00848,647.19,CARD,returning,monthly,success,none,3,0.92,25,1,777,0
TX007611,C00804,5130.14,UPI,returning,one_time,success,none,1,0.78,131,1,590,0
TX007612,C00215,320.22,UPI,returning,monthly,failed,card_declined,1,0.83,37,1,1114,1
TX007613,C01444,1109.58,CARD,new,one_time,failed,expired_card,3,0.84,74,1,702,0
TX007614,C00101,1858.34,UPI,returning,monthly,failed,network_error,3,0.92,330,0,568,1
TX007615,C00573,218.98,UPI,returning,one_time,success,none,2,0.88,188,1,926,0
TX007616,C01333,437.07,UPI,returning,monthly,success,none,2,0.85,236,0,1299,0
TX007617,C00658,945.6,UPI,returning,one_time,success,none,1,0.86,148,1,1187,0
TX007618,C02987,451.84,CARD,returning,monthly,success,none,3,0.91,254,0,1053,0
TX007619,C01534,485.13,WALLET,returning,one_time,success,none,2,0.78,208,1,1058,0
TX007620,C01657,772.89,CARD,returning,one_time,failed,bank_timeout,2,0.76,69,1,925,1
TX007621,C00226,2099.77,NETBANKING,returning,monthly,failed,card_declined,3,0.77,205,1,326,0
TX007622,C00105,778.43,CARD,returning,one_time,success,none,3,0.72,72,1,329,0
TX007623,C01998,3224.16,CARD,returning,yearly,success,none,1,0.63,93,0,186,0
TX007624,C00772,404.33,UPI,returning,monthly,success,none,3,0.69,288,1,1016,0
TX007625,C00429,313.59,UPI,returning,monthly,success,none,1,0.81,108,1,1009,0
TX007626,C00434,7527.7,CARD,returning,one_time,failed,insufficient_funds,2,0.91,152,0,712,1
TX007627,C01231,567.95,UPI,returning,monthly,success,none,0,0.93,211,1,1250,0
TX007628,C02730,295.62,CARD,returning,one_time,success,none,0,0.46,25,1,774,0
TX007629,C02636,192.09,UPI,returning,monthly,failed,bank_timeout,3,0.75,216,1,874,1
TX007630,C00866,3213.46,NETBANKING,new,one_time,failed,card_declined,1,0.58,256,1,309,0
TX007631,C02794,779.53,WALLET,new,one_time,success,none,0,0.69,20,1,626,0
TX007632,C02912,850.9,UPI,new,one_time,success,none,2,0.85,309,1,769,0
TX007633,C02416,935.24,UPI,new,yearly,failed,card_declined,2,0.75,113,0,952,0
TX007634,C00251,3019.79,CARD,returning,monthly,success,none,1,0.83,256,1,753,0
TX007635,C02907,916.42,UPI,returning,one_time,failed,card_declined,0,0.74,103,0,774,1
TX007636,C00856,11430.65,UPI,returning,yearly,success,none,2,0.81,21,1,1014,0
TX007637,C01194,1253.58,NETBANKING,new,one_time,success,none,2,0.8,285,0,1078,0
TX007638,C00561,3170.94,WALLET,returning,monthly,success,none,3,0.85,201,1,273,0
TX007639,C01470,2453.42,CARD,returning,monthly,success,none,0,0.84,318,0,1113,0
TX007640,C02342,1057.38,UPI,new,monthly,failed,network_error,3,0.89,72,1,1146,0
TX007641,C00919,609.74,UPI,returning,one_time,success,none,2,0.72,162,1,443,0
TX007642,C01174,1528.38,UPI,new,one_time,failed,expired_card,2,0.95,303,1,983,1
TX007643,C00433,1826.39,UPI,new,monthly,success,none,0,0.82,42,1,654,0
TX007644,C02107,618.57,UPI,returning,one_time,success,none,0,0.85,98,1,542,0
TX007645,C00969,1295.09,UPI,returning,one_time,success,none,1,0.75,9,1,587,0
TX007646,C00836,3775.19,NETBANKING,returning,monthly,success,none,0,0.72,335,1,1195,0
TX007647,C02247,8690.17,CARD,returning,monthly,success,none,1,0.89,208,1,388,0
TX007648,C02263,2576.97,CARD,new,one_time,success,none,3,0.86,350,1,1170,0
TX007649,C00898,7063.95,NETBANKING,returning,one_time,success,none,0,0.85,229,1,914,0
TX007650,C00472,584.42,UPI,returning,one_time,failed,network_error,3,0.93,7,1,77,1
TX007651,C00247,2212.51,UPI,returning,monthly,success,none,3,0.5,195,1,774,0
TX007652,C02430,4181.89,NETBANKING,returning,monthly,success,none,1,0.86,224,0,149,0
TX007653,C00991,447.5,WALLET,new,monthly,success,none,2,0.9,242,1,1474,0
TX007654,C00927,674.8,CARD,returning,monthly,success,none,1,0.89,237,1,1301,0
TX007655,C01192,6234.82,UPI,returning,monthly,failed,insufficient_funds,1,0.72,104,1,1164,1
TX007656,C02608,413.6,CARD,new,one_time,success,none,3,0.7,246,1,252,0
TX007657,C01075,286.82,UPI,new,one_time,failed,insufficient_funds,2,0.64,355,1,1448,0
TX007658,C01835,5054.23,UPI,new,monthly,success,none,0,0.91,250,1,705,0
TX007659,C00689,3629.18,UPI,returning,one_time,success,none,0,0.87,184,1,1103,0
TX007660,C02428,1689.39,NETBANKING,new,yearly,failed,expired_card,3,0.84,37,1,343,0
TX007661,C02522,1047.63,UPI,new,yearly,failed,expired_card,1,0.69,70,1,665,0
TX007662,C02745,707.31,NETBANKING,returning,monthly,success,none,0,0.91,183,1,622,0
TX007663,C01485,1453.82,UPI,new,one_time,success,none,1,0.73,119,1,3,0
TX007664,C02959,5323.08,UPI,new,monthly,success,none,2,0.95,138,1,555,0
TX007665,C00960,1392.1,NETBANKING,returning,monthly,success,none,0,0.84,231,0,1407,0
TX007666,C00478,9575.46,UPI,returning,monthly,success,none,0,0.98,297,1,186,0
TX007667,C02974,446.78,CARD,new,one_time,success,none,0,0.87,179,0,1266,0
TX007668,C00707,1075.26,UPI,new,monthly,failed,card_declined,3,0.77,5,1,1001,0
TX007669,C02902,755.17,CARD,returning,monthly,success,none,2,0.94,165,1,252,0
TX007670,C01138,370.5,UPI,returning,one_time,success,none,1,0.96,57,0,1409,0
TX007671,C00754,940.97,UPI,returning,one_time,failed,insufficient_funds,1,0.84,248,1,717,1
TX007672,C02551,1664.58,CARD,returning,monthly,success,none,2,0.96,230,1,269,0
TX007673,C01660,1852.39,UPI,new,one_time,success,none,1,0.81,29,1,887,0
TX007674,C02865,9608.97,UPI,new,one_time,success,none,3,0.87,56,1,144,0
TX007675,C00588,1744.93,CARD,returning,one_time,failed,card_declined,1,0.72,202,1,1470,1
TX007676,C01335,3463.85,UPI,new,yearly,success,none,3,0.97,353,1,306,0
TX007677,C01493,1171.56,UPI,returning,one_time,failed,expired_card,3,0.91,287,0,230,1
TX007678,C01848,5872.62,CARD,returning,one_time,success,none,2,0.78,239,1,570,0
TX007679,C02756,12069.65,NETBANKING,returning,one_time,success,none,3,0.84,96,1,854,0
TX007680,C00207,1865.13,UPI,returning,monthly,success,none,0,0.96,246,1,1085,0
TX007681,C02199,406.4,CARD,returning,monthly,success,none,3,0.81,180,1,784,0
TX007682,C02716,633.46,CARD,new,monthly,success,none,1,0.99,269,1,864,0
TX007683,C02576,1453.8,UPI,returning,monthly,failed,insufficient_funds,2,0.69,228,1,1469,1
TX007684,C00165,1731.08,UPI,returning,monthly,success,none,1,0.63,29,1,400,0
TX007685,C02965,2204.87,UPI,new,one_time,failed,card_declined,0,0.63,109,1,821,0
TX007686,C01999,1737.49,CARD,returning,monthly,success,none,3,0.86,87,0,601,0
TX007687,C02085,1104.32,UPI,returning,one_time,success,none,0,0.8,186,1,58,0
TX007688,C00333,580.45,NETBANKING,returning,monthly,success,none,3,0.89,156,1,339,0
TX007689,C00403,1637.85,CARD,new,one_time,success,none,0,0.83,105,1,921,0
TX007690,C00414,7009.26,UPI,returning,yearly,success,none,0,0.6,159,1,769,0
TX007691,C00045,3040.96,UPI,new,monthly,success,none,0,0.87,175,1,1481,0
TX007692,C02254,1871.89,WALLET,returning,monthly,success,none,0,0.84,193,1,288,0
TX007693,C00062,3070.41,UPI,new,monthly,failed,bank_timeout,0,0.79,30,1,301,1
TX007694,C02468,756.68,UPI,returning,monthly,success,none,0,0.9,102,1,374,0
TX007695,C00868,659.67,CARD,returning,monthly,success,none,3,0.72,310,1,1105,0
TX007696,C01492,519.16,UPI,returning,one_time,success,none,1,0.88,86,0,408,0
TX007697,C02868,967.5,UPI,new,one_time,success,none,2,0.76,320,0,1140,0
TX007698,C00019,719.1,UPI,returning,one_time,success,none,2,0.56,12,1,574,0
TX007699,C00365,3671.2,UPI,returning,one_time,success,none,1,0.96,147,1,1000,0
TX007700,C02476,681.76,UPI,returning,one_time,success,none,3,0.63,292,0,21,0
TX007701,C01141,491.41,NETBANKING,returning,yearly,failed,bank_timeout,3,0.77,115,1,428,1
TX007702,C00580,7650.89,WALLET,returning,monthly,failed,card_declined,2,0.75,142,1,1252,1
TX007703,C00546,698.28,UPI,returning,one_time,success,none,2,0.88,132,0,974,0
TX007704,C01730,1278.61,UPI,returning,one_time,success,none,0,0.81,133,1,1012,0
TX007705,C02373,1722.14,UPI,new,monthly,success,none,1,0.78,298,0,23,0
TX007706,C00055,351.89,UPI,returning,one_time,success,none,0,0.68,363,0,976,0
TX007707,C00778,3772.46,UPI,returning,monthly,success,none,0,0.88,316,1,1368,0
TX007708,C00042,2073.76,UPI,returning,one_time,success,none,0,0.53,37,1,398,0
TX007709,C01321,5210.25,NETBANKING,new,yearly,success,none,1,0.85,31,1,184,0
TX007710,C00231,556.01,UPI,returning,one_time,success,none,1,0.87,313,1,503,0
TX007711,C00453,1210.91,UPI,returning,one_time,success,none,1,0.85,242,1,801,0
TX007712,C02442,1140.65,UPI,new,yearly,success,none,0,0.91,43,1,1105,0
TX007713,C01546,1427.8,UPI,returning,one_time,success,none,3,0.69,202,1,366,0
TX007714,C01382,256.05,NETBANKING,new,one_time,success,none,1,0.79,311,1,1283,0
TX007715,C01468,1225.17,UPI,returning,one_time,failed,network_error,0,0.71,89,0,476,1
TX007716,C01152,263.36,WALLET,returning,monthly,success,none,3,0.84,340,1,1116,0
TX007717,C02739,1569.22,UPI,new,one_time,success,none,2,0.57,265,0,136,0
TX007718,C02440,130.5,CARD,new,yearly,success,none,0,0.89,332,1,109,0
TX007719,C01217,172.16,WALLET,returning,yearly,success,none,2,0.72,52,1,1074,0
TX007720,C02652,2486.29,UPI,returning,monthly,success,none,2,0.91,108,1,1339,0
TX007721,C00881,634.71,UPI,returning,one_time,success,none,1,0.91,333,1,1059,0
TX007722,C00085,408.36,CARD,returning,yearly,success,none,0,0.95,181,1,1418,0
TX007723,C01054,3908.25,UPI,returning,monthly,success,none,1,0.71,363,1,1030,0
TX007724,C00049,1521.77,CARD,returning,one_time,failed,card_declined,3,0.74,289,1,122,1
TX007725,C01169,2623.04,UPI,returning,one_time,success,none,1,0.88,2,1,638,0
TX007726,C00069,928.67,UPI,returning,monthly,failed,insufficient_funds,2,0.88,23,1,357,1
TX007727,C02745,15988.56,UPI,returning,monthly,failed,expired_card,2,0.92,272,1,1082,1
TX007728,C02527,599.13,NETBANKING,returning,one_time,failed,card_declined,0,0.76,176,1,568,1
TX007729,C02868,6276.05,UPI,new,monthly,success,none,3,0.68,248,1,976,0
TX007730,C01702,1031.36,UPI,returning,yearly,failed,insufficient_funds,2,0.72,361,1,695,1
TX007731,C01599,209.66,CARD,returning,one_time,success,none,0,0.89,214,1,1183,0
TX007732,C02195,1777.3,UPI,returning,one_time,success,none,0,0.71,132,1,945,0
TX007733,C01870,1502.32,UPI,returning,yearly,failed,insufficient_funds,1,0.89,68,1,302,1
TX007734,C01016,383.25,UPI,returning,one_time,success,none,2,0.82,195,1,54,0
TX007735,C02657,436.06,CARD,new,yearly,success,none,1,0.69,108,1,205,0
TX007736,C00446,1069.88,CARD,returning,monthly,success,none,2,0.47,39,1,866,0
TX007737,C02269,1555.8,UPI,new,one_time,success,none,2,0.91,109,1,1398,0
TX007738,C01402,100.0,UPI,new,one_time,failed,bank_timeout,3,0.91,22,1,457,1
TX007739,C02143,3143.59,CARD,returning,one_time,success,none,1,0.64,188,0,482,0
TX007740,C00262,668.81,CARD,new,one_time,success,none,0,0.88,164,1,545,0
TX007741,C01849,289.53,UPI,new,monthly,failed,card_declined,1,0.9,177,0,1203,0
TX007742,C00897,2810.36,UPI,returning,monthly,success,none,3,0.55,89,1,1226,0
TX007743,C01095,1071.04,UPI,new,monthly,failed,network_error,2,0.78,289,1,478,1
TX007744,C02267,3700.29,CARD,new,monthly,success,none,1,0.82,77,1,591,0
TX007745,C01557,1699.27,WALLET,returning,monthly,success,none,1,0.85,211,0,391,0
TX007746,C00092,1094.97,UPI,returning,yearly,success,none,3,0.85,147,1,327,0
TX007747,C00127,941.31,UPI,new,monthly,success,none,2,0.66,327,1,316,0
TX007748,C00080,1777.05,UPI,new,yearly,success,none,2,0.88,6,1,1423,0
TX007749,C01848,725.22,UPI,returning,one_time,success,none,0,0.67,284,0,538,0
TX007750,C00983,467.51,UPI,new,monthly,success,none,2,0.66,351,0,1210,0
TX007751,C00916,2018.09,NETBANKING,returning,monthly,success,none,2,0.8,193,1,1461,0
TX007752,C02534,949.1,UPI,returning,yearly,success,none,2,0.9,205,0,1133,0
TX007753,C00694,1134.07,CARD,returning,monthly,success,none,2,0.74,206,1,723,0
TX007754,C00025,3259.67,UPI,returning,one_time,failed,network_error,2,0.84,270,1,422,1
TX007755,C00156,978.6,NETBANKING,returning,one_time,success,none,0,1.0,364,0,1078,0
TX007756,C02680,1113.24,UPI,returning,one_time,success,none,2,0.72,140,0,120,0
TX007757,C01813,602.06,UPI,returning,one_time,success,none,1,0.86,351,1,615,0
TX007758,C01554,1687.06,NETBANKING,returning,monthly,success,none,1,0.51,315,1,274,0
TX007759,C01967,1555.93,UPI,returning,yearly,success,none,2,0.96,356,1,660,0
TX007760,C01734,2699.37,CARD,returning,one_time,success,none,1,0.71,81,1,159,0
TX007761,C01081,614.54,NETBANKING,returning,one_time,success,none,0,0.71,8,1,1142,0
TX007762,C01629,693.8,UPI,new,yearly,success,none,1,0.73,78,1,145,0
TX007763,C00019,2421.49,CARD,returning,one_time,success,none,0,0.82,266,1,288,0
TX007764,C01408,1411.22,NETBANKING,new,yearly,failed,expired_card,0,0.87,342,1,703,1
TX007765,C01217,443.09,WALLET,new,one_time,failed,expired_card,3,0.94,357,1,1274,0
TX007766,C02285,4050.33,CARD,returning,one_time,success,none,1,0.94,80,1,78,0
TX007767,C01411,200.65,UPI,returning,one_time,success,none,1,0.76,198,1,1349,0
TX007768,C00277,2402.55,CARD,returning,yearly,failed,bank_timeout,2,0.84,304,1,967,1
TX007769,C00745,309.45,CARD,returning,yearly,failed,card_declined,2,0.73,88,1,400,1
TX007770,C00552,7228.51,CARD,new,monthly,failed,expired_card,3,0.66,254,1,135,0
TX007771,C01177,234.02,NETBANKING,returning,one_time,success,none,2,0.83,50,1,569,0
TX007772,C00639,3471.18,UPI,returning,yearly,success,none,1,0.89,47,1,276,0
TX007773,C00237,1010.67,UPI,returning,yearly,success,none,0,0.8,157,1,1082,0
TX007774,C00998,760.06,CARD,new,one_time,success,none,3,0.86,358,1,505,0
TX007775,C02103,1320.01,WALLET,returning,monthly,success,none,0,0.66,9,1,760,0
TX007776,C02004,2062.97,UPI,returning,yearly,success,none,2,0.7,241,1,1361,0
TX007777,C01460,443.9,WALLET,returning,one_time,failed,card_declined,0,0.74,66,0,383,1
TX007778,C02732,485.03,NETBANKING,new,one_time,success,none,3,0.95,227,1,760,0
TX007779,C02157,2099.82,NETBANKING,returning,yearly,success,none,1,0.77,325,1,585,0
TX007780,C01208,198.87,NETBANKING,returning,monthly,failed,network_error,1,0.89,54,1,817,1
TX007781,C01392,611.41,NETBANKING,returning,yearly,success,none,3,0.77,22,1,1011,0
TX007782,C02007,22941.14,NETBANKING,returning,monthly,success,none,0,0.75,143,1,113,0
TX007783,C01222,416.54,CARD,returning,one_time,success,none,3,0.47,121,0,1467,0
TX007784,C01395,3455.78,UPI,returning,monthly,failed,insufficient_funds,1,0.84,156,0,1150,1
TX007785,C00373,610.36,UPI,new,monthly,success,none,0,0.88,32,1,399,0
TX007786,C01521,1824.47,UPI,returning,one_time,success,none,2,0.88,272,1,205,0
TX007787,C02249,2109.82,UPI,returning,one_time,failed,network_error,1,0.83,33,1,1048,1
TX007788,C00849,3391.26,UPI,new,one_time,success,none,3,0.62,167,1,965,0
TX007789,C02557,897.62,NETBANKING,returning,monthly,success,none,1,0.81,355,1,156,0
TX007790,C01346,8013.51,CARD,new,yearly,success,none,2,0.91,14,1,1399,0
TX007791,C02323,608.3,UPI,new,monthly,failed,bank_timeout,0,0.98,295,1,23,1
TX007792,C02259,1386.06,CARD,returning,monthly,success,none,3,0.72,199,1,973,0
TX007793,C00504,1401.47,UPI,returning,one_time,success,none,1,0.77,20,1,654,0
TX007794,C00703,357.11,UPI,returning,monthly,success,none,1,0.95,50,0,471,0
TX007795,C02090,823.96,NETBANKING,new,monthly,success,none,3,0.76,167,1,664,0
TX007796,C00315,1288.86,UPI,returning,monthly,failed,card_declined,0,0.86,264,1,1160,1
TX007797,C02836,711.86,CARD,returning,yearly,success,none,2,0.86,30,1,637,0
TX007798,C02377,12593.35,UPI,returning,monthly,success,none,3,0.89,247,1,495,0
TX007799,C01041,474.08,UPI,returning,yearly,failed,insufficient_funds,1,0.9,340,1,571,1
TX007800,C00283,3566.8,NETBANKING,returning,monthly,failed,insufficient_funds,2,0.55,231,1,1,1
TX007801,C02991,2582.36,UPI,new,one_time,success,none,0,0.63,148,1,964,0
TX007802,C00258,1081.54,WALLET,returning,monthly,success,none,3,0.56,28,1,1431,0
TX007803,C00575,461.64,UPI,returning,yearly,success,none,0,0.9,326,1,590,0
TX007804,C00574,508.64,UPI,new,yearly,failed,bank_timeout,2,0.63,151,1,986,0
TX007805,C02660,653.3,NETBANKING,returning,one_time,success,none,0,0.76,73,1,20,0
TX007806,C01043,183.88,NETBANKING,returning,monthly,success,none,2,0.8,39,1,478,0
TX007807,C01553,402.03,UPI,returning,one_time,failed,insufficient_funds,1,0.58,290,1,847,1
TX007808,C02885,249.02,UPI,returning,one_time,success,none,2,0.76,150,0,797,0
TX007809,C00423,4212.77,CARD,new,yearly,failed,card_declined,3,0.63,88,1,1459,0
TX007810,C01490,2035.43,UPI,new,yearly,success,none,2,0.81,313,1,115,0
TX007811,C01397,2406.61,UPI,returning,monthly,success,none,2,0.94,175,1,70,0
TX007812,C00758,1976.0,CARD,new,one_time,failed,network_error,1,0.8,18,1,443,1
TX007813,C02811,1295.91,CARD,new,monthly,success,none,0,0.96,264,1,872,0
TX007814,C01105,4725.27,UPI,returning,monthly,success,none,1,0.66,317,1,245,0
TX007815,C01575,595.4,UPI,new,one_time,failed,card_declined,3,0.84,122,1,1170,0
TX007816,C02472,1220.08,NETBANKING,returning,one_time,success,none,2,0.86,200,1,1471,0
TX007817,C00429,2314.75,CARD,returning,one_time,failed,expired_card,1,0.71,43,1,1340,1
TX007818,C02022,292.6,CARD,returning,monthly,success,none,3,0.97,93,1,1199,0
TX007819,C00204,24260.11,UPI,returning,one_time,failed,insufficient_funds,0,0.78,145,1,724,1
TX007820,C02244,1128.41,UPI,returning,one_time,success,none,1,0.83,328,1,897,0
TX007821,C02776,1263.94,UPI,returning,yearly,success,none,2,0.79,245,1,236,0
TX007822,C02333,3854.04,UPI,returning,yearly,success,none,1,0.76,278,1,733,0
TX007823,C01993,2737.92,UPI,returning,one_time,failed,insufficient_funds,1,0.76,273,1,453,1
TX007824,C02244,1139.2,UPI,returning,one_time,success,none,2,0.88,250,1,1010,0
TX007825,C00307,1249.04,CARD,returning,monthly,success,none,3,0.96,68,1,1028,0
TX007826,C01688,243.68,CARD,returning,one_time,success,none,2,0.9,148,0,558,0
TX007827,C00014,628.62,UPI,returning,one_time,success,none,0,0.75,174,1,486,0
TX007828,C01861,1839.43,CARD,returning,one_time,failed,card_declined,1,0.53,31,0,598,1
TX007829,C01962,1709.39,CARD,returning,yearly,success,none,3,0.75,259,0,248,0
TX007830,C01081,3718.84,UPI,new,yearly,success,none,0,0.55,22,1,1059,0
TX007831,C00723,972.14,UPI,new,monthly,success,none,2,0.8,126,1,1355,0
TX007832,C00780,273.89,CARD,returning,monthly,failed,bank_timeout,3,0.69,181,1,281,1
TX007833,C01234,3154.96,UPI,new,monthly,failed,card_declined,3,0.65,54,1,1194,0
TX007834,C00529,4610.49,UPI,new,monthly,success,none,2,0.84,27,1,426,0
TX007835,C00798,2692.55,UPI,returning,monthly,success,none,3,0.92,287,1,736,0
TX007836,C00344,931.1,UPI,new,monthly,success,none,0,0.64,167,1,903,0
TX007837,C01303,3116.25,WALLET,returning,monthly,success,none,3,0.73,57,1,716,0
TX007838,C00209,33823.48,CARD,new,one_time,success,none,0,0.86,323,1,1059,0
TX007839,C00641,1230.47,UPI,returning,one_time,success,none,3,0.85,103,1,322,0
TX007840,C01312,295.38,NETBANKING,returning,yearly,failed,network_error,1,0.75,318,1,113,1
TX007841,C02300,610.16,CARD,new,one_time,success,none,3,0.83,347,1,354,0
TX007842,C02319,2049.76,CARD,returning,one_time,success,none,0,0.79,289,1,808,0
TX007843,C01948,220.35,UPI,returning,one_time,success,none,1,0.74,60,1,1283,0
TX007844,C00920,1299.07,CARD,returning,one_time,success,none,2,0.95,148,1,819,0
TX007845,C01724,1604.13,UPI,returning,one_time,success,none,2,0.87,136,1,603,0
TX007846,C02045,5090.45,UPI,returning,one_time,success,none,3,0.9,76,1,526,0
TX007847,C00419,4065.11,UPI,new,monthly,failed,bank_timeout,1,0.91,141,1,200,1
TX007848,C01750,2603.43,UPI,returning,one_time,failed,insufficient_funds,3,0.88,246,1,1065,1
TX007849,C02843,126.13,UPI,new,monthly,success,none,3,0.67,30,1,952,0
TX007850,C01389,2754.67,UPI,returning,one_time,success,none,1,0.89,49,0,664,0
TX007851,C01100,2220.56,NETBANKING,new,one_time,failed,insufficient_funds,2,0.93,186,0,11,1
TX007852,C02773,1416.5,UPI,returning,yearly,failed,bank_timeout,1,0.62,302,1,1285,1
TX007853,C02481,194.37,NETBANKING,new,monthly,success,none,0,0.72,2,1,253,0
TX007854,C02157,504.33,CARD,new,monthly,failed,bank_timeout,1,0.56,283,1,1063,1
TX007855,C02689,341.44,UPI,returning,one_time,success,none,2,0.71,135,1,136,0
TX007856,C01546,146.2,UPI,returning,one_time,success,none,1,0.83,178,1,1453,0
TX007857,C01071,1093.44,NETBANKING,returning,monthly,success,none,0,0.68,219,1,399,0
TX007858,C02427,493.82,UPI,returning,one_time,success,none,1,0.89,309,1,627,0
TX007859,C01851,15143.18,CARD,new,monthly,success,none,3,0.6,74,1,1397,0
TX007860,C01120,926.33,CARD,returning,monthly,success,none,1,0.71,297,1,463,0
TX007861,C00958,3998.81,UPI,returning,monthly,failed,bank_timeout,1,0.88,140,1,153,1
TX007862,C00103,228.35,UPI,new,monthly,failed,insufficient_funds,2,0.63,312,1,112,0
TX007863,C02940,645.43,UPI,returning,one_time,success,none,3,0.87,77,1,767,0
TX007864,C02902,1208.21,NETBANKING,returning,one_time,success,none,3,0.46,120,1,576,0
TX007865,C01170,442.24,NETBANKING,new,monthly,success,none,3,0.81,21,1,169,0
TX007866,C01904,718.96,NETBANKING,new,monthly,success,none,1,0.94,329,1,42,0
TX007867,C01756,881.87,UPI,returning,one_time,success,none,0,0.66,229,1,442,0
TX007868,C02578,867.91,UPI,returning,one_time,success,none,2,0.99,270,1,213,0
TX007869,C00679,7010.18,UPI,returning,one_time,failed,insufficient_funds,1,0.79,364,0,582,1
TX007870,C01969,1600.75,NETBANKING,returning,monthly,failed,insufficient_funds,2,0.73,22,1,993,1
TX007871,C00989,1771.37,UPI,new,one_time,success,none,1,0.8,6,1,1170,0
TX007872,C01106,1881.18,UPI,returning,yearly,success,none,3,0.92,122,1,1334,0
TX007873,C02476,2023.59,NETBANKING,new,monthly,failed,insufficient_funds,2,0.9,172,1,987,1
TX007874,C01608,1009.4,UPI,new,yearly,success,none,3,0.83,16,1,472,0
TX007875,C02870,795.72,CARD,new,monthly,success,none,1,0.8,226,1,868,0
TX007876,C01503,1295.71,UPI,returning,one_time,success,none,0,0.62,300,1,1192,0
TX007877,C01790,3487.02,UPI,new,one_time,failed,insufficient_funds,2,0.89,285,0,1280,0
TX007878,C01186,3382.05,NETBANKING,returning,yearly,success,none,3,0.86,21,1,658,0
TX007879,C00932,862.3,CARD,returning,monthly,success,none,1,0.75,66,1,1415,0
TX007880,C01426,2363.37,UPI,returning,one_time,success,none,3,0.8,72,1,1061,0
TX007881,C01062,902.72,UPI,new,yearly,success,none,1,0.82,292,1,212,0
TX007882,C01979,1134.41,UPI,new,monthly,success,none,3,0.8,131,0,38,0
TX007883,C02559,682.99,CARD,returning,one_time,success,none,3,0.93,241,1,650,0
TX007884,C02441,914.48,UPI,returning,monthly,success,none,1,0.91,305,1,574,0
TX007885,C02043,4193.66,CARD,returning,monthly,success,none,3,0.68,41,1,35,0
TX007886,C02761,1202.82,UPI,returning,one_time,success,none,2,0.8,229,1,1001,0
TX007887,C02542,1255.49,CARD,returning,one_time,success,none,2,0.88,92,1,1002,0
TX007888,C01279,257.95,UPI,new,one_time,success,none,1,0.68,14,1,256,0
TX007889,C01203,804.93,CARD,returning,monthly,success,none,1,0.81,112,1,577,0
TX007890,C02595,861.51,UPI,returning,monthly,failed,card_declined,3,0.54,322,1,1060,0
TX007891,C00594,478.6,UPI,returning,one_time,success,none,1,0.88,168,1,297,0
TX007892,C02437,1120.65,WALLET,returning,monthly,success,none,3,0.92,149,1,674,0
TX007893,C01422,713.95,UPI,returning,one_time,success,none,2,0.67,221,1,199,0
TX007894,C02206,1187.96,UPI,returning,monthly,success,none,0,0.83,225,1,402,0
TX007895,C01028,1238.31,UPI,new,yearly,success,none,0,0.97,299,1,705,0
TX007896,C02215,421.68,UPI,returning,monthly,success,none,1,0.81,197,1,84,0
TX007897,C00960,736.05,CARD,new,yearly,success,none,2,0.49,286,1,754,0
TX007898,C02457,1184.85,UPI,returning,monthly,success,none,1,0.87,298,1,276,0
TX007899,C02242,3584.23,CARD,returning,one_time,failed,card_declined,1,0.47,24,1,1312,1
TX007900,C02283,1417.6,CARD,new,monthly,failed,card_declined,2,0.55,209,1,956,0
TX007901,C02766,565.7,CARD,new,one_time,failed,bank_timeout,0,0.81,315,1,96,1
TX007902,C01174,1634.36,UPI,returning,monthly,failed,insufficient_funds,3,0.93,193,1,212,1
TX007903,C00816,6048.4,UPI,new,monthly,success,none,2,0.97,54,0,1092,0
TX007904,C00404,2742.72,CARD,returning,yearly,failed,card_declined,1,0.89,315,1,85,1
TX007905,C00893,1896.05,UPI,new,one_time,success,none,0,0.68,234,1,576,0
TX007906,C02726,2265.59,CARD,new,yearly,success,none,2,0.68,335,1,791,0
TX007907,C00068,4628.34,UPI,returning,yearly,success,none,3,0.94,316,0,1011,0
TX007908,C00088,3215.14,UPI,returning,one_time,success,none,3,0.92,38,1,1403,0
TX007909,C02265,1932.87,NETBANKING,returning,yearly,success,none,0,0.58,193,1,831,0
TX007910,C02049,3192.76,CARD,returning,one_time,success,none,3,0.85,11,0,901,0
TX007911,C01159,371.8,CARD,returning,one_time,failed,bank_timeout,2,0.87,244,1,838,1
TX007912,C01721,244.14,NETBANKING,returning,yearly,failed,network_error,2,0.92,183,1,160,1
TX007913,C01375,1283.18,CARD,new,one_time,failed,expired_card,0,0.82,229,1,710,1
TX007914,C02188,1174.6,UPI,new,monthly,failed,network_error,0,0.82,131,1,1066,1
TX007915,C02666,636.57,WALLET,new,monthly,failed,network_error,3,0.94,139,1,602,1
TX007916,C02181,2504.52,CARD,returning,one_time,success,none,1,0.89,316,1,315,0
TX007917,C01644,170.23,CARD,returning,monthly,success,none,1,0.69,138,1,393,0
TX007918,C00178,642.41,UPI,returning,one_time,success,none,0,0.88,140,0,448,0
TX007919,C02858,675.22,NETBANKING,returning,one_time,success,none,1,0.75,296,1,533,0
TX007920,C01382,213.51,UPI,new,yearly,failed,expired_card,1,0.7,39,1,1046,0
TX007921,C02428,4888.94,UPI,returning,yearly,success,none,2,0.54,16,0,472,0
TX007922,C00908,281.69,UPI,new,monthly,success,none,1,0.83,355,1,207,0
TX007923,C02706,608.9,UPI,returning,one_time,success,none,2,0.91,252,1,1034,0
TX007924,C02498,2718.89,UPI,returning,one_time,success,none,1,0.85,263,1,986,0
TX007925,C00586,2092.35,NETBANKING,returning,yearly,failed,bank_timeout,0,0.78,336,1,1144,1
TX007926,C02511,362.07,CARD,returning,one_time,success,none,2,0.87,337,1,1242,0
TX007927,C00990,2170.01,UPI,returning,one_time,failed,expired_card,1,0.82,252,1,1033,1
TX007928,C01132,1465.25,CARD,returning,yearly,failed,bank_timeout,3,0.69,157,1,845,1
TX007929,C02170,11305.4,UPI,new,one_time,success,none,3,0.76,203,1,1120,0
TX007930,C02065,1642.44,UPI,new,one_time,failed,network_error,3,0.91,82,1,372,1
TX007931,C01220,952.18,UPI,returning,one_time,failed,expired_card,0,0.83,122,0,408,1
TX007932,C02375,465.68,NETBANKING,returning,yearly,success,none,2,0.98,332,1,1489,0
TX007933,C00318,521.0,UPI,returning,monthly,failed,network_error,1,0.78,191,1,615,1
TX007934,C02857,480.21,UPI,returning,one_time,success,none,0,0.88,139,1,706,0
TX007935,C01503,4320.38,UPI,returning,yearly,failed,expired_card,3,0.87,127,1,896,1
TX007936,C02035,1116.52,CARD,new,monthly,success,none,2,0.9,284,1,1202,0
TX007937,C02043,1929.95,CARD,new,one_time,failed,expired_card,1,0.81,119,1,1222,0
TX007938,C00503,4985.29,UPI,returning,monthly,success,none,1,0.89,46,1,748,0
TX007939,C02023,103.7,UPI,new,one_time,failed,insufficient_funds,2,0.42,338,1,1401,0
TX007940,C00119,3939.75,CARD,returning,monthly,success,none,0,0.91,3,1,922,0
TX007941,C00710,1159.1,CARD,returning,one_time,success,none,2,0.93,142,1,1002,0
TX007942,C00045,1694.34,UPI,new,one_time,failed,card_declined,0,0.5,167,1,338,0
TX007943,C00314,478.95,NETBANKING,returning,monthly,success,none,3,0.83,25,1,720,0
TX007944,C00418,515.37,WALLET,returning,monthly,failed,card_declined,3,0.77,163,1,1461,1
TX007945,C02604,1787.99,UPI,returning,one_time,success,none,0,0.45,286,0,163,0
TX007946,C01102,11903.62,CARD,returning,one_time,failed,network_error,2,0.77,95,1,289,1
TX007947,C00326,2990.85,UPI,returning,yearly,failed,network_error,0,0.91,122,1,212,1
TX007948,C01440,3887.51,CARD,returning,one_time,success,none,3,0.71,231,1,1476,0
TX007949,C01987,905.06,UPI,returning,monthly,failed,network_error,1,0.72,66,1,1461,1
TX007950,C02563,601.72,UPI,returning,one_time,success,none,2,0.69,39,1,256,0
TX007951,C02262,502.3,CARD,returning,monthly,failed,insufficient_funds,3,0.78,284,1,866,0
TX007952,C00074,672.99,NETBANKING,returning,one_time,success,none,0,0.72,192,1,954,0
TX007953,C01603,140.78,UPI,returning,one_time,success,none,3,0.76,231,1,903,0
TX007954,C00509,531.17,UPI,returning,monthly,failed,insufficient_funds,1,0.85,131,1,115,1
TX007955,C02380,626.19,UPI,returning,one_time,success,none,0,0.97,84,1,226,0
TX007956,C00688,920.25,CARD,returning,monthly,success,none,2,0.92,74,1,1306,0
TX007957,C00657,1251.06,CARD,returning,one_time,failed,network_error,1,0.75,220,1,1298,1
TX007958,C01543,1575.69,UPI,returning,one_time,success,none,0,0.76,262,1,678,0
TX007959,C01293,1080.39,CARD,new,monthly,success,none,3,0.69,164,1,1369,0
TX007960,C01400,613.12,CARD,returning,one_time,success,none,3,0.78,87,0,1259,0
TX007961,C02648,153.95,UPI,new,one_time,success,none,2,0.87,20,1,156,0
TX007962,C01553,616.89,CARD,returning,one_time,success,none,0,0.66,244,1,321,0
TX007963,C01076,414.7,UPI,returning,one_time,success,none,3,0.94,121,1,1296,0
TX007964,C00325,1747.72,NETBANKING,returning,one_time,success,none,2,0.83,52,0,1415,0
TX007965,C00992,2722.45,UPI,returning,one_time,failed,insufficient_funds,1,0.84,265,1,718,1
TX007966,C01994,2803.35,UPI,returning,one_time,success,none,2,0.97,105,1,380,0
TX007967,C00717,2337.77,UPI,new,yearly,success,none,1,0.7,75,1,1427,0
TX007968,C02771,959.56,NETBANKING,returning,one_time,success,none,0,0.89,324,1,13,0
TX007969,C00277,650.7,UPI,new,yearly,success,none,3,0.82,306,0,494,0
TX007970,C02584,519.52,UPI,returning,monthly,success,none,0,0.9,134,1,125,0
TX007971,C00152,242.86,WALLET,returning,one_time,failed,expired_card,1,0.72,43,1,1099,1
TX007972,C00955,2956.77,NETBANKING,returning,one_time,success,none,0,0.85,312,1,1473,0
TX007973,C01507,920.84,WALLET,returning,one_time,success,none,1,0.85,17,1,675,0
TX007974,C00259,315.34,UPI,returning,monthly,success,none,0,0.93,288,1,84,0
TX007975,C02372,479.87,NETBANKING,new,monthly,success,none,3,0.6,267,0,797,0
TX007976,C00869,460.83,UPI,returning,monthly,failed,expired_card,0,0.64,235,1,680,1
TX007977,C01192,1144.84,UPI,new,monthly,success,none,2,0.81,154,0,992,0
TX007978,C00688,3189.02,UPI,new,one_time,success,none,3,0.42,146,1,333,0
TX007979,C00310,774.34,UPI,returning,monthly,success,none,2,0.68,30,1,463,0
TX007980,C02851,115.29,UPI,new,one_time,failed,expired_card,2,0.55,192,1,957,0
TX007981,C01503,907.61,UPI,new,yearly,success,none,3,0.82,363,1,172,0
TX007982,C02668,938.05,NETBANKING,new,one_time,success,none,1,0.78,160,1,1116,0
TX007983,C00473,875.75,UPI,returning,one_time,success,none,2,0.8,57,1,581,0
TX007984,C02509,585.54,UPI,returning,yearly,failed,card_declined,2,0.57,62,1,1241,1
TX007985,C00814,1362.99,UPI,returning,monthly,success,none,2,0.98,250,1,116,0
TX007986,C00846,1171.62,NETBANKING,returning,monthly,success,none,0,0.96,326,1,1278,0
TX007987,C01165,1069.74,UPI,returning,one_time,failed,expired_card,1,0.65,142,1,567,1
TX007988,C00667,1656.8,UPI,new,yearly,success,none,2,0.85,339,0,314,0
TX007989,C02310,713.49,UPI,new,yearly,failed,card_declined,3,0.71,103,1,158,0
TX007990,C01809,674.12,NETBANKING,returning,one_time,success,none,2,0.7,302,0,303,0
TX007991,C01444,4359.55,UPI,returning,one_time,success,none,2,0.86,12,1,265,0
TX007992,C01768,1918.61,UPI,returning,monthly,failed,expired_card,0,0.98,83,1,695,1
TX007993,C01265,2507.26,UPI,new,yearly,success,none,1,0.8,50,1,1026,0
TX007994,C00355,3737.25,NETBANKING,new,monthly,failed,network_error,2,0.93,364,1,584,1
TX007995,C01873,1855.56,UPI,new,yearly,failed,card_declined,2,0.84,335,1,877,0
TX007996,C02025,2774.95,CARD,returning,one_time,success,none,2,0.79,73,1,839,0
TX007997,C02818,226.03,UPI,new,yearly,success,none,0,0.86,8,1,1000,0
TX007998,C00180,1345.01,WALLET,returning,one_time,success,none,0,0.95,259,1,991,0
TX007999,C00066,913.5,CARD,new,one_time,success,none,3,0.65,308,1,389,0
TX008000,C00820,5870.44,CARD,returning,monthly,success,none,2,0.63,334,1,1346,0
TX008001,C01372,2772.89,UPI,new,monthly,failed,insufficient_funds,0,0.67,139,1,292,1
TX008002,C00171,583.8,UPI,new,one_time,success,none,3,0.7,48,1,296,0
TX008003,C02522,1592.08,UPI,new,yearly,success,none,3,0.98,140,1,1079,0
TX008004,C02582,1296.83,CARD,new,yearly,success,none,1,0.63,245,1,1130,0
TX008005,C01391,1727.33,WALLET,new,monthly,success,none,3,0.9,307,1,278,0
TX008006,C01131,395.9,UPI,returning,one_time,failed,card_declined,2,0.89,4,1,1050,1
TX008007,C02487,1571.86,NETBANKING,new,one_time,success,none,1,0.86,114,1,735,0
TX008008,C00835,872.92,UPI,new,monthly,success,none,1,0.86,145,1,486,0
TX008009,C00227,1454.55,NETBANKING,returning,monthly,failed,bank_timeout,1,0.94,285,1,1432,1
TX008010,C00442,531.45,UPI,returning,one_time,success,none,0,0.71,110,1,309,0
TX008011,C02444,610.9,UPI,new,monthly,success,none,0,0.96,62,1,523,0
TX008012,C00728,3546.95,UPI,returning,monthly,success,none,1,0.83,128,0,190,0
TX008013,C01605,383.16,CARD,returning,monthly,success,none,0,0.69,79,1,32,0
TX008014,C02132,412.5,CARD,new,one_time,success,none,0,0.92,140,1,1489,0
TX008015,C01037,1041.5,UPI,returning,monthly,success,none,2,0.92,48,1,855,0
TX008016,C01833,506.8,UPI,new,one_time,failed,card_declined,3,0.87,351,1,340,1
TX008017,C01849,452.58,UPI,new,one_time,success,none,2,0.9,166,1,1267,0
TX008018,C02741,1218.13,UPI,returning,yearly,success,none,2,0.87,121,0,1106,0
TX008019,C00493,243.46,UPI,new,one_time,success,none,2,0.75,244,1,563,0
TX008020,C01549,400.23,CARD,new,yearly,success,none,1,0.88,215,1,1201,0
TX008021,C01144,8553.5,CARD,returning,one_time,success,none,0,0.98,205,1,637,0
TX008022,C00970,1736.24,CARD,returning,monthly,success,none,1,0.89,114,1,690,0
TX008023,C02401,519.8,CARD,returning,one_time,success,none,2,0.89,178,1,571,0
TX008024,C02088,1666.06,UPI,returning,yearly,success,none,3,0.79,268,0,781,0
TX008025,C00640,1933.97,CARD,returning,yearly,failed,expired_card,2,0.92,215,0,229,1
TX008026,C00173,2964.35,UPI,returning,one_time,success,none,0,0.87,282,0,827,0
TX008027,C01571,965.69,CARD,new,one_time,success,none,3,0.93,351,1,1099,0
TX008028,C00259,2911.72,UPI,returning,monthly,success,none,3,0.79,219,1,682,0
TX008029,C00517,142.82,CARD,new,yearly,failed,expired_card,0,0.86,113,1,147,1
TX008030,C02778,381.34,UPI,new,monthly,failed,expired_card,0,0.86,350,1,210,1
TX008031,C00523,1291.9,UPI,returning,yearly,success,none,2,0.91,65,0,683,0
TX008032,C01918,1524.82,CARD,returning,one_time,success,none,0,0.68,3,1,1136,0
TX008033,C02887,440.64,UPI,new,monthly,failed,insufficient_funds,3,0.97,136,1,1257,0
TX008034,C02165,1421.43,UPI,new,monthly,failed,network_error,0,0.75,254,0,1143,0
TX008035,C02232,587.67,CARD,returning,one_time,success,none,2,0.76,90,0,699,0
TX008036,C01930,831.34,NETBANKING,returning,monthly,failed,card_declined,1,0.83,158,1,800,1
TX008037,C01140,3055.73,UPI,returning,yearly,failed,insufficient_funds,1,0.95,299,1,1243,1
TX008038,C02210,2721.5,UPI,returning,yearly,success,none,2,0.58,17,1,931,0
TX008039,C02591,404.62,UPI,returning,one_time,success,none,3,0.81,199,1,7,0
TX008040,C00839,380.98,CARD,returning,one_time,success,none,1,0.7,194,1,1242,0
TX008041,C01090,726.93,UPI,returning,monthly,success,none,2,0.82,248,0,640,0
TX008042,C01094,1067.69,NETBANKING,returning,one_time,success,none,1,0.95,134,1,495,0
TX008043,C02495,567.99,UPI,returning,yearly,failed,bank_timeout,3,0.79,231,1,1199,1
TX008044,C02464,3104.61,UPI,returning,one_time,success,none,3,0.85,322,1,511,0
TX008045,C02580,1552.14,UPI,returning,monthly,success,none,3,0.52,130,1,1387,0
TX008046,C02489,1645.97,UPI,new,one_time,success,none,0,0.92,124,1,358,0
TX008047,C02786,309.04,CARD,returning,monthly,success,none,3,0.9,221,1,282,0
TX008048,C01970,3523.78,UPI,returning,one_time,failed,card_declined,3,0.84,113,1,1234,0
TX008049,C02512,100.0,WALLET,returning,one_time,success,none,3,0.95,263,1,1082,0
TX008050,C02444,2525.15,UPI,new,one_time,success,none,1,0.36,175,0,968,0
TX008051,C02759,2791.44,UPI,new,monthly,success,none,2,0.93,30,1,814,0
TX008052,C01575,711.66,UPI,returning,monthly,success,none,2,0.6,35,1,760,0
TX008053,C01581,3916.33,NETBANKING,returning,one_time,failed,expired_card,3,0.58,315,1,612,0
TX008054,C02443,1029.58,CARD,returning,one_time,success,none,1,0.72,273,0,1008,0
TX008055,C02374,1167.28,UPI,new,monthly,success,none,2,0.53,309,1,166,0
TX008056,C01115,1539.99,NETBANKING,returning,monthly,success,none,1,0.64,319,1,1127,0
TX008057,C00750,26544.42,UPI,new,one_time,success,none,2,0.47,125,1,635,0
TX008058,C01094,4206.7,CARD,returning,one_time,success,none,0,0.78,176,0,644,0
TX008059,C01190,2210.85,NETBANKING,returning,one_time,success,none,3,0.83,62,0,1278,0
TX008060,C02690,440.19,CARD,returning,one_time,success,none,1,0.76,99,1,773,0
TX008061,C02262,1265.96,NETBANKING,returning,one_time,success,none,1,0.87,263,1,391,0
TX008062,C01876,486.32,NETBANKING,new,monthly,success,none,0,0.66,115,1,1400,0
TX008063,C01788,2495.17,WALLET,returning,yearly,success,none,2,0.73,231,1,599,0
TX008064,C02417,1262.02,UPI,returning,one_time,success,none,1,0.45,183,1,816,0
TX008065,C01608,356.19,UPI,new,monthly,success,none,3,0.62,229,1,1193,0
TX008066,C00049,1189.31,CARD,returning,monthly,success,none,0,0.94,166,1,532,0
TX008067,C01076,468.99,CARD,returning,yearly,success,none,3,0.84,346,1,940,0
TX008068,C01313,1275.66,UPI,new,monthly,success,none,2,0.74,325,1,1371,0
TX008069,C01650,464.48,UPI,returning,yearly,success,none,3,0.72,245,1,193,0
TX008070,C02181,1127.2,NETBANKING,new,monthly,success,none,0,0.96,39,1,845,0
TX008071,C02834,2322.66,WALLET,returning,monthly,success,none,0,0.84,334,1,651,0
TX008072,C01190,1039.97,UPI,returning,one_time,failed,insufficient_funds,1,0.98,157,1,1,1
TX008073,C01398,741.82,UPI,new,one_time,success,none,3,0.61,109,0,333,0
TX008074,C02421,1343.83,UPI,returning,yearly,success,none,3,0.83,359,1,54,0
TX008075,C01829,2202.13,UPI,returning,monthly,success,none,2,0.81,230,0,896,0
TX008076,C00479,362.42,CARD,returning,one_time,failed,insufficient_funds,1,0.9,207,0,1202,1
TX008077,C00832,1423.19,NETBANKING,new,yearly,failed,card_declined,2,0.9,60,1,108,0
TX008078,C02698,4095.08,UPI,returning,one_time,success,none,2,0.77,252,0,1096,0
TX008079,C01615,1946.24,CARD,returning,one_time,success,none,0,0.94,194,1,1213,0
TX008080,C00682,1161.83,CARD,new,monthly,success,none,0,0.82,4,1,354,0
TX008081,C02736,2079.2,UPI,new,monthly,success,none,1,0.88,20,1,1343,0
TX008082,C01324,1724.16,CARD,returning,monthly,success,none,2,0.97,358,0,547,0
TX008083,C00082,2329.95,CARD,returning,one_time,failed,insufficient_funds,3,0.88,210,1,3,1
TX008084,C00087,144.9,NETBANKING,returning,yearly,failed,insufficient_funds,3,0.69,234,1,1192,0
TX008085,C02273,231.96,UPI,returning,yearly,success,none,0,0.77,198,1,1059,0
TX008086,C02064,2995.39,CARD,new,one_time,failed,insufficient_funds,2,0.76,55,1,1202,0
TX008087,C00822,243.4,UPI,returning,one_time,success,none,0,0.82,46,0,681,0
TX008088,C00163,1638.5,UPI,returning,one_time,success,none,0,0.97,47,1,1013,0
TX008089,C02562,771.2,UPI,returning,yearly,success,none,1,0.98,86,1,492,0
TX008090,C02398,404.97,UPI,new,yearly,success,none,2,0.65,76,0,941,0
TX008091,C01933,1555.65,UPI,returning,monthly,failed,card_declined,0,0.79,326,1,554,1
TX008092,C02729,1340.82,UPI,returning,monthly,failed,expired_card,2,0.86,210,1,1294,1
TX008093,C01851,9048.39,CARD,returning,monthly,success,none,2,0.89,288,1,1252,0
TX008094,C01861,587.1,CARD,returning,monthly,failed,insufficient_funds,2,0.72,346,0,536,0
TX008095,C01116,4629.06,UPI,new,one_time,success,none,3,0.83,241,1,632,0
TX008096,C02229,1559.97,UPI,returning,one_time,success,none,0,0.9,170,1,1289,0
TX008097,C02791,566.22,CARD,returning,one_time,success,none,2,0.76,351,1,941,0
TX008098,C02708,2438.76,UPI,returning,monthly,failed,insufficient_funds,1,0.53,301,1,1344,0
TX008099,C01883,1930.89,UPI,new,one_time,failed,network_error,1,0.55,140,1,426,0
TX008100,C02541,1136.65,CARD,returning,one_time,failed,bank_timeout,0,0.75,242,1,615,1
TX008101,C00923,1431.24,UPI,new,one_time,success,none,1,0.83,238,1,1269,0
TX008102,C02176,603.66,UPI,returning,monthly,success,none,3,0.74,138,1,931,0
TX008103,C01450,480.2,UPI,new,yearly,success,none,1,0.85,144,1,717,0
TX008104,C01583,2343.6,UPI,returning,yearly,success,none,0,0.81,45,0,744,0
TX008105,C00565,876.61,WALLET,returning,monthly,success,none,2,0.84,169,1,874,0
TX008106,C02598,1012.24,UPI,new,monthly,success,none,3,0.84,300,0,986,0
TX008107,C02501,1450.73,UPI,new,one_time,success,none,0,0.79,327,1,1202,0
TX008108,C00471,1429.8,CARD,returning,one_time,success,none,0,0.91,186,1,901,0
TX008109,C00988,262.61,UPI,returning,one_time,success,none,1,0.86,183,1,849,0
TX008110,C02786,3968.93,UPI,returning,one_time,success,none,0,0.9,213,1,1408,0
TX008111,C01935,1237.91,NETBANKING,new,monthly,failed,network_error,2,0.67,281,1,1325,0
TX008112,C00224,895.47,NETBANKING,returning,one_time,success,none,0,0.94,268,1,1023,0
TX008113,C02202,1687.23,UPI,new,monthly,success,none,0,0.94,335,1,523,0
TX008114,C02608,1389.28,UPI,returning,one_time,failed,expired_card,2,0.76,320,1,126,1
TX008115,C00351,2361.52,CARD,returning,one_time,success,none,0,0.91,191,1,1430,0
TX008116,C01929,1878.04,UPI,returning,yearly,success,none,2,0.79,15,1,172,0
TX008117,C00349,2248.11,UPI,new,one_time,success,none,2,0.88,69,1,556,0
TX008118,C00182,4234.39,UPI,returning,monthly,success,none,1,0.94,209,1,951,0
TX008119,C00637,2653.47,UPI,new,one_time,success,none,0,0.69,355,1,565,0
TX008120,C01018,934.03,UPI,returning,one_time,failed,network_error,3,0.45,157,1,495,0
TX008121,C02227,356.77,UPI,returning,monthly,success,none,3,0.96,248,1,15,0
TX008122,C00772,5812.69,CARD,new,monthly,success,none,2,0.65,75,1,144,0
TX008123,C02942,864.61,UPI,new,one_time,success,none,0,0.77,363,1,1270,0
TX008124,C01016,683.27,UPI,new,yearly,failed,card_declined,1,0.96,129,1,764,1
TX008125,C02112,193.11,UPI,new,monthly,success,none,1,0.81,204,1,1293,0
TX008126,C00029,1538.36,CARD,returning,one_time,success,none,1,0.89,302,1,1240,0
TX008127,C02420,1272.69,UPI,new,one_time,failed,network_error,2,0.68,192,1,35,0
TX008128,C02145,241.02,UPI,returning,monthly,failed,card_declined,1,0.77,312,1,1214,1
TX008129,C01894,1725.5,UPI,new,monthly,success,none,3,0.92,74,1,521,0
TX008130,C01466,666.35,UPI,returning,one_time,success,none,0,0.96,145,1,1486,0
TX008131,C01227,16160.33,NETBANKING,new,one_time,success,none,0,0.59,207,1,324,0
TX008132,C02069,620.57,CARD,new,one_time,success,none,3,0.8,255,0,616,0
TX008133,C02783,709.67,UPI,returning,one_time,failed,network_error,2,0.81,114,1,162,1
TX008134,C01126,457.25,CARD,returning,one_time,success,none,0,0.87,200,1,689,0
TX008135,C00066,3935.83,UPI,returning,yearly,success,none,2,0.83,278,1,1462,0
TX008136,C02651,755.38,UPI,returning,monthly,success,none,1,0.74,135,1,770,0
TX008137,C01135,531.17,UPI,returning,monthly,failed,network_error,2,0.9,73,1,664,1
TX008138,C00338,2223.76,CARD,returning,one_time,failed,bank_timeout,3,0.84,259,1,1230,1
TX008139,C02171,275.79,UPI,new,one_time,success,none,2,0.91,184,1,1473,0
TX008140,C01729,2049.01,UPI,new,one_time,failed,card_declined,0,0.52,192,1,193,0
TX008141,C00447,6511.99,UPI,returning,monthly,failed,expired_card,0,0.79,265,0,156,1
TX008142,C02659,1932.57,UPI,returning,one_time,success,none,1,0.81,75,1,644,0
TX008143,C02719,2075.38,CARD,returning,one_time,success,none,0,0.71,50,1,664,0
TX008144,C02663,2617.72,NETBANKING,new,one_time,failed,insufficient_funds,3,0.81,71,1,783,1
TX008145,C02945,6061.47,CARD,returning,yearly,success,none,3,0.95,313,1,792,0
TX008146,C00281,3677.15,CARD,returning,monthly,failed,expired_card,0,0.5,8,0,308,1
TX008147,C00596,1702.19,NETBANKING,returning,one_time,success,none,0,0.77,309,0,449,0
TX008148,C01987,2707.8,UPI,new,monthly,failed,network_error,0,0.63,75,0,327,0
TX008149,C02751,452.17,UPI,returning,monthly,success,none,0,0.87,113,1,651,0
TX008150,C01075,2383.42,UPI,returning,one_time,success,none,1,0.88,177,1,1413,0
TX008151,C00210,401.19,UPI,returning,one_time,failed,expired_card,1,0.96,152,0,158,1
TX008152,C00126,759.74,UPI,returning,monthly,success,none,1,0.79,78,1,1072,0
TX008153,C00492,100.0,UPI,returning,one_time,success,none,1,0.86,263,1,1388,0
TX008154,C00970,1638.33,UPI,new,monthly,success,none,1,0.77,296,1,1464,0
TX008155,C00581,576.01,UPI,returning,one_time,success,none,0,0.76,179,1,682,0
TX008156,C02825,3331.39,NETBANKING,returning,monthly,success,none,2,0.85,162,1,613,0
TX008157,C02306,1620.02,UPI,new,one_time,success,none,1,0.81,330,0,395,0
TX008158,C01212,3374.82,UPI,new,monthly,failed,network_error,2,0.74,357,0,505,0
TX008159,C00230,371.07,CARD,returning,yearly,success,none,1,0.8,181,0,1440,0
TX008160,C00189,3097.61,UPI,returning,one_time,success,none,2,0.75,67,1,23,0
TX008161,C02058,9007.89,UPI,returning,one_time,success,none,0,0.77,161,1,1322,0
TX008162,C02724,2354.68,UPI,new,one_time,failed,network_error,0,0.83,358,1,1341,1
TX008163,C00502,2417.16,CARD,returning,yearly,failed,insufficient_funds,3,0.85,336,1,1026,1
TX008164,C02133,1299.32,NETBANKING,returning,monthly,success,none,0,0.68,246,1,1197,0
TX008165,C00049,648.93,CARD,returning,one_time,success,none,3,0.92,242,1,434,0
TX008166,C02886,2347.7,UPI,returning,yearly,success,none,2,0.81,360,0,905,0
TX008167,C00689,243.21,UPI,returning,monthly,success,none,1,0.8,322,1,1188,0
TX008168,C00387,722.16,UPI,new,one_time,success,none,0,0.67,106,1,1170,0
TX008169,C00970,186.6,NETBANKING,returning,monthly,success,none,3,0.8,310,1,753,0
TX008170,C01006,542.58,CARD,returning,monthly,success,none,2,0.88,253,1,716,0
TX008171,C02266,2084.0,UPI,new,monthly,success,none,1,0.67,321,0,448,0
TX008172,C01725,1817.82,CARD,returning,one_time,success,none,0,0.5,197,0,196,0
TX008173,C02005,1153.91,UPI,new,yearly,success,none,1,0.84,296,0,454,0
TX008174,C02303,1300.37,WALLET,returning,monthly,success,none,1,0.81,336,1,1176,0
TX008175,C02284,166.36,NETBANKING,returning,monthly,failed,bank_timeout,0,0.96,110,1,367,1
TX008176,C01608,755.54,UPI,returning,one_time,success,none,3,0.91,138,1,101,0
TX008177,C01790,554.82,CARD,returning,yearly,success,none,0,0.76,14,1,284,0
TX008178,C00271,567.33,UPI,returning,monthly,success,none,3,0.94,125,1,714,0
TX008179,C00123,1997.35,UPI,returning,yearly,success,none,3,0.91,51,1,701,0
TX008180,C02704,463.82,CARD,returning,one_time,success,none,1,0.77,219,1,1486,0
TX008181,C01281,599.03,UPI,returning,yearly,failed,bank_timeout,3,0.83,281,0,509,1
TX008182,C01445,136.04,UPI,returning,monthly,success,none,3,0.82,122,1,297,0
TX008183,C00259,817.19,CARD,returning,yearly,success,none,0,0.7,22,1,495,0
TX008184,C00948,369.5,CARD,new,one_time,success,none,3,0.6,36,1,1153,0
TX008185,C02095,1187.02,UPI,returning,one_time,success,none,0,0.91,283,0,604,0
TX008186,C00863,423.64,UPI,new,one_time,failed,insufficient_funds,0,0.77,238,1,655,1
TX008187,C00525,1217.48,CARD,returning,one_time,success,none,2,0.71,21,1,1264,0
TX008188,C00888,948.91,UPI,new,one_time,success,none,3,0.81,134,1,1117,0
TX008189,C00208,5837.41,NETBANKING,returning,yearly,success,none,0,0.72,308,1,359,0
TX008190,C02795,1803.02,UPI,new,monthly,success,none,0,0.9,347,1,917,0
TX008191,C00149,174.23,UPI,new,one_time,failed,expired_card,1,0.51,336,1,1185,0
TX008192,C00438,309.55,UPI,returning,yearly,failed,card_declined,3,0.94,136,1,81,1
TX008193,C02203,1158.88,UPI,returning,monthly,success,none,3,0.92,62,1,1258,0
TX008194,C01722,432.75,CARD,returning,yearly,failed,insufficient_funds,1,0.83,223,0,379,1
TX008195,C00358,100.0,UPI,new,yearly,success,none,0,0.74,115,1,25,0
TX008196,C01241,4228.26,UPI,returning,monthly,success,none,1,0.94,208,1,816,0
TX008197,C01931,2253.46,NETBANKING,new,one_time,success,none,2,0.85,35,1,45,0
TX008198,C00456,1846.37,UPI,returning,yearly,failed,network_error,0,0.74,282,1,106,1
TX008199,C02824,597.45,UPI,returning,one_time,success,none,3,0.84,74,1,697,0
TX008200,C01633,1681.9,UPI,new,monthly,success,none,1,0.9,328,1,1410,0
TX008201,C00629,542.2,UPI,returning,monthly,success,none,1,0.84,320,1,1450,0
TX008202,C02880,1345.95,UPI,returning,one_time,failed,bank_timeout,0,0.89,254,1,537,1
TX008203,C00486,436.77,UPI,returning,monthly,success,none,1,0.94,216,0,164,0
TX008204,C02581,4995.48,UPI,new,one_time,success,none,1,0.84,260,0,207,0
TX008205,C00200,228.1,NETBANKING,returning,one_time,success,none,3,0.96,71,1,489,0
TX008206,C00371,3760.41,UPI,returning,one_time,success,none,1,0.72,132,1,312,0
TX008207,C01014,1140.15,CARD,returning,yearly,success,none,0,0.94,105,1,479,0
TX008208,C01983,672.18,CARD,returning,one_time,success,none,0,0.68,16,1,682,0
TX008209,C02901,1295.95,UPI,new,yearly,success,none,1,0.72,364,0,1113,0
TX008210,C01472,2283.23,UPI,new,monthly,success,none,1,0.77,269,1,275,0
TX008211,C00248,4301.62,UPI,new,monthly,failed,bank_timeout,3,0.84,227,1,833,0
TX008212,C00788,1499.88,UPI,returning,monthly,failed,expired_card,1,0.78,178,1,208,1
TX008213,C02312,450.03,NETBANKING,returning,monthly,success,none,0,0.72,323,1,156,0
TX008214,C02079,1159.37,CARD,returning,one_time,success,none,1,0.72,3,1,536,0
TX008215,C01522,6746.6,NETBANKING,returning,one_time,success,none,1,0.79,352,1,196,0
TX008216,C01273,4220.37,NETBANKING,returning,monthly,success,none,1,0.83,95,1,64,0
TX008217,C00605,2721.02,UPI,new,monthly,success,none,2,0.81,232,0,471,0
TX008218,C01690,2430.1,UPI,returning,one_time,success,none,2,0.86,38,1,1426,0
TX008219,C01418,2207.13,UPI,returning,monthly,success,none,1,0.67,195,1,271,0
TX008220,C01821,3493.83,NETBANKING,returning,one_time,failed,card_declined,1,0.76,295,1,1142,1
TX008221,C00502,694.62,NETBANKING,new,monthly,success,none,2,0.76,185,1,210,0
TX008222,C02934,282.85,UPI,returning,monthly,success,none,3,0.97,55,1,226,0
TX008223,C00549,1174.98,UPI,returning,yearly,failed,insufficient_funds,1,0.93,16,1,555,1
TX008224,C01366,484.16,UPI,new,monthly,success,none,1,0.93,306,1,176,0
TX008225,C00839,381.83,NETBANKING,returning,yearly,success,none,3,0.93,231,0,874,0
TX008226,C01431,533.64,NETBANKING,returning,monthly,success,none,0,0.8,302,1,1288,0
TX008227,C01449,13164.96,UPI,new,monthly,success,none,2,0.54,123,1,1000,0
TX008228,C00848,1256.55,UPI,new,one_time,failed,network_error,2,0.95,305,0,1485,0
TX008229,C00614,1574.84,UPI,returning,one_time,success,none,3,0.96,342,1,88,0
TX008230,C00412,323.0,UPI,new,yearly,success,none,2,0.78,72,1,193,0
TX008231,C02480,173.51,NETBANKING,returning,one_time,failed,network_error,0,0.5,302,1,1483,1
TX008232,C00678,483.45,UPI,returning,one_time,success,none,0,0.93,346,0,1420,0
TX008233,C00159,4620.21,CARD,new,monthly,success,none,2,0.89,252,1,272,0
TX008234,C02062,1531.92,UPI,new,monthly,failed,card_declined,0,0.84,249,1,930,1
TX008235,C00373,1995.39,UPI,returning,one_time,success,none,0,0.56,204,0,877,0
TX008236,C02273,2295.18,UPI,new,one_time,success,none,0,0.88,293,1,1168,0
TX008237,C01097,607.07,CARD,returning,monthly,failed,expired_card,1,0.77,2,1,1429,1
TX008238,C02559,4393.87,CARD,returning,monthly,success,none,3,0.87,197,0,704,0
TX008239,C00603,582.42,UPI,returning,monthly,failed,card_declined,2,0.66,337,1,806,1
TX008240,C00216,4474.87,UPI,new,one_time,success,none,1,0.9,191,1,1337,0
TX008241,C01997,1706.67,UPI,returning,monthly,failed,expired_card,2,0.9,139,1,347,1
TX008242,C01565,183.27,UPI,returning,monthly,success,none,3,0.75,252,1,207,0
TX008243,C01841,519.04,CARD,new,monthly,success,none,0,0.87,146,0,912,0
TX008244,C01963,184.02,UPI,new,one_time,success,none,2,0.47,177,0,561,0
TX008245,C02888,3509.69,UPI,returning,one_time,success,none,2,0.78,216,1,855,0
TX008246,C00727,1069.84,NETBANKING,new,monthly,success,none,1,0.85,212,1,1059,0
TX008247,C01245,118.11,UPI,returning,yearly,success,none,1,0.71,142,1,409,0
TX008248,C02602,1596.78,UPI,returning,monthly,failed,expired_card,0,0.62,117,1,1279,1
TX008249,C01066,640.88,UPI,returning,monthly,failed,insufficient_funds,3,0.79,81,1,1244,1
TX008250,C00676,248.69,NETBANKING,returning,yearly,failed,insufficient_funds,0,0.86,25,1,1019,1
TX008251,C02921,5872.09,CARD,returning,one_time,failed,network_error,1,0.71,295,1,1432,1
TX008252,C00283,1220.83,UPI,returning,monthly,failed,bank_timeout,2,0.63,30,0,388,0
TX008253,C01082,817.76,CARD,new,monthly,failed,expired_card,2,0.96,227,1,1386,1
TX008254,C02882,735.52,UPI,returning,yearly,success,none,3,0.71,277,1,710,0
TX008255,C02585,241.46,NETBANKING,returning,yearly,failed,network_error,0,0.62,72,1,398,1
TX008256,C01909,297.51,NETBANKING,new,monthly,failed,bank_timeout,0,0.96,171,1,451,1
TX008257,C02971,3963.63,CARD,new,one_time,success,none,0,0.68,221,1,341,0
TX008258,C01153,682.74,CARD,new,monthly,failed,network_error,2,0.9,223,0,674,1
TX008259,C02890,1121.1,UPI,returning,yearly,success,none,3,0.56,189,1,998,0
TX008260,C00948,141.98,CARD,new,monthly,success,none,2,0.93,233,0,642,0
TX008261,C00665,293.51,CARD,returning,one_time,success,none,3,0.9,104,1,1287,0
TX008262,C01718,2017.9,UPI,returning,one_time,success,none,3,0.86,20,1,1443,0
TX008263,C01149,1599.92,CARD,returning,monthly,success,none,0,0.88,280,1,1249,0
TX008264,C00067,6332.02,NETBANKING,returning,monthly,success,none,2,0.76,64,1,127,0
TX008265,C02054,4200.49,UPI,returning,one_time,failed,expired_card,2,0.9,338,0,1147,1
TX008266,C00637,870.69,UPI,returning,monthly,failed,bank_timeout,3,0.76,360,1,364,1
TX008267,C00314,1759.8,CARD,returning,one_time,failed,card_declined,2,0.72,65,1,100,1
TX008268,C00565,799.03,NETBANKING,returning,monthly,success,none,3,0.78,327,1,903,0
TX008269,C01602,8559.61,NETBANKING,new,one_time,success,none,2,0.7,281,1,530,0
TX008270,C00826,3459.97,CARD,new,yearly,failed,insufficient_funds,2,0.8,346,1,697,0
TX008271,C02554,1299.44,NETBANKING,returning,monthly,success,none,3,0.91,362,1,950,0
TX008272,C01106,1339.96,CARD,returning,one_time,success,none,2,0.89,185,1,1296,0
TX008273,C01026,4651.06,UPI,new,monthly,success,none,0,0.9,331,1,139,0
TX008274,C02252,1957.8,CARD,new,one_time,success,none,0,0.85,233,1,205,0
TX008275,C00662,5211.53,UPI,returning,yearly,failed,insufficient_funds,1,0.67,73,0,766,0
TX008276,C00805,122.28,UPI,new,monthly,failed,bank_timeout,3,0.55,175,1,258,0
TX008277,C02452,1739.28,UPI,returning,monthly,success,none,0,0.96,79,1,692,0
TX008278,C00536,654.95,UPI,new,one_time,success,none,1,0.94,288,1,894,0
TX008279,C01392,6351.07,UPI,returning,one_time,success,none,3,0.48,213,1,1010,0
TX008280,C01236,5148.18,UPI,returning,monthly,success,none,2,0.64,236,1,680,0
TX008281,C02625,1133.24,UPI,new,one_time,success,none,3,0.8,361,1,868,0
TX008282,C02811,5093.04,UPI,returning,monthly,success,none,2,0.76,321,1,582,0
TX008283,C01921,6523.16,UPI,returning,one_time,failed,bank_timeout,3,0.83,207,1,40,1
TX008284,C02165,1181.34,CARD,returning,one_time,failed,expired_card,2,0.69,346,1,1433,1
TX008285,C00628,12989.98,NETBANKING,returning,one_time,failed,bank_timeout,3,0.95,2,1,597,1
TX008286,C00749,1062.8,NETBANKING,returning,yearly,success,none,3,0.89,304,1,972,0
TX008287,C00105,884.9,UPI,returning,yearly,success,none,0,0.79,262,1,1192,0
TX008288,C02543,2606.78,CARD,new,one_time,success,none,2,0.95,67,1,235,0
TX008289,C00046,769.86,UPI,returning,one_time,success,none,3,0.81,70,1,1230,0
TX008290,C02871,1194.33,UPI,new,one_time,failed,insufficient_funds,0,0.81,290,1,108,1
TX008291,C01355,4489.22,CARD,new,one_time,failed,expired_card,0,0.76,131,1,277,1
TX008292,C01240,1117.91,CARD,returning,yearly,success,none,0,0.9,293,0,1109,0
TX008293,C00982,201.34,NETBANKING,new,monthly,success,none,2,0.85,182,0,731,0
TX008294,C00960,1583.38,CARD,returning,yearly,success,none,0,0.62,342,1,1459,0
TX008295,C01516,546.59,UPI,returning,yearly,success,none,1,0.97,230,1,497,0
TX008296,C01837,2605.22,NETBANKING,returning,monthly,success,none,1,0.73,278,1,230,0
TX008297,C02893,2199.95,CARD,new,monthly,failed,network_error,3,0.79,134,1,1113,0
TX008298,C02497,4776.2,NETBANKING,new,yearly,success,none,2,0.86,166,1,199,0
TX008299,C02584,2717.68,CARD,returning,monthly,failed,insufficient_funds,1,0.88,324,1,255,1
TX008300,C02559,3262.48,UPI,returning,one_time,success,none,0,0.91,134,1,139,0
TX008301,C01482,561.66,UPI,new,monthly,success,none,1,0.76,34,1,267,0
TX008302,C01560,2450.35,UPI,returning,monthly,success,none,2,0.72,351,1,1468,0
TX008303,C02588,7851.43,UPI,returning,yearly,failed,card_declined,1,0.76,233,1,1049,1
TX008304,C01508,550.79,UPI,new,monthly,success,none,1,0.84,308,1,392,0
TX008305,C02064,6632.51,UPI,returning,one_time,failed,expired_card,1,0.63,134,1,794,1
TX008306,C02001,633.11,NETBANKING,new,one_time,success,none,0,0.89,320,1,634,0
TX008307,C02291,467.79,NETBANKING,returning,yearly,failed,card_declined,0,0.74,128,1,618,1
TX008308,C01974,1474.69,CARD,new,yearly,success,none,1,0.72,315,1,648,0
TX008309,C00912,2243.76,UPI,new,monthly,success,none,0,0.62,40,1,1230,0
TX008310,C01295,2729.16,UPI,returning,one_time,success,none,1,0.96,16,1,1112,0
TX008311,C02809,419.15,CARD,new,one_time,success,none,1,0.65,66,1,1267,0
TX008312,C01803,1693.48,UPI,returning,monthly,success,none,1,0.79,10,1,394,0
TX008313,C02753,552.5,NETBANKING,new,yearly,success,none,3,0.84,338,1,492,0
TX008314,C01754,247.42,NETBANKING,returning,yearly,failed,bank_timeout,3,0.7,158,1,882,1
TX008315,C00115,433.23,UPI,returning,yearly,failed,network_error,3,0.92,161,1,342,1
TX008316,C01604,517.55,CARD,returning,monthly,success,none,2,0.6,68,1,975,0
TX008317,C01323,1847.51,UPI,new,yearly,failed,bank_timeout,2,0.85,39,1,549,1
TX008318,C01861,3471.05,CARD,new,one_time,failed,insufficient_funds,3,0.91,4,1,1245,0
TX008319,C02445,251.34,UPI,returning,one_time,failed,network_error,0,0.88,320,1,69,1
TX008320,C02442,1559.25,UPI,new,yearly,success,none,2,0.9,100,0,108,0
TX008321,C01099,338.09,CARD,returning,one_time,success,none,3,0.74,25,1,450,0
TX008322,C00978,2057.17,CARD,returning,monthly,success,none,3,0.77,15,1,726,0
TX008323,C01506,588.32,CARD,returning,monthly,success,none,3,0.81,134,1,1098,0
TX008324,C01127,383.24,UPI,new,one_time,success,none,0,0.79,69,1,464,0
TX008325,C00297,2439.78,CARD,returning,one_time,success,none,1,0.9,76,1,1350,0
TX008326,C02226,609.77,CARD,returning,one_time,success,none,2,0.87,171,1,818,0
TX008327,C02363,799.54,WALLET,returning,monthly,success,none,1,0.84,183,1,934,0
TX008328,C01063,119.11,NETBANKING,returning,one_time,success,none,0,0.89,138,1,648,0
TX008329,C00259,2825.81,CARD,new,one_time,success,none,1,0.89,24,0,1326,0
TX008330,C02055,2492.17,CARD,returning,monthly,success,none,2,0.89,298,1,952,0
TX008331,C02097,1102.63,CARD,returning,one_time,success,none,0,0.91,84,1,95,0
TX008332,C02209,238.04,UPI,new,one_time,success,none,2,0.74,249,1,90,0
TX008333,C01893,3675.22,UPI,returning,one_time,success,none,2,0.78,66,1,1377,0
TX008334,C00176,563.26,NETBANKING,new,one_time,failed,insufficient_funds,2,0.79,206,1,307,1
TX008335,C01001,696.9,NETBANKING,returning,monthly,success,none,3,0.93,138,1,1178,0
TX008336,C01919,11070.55,CARD,returning,yearly,success,none,2,0.96,149,1,456,0
TX008337,C02503,542.6,UPI,new,one_time,failed,network_error,1,0.87,181,1,1100,1
TX008338,C01668,2303.56,UPI,returning,yearly,success,none,0,0.88,197,0,1042,0
TX008339,C00276,1923.87,UPI,returning,one_time,success,none,3,0.86,57,0,596,0
TX008340,C02546,1619.99,UPI,returning,monthly,success,none,2,0.81,278,1,1443,0
TX008341,C00676,1453.89,UPI,returning,yearly,success,none,2,0.59,50,1,429,0
TX008342,C01824,1597.81,NETBANKING,returning,monthly,success,none,1,0.69,200,0,1191,0
TX008343,C01052,1439.34,UPI,returning,one_time,success,none,2,0.64,136,1,846,0
TX008344,C01357,1041.15,UPI,returning,one_time,success,none,0,0.83,208,1,798,0
TX008345,C02104,4970.54,UPI,returning,monthly,success,none,2,0.74,219,1,1317,0
TX008346,C00547,295.11,WALLET,returning,one_time,success,none,3,0.99,285,1,556,0
TX008347,C01136,3045.61,NETBANKING,returning,monthly,failed,card_declined,2,0.88,126,1,593,0
TX008348,C02084,2495.74,UPI,new,one_time,success,none,3,0.87,166,1,409,0
TX008349,C02041,2204.82,WALLET,new,one_time,success,none,2,0.94,105,1,963,0
TX008350,C00439,3350.88,UPI,returning,monthly,failed,insufficient_funds,0,0.94,74,1,243,1
TX008351,C01753,999.65,UPI,returning,monthly,success,none,2,0.65,154,1,1168,0
TX008352,C01616,169.19,CARD,returning,monthly,success,none,0,0.7,185,1,315,0
TX008353,C01850,1020.15,UPI,returning,one_time,success,none,0,0.76,307,1,938,0
TX008354,C02643,407.0,CARD,new,one_time,success,none,2,0.79,281,1,998,0
TX008355,C01601,527.5,NETBANKING,returning,monthly,success,none,3,0.72,49,1,901,0
TX008356,C01664,316.58,CARD,new,monthly,success,none,1,0.71,249,1,321,0
TX008357,C00307,680.38,UPI,new,monthly,success,none,3,0.77,74,1,1305,0
TX008358,C00619,603.88,UPI,new,yearly,failed,insufficient_funds,2,0.94,42,1,609,1
TX008359,C01133,101.74,UPI,new,one_time,success,none,1,0.89,246,1,387,0
TX008360,C01396,2208.84,UPI,new,yearly,success,none,2,0.77,277,1,506,0
TX008361,C02405,10100.31,UPI,new,monthly,failed,bank_timeout,1,0.78,27,1,775,1
TX008362,C02229,2010.7,UPI,returning,monthly,success,none,3,0.94,80,0,1093,0
TX008363,C01380,895.23,CARD,new,one_time,success,none,3,0.96,63,1,1317,0
TX008364,C01700,1038.21,CARD,new,monthly,failed,expired_card,0,0.7,179,1,894,1
TX008365,C02116,719.83,UPI,returning,monthly,success,none,0,0.98,160,1,1072,0
TX008366,C02340,1199.96,UPI,returning,monthly,success,none,2,0.93,12,1,604,0
TX008367,C02740,1056.79,UPI,new,one_time,success,none,2,0.85,232,1,749,0
TX008368,C00181,472.93,UPI,new,one_time,failed,insufficient_funds,1,0.72,73,0,985,0
TX008369,C02482,5901.07,UPI,returning,monthly,success,none,1,0.81,171,1,79,0
TX008370,C01488,247.86,UPI,returning,yearly,success,none,0,0.7,93,0,251,0
TX008371,C00914,2249.2,CARD,new,one_time,success,none,1,0.85,298,1,1119,0
TX008372,C01558,991.09,NETBANKING,new,one_time,success,none,0,0.96,75,0,675,0
TX008373,C02114,7338.07,UPI,returning,yearly,success,none,0,0.83,360,1,1140,0
TX008374,C01045,1542.04,CARD,returning,monthly,success,none,1,0.79,283,1,525,0
TX008375,C01636,765.17,UPI,returning,one_time,success,none,2,0.79,62,1,1043,0
TX008376,C02432,856.02,NETBANKING,new,one_time,success,none,1,0.9,202,1,936,0
TX008377,C01639,1141.28,UPI,new,monthly,success,none,2,0.94,14,1,852,0
TX008378,C01583,349.75,UPI,returning,one_time,success,none,0,0.65,312,1,372,0
TX008379,C02087,509.35,UPI,returning,one_time,success,none,0,0.8,2,1,122,0
TX008380,C01309,184.02,UPI,new,monthly,success,none,2,0.74,325,1,1382,0
TX008381,C00822,435.73,CARD,returning,one_time,failed,network_error,0,0.64,18,1,1140,1
TX008382,C00602,1204.6,WALLET,new,one_time,success,none,0,0.94,361,1,655,0
TX008383,C01621,1480.56,CARD,returning,monthly,success,none,1,0.61,360,1,733,0
TX008384,C00785,151.51,UPI,new,monthly,success,none,1,0.95,321,1,987,0
TX008385,C01212,956.03,CARD,returning,one_time,success,none,0,0.83,160,1,411,0
TX008386,C00671,1926.4,CARD,returning,one_time,failed,bank_timeout,1,0.76,43,0,1456,1
TX008387,C01267,931.77,NETBANKING,returning,one_time,success,none,0,0.9,239,0,681,0
TX008388,C01097,581.85,CARD,returning,one_time,success,none,0,0.54,157,1,1321,0
TX008389,C02527,726.21,CARD,returning,monthly,success,none,2,0.73,69,1,1401,0
TX008390,C01998,638.57,CARD,returning,yearly,failed,expired_card,1,0.92,95,1,1445,1
TX008391,C02609,580.14,CARD,new,monthly,success,none,1,0.87,125,0,943,0
TX008392,C00101,1304.82,UPI,returning,one_time,failed,insufficient_funds,0,0.76,292,1,1376,1
TX008393,C02562,11022.44,UPI,new,one_time,success,none,2,0.98,64,1,1084,0
TX008394,C01780,521.29,CARD,returning,one_time,success,none,3,0.59,225,1,740,0
TX008395,C00176,797.8,NETBANKING,returning,one_time,success,none,1,0.82,347,0,291,0
TX008396,C00238,1041.38,UPI,new,one_time,failed,card_declined,3,0.84,330,1,403,0
TX008397,C02958,551.5,WALLET,returning,one_time,success,none,1,0.8,155,1,617,0
TX008398,C01123,3288.66,UPI,returning,yearly,success,none,0,0.73,129,1,92,0
TX008399,C02919,102.42,UPI,returning,yearly,success,none,1,0.77,29,1,1031,0
TX008400,C01978,644.8,UPI,new,monthly,failed,bank_timeout,1,0.65,82,1,852,1
TX008401,C02543,2485.71,NETBANKING,returning,one_time,success,none,0,0.88,217,1,942,0
TX008402,C02995,817.22,UPI,returning,monthly,failed,card_declined,2,0.9,288,1,1128,1
TX008403,C02004,482.59,UPI,new,one_time,success,none,1,0.82,130,1,114,0
TX008404,C01538,1704.04,UPI,returning,one_time,success,none,0,0.89,351,1,1432,0
TX008405,C00755,2714.45,UPI,returning,one_time,success,none,0,0.62,228,1,861,0
TX008406,C02259,1353.75,NETBANKING,returning,one_time,success,none,2,0.91,144,1,270,0
TX008407,C01147,492.15,UPI,returning,one_time,success,none,3,0.85,209,0,995,0
TX008408,C01412,1730.57,NETBANKING,returning,one_time,success,none,2,0.93,52,0,1400,0
TX008409,C00140,733.59,NETBANKING,returning,one_time,success,none,0,0.76,282,1,742,0
TX008410,C00541,2310.43,UPI,new,yearly,success,none,0,0.78,1,1,965,0
TX008411,C01415,4833.18,CARD,new,one_time,success,none,0,0.79,152,0,1425,0
TX008412,C00270,100.0,UPI,returning,one_time,success,none,1,0.76,28,1,1126,0
TX008413,C01036,1225.45,UPI,new,monthly,success,none,1,0.85,33,1,844,0
TX008414,C01891,193.3,CARD,returning,one_time,success,none,3,0.49,230,0,127,0
TX008415,C00506,12604.24,CARD,returning,monthly,failed,network_error,3,0.79,298,1,388,1
TX008416,C01130,686.68,UPI,new,one_time,failed,bank_timeout,1,0.69,139,1,845,1
TX008417,C02080,2313.17,UPI,new,monthly,success,none,1,0.89,62,1,775,0
TX008418,C01873,1058.58,NETBANKING,returning,monthly,success,none,2,0.83,256,1,180,0
TX008419,C01093,491.23,CARD,new,monthly,success,none,1,0.89,100,1,895,0
TX008420,C00813,436.13,UPI,returning,one_time,success,none,3,0.65,335,0,748,0
TX008421,C00362,5354.43,UPI,returning,monthly,success,none,0,0.88,303,1,1381,0
TX008422,C01457,2852.46,UPI,returning,yearly,success,none,1,0.99,134,0,108,0
TX008423,C00929,7658.6,UPI,new,monthly,failed,bank_timeout,2,0.91,10,1,801,0
TX008424,C00100,1159.16,UPI,new,yearly,success,none,0,0.71,330,1,758,0
TX008425,C01682,1462.52,UPI,new,yearly,success,none,1,0.92,49,0,893,0
TX008426,C02057,839.5,UPI,new,monthly,success,none,1,0.65,301,1,915,0
TX008427,C02745,822.97,CARD,returning,one_time,success,none,0,0.84,268,1,658,0
TX008428,C01053,386.88,UPI,returning,monthly,success,none,0,0.79,115,1,722,0
TX008429,C02510,1192.74,CARD,new,monthly,success,none,0,0.81,166,1,61,0
TX008430,C00921,498.08,UPI,new,monthly,success,none,2,0.86,311,1,223,0
TX008431,C02438,1706.0,UPI,returning,monthly,failed,bank_timeout,2,0.98,77,1,499,1
TX008432,C00632,1299.86,UPI,returning,monthly,success,none,2,0.8,308,1,813,0
TX008433,C00682,1462.18,CARD,returning,monthly,failed,expired_card,0,0.81,80,1,113,1
TX008434,C02205,5855.46,UPI,new,one_time,success,none,1,0.77,84,1,1475,0
TX008435,C02383,1056.04,UPI,returning,one_time,failed,expired_card,0,0.82,146,1,515,1
TX008436,C02308,2337.24,UPI,returning,yearly,success,none,3,0.71,194,1,61,0
TX008437,C02130,8531.41,UPI,new,yearly,failed,insufficient_funds,1,0.77,81,1,1474,1
TX008438,C00754,4050.59,UPI,returning,monthly,failed,card_declined,1,0.52,320,0,1075,1
TX008439,C01465,3474.37,CARD,returning,one_time,success,none,0,0.95,207,1,516,0
TX008440,C00720,806.99,UPI,returning,one_time,success,none,3,0.75,129,1,1213,0
TX008441,C00075,1379.73,CARD,returning,one_time,failed,insufficient_funds,2,0.67,101,1,1278,1
TX008442,C01294,293.45,WALLET,returning,one_time,success,none,0,0.79,140,1,867,0
TX008443,C01923,1806.08,UPI,new,one_time,success,none,1,0.6,144,1,1455,0
TX008444,C02674,1442.97,CARD,new,one_time,failed,card_declined,0,0.78,41,1,266,1
TX008445,C00062,1122.58,CARD,returning,one_time,success,none,3,0.68,150,1,257,0
TX008446,C00874,3063.14,NETBANKING,returning,monthly,success,none,0,0.74,243,1,941,0
TX008447,C00320,327.74,UPI,returning,yearly,success,none,3,0.89,351,1,56,0
TX008448,C02150,5624.36,NETBANKING,returning,one_time,failed,insufficient_funds,1,0.6,49,1,841,1
TX008449,C01453,2702.05,NETBANKING,returning,monthly,failed,bank_timeout,3,0.95,312,1,128,1
TX008450,C00874,1021.85,UPI,returning,yearly,success,none,0,0.85,314,1,1113,0
TX008451,C01746,945.08,UPI,returning,yearly,success,none,2,0.91,246,1,98,0
TX008452,C02303,1773.32,WALLET,returning,one_time,success,none,2,0.68,262,1,1460,0
TX008453,C01556,5018.32,CARD,returning,one_time,success,none,2,0.86,112,1,1332,0
TX008454,C02618,1213.92,UPI,returning,one_time,success,none,3,0.92,336,1,381,0
TX008455,C00112,1266.52,CARD,returning,one_time,failed,bank_timeout,3,0.67,346,1,381,1
TX008456,C00461,1116.68,UPI,new,monthly,success,none,3,0.76,294,1,893,0
TX008457,C02756,6516.05,UPI,new,one_time,success,none,1,0.7,160,0,56,0
TX008458,C00887,758.33,UPI,returning,monthly,success,none,3,0.77,281,1,580,0
TX008459,C01116,1064.75,CARD,new,one_time,failed,card_declined,0,0.89,115,1,359,1
TX008460,C01076,4738.31,NETBANKING,new,monthly,success,none,0,0.74,239,1,1128,0
TX008461,C00520,1270.3,UPI,returning,one_time,success,none,2,0.67,290,0,1260,0
TX008462,C00812,3418.85,NETBANKING,new,monthly,failed,bank_timeout,1,0.91,97,1,63,1
TX008463,C02284,440.86,UPI,returning,monthly,success,none,2,0.74,37,1,828,0
TX008464,C01925,893.11,CARD,new,monthly,success,none,3,0.85,135,1,1416,0
TX008465,C01605,4838.86,UPI,new,one_time,success,none,3,0.73,228,1,360,0
TX008466,C00927,557.61,UPI,returning,one_time,success,none,3,0.83,91,1,1280,0
TX008467,C00557,942.66,NETBANKING,returning,one_time,success,none,3,0.89,58,1,119,0
TX008468,C02697,1417.55,UPI,new,monthly,success,none,2,0.8,96,1,50,0
TX008469,C02282,407.83,NETBANKING,returning,one_time,success,none,3,0.83,148,1,1368,0
TX008470,C01056,725.01,UPI,returning,monthly,success,none,2,0.85,35,1,283,0
TX008471,C00579,1227.38,UPI,returning,one_time,failed,insufficient_funds,2,0.87,77,1,1390,1
TX008472,C00542,1149.04,UPI,returning,one_time,failed,expired_card,1,0.84,210,1,1347,1
TX008473,C02162,3945.58,CARD,new,monthly,success,none,1,0.79,275,1,992,0
TX008474,C02252,5122.8,UPI,returning,one_time,failed,network_error,2,0.79,329,0,59,0
TX008475,C01053,465.87,CARD,returning,one_time,failed,insufficient_funds,1,0.78,139,0,369,1
TX008476,C02691,1225.7,CARD,new,monthly,success,none,3,0.68,52,1,309,0
TX008477,C00474,2152.21,UPI,returning,monthly,success,none,3,0.88,185,1,761,0
TX008478,C02745,4995.77,UPI,returning,one_time,failed,card_declined,2,0.88,308,1,389,1
TX008479,C02301,2249.56,UPI,returning,one_time,failed,bank_timeout,2,0.82,141,1,1080,1
TX008480,C00905,1466.91,NETBANKING,new,monthly,success,none,3,0.92,76,1,197,0
TX008481,C01946,2135.68,UPI,returning,yearly,failed,network_error,2,0.81,182,1,730,1
TX008482,C00386,2151.17,UPI,returning,one_time,success,none,2,0.93,349,1,375,0
TX008483,C00062,433.67,UPI,returning,monthly,success,none,0,0.87,273,1,691,0
TX008484,C00515,1329.82,CARD,returning,yearly,success,none,3,0.87,7,0,494,0
TX008485,C00430,4718.1,CARD,returning,monthly,success,none,0,0.91,147,0,661,0
TX008486,C00580,891.27,NETBANKING,new,one_time,success,none,2,0.83,134,1,1492,0
TX008487,C01561,1248.19,NETBANKING,returning,monthly,success,none,2,0.9,331,1,265,0
TX008488,C01165,860.47,UPI,returning,one_time,success,none,2,0.52,170,1,1423,0
TX008489,C02791,108.43,UPI,returning,one_time,success,none,0,0.98,104,0,1266,0
TX008490,C01324,1119.45,CARD,new,one_time,failed,network_error,0,0.75,360,1,3,1
TX008491,C02723,1482.95,NETBANKING,new,one_time,success,none,3,0.63,158,1,731,0
TX008492,C02359,656.88,UPI,returning,one_time,failed,bank_timeout,2,0.64,227,1,388,1
TX008493,C00471,345.63,UPI,new,monthly,success,none,0,0.85,168,1,1042,0
TX008494,C01417,454.59,NETBANKING,returning,yearly,success,none,3,0.91,68,0,1325,0
TX008495,C01666,2354.74,UPI,returning,one_time,success,none,0,0.79,304,1,1183,0
TX008496,C01469,7883.48,UPI,new,one_time,failed,insufficient_funds,3,0.87,107,1,444,0
TX008497,C00809,4369.63,NETBANKING,returning,monthly,success,none,3,0.48,306,1,812,0
TX008498,C00172,285.9,NETBANKING,returning,monthly,success,none,0,0.95,261,1,1306,0
TX008499,C02624,2577.63,UPI,returning,monthly,failed,bank_timeout,1,0.71,277,1,341,1
TX008500,C00031,565.01,UPI,new,monthly,failed,expired_card,3,0.81,105,1,40,0
TX008501,C00047,612.61,UPI,new,yearly,success,none,2,0.99,304,0,1173,0
TX008502,C00130,690.92,NETBANKING,returning,one_time,success,none,0,0.95,129,1,426,0
TX008503,C02400,2221.79,WALLET,returning,one_time,success,none,0,0.74,63,1,362,0
TX008504,C00978,2861.94,CARD,returning,one_time,success,none,1,0.55,56,1,611,0
TX008505,C01646,994.23,UPI,new,monthly,success,none,1,0.57,241,1,346,0
TX008506,C01605,1011.24,UPI,new,yearly,failed,card_declined,3,0.97,267,1,945,0
TX008507,C00058,1744.57,CARD,returning,yearly,failed,bank_timeout,1,0.65,10,0,492,1
TX008508,C01130,1935.26,UPI,returning,yearly,failed,insufficient_funds,3,0.75,209,1,1376,0
TX008509,C02860,3555.41,CARD,returning,one_time,success,none,1,0.8,103,1,945,0
TX008510,C01354,303.57,CARD,returning,monthly,success,none,1,0.84,358,1,1145,0
TX008511,C00768,1118.82,UPI,new,one_time,success,none,1,0.89,291,1,1423,0
TX008512,C00683,376.9,NETBANKING,returning,yearly,success,none,1,0.74,31,1,540,0
TX008513,C02009,1042.17,UPI,returning,one_time,success,none,2,0.6,116,1,1466,0
TX008514,C02334,874.65,CARD,new,one_time,success,none,1,0.72,156,0,329,0
TX008515,C01791,1046.55,UPI,returning,monthly,success,none,0,0.67,218,1,1093,0
TX008516,C01478,492.88,CARD,returning,monthly,failed,expired_card,0,0.68,12,1,647,1
TX008517,C00886,247.82,CARD,new,monthly,success,none,0,0.79,36,1,238,0
TX008518,C00397,135.04,UPI,returning,one_time,success,none,0,0.95,242,1,662,0
TX008519,C01539,961.81,UPI,returning,yearly,success,none,3,0.95,235,1,313,0
TX008520,C02074,712.66,UPI,returning,monthly,success,none,1,0.51,218,1,597,0
TX008521,C00313,557.83,UPI,returning,monthly,success,none,2,0.89,69,1,81,0
TX008522,C02174,4115.64,CARD,returning,monthly,success,none,2,0.62,306,1,370,0
TX008523,C01589,464.31,UPI,returning,monthly,success,none,1,0.86,209,1,890,0
TX008524,C01222,4522.56,UPI,returning,one_time,success,none,3,0.84,137,1,607,0
TX008525,C00811,5562.73,UPI,returning,one_time,failed,expired_card,2,0.58,80,1,832,1
TX008526,C02236,155.88,CARD,new,monthly,success,none,1,0.82,44,1,904,0
TX008527,C02746,1202.77,CARD,returning,monthly,failed,insufficient_funds,0,0.87,14,1,1256,1
TX008528,C02858,735.32,UPI,new,one_time,failed,card_declined,3,0.86,203,0,943,0
TX008529,C02764,100.0,CARD,new,one_time,success,none,1,0.91,53,0,60,0
TX008530,C02033,258.62,NETBANKING,new,monthly,success,none,2,0.74,361,1,507,0
TX008531,C01508,2380.19,UPI,returning,one_time,success,none,2,0.52,100,1,274,0
TX008532,C00450,8260.16,CARD,new,one_time,success,none,3,0.74,176,1,100,0
TX008533,C02571,2704.52,UPI,returning,yearly,success,none,2,0.8,256,1,295,0
TX008534,C01895,1515.7,UPI,returning,one_time,success,none,1,0.97,182,1,725,0
TX008535,C01378,1073.49,UPI,returning,one_time,success,none,1,0.63,3,1,900,0
TX008536,C02706,5899.74,UPI,new,one_time,failed,network_error,3,0.87,119,0,1252,0
TX008537,C00597,9397.88,NETBANKING,returning,monthly,success,none,1,0.91,246,1,620,0
TX008538,C02148,609.82,UPI,new,one_time,failed,expired_card,2,0.7,54,1,753,0
TX008539,C00616,148.42,UPI,new,yearly,success,none,3,0.71,4,1,91,0
TX008540,C00948,134.53,UPI,returning,monthly,success,none,2,0.86,128,1,649,0
TX008541,C01582,4112.89,CARD,new,one_time,success,none,2,0.9,95,1,562,0
TX008542,C00556,1046.22,CARD,returning,one_time,failed,insufficient_funds,0,0.54,363,0,668,0
TX008543,C00278,1317.17,UPI,returning,monthly,failed,expired_card,1,0.9,43,1,110,1
TX008544,C02014,182.97,NETBANKING,new,one_time,success,none,1,0.89,194,1,998,0
TX008545,C00491,516.36,WALLET,returning,yearly,success,none,2,0.95,78,1,244,0
TX008546,C00255,816.09,UPI,new,one_time,success,none,2,0.86,230,1,1151,0
TX008547,C02429,1349.97,CARD,new,monthly,success,none,2,0.65,345,0,369,0
TX008548,C00892,736.13,UPI,returning,monthly,success,none,2,0.79,334,1,1494,0
TX008549,C00542,388.65,UPI,new,monthly,success,none,0,0.98,198,1,254,0
TX008550,C01288,500.41,UPI,returning,one_time,success,none,2,0.58,217,1,241,0
TX008551,C01634,3671.38,UPI,new,monthly,failed,network_error,2,0.72,296,1,508,0
TX008552,C00825,1400.78,WALLET,returning,one_time,failed,insufficient_funds,2,0.87,158,0,1251,1
TX008553,C02927,2022.64,UPI,returning,monthly,success,none,3,0.89,279,1,1119,0
TX008554,C01353,446.36,CARD,returning,monthly,failed,expired_card,3,0.83,35,0,922,1
TX008555,C00281,100.0,UPI,returning,one_time,success,none,3,0.94,73,1,1349,0
TX008556,C01299,649.95,CARD,returning,monthly,success,none,3,0.91,122,1,725,0
TX008557,C00773,461.01,UPI,returning,one_time,failed,insufficient_funds,1,0.97,304,1,693,1
TX008558,C02891,1554.66,CARD,new,one_time,success,none,3,0.79,344,0,1019,0
TX008559,C02767,29311.16,UPI,returning,monthly,failed,insufficient_funds,3,0.77,349,1,88,1
TX008560,C00328,2197.7,NETBANKING,returning,one_time,success,none,3,0.86,311,1,1209,0
TX008561,C02259,16915.07,NETBANKING,returning,yearly,failed,network_error,1,0.96,10,1,867,1
TX008562,C02775,1936.76,CARD,returning,one_time,failed,insufficient_funds,2,0.95,109,1,1349,1
TX008563,C00923,584.12,UPI,returning,monthly,success,none,1,1.0,307,1,15,0
TX008564,C00552,1552.96,UPI,returning,yearly,success,none,0,0.73,110,1,167,0
TX008565,C02074,6507.03,NETBANKING,returning,one_time,failed,card_declined,0,0.78,141,0,1190,1
TX008566,C02075,6833.3,UPI,returning,one_time,success,none,3,0.87,14,0,262,0
TX008567,C00702,616.87,UPI,returning,one_time,success,none,0,0.94,110,1,593,0
TX008568,C01920,1412.59,UPI,new,yearly,failed,expired_card,3,0.75,358,0,514,0
TX008569,C02730,262.63,UPI,returning,monthly,success,none,0,0.94,224,1,307,0
TX008570,C02461,2501.56,UPI,returning,one_time,failed,bank_timeout,1,0.95,32,0,1053,1
TX008571,C00167,5184.12,CARD,returning,one_time,success,none,3,0.73,26,0,869,0
TX008572,C00169,1141.16,UPI,returning,yearly,success,none,1,0.93,51,1,941,0
TX008573,C00229,562.63,UPI,returning,monthly,success,none,3,0.73,292,1,532,0
TX008574,C02003,1572.04,UPI,new,monthly,success,none,2,0.82,59,1,1231,0
TX008575,C00367,1664.8,UPI,new,monthly,success,none,3,0.6,232,0,112,0
TX008576,C00528,1189.33,CARD,new,monthly,success,none,3,0.59,104,0,458,0
TX008577,C00791,1311.22,UPI,new,yearly,failed,card_declined,0,0.81,141,1,224,1
TX008578,C00524,921.67,CARD,returning,monthly,success,none,0,0.94,144,1,1352,0
TX008579,C01096,2968.92,UPI,returning,yearly,success,none,3,0.84,303,1,1121,0
TX008580,C01669,2289.82,UPI,new,monthly,success,none,3,0.65,53,1,112,0
TX008581,C02154,410.3,UPI,new,one_time,success,none,1,0.9,158,1,1178,0
TX008582,C02780,399.18,UPI,new,one_time,success,none,3,0.91,336,1,112,0
TX008583,C01909,850.33,NETBANKING,new,yearly,success,none,0,0.96,64,0,773,0
TX008584,C01306,2291.21,UPI,returning,one_time,success,none,3,0.84,159,0,444,0
TX008585,C00133,1271.63,CARD,new,monthly,success,none,1,0.61,107,1,1462,0
TX008586,C02582,576.43,NETBANKING,new,monthly,success,none,1,0.94,22,1,768,0
TX008587,C02317,1424.42,CARD,returning,one_time,success,none,3,0.95,363,1,1218,0
TX008588,C02721,787.76,UPI,new,one_time,success,none,0,0.94,352,1,64,0
TX008589,C01643,2645.16,UPI,returning,one_time,success,none,2,0.86,172,1,673,0
TX008590,C02839,1530.05,NETBANKING,returning,one_time,failed,card_declined,3,0.85,352,1,650,1
TX008591,C01889,800.09,CARD,new,monthly,success,none,1,0.91,82,1,390,0
TX008592,C01771,1382.32,CARD,returning,one_time,success,none,1,0.46,228,1,1009,0
TX008593,C00018,4084.88,UPI,returning,yearly,success,none,0,0.75,26,1,1319,0
TX008594,C01778,620.4,NETBANKING,new,one_time,success,none,1,0.73,232,1,1229,0
TX008595,C00117,1640.34,CARD,new,monthly,success,none,3,0.78,249,1,41,0
TX008596,C00798,1022.02,UPI,returning,one_time,success,none,2,0.85,193,1,171,0
TX008597,C02599,1680.73,CARD,returning,monthly,success,none,0,0.55,137,1,1145,0
TX008598,C02977,569.89,UPI,returning,one_time,success,none,1,0.79,226,1,1141,0
TX008599,C01712,1224.56,UPI,new,one_time,success,none,0,0.64,205,1,1369,0
TX008600,C00753,3320.34,NETBANKING,new,monthly,success,none,3,0.85,177,1,130,0
TX008601,C02470,429.66,UPI,returning,yearly,failed,insufficient_funds,2,0.9,79,1,1398,1
TX008602,C01393,290.21,UPI,returning,one_time,success,none,3,0.66,76,1,1329,0
TX008603,C02694,301.43,UPI,returning,one_time,failed,card_declined,0,0.93,188,1,595,1
TX008604,C02606,340.13,UPI,new,monthly,success,none,2,0.82,147,1,445,0
TX008605,C02098,1988.87,UPI,returning,yearly,success,none,3,0.99,271,1,489,0
TX008606,C00678,268.85,WALLET,returning,one_time,success,none,0,0.89,283,1,252,0
TX008607,C00106,814.12,UPI,returning,one_time,success,none,2,0.82,338,1,1361,0
TX008608,C00658,2035.08,UPI,new,one_time,success,none,0,0.56,237,0,26,0
TX008609,C01947,1663.47,CARD,returning,one_time,success,none,3,0.57,300,1,58,0
TX008610,C01449,745.79,UPI,returning,one_time,success,none,0,0.77,119,1,1060,0
TX008611,C01096,1327.33,UPI,new,one_time,success,none,1,0.71,167,0,1261,0
TX008612,C00988,1220.66,UPI,returning,one_time,failed,card_declined,0,0.52,196,1,503,1
TX008613,C02890,876.34,UPI,returning,monthly,success,none,1,0.91,106,1,803,0
TX008614,C01809,888.17,UPI,new,one_time,success,none,2,0.72,274,1,525,0
TX008615,C01783,10254.04,UPI,returning,monthly,success,none,2,0.74,246,1,235,0
TX008616,C00446,2463.43,UPI,new,one_time,failed,card_declined,3,0.9,310,1,1460,1
TX008617,C01949,13103.71,CARD,returning,one_time,success,none,0,0.82,329,1,237,0
TX008618,C02118,667.16,UPI,returning,one_time,success,none,1,0.85,285,1,856,0
TX008619,C01998,1007.3,NETBANKING,returning,one_time,failed,insufficient_funds,1,0.66,30,1,1361,1
TX008620,C02198,289.42,CARD,returning,monthly,success,none,3,0.97,325,1,1421,0
TX008621,C00774,488.06,UPI,returning,one_time,success,none,0,0.66,336,1,323,0
TX008622,C01562,7346.01,WALLET,returning,monthly,success,none,1,0.79,25,1,165,0
TX008623,C01676,650.65,UPI,returning,monthly,success,none,3,0.6,351,1,1228,0
TX008624,C01123,7474.72,UPI,new,monthly,success,none,3,0.83,347,1,1041,0
TX008625,C01302,316.28,UPI,new,monthly,success,none,0,0.66,286,1,1361,0
TX008626,C01587,382.42,CARD,returning,one_time,success,none,0,0.77,168,1,648,0
TX008627,C01687,779.59,UPI,new,one_time,failed,card_declined,0,0.94,288,1,1449,1
TX008628,C00944,1028.9,UPI,returning,one_time,failed,bank_timeout,1,0.66,285,1,1384,1
TX008629,C00455,2760.28,UPI,returning,one_time,success,none,3,0.91,228,1,14,0
TX008630,C01128,1721.19,CARD,new,one_time,failed,card_declined,0,0.87,352,1,1298,1
TX008631,C00946,723.2,UPI,returning,monthly,success,none,2,0.81,139,1,480,0
TX008632,C00601,959.76,UPI,returning,one_time,success,none,0,0.71,104,1,726,0
TX008633,C02701,797.07,UPI,returning,yearly,success,none,1,0.95,172,1,157,0
TX008634,C00725,439.37,NETBANKING,new,one_time,failed,insufficient_funds,0,0.71,221,0,1027,1
TX008635,C02281,451.26,UPI,returning,one_time,success,none,0,0.61,162,1,814,0
TX008636,C01418,3065.25,UPI,returning,yearly,success,none,2,0.72,207,1,148,0
TX008637,C01525,176.24,NETBANKING,returning,one_time,success,none,2,0.72,215,1,678,0
TX008638,C00251,5526.77,UPI,returning,yearly,success,none,1,0.89,34,1,908,0
TX008639,C01545,778.22,CARD,new,one_time,failed,insufficient_funds,0,0.65,28,1,291,1
TX008640,C00079,506.48,WALLET,returning,one_time,success,none,0,0.94,188,1,1426,0
TX008641,C00898,2297.92,NETBANKING,new,one_time,success,none,2,0.95,247,1,347,0
TX008642,C02969,4842.65,UPI,new,one_time,success,none,0,0.84,54,0,262,0
TX008643,C00781,3353.07,UPI,new,monthly,success,none,1,0.86,27,1,53,0
TX008644,C00226,1811.39,UPI,new,one_time,success,none,2,0.71,174,1,1327,0
TX008645,C01075,3251.47,NETBANKING,returning,one_time,success,none,3,0.87,136,1,360,0
TX008646,C01210,197.06,WALLET,new,one_time,success,none,3,0.96,29,1,967,0
TX008647,C01058,650.78,UPI,returning,one_time,success,none,3,0.87,275,1,644,0
TX008648,C00803,440.91,CARD,returning,yearly,success,none,3,0.46,32,1,1107,0
TX008649,C00742,3731.77,NETBANKING,returning,one_time,success,none,2,0.79,323,0,1408,0
TX008650,C02179,747.34,UPI,returning,monthly,success,none,1,0.4,314,1,1052,0
TX008651,C02680,2553.98,UPI,returning,one_time,success,none,3,0.52,50,1,832,0
TX008652,C02886,1874.05,UPI,new,one_time,success,none,3,0.94,7,1,151,0
TX008653,C02807,462.98,UPI,returning,monthly,failed,network_error,0,0.82,346,1,1111,1
TX008654,C00704,609.75,NETBANKING,new,monthly,success,none,1,0.83,244,0,1134,0
TX008655,C02545,3999.07,NETBANKING,returning,yearly,success,none,3,0.88,219,1,1348,0
TX008656,C01427,504.98,UPI,returning,monthly,success,none,2,0.56,147,1,544,0
TX008657,C02371,1242.48,UPI,returning,one_time,success,none,2,0.94,196,0,817,0
TX008658,C00615,501.43,UPI,new,one_time,failed,network_error,1,0.48,108,1,522,0
TX008659,C00329,801.15,CARD,new,monthly,success,none,3,0.93,27,1,1276,0
TX008660,C01396,1047.16,CARD,returning,one_time,failed,bank_timeout,2,0.99,37,1,988,1
TX008661,C01484,501.26,UPI,returning,monthly,success,none,0,0.87,78,1,545,0
TX008662,C00133,419.71,CARD,new,monthly,failed,expired_card,2,0.84,8,0,1425,0
TX008663,C00835,1460.12,UPI,returning,yearly,failed,network_error,1,0.67,257,1,739,1
TX008664,C02699,471.19,UPI,new,monthly,failed,card_declined,3,0.62,328,1,1059,0
TX008665,C00121,487.53,WALLET,returning,monthly,success,none,1,0.85,325,1,556,0
TX008666,C02654,428.78,UPI,returning,one_time,failed,insufficient_funds,2,0.51,214,1,1338,1
TX008667,C01476,1014.44,UPI,new,monthly,success,none,3,0.7,260,1,342,0
TX008668,C00965,2817.77,UPI,returning,one_time,success,none,1,0.98,362,1,1068,0
TX008669,C00129,4946.96,UPI,new,monthly,success,none,1,0.95,211,1,128,0
TX008670,C01599,530.64,CARD,returning,monthly,success,none,3,0.85,23,1,441,0
TX008671,C02077,9417.37,CARD,returning,monthly,success,none,0,0.71,255,1,746,0
TX008672,C02770,401.54,NETBANKING,returning,monthly,failed,network_error,2,0.84,18,0,1092,0
TX008673,C01548,3240.71,UPI,returning,monthly,failed,insufficient_funds,0,0.73,187,1,9,1
TX008674,C00333,532.88,UPI,new,one_time,success,none,1,0.57,207,1,897,0
TX008675,C01154,459.01,UPI,returning,yearly,success,none,1,0.9,128,1,892,0
TX008676,C01317,520.74,CARD,returning,one_time,success,none,0,0.93,121,1,757,0
TX008677,C01197,1040.6,UPI,returning,monthly,success,none,2,0.9,302,1,1420,0
TX008678,C02992,1958.57,NETBANKING,new,monthly,success,none,1,0.66,152,0,644,0
TX008679,C01430,2142.8,UPI,returning,monthly,success,none,3,0.89,13,0,850,0
TX008680,C00356,426.67,UPI,returning,monthly,failed,card_declined,1,0.89,39,1,18,1
TX008681,C00139,407.62,UPI,returning,monthly,success,none,1,0.94,350,1,1082,0
TX008682,C01527,438.5,WALLET,returning,one_time,failed,insufficient_funds,2,0.84,201,1,752,1
TX008683,C01198,981.07,UPI,returning,monthly,success,none,3,0.68,130,1,922,0
TX008684,C00029,888.78,UPI,returning,one_time,success,none,0,0.82,74,1,475,0
TX008685,C00931,424.04,UPI,returning,monthly,success,none,0,0.8,267,1,1299,0
TX008686,C02544,1435.98,UPI,returning,one_time,success,none,2,0.76,334,0,1358,0
TX008687,C01014,10536.16,UPI,returning,monthly,success,none,1,0.8,199,1,455,0
TX008688,C02703,662.01,UPI,new,one_time,success,none,1,0.92,55,1,1089,0
TX008689,C00828,710.87,UPI,returning,one_time,success,none,2,0.97,247,1,1236,0
TX008690,C00351,1919.2,UPI,new,monthly,success,none,1,0.93,8,1,427,0
TX008691,C02602,627.15,UPI,returning,monthly,failed,insufficient_funds,0,0.76,105,1,343,1
TX008692,C02025,2140.86,UPI,returning,monthly,failed,network_error,0,0.87,217,1,219,1
TX008693,C00299,534.57,CARD,returning,yearly,success,none,1,0.81,256,1,543,0
TX008694,C01744,6850.79,UPI,returning,one_time,success,none,3,0.9,25,1,602,0
TX008695,C01866,1548.09,UPI,returning,one_time,success,none,2,0.89,4,1,882,0
TX008696,C01216,589.91,UPI,returning,one_time,success,none,3,0.73,67,1,772,0
TX008697,C01696,608.69,UPI,returning,one_time,failed,insufficient_funds,2,0.76,7,1,896,1
TX008698,C02112,656.03,CARD,new,one_time,success,none,1,0.75,363,1,490,0
TX008699,C00755,4327.52,CARD,returning,monthly,success,none,3,0.7,300,1,926,0
TX008700,C00770,308.35,CARD,returning,one_time,success,none,1,0.88,278,0,595,0
TX008701,C01239,562.31,UPI,returning,one_time,success,none,1,0.92,314,1,863,0
TX008702,C00834,625.37,UPI,new,monthly,success,none,2,0.91,210,0,590,0
TX008703,C02214,1079.56,UPI,new,one_time,success,none,2,0.8,17,1,747,0
TX008704,C01907,836.22,UPI,returning,one_time,success,none,2,0.9,136,1,1271,0
TX008705,C01565,246.85,UPI,new,one_time,failed,card_declined,1,0.84,335,1,935,1
TX008706,C01219,735.23,UPI,returning,yearly,failed,bank_timeout,3,0.81,42,1,174,1
TX008707,C00506,992.72,CARD,new,one_time,success,none,2,0.75,246,1,1328,0
TX008708,C01358,585.17,UPI,new,yearly,success,none,2,0.61,40,0,1085,0
TX008709,C02841,2179.34,WALLET,new,monthly,success,none,0,0.85,200,1,1285,0
TX008710,C02881,2750.14,UPI,new,one_time,failed,insufficient_funds,1,0.73,220,0,914,0
TX008711,C01461,1013.95,CARD,returning,one_time,success,none,0,0.89,149,1,854,0
TX008712,C02906,1380.97,UPI,returning,monthly,success,none,2,0.78,107,0,419,0
TX008713,C01417,126.34,NETBANKING,returning,yearly,failed,insufficient_funds,0,0.98,324,1,208,1
TX008714,C02854,719.75,UPI,new,one_time,success,none,3,0.91,163,1,1076,0
TX008715,C01173,2995.37,UPI,new,one_time,success,none,3,0.94,261,1,1455,0
TX008716,C00761,718.07,UPI,new,one_time,success,none,0,0.86,84,1,620,0
TX008717,C00833,524.65,WALLET,returning,one_time,success,none,3,0.87,9,0,1268,0
TX008718,C01429,10696.68,WALLET,returning,monthly,success,none,1,0.98,10,0,781,0
TX008719,C00283,6762.02,UPI,returning,monthly,success,none,0,0.67,30,1,878,0
TX008720,C00379,1750.36,CARD,returning,one_time,success,none,1,0.89,62,1,495,0
TX008721,C00198,3425.18,UPI,returning,yearly,success,none,3,0.56,258,1,533,0
TX008722,C00556,118.4,UPI,returning,one_time,failed,card_declined,0,0.84,1,0,1309,1
TX008723,C00356,498.92,UPI,returning,monthly,success,none,0,0.76,205,1,1495,0
TX008724,C01564,685.43,WALLET,returning,monthly,success,none,2,0.69,171,0,439,0
TX008725,C01041,866.12,UPI,returning,one_time,success,none,1,0.84,117,1,1080,0
TX008726,C02687,671.86,UPI,new,one_time,success,none,2,0.76,161,1,376,0
TX008727,C00379,100.0,UPI,returning,one_time,success,none,2,0.86,261,1,636,0
TX008728,C00680,1613.28,UPI,returning,yearly,success,none,3,0.94,122,1,294,0
TX008729,C02554,1888.72,UPI,returning,monthly,failed,expired_card,1,0.69,124,1,50,1
TX008730,C01780,5441.98,UPI,new,one_time,success,none,1,0.96,2,0,230,0
TX008731,C00899,498.54,UPI,returning,monthly,success,none,3,0.8,230,0,864,0
TX008732,C00076,459.36,UPI,returning,monthly,success,none,3,0.85,209,1,724,0
TX008733,C00231,100.0,UPI,new,one_time,success,none,1,0.82,353,1,1479,0
TX008734,C01740,817.65,UPI,returning,one_time,success,none,3,0.7,9,0,1058,0
TX008735,C00962,2700.28,NETBANKING,returning,monthly,failed,card_declined,1,0.83,351,1,1146,1
TX008736,C02350,594.8,UPI,new,one_time,success,none,3,0.9,327,1,1453,0
TX008737,C02774,9352.93,CARD,returning,yearly,success,none,2,0.93,272,0,434,0
TX008738,C02263,848.44,UPI,new,monthly,success,none,3,0.79,158,1,819,0
TX008739,C02117,1270.28,UPI,returning,one_time,failed,network_error,0,0.84,264,1,120,1
TX008740,C00393,280.59,UPI,returning,yearly,failed,network_error,3,0.94,344,1,1363,0
TX008741,C01109,1461.5,CARD,returning,one_time,success,none,0,0.47,271,1,131,0
TX008742,C00267,151.51,NETBANKING,returning,yearly,success,none,1,0.83,13,1,518,0
TX008743,C01093,2194.47,UPI,returning,one_time,failed,bank_timeout,2,0.49,271,1,99,1
TX008744,C00611,2262.96,UPI,returning,monthly,success,none,3,0.76,117,1,337,0
TX008745,C01371,4269.67,CARD,new,monthly,success,none,1,0.89,299,1,804,0
TX008746,C01009,395.45,UPI,returning,one_time,success,none,0,0.55,202,1,432,0
TX008747,C00962,1287.63,CARD,new,one_time,success,none,2,0.85,259,1,298,0
TX008748,C02776,1927.19,UPI,new,monthly,success,none,1,0.92,161,1,1379,0
TX008749,C00673,1706.64,CARD,returning,monthly,failed,insufficient_funds,1,0.6,219,1,928,1
TX008750,C02471,461.6,UPI,returning,one_time,failed,bank_timeout,1,0.83,271,1,504,1
TX008751,C01701,100.29,UPI,returning,yearly,failed,bank_timeout,1,0.9,136,1,871,1
TX008752,C02163,1551.47,CARD,new,monthly,success,none,3,0.56,135,1,695,0
TX008753,C02268,941.52,UPI,new,one_time,success,none,1,0.96,30,1,758,0
TX008754,C00031,622.24,UPI,returning,monthly,success,none,1,0.78,275,1,1080,0
TX008755,C01367,2354.17,UPI,new,one_time,failed,insufficient_funds,3,0.81,14,0,997,0
TX008756,C01401,1048.46,UPI,new,yearly,success,none,0,0.7,286,1,237,0
TX008757,C01154,293.19,UPI,returning,one_time,failed,insufficient_funds,2,0.56,336,1,1042,1
TX008758,C00617,158.94,WALLET,returning,one_time,success,none,2,0.89,310,1,956,0
TX008759,C00539,354.62,CARD,returning,one_time,success,none,3,0.83,19,1,801,0
TX008760,C02787,12004.21,UPI,new,yearly,failed,card_declined,3,0.83,120,1,942,0
TX008761,C00871,2259.22,NETBANKING,returning,one_time,failed,bank_timeout,0,0.85,148,1,81,1
TX008762,C00101,1324.26,UPI,returning,one_time,success,none,2,0.98,312,1,487,0
TX008763,C01413,914.46,CARD,new,monthly,success,none,3,0.89,140,1,1431,0
TX008764,C02740,856.29,UPI,returning,one_time,failed,bank_timeout,1,0.91,46,0,258,1
TX008765,C00941,3523.45,CARD,new,one_time,success,none,3,0.78,57,1,32,0
TX008766,C00341,671.43,CARD,returning,monthly,success,none,2,0.62,348,1,567,0
TX008767,C02909,1952.61,CARD,new,one_time,failed,network_error,0,0.85,19,1,143,1
TX008768,C01044,774.0,UPI,returning,monthly,success,none,0,0.89,251,1,80,0
TX008769,C00038,7632.39,UPI,returning,one_time,success,none,1,0.71,141,0,270,0
TX008770,C00660,2303.74,UPI,returning,monthly,success,none,1,0.81,292,1,304,0
TX008771,C02034,3810.66,UPI,returning,one_time,success,none,2,0.93,24,1,1382,0
TX008772,C01561,611.3,UPI,returning,monthly,failed,bank_timeout,1,0.89,347,1,1430,1
TX008773,C01657,3159.4,CARD,returning,one_time,failed,card_declined,2,0.71,241,1,618,1
TX008774,C02976,802.25,NETBANKING,returning,one_time,success,none,2,0.8,106,1,919,0
TX008775,C01050,1224.19,UPI,new,one_time,success,none,3,0.81,151,0,790,0
TX008776,C00454,5625.4,UPI,returning,one_time,failed,expired_card,1,0.86,189,1,1171,1
TX008777,C01705,386.54,NETBANKING,returning,one_time,success,none,3,0.93,105,0,833,0
TX008778,C01347,1343.79,NETBANKING,returning,monthly,success,none,3,0.81,39,1,35,0
TX008779,C02785,1699.36,UPI,returning,monthly,success,none,2,0.63,360,0,301,0
TX008780,C00819,1844.58,UPI,returning,one_time,success,none,2,0.78,37,1,854,0
TX008781,C00773,698.7,CARD,returning,one_time,success,none,2,0.78,20,0,466,0
TX008782,C00013,8833.12,CARD,returning,monthly,success,none,2,0.6,26,1,1251,0
TX008783,C02963,300.39,UPI,new,yearly,success,none,3,0.97,335,1,163,0
TX008784,C00921,4716.8,CARD,new,one_time,success,none,0,0.79,254,1,719,0
TX008785,C00825,3696.22,CARD,returning,one_time,success,none,0,0.51,120,1,1185,0
TX008786,C02419,7338.49,UPI,new,one_time,failed,bank_timeout,0,0.81,204,1,795,1
TX008787,C01315,224.03,CARD,new,one_time,success,none,2,0.86,337,1,198,0
TX008788,C02380,459.97,UPI,new,one_time,success,none,1,0.87,325,1,1352,0
TX008789,C02309,4875.33,CARD,returning,monthly,success,none,0,0.8,217,1,923,0
TX008790,C02018,167.83,UPI,returning,monthly,success,none,3,0.86,55,0,382,0
TX008791,C01229,219.98,UPI,new,one_time,failed,card_declined,3,0.98,58,1,867,1
TX008792,C00697,672.96,CARD,returning,yearly,success,none,2,0.84,233,1,72,0
TX008793,C02735,1328.75,CARD,returning,one_time,success,none,3,0.74,268,1,593,0
TX008794,C00950,5389.59,WALLET,returning,one_time,success,none,3,0.86,35,0,862,0
TX008795,C02435,911.17,UPI,returning,one_time,success,none,0,0.69,343,1,822,0
TX008796,C02869,596.91,UPI,returning,one_time,success,none,0,0.93,256,1,892,0
TX008797,C02516,1497.26,WALLET,returning,monthly,success,none,3,0.92,319,1,534,0
TX008798,C01439,1753.9,CARD,new,one_time,success,none,0,0.75,15,1,424,0
TX008799,C00069,1704.86,NETBANKING,returning,monthly,success,none,3,0.6,47,1,533,0
TX008800,C01782,917.83,UPI,new,monthly,failed,card_declined,3,0.94,82,1,858,0
TX008801,C02248,155.23,UPI,returning,one_time,success,none,0,0.89,281,1,366,0
TX008802,C02264,438.07,UPI,returning,monthly,success,none,2,0.93,306,1,146,0
TX008803,C01970,4538.13,NETBANKING,returning,monthly,failed,expired_card,0,0.92,232,1,398,1
TX008804,C00212,1322.22,NETBANKING,returning,yearly,success,none,2,0.72,133,1,1002,0
TX008805,C00508,794.31,UPI,returning,one_time,success,none,1,0.54,128,1,170,0
TX008806,C02064,3354.87,UPI,returning,one_time,success,none,3,0.97,207,1,1384,0
TX008807,C01522,354.21,UPI,returning,yearly,success,none,1,0.86,125,1,438,0
TX008808,C02932,875.37,CARD,new,one_time,success,none,3,0.92,109,0,527,0
TX008809,C00332,1258.6,UPI,returning,one_time,failed,card_declined,0,0.91,241,0,259,1
TX008810,C02765,705.3,CARD,returning,monthly,success,none,1,0.79,51,0,262,0
TX008811,C00551,1212.89,UPI,new,one_time,success,none,1,0.63,87,0,261,0
TX008812,C01625,908.96,UPI,returning,monthly,success,none,3,0.87,131,1,798,0
TX008813,C00942,270.6,UPI,new,monthly,success,none,3,0.53,113,1,552,0
TX008814,C02304,1314.85,CARD,returning,monthly,failed,network_error,2,0.82,146,1,99,1
TX008815,C00728,290.51,UPI,returning,monthly,success,none,2,0.89,8,1,815,0
TX008816,C00880,1294.16,NETBANKING,new,one_time,success,none,0,0.92,122,1,110,0
TX008817,C02863,4333.52,CARD,new,monthly,success,none,1,0.76,225,1,994,0
TX008818,C00649,827.97,UPI,returning,monthly,success,none,1,0.86,172,1,783,0
TX008819,C01000,339.85,UPI,returning,one_time,failed,expired_card,2,0.92,50,1,1279,1
TX008820,C01522,965.85,NETBANKING,returning,one_time,success,none,0,0.91,49,0,930,0
TX008821,C02519,477.24,UPI,returning,monthly,success,none,1,0.73,66,1,1427,0
TX008822,C02738,1987.25,UPI,new,one_time,failed,network_error,3,0.93,168,1,142,0
TX008823,C01613,945.78,NETBANKING,new,one_time,failed,bank_timeout,3,0.74,144,1,433,0
TX008824,C02748,6061.81,CARD,returning,one_time,failed,bank_timeout,3,0.81,232,1,396,1
TX008825,C02555,3508.66,UPI,returning,one_time,failed,card_declined,1,0.88,100,1,289,1
TX008826,C01010,940.98,UPI,returning,one_time,success,none,0,0.88,12,1,1313,0
TX008827,C01551,2243.09,NETBANKING,returning,monthly,failed,card_declined,2,0.88,256,1,725,1
TX008828,C00804,740.08,UPI,new,monthly,failed,expired_card,2,0.84,252,1,1074,1
TX008829,C02879,1134.51,UPI,returning,monthly,success,none,2,0.67,357,1,891,0
TX008830,C00214,764.0,UPI,new,one_time,success,none,3,0.83,175,1,1463,0
TX008831,C00169,2360.09,UPI,new,one_time,success,none,1,0.81,9,1,1039,0
TX008832,C00978,4596.21,WALLET,new,one_time,success,none,1,0.83,279,1,1336,0
TX008833,C01329,2437.31,CARD,new,one_time,success,none,2,0.81,63,1,723,0
TX008834,C00146,2757.11,CARD,new,monthly,success,none,2,0.77,181,1,800,0
TX008835,C01799,2760.13,WALLET,returning,one_time,failed,bank_timeout,1,0.9,55,1,910,1
TX008836,C00516,1903.13,UPI,returning,one_time,success,none,2,0.93,255,1,991,0
TX008837,C00453,350.97,UPI,new,yearly,failed,insufficient_funds,1,0.85,110,1,20,1
TX008838,C00060,6008.75,CARD,returning,one_time,failed,card_declined,3,0.6,339,1,1378,0
TX008839,C00528,6663.57,UPI,returning,monthly,success,none,2,0.66,341,1,980,0
TX008840,C01024,867.94,UPI,new,one_time,success,none,2,0.71,137,1,1479,0
TX008841,C02522,756.95,UPI,returning,one_time,success,none,1,0.88,106,1,579,0
TX008842,C01565,2023.15,UPI,new,monthly,failed,expired_card,0,0.82,159,1,1290,1
TX008843,C02805,1902.29,UPI,new,one_time,failed,card_declined,2,0.53,261,1,1105,0
TX008844,C02830,896.1,UPI,returning,one_time,failed,expired_card,0,0.95,94,1,440,1
TX008845,C01103,314.18,UPI,new,one_time,failed,bank_timeout,0,0.76,119,1,926,1
TX008846,C00433,1488.76,UPI,returning,one_time,success,none,2,0.73,347,1,643,0
TX008847,C01177,1903.48,UPI,new,monthly,success,none,2,0.69,85,0,1093,0
TX008848,C00401,2266.11,UPI,returning,monthly,success,none,0,0.8,221,1,775,0
TX008849,C02105,1555.1,WALLET,returning,one_time,success,none,0,0.75,180,1,1317,0
TX008850,C02234,836.21,NETBANKING,new,one_time,success,none,2,0.89,355,0,915,0
TX008851,C02446,2963.13,CARD,returning,monthly,failed,card_declined,1,0.89,161,1,1342,1
TX008852,C00605,1171.28,WALLET,returning,one_time,success,none,2,0.98,209,1,369,0
TX008853,C02836,688.89,WALLET,returning,monthly,success,none,3,0.91,99,1,1176,0
TX008854,C02206,915.39,UPI,returning,yearly,failed,card_declined,3,0.85,169,1,1431,1
TX008855,C01811,191.34,UPI,new,one_time,success,none,1,0.89,17,1,727,0
TX008856,C01464,913.93,WALLET,returning,one_time,success,none,0,0.85,52,1,757,0
TX008857,C02637,2182.96,CARD,new,yearly,failed,insufficient_funds,0,0.53,11,1,968,1
TX008858,C02514,1540.38,UPI,new,one_time,success,none,0,0.98,48,1,728,0
TX008859,C02494,5017.39,CARD,new,one_time,success,none,3,0.83,31,1,631,0
TX008860,C01774,843.05,UPI,returning,monthly,failed,bank_timeout,2,0.88,120,1,586,1
TX008861,C02849,1785.25,UPI,returning,one_time,success,none,1,0.91,249,1,4,0
TX008862,C01554,2422.95,UPI,new,yearly,failed,expired_card,2,0.73,120,1,1357,0
TX008863,C01097,11416.98,UPI,new,one_time,success,none,0,0.71,45,1,284,0
TX008864,C00929,1267.45,UPI,new,monthly,success,none,2,0.76,256,0,1304,0
TX008865,C01952,385.99,NETBANKING,new,monthly,success,none,1,0.94,320,1,1141,0
TX008866,C01974,2560.43,UPI,returning,monthly,failed,insufficient_funds,3,0.71,7,1,448,1
TX008867,C02065,7084.94,UPI,new,monthly,failed,expired_card,2,0.77,308,0,1312,0
TX008868,C01555,794.29,UPI,new,yearly,failed,card_declined,2,0.85,93,1,914,1
TX008869,C02779,2542.95,CARD,returning,yearly,success,none,1,0.8,106,1,646,0
TX008870,C00326,3747.06,WALLET,returning,one_time,success,none,1,0.82,62,0,861,0
TX008871,C00995,3032.27,UPI,returning,monthly,success,none,0,0.8,102,0,495,0
TX008872,C00613,1243.34,UPI,returning,one_time,success,none,1,0.66,276,1,411,0
TX008873,C02594,545.4,UPI,new,one_time,failed,network_error,3,0.78,60,1,939,0
TX008874,C00596,1011.03,CARD,returning,one_time,success,none,0,0.72,235,0,859,0
TX008875,C00921,1734.72,UPI,new,monthly,success,none,2,0.96,299,1,1315,0
TX008876,C00842,2719.55,UPI,returning,one_time,success,none,0,0.67,242,1,1193,0
TX008877,C01226,1531.41,UPI,returning,monthly,success,none,2,0.74,53,1,1281,0
TX008878,C00344,750.01,UPI,returning,one_time,success,none,1,0.79,97,0,224,0
TX008879,C01877,1911.0,NETBANKING,returning,yearly,success,none,0,0.88,323,1,1136,0
TX008880,C00859,2591.74,UPI,returning,one_time,success,none,3,0.61,233,1,863,0
TX008881,C01424,1602.96,UPI,new,monthly,failed,card_declined,0,0.89,235,1,5,1
TX008882,C00445,475.24,NETBANKING,returning,monthly,success,none,3,0.84,315,0,49,0
TX008883,C01789,914.7,NETBANKING,returning,yearly,failed,bank_timeout,0,0.92,235,1,682,1
TX008884,C00222,2829.4,UPI,new,monthly,success,none,1,0.79,162,1,835,0
TX008885,C00592,275.06,WALLET,returning,monthly,success,none,2,0.88,253,0,1202,0
TX008886,C01031,135.21,CARD,returning,one_time,success,none,0,0.69,356,1,525,0
TX008887,C01296,4954.66,UPI,new,monthly,failed,expired_card,2,0.68,67,1,1302,0
TX008888,C01018,1828.8,UPI,returning,one_time,failed,insufficient_funds,2,0.82,292,0,816,1
TX008889,C02064,2011.69,UPI,returning,one_time,success,none,2,0.8,363,1,981,0
TX008890,C01448,373.6,UPI,new,monthly,success,none,0,0.77,230,1,847,0
TX008891,C02046,2292.8,UPI,returning,one_time,success,none,2,0.62,238,1,559,0
TX008892,C00524,1444.11,CARD,returning,one_time,failed,card_declined,0,0.61,109,1,208,1
TX008893,C02851,224.9,NETBANKING,returning,one_time,failed,expired_card,3,0.64,255,1,438,0
TX008894,C02069,4556.38,UPI,returning,one_time,success,none,2,0.64,162,0,582,0
TX008895,C02276,1285.22,UPI,new,one_time,success,none,3,0.64,303,1,1105,0
TX008896,C01809,737.98,UPI,new,one_time,success,none,2,0.78,131,1,1004,0
TX008897,C01312,751.45,CARD,new,one_time,failed,insufficient_funds,0,0.87,164,1,557,1
TX008898,C02857,146.17,CARD,new,monthly,success,none,0,0.83,308,1,776,0
TX008899,C01307,1984.93,UPI,returning,one_time,success,none,3,0.79,339,1,1145,0
TX008900,C02452,1424.9,CARD,returning,yearly,success,none,3,0.66,208,1,865,0
TX008901,C01090,903.18,UPI,returning,yearly,success,none,1,0.84,202,1,623,0
TX008902,C01673,3938.22,CARD,returning,one_time,success,none,1,0.64,161,1,695,0
TX008903,C00437,274.83,UPI,new,one_time,success,none,1,0.9,129,1,1139,0
TX008904,C00829,603.79,UPI,returning,one_time,success,none,2,0.8,328,0,386,0
TX008905,C02982,468.71,UPI,returning,yearly,failed,card_declined,3,0.9,300,1,467,1
TX008906,C00259,829.82,NETBANKING,returning,monthly,success,none,1,0.89,165,1,710,0
TX008907,C02004,1173.18,CARD,returning,monthly,success,none,3,0.91,119,1,885,0
TX008908,C01990,1685.83,WALLET,returning,yearly,failed,network_error,1,0.75,139,0,548,1
TX008909,C00103,775.13,UPI,returning,yearly,success,none,3,0.8,307,1,852,0
TX008910,C00993,456.07,UPI,returning,monthly,success,none,3,0.89,267,1,682,0
TX008911,C00769,5919.5,UPI,returning,monthly,success,none,1,0.9,23,0,1346,0
TX008912,C01125,12229.91,CARD,new,yearly,failed,network_error,2,0.82,52,1,1024,1
TX008913,C01222,1265.58,NETBANKING,returning,yearly,success,none,1,0.92,109,1,597,0
TX008914,C02861,514.51,NETBANKING,new,one_time,failed,card_declined,3,0.76,189,1,567,0
TX008915,C02274,4795.6,CARD,new,yearly,success,none,0,0.89,100,1,842,0
TX008916,C02991,258.07,CARD,new,monthly,success,none,2,0.95,32,1,481,0
TX008917,C02511,784.64,NETBANKING,new,one_time,failed,bank_timeout,2,0.43,239,1,457,0
TX008918,C00237,546.69,UPI,returning,one_time,success,none,0,0.98,329,1,279,0
TX008919,C01145,343.94,NETBANKING,returning,monthly,success,none,1,0.65,308,0,36,0
TX008920,C02554,828.8,NETBANKING,returning,one_time,success,none,3,0.85,100,1,491,0
TX008921,C02862,462.12,UPI,new,monthly,success,none,1,0.66,221,1,1462,0
TX008922,C00767,1110.6,CARD,new,one_time,success,none,3,0.69,102,0,9,0
TX008923,C02682,1126.85,UPI,returning,yearly,success,none,0,0.96,139,1,1132,0
TX008924,C00991,589.14,UPI,new,one_time,success,none,3,0.74,36,1,737,0
TX008925,C02666,757.09,CARD,returning,one_time,success,none,3,0.95,309,1,1476,0
TX008926,C01760,870.57,UPI,returning,yearly,success,none,1,0.89,4,1,1232,0
TX008927,C02321,2464.75,UPI,returning,one_time,failed,network_error,3,0.73,162,1,80,0
TX008928,C02280,945.36,NETBANKING,returning,monthly,success,none,1,0.83,171,1,388,0
TX008929,C02816,2501.64,UPI,returning,one_time,success,none,1,0.68,309,1,304,0
TX008930,C00496,1970.05,UPI,new,yearly,success,none,2,0.86,314,1,1256,0
TX008931,C01048,1942.11,CARD,returning,one_time,success,none,0,0.96,181,1,1113,0
TX008932,C01727,4393.34,UPI,returning,one_time,success,none,1,0.95,85,1,721,0
TX008933,C02550,358.03,UPI,returning,yearly,success,none,0,0.74,190,1,1034,0
TX008934,C02073,683.22,UPI,new,one_time,success,none,2,0.74,346,1,100,0
TX008935,C02336,6395.17,UPI,returning,yearly,success,none,1,0.89,320,1,951,0
TX008936,C00338,847.83,UPI,returning,monthly,failed,expired_card,0,0.71,185,1,1351,1
TX008937,C01938,100.0,NETBANKING,new,one_time,success,none,2,0.81,65,1,783,0
TX008938,C01818,895.19,UPI,returning,one_time,success,none,2,0.86,62,1,139,0
TX008939,C00137,1255.06,UPI,returning,one_time,success,none,3,0.73,14,1,290,0
TX008940,C02556,100.0,WALLET,returning,one_time,success,none,3,0.75,341,1,10,0
TX008941,C02275,4162.77,NETBANKING,returning,one_time,success,none,0,0.93,108,1,1348,0
TX008942,C00320,537.16,UPI,returning,monthly,success,none,1,0.78,259,1,1416,0
TX008943,C01864,1523.19,UPI,returning,yearly,success,none,3,0.85,261,1,273,0
TX008944,C00916,874.82,CARD,returning,one_time,failed,bank_timeout,1,0.69,178,1,369,1
TX008945,C01206,302.37,CARD,new,one_time,success,none,3,0.73,319,1,989,0
TX008946,C01898,375.96,CARD,returning,monthly,success,none,3,0.85,99,1,671,0
TX008947,C02134,430.49,UPI,returning,one_time,success,none,0,0.99,238,1,1313,0
TX008948,C00926,3247.6,UPI,returning,monthly,success,none,3,0.77,130,1,249,0
TX008949,C02101,946.21,UPI,new,one_time,success,none,2,0.77,75,1,755,0
TX008950,C02908,650.76,CARD,new,yearly,success,none,3,0.65,71,1,1470,0
TX008951,C02915,430.69,CARD,returning,monthly,success,none,3,0.88,132,1,262,0
TX008952,C01259,3626.96,UPI,returning,one_time,failed,bank_timeout,0,0.75,316,1,1212,1
TX008953,C01983,4741.94,UPI,new,monthly,success,none,0,0.78,294,1,149,0
TX008954,C00433,3585.83,WALLET,new,monthly,failed,card_declined,2,0.95,232,1,329,1
TX008955,C00999,1794.42,UPI,returning,monthly,success,none,0,0.89,220,0,765,0
TX008956,C02148,1465.32,UPI,returning,one_time,success,none,3,0.9,313,1,273,0
TX008957,C00990,325.08,CARD,returning,one_time,success,none,2,0.62,308,1,1256,0
TX008958,C00599,857.64,UPI,returning,monthly,success,none,3,0.83,355,1,136,0
TX008959,C02451,553.43,UPI,new,one_time,success,none,3,0.94,74,1,451,0
TX008960,C00396,176.71,UPI,returning,one_time,success,none,2,0.79,238,1,636,0
TX008961,C00415,3155.95,CARD,returning,monthly,success,none,0,0.97,190,1,136,0
TX008962,C00939,546.85,UPI,returning,one_time,success,none,0,0.93,355,1,1113,0
TX008963,C01637,3626.2,NETBANKING,new,one_time,failed,expired_card,3,0.9,93,1,730,0
TX008964,C02725,2648.49,UPI,new,one_time,success,none,0,0.79,77,0,609,0
TX008965,C02511,1913.55,CARD,returning,one_time,success,none,1,0.71,316,1,1410,0
TX008966,C00541,2024.11,UPI,returning,one_time,failed,expired_card,2,0.66,19,1,610,1
TX008967,C01650,592.7,UPI,returning,monthly,success,none,2,0.83,51,1,1123,0
TX008968,C01946,7029.35,CARD,returning,yearly,success,none,3,0.62,202,1,1095,0
TX008969,C00084,1144.96,UPI,returning,monthly,success,none,3,0.94,283,0,1114,0
TX008970,C00271,1483.16,CARD,returning,one_time,success,none,2,0.87,75,1,1109,0
TX008971,C02292,573.02,UPI,returning,monthly,success,none,3,0.72,143,1,1278,0
TX008972,C00388,432.18,UPI,returning,one_time,success,none,2,0.76,4,1,613,0
TX008973,C00214,1767.46,UPI,returning,one_time,success,none,2,0.92,19,0,1264,0
TX008974,C02866,1363.1,CARD,new,one_time,success,none,1,0.94,254,1,459,0
TX008975,C00059,498.02,UPI,returning,one_time,success,none,2,0.9,320,1,455,0
TX008976,C01626,260.23,NETBANKING,returning,monthly,success,none,1,0.85,157,1,119,0
TX008977,C02931,307.99,UPI,returning,yearly,success,none,3,0.62,260,0,846,0
TX008978,C00843,3626.9,UPI,returning,monthly,success,none,0,0.76,284,1,899,0
TX008979,C02972,593.92,UPI,returning,monthly,success,none,0,0.69,261,1,31,0
TX008980,C01528,781.4,UPI,returning,one_time,success,none,1,0.73,160,1,333,0
TX008981,C01730,4676.66,UPI,new,monthly,failed,insufficient_funds,3,0.8,38,1,778,0
TX008982,C00123,357.04,CARD,new,yearly,success,none,2,0.84,361,0,1330,0
TX008983,C01437,530.07,UPI,returning,one_time,success,none,2,0.6,344,0,1176,0
TX008984,C01163,508.38,UPI,new,one_time,success,none,2,0.84,13,1,164,0
TX008985,C02487,5530.69,WALLET,new,one_time,success,none,2,0.9,117,1,740,0
TX008986,C00562,8049.65,UPI,returning,monthly,failed,network_error,2,0.88,27,1,1166,1
TX008987,C02166,2325.2,UPI,returning,monthly,failed,network_error,3,0.82,362,1,959,1
TX008988,C01738,2400.39,UPI,new,one_time,success,none,1,0.95,146,1,246,0
TX008989,C00905,613.79,UPI,new,monthly,success,none,3,0.62,350,1,1383,0
TX008990,C00395,7687.33,UPI,new,monthly,success,none,1,0.86,238,1,219,0
TX008991,C01727,1433.24,UPI,returning,monthly,success,none,1,0.73,298,1,161,0
TX008992,C02924,2573.73,UPI,new,yearly,failed,bank_timeout,3,0.82,225,1,438,0
TX008993,C01717,986.81,CARD,returning,yearly,success,none,0,0.97,49,1,806,0
TX008994,C00935,838.8,CARD,returning,one_time,failed,bank_timeout,3,0.93,318,1,707,1
TX008995,C01102,5785.11,CARD,new,monthly,success,none,0,0.91,190,1,1435,0
TX008996,C03000,1881.31,UPI,new,monthly,failed,card_declined,1,0.75,213,0,100,0
TX008997,C01436,4681.51,UPI,returning,one_time,success,none,3,0.74,109,1,1056,0
TX008998,C00075,1415.63,UPI,new,monthly,success,none,1,0.75,274,1,1167,0
TX008999,C00295,469.48,UPI,returning,one_time,success,none,0,0.91,160,1,1398,0
TX009000,C00021,611.95,UPI,returning,monthly,failed,expired_card,1,0.67,60,1,977,1
TX009001,C01039,1215.57,UPI,returning,one_time,failed,network_error,3,0.7,80,1,522,0
TX009002,C01235,586.11,UPI,new,monthly,failed,insufficient_funds,0,0.81,201,0,1260,1
TX009003,C00560,362.32,CARD,returning,one_time,success,none,0,0.89,105,1,857,0
TX009004,C01110,3646.11,UPI,new,one_time,success,none,1,0.81,28,1,936,0
TX009005,C01173,635.96,WALLET,new,one_time,failed,network_error,1,0.76,155,1,1197,0
TX009006,C00372,1259.15,CARD,new,one_time,success,none,0,0.92,11,1,815,0
TX009007,C02028,1474.59,UPI,returning,yearly,success,none,1,0.86,288,1,318,0
TX009008,C00818,609.02,UPI,returning,one_time,failed,network_error,2,0.85,200,1,1213,1
TX009009,C01175,4678.81,CARD,new,one_time,success,none,0,0.92,6,1,254,0
TX009010,C01165,358.83,CARD,returning,monthly,success,none,0,0.77,362,1,709,0
TX009011,C01093,1424.57,UPI,new,one_time,success,none,2,0.54,3,1,1128,0
TX009012,C01284,1402.65,UPI,returning,one_time,success,none,3,0.77,119,1,1210,0
TX009013,C02012,1038.72,UPI,new,one_time,success,none,3,0.54,359,1,699,0
TX009014,C00846,299.79,UPI,new,monthly,success,none,3,0.81,172,1,862,0
TX009015,C01992,2619.71,NETBANKING,returning,yearly,success,none,3,0.83,263,1,800,0
TX009016,C00521,2306.56,UPI,new,monthly,failed,network_error,2,0.71,3,1,146,0
TX009017,C00371,558.04,UPI,new,yearly,success,none,2,0.47,328,1,61,0
TX009018,C01443,2224.94,UPI,returning,monthly,failed,bank_timeout,1,0.88,91,1,1100,1
TX009019,C00101,1595.44,NETBANKING,returning,yearly,success,none,2,0.76,48,1,347,0
TX009020,C00661,304.72,CARD,returning,one_time,success,none,2,0.81,166,1,1133,0
TX009021,C01682,466.88,CARD,returning,one_time,success,none,3,0.63,257,1,412,0
TX009022,C00243,3423.03,NETBANKING,returning,one_time,success,none,3,0.7,289,1,788,0
TX009023,C02801,1494.3,NETBANKING,new,one_time,success,none,1,0.86,352,1,672,0
TX009024,C00512,623.72,CARD,new,monthly,success,none,2,0.85,361,1,1078,0
TX009025,C02897,464.76,UPI,new,one_time,success,none,0,0.68,297,1,771,0
TX009026,C02603,654.98,UPI,new,monthly,success,none,3,0.74,248,1,1155,0
TX009027,C02274,703.12,CARD,returning,one_time,success,none,3,0.75,248,1,1491,0
TX009028,C01542,470.61,UPI,new,one_time,failed,expired_card,2,0.67,165,0,721,0
TX009029,C02262,192.14,CARD,returning,one_time,success,none,2,0.85,85,1,479,0
TX009030,C02766,3428.96,UPI,new,one_time,failed,expired_card,1,0.84,92,1,366,1
TX009031,C02115,2894.69,CARD,returning,yearly,success,none,1,0.73,356,1,953,0
TX009032,C00396,306.97,UPI,returning,monthly,success,none,2,0.94,232,0,633,0
TX009033,C00612,1256.78,UPI,returning,monthly,failed,network_error,2,0.87,355,1,251,1
TX009034,C01261,444.86,CARD,new,one_time,success,none,0,0.97,354,1,528,0
TX009035,C01858,844.24,UPI,returning,one_time,success,none,1,0.96,56,1,744,0
TX009036,C00770,776.84,CARD,returning,one_time,success,none,0,0.7,329,1,720,0
TX009037,C01423,714.92,UPI,returning,monthly,success,none,0,0.76,118,1,342,0
TX009038,C00407,8127.0,WALLET,returning,one_time,success,none,2,0.63,181,1,1181,0
TX009039,C02973,706.04,NETBANKING,returning,monthly,success,none,2,0.72,245,1,906,0
TX009040,C01873,488.69,UPI,new,monthly,success,none,2,0.87,157,1,49,0
TX009041,C01504,511.54,CARD,new,one_time,success,none,0,0.89,247,0,739,0
TX009042,C02695,3114.35,UPI,returning,monthly,success,none,0,0.86,176,1,709,0
TX009043,C02270,210.17,UPI,returning,monthly,failed,expired_card,1,0.92,334,1,784,1
TX009044,C01180,511.52,CARD,new,one_time,success,none,1,0.73,326,1,135,0
TX009045,C00654,4660.24,CARD,new,monthly,success,none,3,0.95,342,1,1433,0
TX009046,C02476,1399.66,UPI,new,monthly,success,none,1,0.97,272,1,354,0
TX009047,C01182,1328.65,UPI,returning,one_time,failed,card_declined,3,0.83,297,1,499,1
TX009048,C00977,9247.85,NETBANKING,new,one_time,failed,bank_timeout,1,0.77,119,0,664,1
TX009049,C01440,1402.97,UPI,new,one_time,success,none,3,0.61,60,1,1011,0
TX009050,C02419,540.13,NETBANKING,returning,yearly,success,none,1,0.83,286,1,948,0
TX009051,C01368,827.1,CARD,returning,one_time,failed,bank_timeout,1,0.74,176,1,306,1
TX009052,C02898,352.33,UPI,returning,one_time,success,none,0,0.86,7,0,1155,0
TX009053,C02904,3850.42,UPI,returning,one_time,success,none,2,0.96,310,1,835,0
TX009054,C00229,1948.01,UPI,returning,one_time,failed,expired_card,1,0.86,205,1,1059,1
TX009055,C02328,3375.89,NETBANKING,returning,one_time,success,none,0,0.96,79,1,756,0
TX009056,C01894,3688.53,NETBANKING,new,monthly,failed,network_error,0,0.82,68,1,597,1
TX009057,C01314,724.72,CARD,returning,one_time,success,none,2,0.68,64,1,623,0
TX009058,C01071,426.34,UPI,returning,monthly,failed,network_error,1,0.86,163,1,307,1
TX009059,C00975,1041.36,CARD,new,yearly,success,none,3,0.69,185,1,766,0
TX009060,C01739,458.17,UPI,new,monthly,success,none,3,0.51,325,1,801,0
TX009061,C00758,1293.31,CARD,new,yearly,failed,network_error,2,0.92,333,1,151,0
TX009062,C00321,3401.93,UPI,new,monthly,success,none,2,0.7,353,1,421,0
TX009063,C02322,926.91,NETBANKING,new,monthly,failed,expired_card,2,0.96,340,0,595,0
TX009064,C00556,1274.1,CARD,new,one_time,failed,network_error,1,0.91,239,1,982,0
TX009065,C00844,998.4,UPI,new,one_time,success,none,1,0.77,328,1,1203,0
TX009066,C01337,2447.27,NETBANKING,returning,one_time,success,none,1,0.88,190,1,1292,0
TX009067,C01387,562.4,UPI,new,one_time,success,none,0,0.87,273,0,738,0
TX009068,C00668,121.94,UPI,returning,monthly,success,none,3,0.92,197,1,941,0
TX009069,C02428,1756.13,UPI,returning,one_time,success,none,0,0.93,192,0,110,0
TX009070,C02759,2944.91,CARD,returning,one_time,success,none,0,0.8,246,1,463,0
TX009071,C01943,1713.64,NETBANKING,returning,yearly,failed,expired_card,1,0.8,187,1,844,1
TX009072,C02005,578.11,NETBANKING,returning,monthly,failed,insufficient_funds,2,0.68,200,1,558,1
TX009073,C01931,352.48,CARD,returning,monthly,success,none,2,0.81,257,0,461,0
TX009074,C00746,1798.12,UPI,new,one_time,failed,expired_card,0,0.85,90,1,1459,1
TX009075,C00675,1263.3,UPI,returning,yearly,failed,card_declined,2,0.75,263,1,164,1
TX009076,C02164,967.01,UPI,returning,one_time,success,none,0,0.9,268,1,792,0
TX009077,C02653,6784.96,NETBANKING,new,monthly,success,none,2,0.91,153,1,883,0
TX009078,C01066,425.47,WALLET,returning,monthly,success,none,1,0.89,25,1,150,0
TX009079,C02427,6470.68,UPI,returning,one_time,success,none,0,0.92,79,1,357,0
TX009080,C02514,1132.05,CARD,new,yearly,success,none,3,0.87,228,1,1355,0
TX009081,C02328,174.94,CARD,returning,one_time,success,none,0,0.92,232,1,1329,0
TX009082,C00618,916.72,UPI,new,monthly,failed,network_error,2,0.83,278,1,120,0
TX009083,C02166,2862.63,UPI,new,monthly,success,none,1,0.75,267,0,742,0
TX009084,C02357,761.24,NETBANKING,new,monthly,failed,network_error,1,0.94,26,1,107,1
TX009085,C02148,250.94,UPI,returning,yearly,success,none,3,0.73,125,1,851,0
TX009086,C02309,930.28,NETBANKING,returning,monthly,success,none,1,0.89,116,1,1122,0
TX009087,C00993,465.37,UPI,returning,monthly,success,none,1,0.93,120,1,729,0
TX009088,C01329,1793.3,UPI,returning,one_time,failed,bank_timeout,0,0.96,345,1,187,1
TX009089,C01378,2376.54,UPI,new,monthly,success,none,1,0.64,319,1,599,0
TX009090,C00286,381.35,NETBANKING,new,monthly,success,none,2,0.65,340,1,1482,0
TX009091,C02376,541.42,UPI,returning,yearly,success,none,3,0.75,143,1,401,0
TX009092,C02111,2337.04,CARD,returning,yearly,success,none,3,0.88,206,0,1115,0
TX009093,C00687,464.59,UPI,returning,one_time,failed,expired_card,0,0.74,89,1,967,1
TX009094,C01306,371.61,UPI,new,monthly,success,none,2,0.91,353,0,988,0
TX009095,C01465,337.41,NETBANKING,returning,yearly,failed,insufficient_funds,1,0.79,127,1,375,1
TX009096,C00738,1559.37,UPI,new,monthly,success,none,0,0.85,81,1,1083,0
TX009097,C02687,1493.92,NETBANKING,new,monthly,success,none,2,0.73,240,1,654,0
TX009098,C02984,553.33,UPI,returning,one_time,success,none,1,0.76,161,0,1039,0
TX009099,C01959,1102.22,CARD,returning,one_time,success,none,0,0.97,149,0,857,0
TX009100,C01895,5049.94,CARD,new,monthly,failed,network_error,3,0.94,351,1,1092,1
TX009101,C02524,414.03,NETBANKING,returning,monthly,success,none,1,0.88,11,1,409,0
TX009102,C01486,155.75,UPI,returning,one_time,failed,bank_timeout,3,0.84,161,1,1102,1
TX009103,C02101,1728.61,CARD,new,one_time,success,none,1,0.77,249,1,749,0
TX009104,C02802,982.01,UPI,returning,monthly,success,none,1,0.71,77,1,748,0
TX009105,C00486,539.14,UPI,new,yearly,success,none,3,0.77,222,1,273,0
TX009106,C01514,2105.02,UPI,returning,monthly,success,none,1,0.91,361,1,1183,0
TX009107,C02002,2538.24,UPI,returning,yearly,success,none,2,0.92,23,1,1042,0
TX009108,C01388,120.51,NETBANKING,new,one_time,failed,expired_card,1,0.85,266,1,1295,0
TX009109,C02457,571.01,CARD,returning,yearly,success,none,0,0.92,262,1,1441,0
TX009110,C01031,11131.3,UPI,new,monthly,success,none,2,0.76,226,1,1358,0
TX009111,C01766,1965.31,NETBANKING,returning,yearly,failed,bank_timeout,1,0.82,38,1,1145,1
TX009112,C00668,2156.2,UPI,returning,monthly,success,none,0,0.79,94,1,806,0
TX009113,C01221,3543.59,CARD,new,one_time,success,none,0,0.97,353,1,710,0
TX009114,C00835,1115.51,NETBANKING,new,yearly,failed,insufficient_funds,2,0.88,120,1,154,1
TX009115,C00876,2432.52,NETBANKING,returning,monthly,success,none,2,0.9,256,1,147,0
TX009116,C02415,2248.6,UPI,returning,one_time,failed,expired_card,2,0.55,128,1,407,1
TX009117,C01002,1880.03,CARD,returning,one_time,success,none,3,0.71,199,1,381,0
TX009118,C00250,794.72,UPI,returning,one_time,success,none,3,0.88,362,1,1050,0
TX009119,C01940,1302.52,NETBANKING,returning,monthly,failed,network_error,2,0.88,330,1,1493,1
TX009120,C01619,608.89,UPI,returning,monthly,failed,expired_card,1,0.89,7,1,1201,1
TX009121,C01264,1110.78,CARD,new,monthly,success,none,3,0.97,134,1,682,0
TX009122,C02428,340.87,UPI,returning,one_time,success,none,2,0.78,260,1,435,0
TX009123,C00872,497.39,CARD,returning,one_time,success,none,2,0.64,159,1,551,0
TX009124,C00835,826.9,CARD,returning,one_time,failed,network_error,0,0.84,218,1,1039,1
TX009125,C02823,426.79,CARD,returning,monthly,failed,card_declined,3,0.8,201,0,707,1
TX009126,C00919,661.81,CARD,returning,yearly,success,none,2,0.48,321,1,884,0
TX009127,C01725,930.83,NETBANKING,returning,yearly,failed,network_error,0,0.89,230,1,48,1
TX009128,C02503,1639.69,CARD,returning,one_time,success,none,1,0.68,77,0,687,0
TX009129,C02414,2833.47,UPI,returning,monthly,success,none,0,0.84,59,1,558,0
TX009130,C01314,689.67,NETBANKING,returning,monthly,success,none,3,0.86,94,0,554,0
TX009131,C01898,4167.64,UPI,returning,one_time,success,none,3,0.93,85,1,294,0
TX009132,C00403,2803.46,CARD,new,yearly,failed,bank_timeout,1,0.87,68,1,177,1
TX009133,C02106,1815.46,NETBANKING,returning,one_time,success,none,0,0.66,60,1,630,0
TX009134,C02569,1278.76,UPI,returning,monthly,failed,insufficient_funds,0,0.57,237,1,455,1
TX009135,C01328,1508.88,NETBANKING,returning,monthly,failed,expired_card,2,0.68,334,1,505,1
TX009136,C01139,3594.11,CARD,returning,one_time,success,none,0,0.79,201,1,305,0
TX009137,C00210,3727.82,UPI,new,one_time,success,none,3,0.92,96,1,1251,0
TX009138,C01065,4166.98,UPI,returning,one_time,success,none,3,0.96,28,1,659,0
TX009139,C00816,1142.9,UPI,returning,one_time,failed,card_declined,1,0.82,336,1,1013,1
TX009140,C02221,1910.21,WALLET,returning,one_time,failed,card_declined,3,0.75,204,1,1283,1
TX009141,C00234,4202.97,UPI,returning,yearly,success,none,0,0.93,288,1,1099,0
TX009142,C00793,587.74,CARD,new,monthly,failed,card_declined,3,0.69,180,1,617,0
TX009143,C01908,797.58,UPI,returning,yearly,success,none,2,0.93,118,1,84,0
TX009144,C01614,1114.36,UPI,returning,monthly,success,none,2,0.89,273,1,889,0
TX009145,C02841,2696.2,CARD,returning,monthly,failed,bank_timeout,3,0.85,10,0,813,1
TX009146,C02167,2738.52,UPI,returning,one_time,success,none,1,0.75,171,1,290,0
TX009147,C00335,870.56,WALLET,new,monthly,failed,network_error,2,0.77,56,1,426,0
TX009148,C01360,242.59,UPI,new,one_time,failed,card_declined,3,0.87,69,1,85,0
TX009149,C01640,1402.74,UPI,returning,one_time,success,none,3,0.98,153,1,499,0
TX009150,C01098,437.77,UPI,new,monthly,success,none,0,0.77,63,1,863,0
TX009151,C01215,247.17,WALLET,returning,monthly,success,none,1,0.84,155,1,1207,0
TX009152,C00324,309.86,UPI,returning,one_time,success,none,2,0.85,299,1,1118,0
TX009153,C01791,1519.87,UPI,returning,one_time,success,none,0,0.96,8,1,1104,0
TX009154,C00284,4277.13,UPI,returning,one_time,failed,insufficient_funds,2,0.85,342,1,164,1
TX009155,C00213,1140.13,UPI,returning,monthly,success,none,3,0.92,72,1,190,0
TX009156,C01659,1354.76,CARD,returning,yearly,success,none,2,0.96,135,1,264,0
TX009157,C01742,3579.2,CARD,returning,monthly,success,none,1,0.73,223,1,408,0
TX009158,C00929,234.05,UPI,new,monthly,success,none,1,0.7,321,1,1113,0
TX009159,C00752,1844.89,UPI,new,monthly,failed,insufficient_funds,1,0.81,242,1,1046,0
TX009160,C01418,1084.0,CARD,returning,one_time,success,none,0,0.97,101,1,1273,0
TX009161,C02387,1931.51,UPI,returning,monthly,success,none,2,0.85,236,1,679,0
TX009162,C01822,676.22,UPI,new,one_time,failed,expired_card,1,0.72,238,0,1184,0
TX009163,C01046,483.99,UPI,returning,one_time,success,none,0,0.64,316,1,1193,0
TX009164,C01795,1262.07,UPI,returning,monthly,success,none,0,0.79,131,1,713,0
TX009165,C01893,5705.53,UPI,returning,yearly,failed,insufficient_funds,0,0.93,348,1,46,1
TX009166,C00105,2593.88,UPI,new,monthly,success,none,2,0.87,330,1,98,0
TX009167,C01490,660.04,UPI,new,yearly,success,none,1,0.79,226,1,19,0
TX009168,C01483,286.87,UPI,returning,monthly,failed,network_error,2,0.62,342,1,149,1
TX009169,C01456,203.96,CARD,new,one_time,success,none,0,0.95,118,1,512,0
TX009170,C00770,4089.18,WALLET,returning,monthly,success,none,2,0.75,97,0,891,0
TX009171,C02764,421.96,WALLET,returning,yearly,failed,network_error,1,0.79,187,1,155,1
TX009172,C02811,791.94,NETBANKING,returning,monthly,failed,card_declined,3,0.82,163,0,1110,0
TX009173,C01960,4110.13,UPI,returning,monthly,success,none,0,0.8,120,1,645,0
TX009174,C02028,218.35,UPI,returning,monthly,success,none,2,0.93,123,1,681,0
TX009175,C00379,4876.9,NETBANKING,new,monthly,success,none,1,0.79,160,1,931,0
TX009176,C00713,850.96,UPI,new,one_time,failed,network_error,1,0.89,185,1,1364,1
TX009177,C01373,347.73,UPI,returning,one_time,success,none,1,0.77,23,1,1150,0
TX009178,C00225,856.32,UPI,returning,one_time,success,none,1,0.89,24,1,1156,0
TX009179,C01738,532.4,UPI,returning,one_time,success,none,0,0.89,61,0,1175,0
TX009180,C00738,1704.15,NETBANKING,returning,monthly,success,none,0,0.95,87,1,209,0
TX009181,C00236,573.56,CARD,returning,monthly,failed,network_error,3,0.76,129,1,432,0
TX009182,C00183,162.12,CARD,new,one_time,success,none,2,0.83,247,1,28,0
TX009183,C00712,879.57,NETBANKING,new,monthly,success,none,1,0.57,345,1,394,0
TX009184,C01893,282.44,UPI,new,one_time,success,none,1,0.96,254,1,523,0
TX009185,C02492,1345.23,CARD,returning,monthly,success,none,0,0.89,77,1,455,0
TX009186,C01889,334.58,UPI,returning,monthly,success,none,3,0.74,245,1,129,0
TX009187,C00623,673.16,CARD,returning,one_time,success,none,2,0.95,285,1,1014,0
TX009188,C01260,1316.31,UPI,returning,yearly,success,none,2,0.54,213,1,1186,0
TX009189,C01151,886.73,CARD,returning,yearly,failed,card_declined,0,0.95,143,0,1121,1
TX009190,C00749,1408.71,WALLET,new,one_time,success,none,0,0.87,213,1,56,0
TX009191,C02203,2165.24,UPI,returning,monthly,failed,expired_card,0,0.87,51,1,62,1
TX009192,C02305,344.49,UPI,returning,one_time,success,none,3,0.91,98,1,1280,0
TX009193,C02283,1028.24,UPI,returning,one_time,success,none,0,0.78,363,1,849,0
TX009194,C02548,100.0,UPI,returning,yearly,success,none,3,0.88,362,1,548,0
TX009195,C02337,1404.35,UPI,new,monthly,success,none,0,0.84,242,1,1173,0
TX009196,C00510,811.74,NETBANKING,new,one_time,success,none,0,0.79,171,0,796,0
TX009197,C01576,410.16,UPI,returning,monthly,failed,network_error,3,0.96,135,1,912,1
TX009198,C01824,1503.75,UPI,returning,monthly,success,none,2,0.55,222,1,1488,0
TX009199,C02757,3542.89,CARD,new,yearly,success,none,0,0.79,252,1,122,0
TX009200,C00785,681.29,UPI,new,one_time,success,none,0,0.76,18,1,1467,0
TX009201,C02942,426.32,UPI,returning,monthly,success,none,3,0.88,355,1,507,0
TX009202,C02824,1293.39,CARD,returning,yearly,failed,network_error,2,0.98,95,1,1146,1
TX009203,C02346,288.41,CARD,new,monthly,success,none,2,0.59,1,1,156,0
TX009204,C00137,566.58,UPI,returning,monthly,success,none,3,0.97,254,1,940,0
TX009205,C02424,3723.44,UPI,returning,one_time,success,none,1,0.83,48,1,797,0
TX009206,C02135,1166.99,UPI,returning,one_time,success,none,1,0.98,58,1,770,0
TX009207,C01778,167.42,UPI,returning,monthly,success,none,2,0.78,295,1,1148,0
TX009208,C01223,181.82,UPI,returning,yearly,success,none,0,0.79,139,1,177,0
TX009209,C02485,1289.6,CARD,new,monthly,success,none,2,0.97,325,1,1129,0
TX009210,C01334,2597.72,NETBANKING,returning,monthly,success,none,0,0.7,183,1,55,0
TX009211,C01778,217.54,UPI,returning,monthly,success,none,0,0.7,291,1,731,0
TX009212,C01305,1719.37,CARD,returning,monthly,success,none,0,0.79,27,1,258,0
TX009213,C00764,4147.84,UPI,returning,monthly,success,none,2,0.92,322,0,850,0
TX009214,C00702,7243.49,UPI,new,one_time,success,none,0,0.55,113,1,727,0
TX009215,C02990,1527.25,CARD,new,one_time,failed,bank_timeout,2,0.88,222,0,652,1
TX009216,C00152,1820.38,NETBANKING,returning,one_time,success,none,0,0.88,310,1,442,0
TX009217,C01326,129.91,UPI,new,one_time,failed,expired_card,0,0.8,267,1,26,1
TX009218,C01302,8953.08,UPI,returning,one_time,failed,card_declined,2,0.87,241,1,306,1
TX009219,C01712,616.78,CARD,returning,monthly,failed,bank_timeout,2,0.95,342,1,1014,1
TX009220,C01032,431.18,UPI,returning,one_time,failed,bank_timeout,3,0.9,127,1,1054,1
TX009221,C00807,849.62,UPI,returning,one_time,failed,expired_card,0,0.63,83,0,1166,1
TX009222,C00235,4972.48,UPI,returning,yearly,success,none,3,0.52,83,1,15,0
TX009223,C02723,9977.08,CARD,returning,monthly,failed,network_error,0,0.86,134,1,1217,1
TX009224,C00561,1243.16,UPI,returning,monthly,success,none,3,0.65,105,1,607,0
TX009225,C01326,2975.25,WALLET,returning,one_time,success,none,3,0.68,58,0,1370,0
TX009226,C00038,1145.05,UPI,new,monthly,failed,card_declined,1,0.82,93,1,1075,1
TX009227,C01160,388.47,UPI,returning,monthly,success,none,2,0.58,127,1,1139,0
TX009228,C02870,4801.79,CARD,returning,monthly,success,none,1,0.95,288,1,716,0
TX009229,C00421,588.67,UPI,returning,one_time,failed,expired_card,3,0.68,37,1,1329,0
TX009230,C01243,5092.53,UPI,returning,monthly,success,none,1,0.89,135,1,1326,0
TX009231,C00348,4018.01,UPI,returning,yearly,success,none,1,0.65,157,1,326,0
TX009232,C01832,2026.44,UPI,returning,one_time,success,none,2,0.85,40,1,1463,0
TX009233,C01570,6829.28,CARD,returning,one_time,failed,bank_timeout,3,0.85,246,1,628,1
TX009234,C02796,10222.5,UPI,new,one_time,failed,insufficient_funds,0,0.79,309,1,113,1
TX009235,C01919,920.35,NETBANKING,new,monthly,failed,card_declined,0,0.75,155,1,1045,1
TX009236,C02321,488.43,CARD,new,one_time,success,none,3,0.88,43,1,506,0
TX009237,C01902,169.99,UPI,returning,monthly,success,none,2,0.82,109,1,598,0
TX009238,C02356,10349.38,UPI,returning,one_time,success,none,1,0.93,148,1,1490,0
TX009239,C01398,706.5,UPI,returning,one_time,success,none,2,0.62,282,1,269,0
TX009240,C02781,3411.94,UPI,returning,monthly,success,none,0,0.79,72,1,1191,0
TX009241,C01825,522.56,CARD,returning,monthly,success,none,2,0.98,247,1,130,0
TX009242,C02492,5106.48,UPI,returning,yearly,success,none,1,0.82,166,1,728,0
TX009243,C01229,544.51,NETBANKING,new,one_time,failed,insufficient_funds,2,0.83,247,0,341,0
TX009244,C00405,333.05,UPI,returning,one_time,failed,network_error,0,0.74,124,1,868,1
TX009245,C01722,890.24,UPI,returning,one_time,success,none,0,0.88,314,0,743,0
TX009246,C02901,644.34,UPI,new,yearly,success,none,3,0.93,158,1,383,0
TX009247,C01221,1990.82,UPI,new,monthly,success,none,3,0.81,32,0,913,0
TX009248,C02826,1041.7,NETBANKING,returning,yearly,failed,expired_card,3,0.99,184,1,976,1
TX009249,C00115,2054.32,CARD,returning,yearly,failed,network_error,0,0.75,138,1,94,1
TX009250,C01677,819.73,UPI,returning,monthly,success,none,1,0.7,355,1,377,0
TX009251,C00065,563.91,NETBANKING,returning,one_time,success,none,0,0.68,50,1,1063,0
TX009252,C01300,611.82,NETBANKING,returning,one_time,success,none,0,0.67,221,1,238,0
TX009253,C00825,8475.53,CARD,new,one_time,success,none,2,0.69,293,1,1139,0
TX009254,C02287,1373.57,NETBANKING,returning,monthly,failed,expired_card,3,0.8,47,1,85,1
TX009255,C02350,150.84,CARD,new,one_time,success,none,2,0.68,164,1,1162,0
TX009256,C01416,651.83,UPI,returning,monthly,failed,bank_timeout,1,0.75,242,1,203,1
TX009257,C00969,1208.17,UPI,new,one_time,success,none,1,0.78,198,1,1253,0
TX009258,C00369,6942.38,UPI,returning,one_time,success,none,2,0.84,246,1,361,0
TX009259,C00233,3067.75,CARD,returning,one_time,failed,network_error,0,0.75,212,1,178,1
TX009260,C02243,436.28,NETBANKING,returning,monthly,success,none,2,0.95,238,1,1367,0
TX009261,C00907,12312.32,CARD,returning,one_time,failed,insufficient_funds,2,0.67,283,0,38,0
TX009262,C00921,1062.99,NETBANKING,new,monthly,failed,bank_timeout,0,0.76,166,1,382,1
TX009263,C00689,3813.6,UPI,new,monthly,success,none,3,0.73,60,1,1439,0
TX009264,C00177,345.5,CARD,new,yearly,success,none,3,0.9,71,1,842,0
TX009265,C02265,100.0,CARD,returning,yearly,failed,expired_card,3,0.74,343,1,975,1
TX009266,C01035,268.16,CARD,returning,monthly,success,none,2,0.8,169,1,380,0
TX009267,C01470,100.0,CARD,returning,monthly,success,none,2,0.88,80,1,211,0
TX009268,C00630,9064.21,UPI,returning,one_time,failed,bank_timeout,0,0.82,321,1,682,1
TX009269,C00164,1359.04,UPI,new,monthly,failed,insufficient_funds,3,0.75,172,1,108,0
TX009270,C02101,435.0,WALLET,returning,one_time,failed,card_declined,0,0.86,19,1,295,1
TX009271,C02266,1724.38,UPI,returning,one_time,success,none,1,0.65,159,1,114,0
TX009272,C00824,1325.22,UPI,returning,monthly,failed,expired_card,1,0.89,78,1,73,1
TX009273,C02433,2040.47,UPI,returning,one_time,failed,card_declined,2,0.94,100,1,722,1
TX009274,C00056,3675.82,UPI,returning,one_time,success,none,1,0.92,157,1,638,0
TX009275,C00118,820.64,CARD,returning,one_time,success,none,0,0.93,363,0,318,0
TX009276,C02948,454.94,CARD,returning,yearly,success,none,0,0.81,30,1,1197,0
TX009277,C00798,2509.34,NETBANKING,returning,one_time,failed,bank_timeout,1,0.67,34,1,324,1
TX009278,C00780,2446.3,UPI,returning,one_time,failed,network_error,0,0.61,184,1,955,1
TX009279,C02851,1212.86,CARD,returning,yearly,success,none,0,0.97,311,1,1138,0
TX009280,C02893,9677.45,NETBANKING,returning,one_time,success,none,2,0.52,354,1,814,0
TX009281,C01439,707.81,WALLET,new,yearly,failed,expired_card,0,0.96,327,1,307,1
TX009282,C01894,445.92,WALLET,returning,yearly,success,none,2,0.9,361,0,359,0
TX009283,C02903,1665.85,CARD,returning,one_time,success,none,0,0.9,234,1,96,0
TX009284,C00708,558.39,UPI,returning,monthly,success,none,2,0.73,96,1,165,0
TX009285,C01104,1799.95,UPI,returning,yearly,success,none,1,0.69,194,1,1385,0
TX009286,C00022,476.75,NETBANKING,returning,monthly,success,none,2,0.95,103,0,241,0
TX009287,C01501,734.92,NETBANKING,new,one_time,success,none,0,0.81,121,1,1244,0
TX009288,C00843,7265.12,CARD,returning,yearly,success,none,3,0.8,185,1,928,0
TX009289,C01761,731.0,UPI,returning,one_time,success,none,3,0.72,166,1,1442,0
TX009290,C01117,493.32,CARD,returning,one_time,failed,bank_timeout,2,0.82,346,1,982,1
TX009291,C00192,3535.74,UPI,new,yearly,failed,expired_card,2,0.84,16,1,547,1
TX009292,C01019,383.35,UPI,returning,one_time,success,none,2,0.94,40,1,695,0
TX009293,C01127,548.43,UPI,returning,monthly,failed,insufficient_funds,1,0.66,194,1,1229,1
TX009294,C00396,1951.91,NETBANKING,returning,one_time,success,none,0,0.82,101,1,1212,0
TX009295,C02688,2802.9,UPI,returning,monthly,success,none,2,0.89,39,1,1143,0
TX009296,C01019,3716.27,CARD,new,one_time,success,none,3,0.84,264,1,1236,0
TX009297,C00567,519.45,UPI,returning,one_time,failed,bank_timeout,1,0.95,312,1,710,1
TX009298,C00231,1990.24,CARD,returning,one_time,success,none,3,0.74,128,1,404,0
TX009299,C00874,688.07,CARD,returning,one_time,success,none,2,0.78,75,1,408,0
TX009300,C02622,598.45,NETBANKING,returning,one_time,success,none,2,0.89,200,1,177,0
TX009301,C00240,3652.67,UPI,new,one_time,failed,network_error,0,0.75,282,0,1430,0
TX009302,C00090,632.98,UPI,returning,yearly,success,none,1,0.95,339,1,627,0
TX009303,C02280,1448.39,CARD,new,monthly,success,none,2,0.84,220,1,600,0
TX009304,C00457,1281.23,UPI,returning,monthly,failed,expired_card,0,0.88,260,1,663,1
TX009305,C02281,375.87,UPI,new,monthly,failed,network_error,2,0.66,203,1,208,0
TX009306,C00354,2881.58,UPI,returning,yearly,success,none,3,0.74,354,1,887,0
TX009307,C01005,1920.38,CARD,returning,monthly,success,none,0,0.67,203,1,1497,0
TX009308,C01357,150.46,UPI,returning,monthly,success,none,1,0.85,135,1,1133,0
TX009309,C00439,1447.25,UPI,returning,one_time,failed,network_error,3,0.96,64,1,99,1
TX009310,C01399,506.25,NETBANKING,new,monthly,success,none,3,0.74,357,1,183,0
TX009311,C00345,3284.85,UPI,returning,one_time,success,none,1,0.91,211,1,920,0
TX009312,C02712,258.42,UPI,returning,monthly,success,none,1,0.85,118,0,546,0
TX009313,C00657,767.8,UPI,new,one_time,failed,insufficient_funds,3,0.89,363,1,1418,1
TX009314,C02178,1575.02,CARD,returning,monthly,failed,card_declined,2,0.85,32,1,995,1
TX009315,C02189,1157.87,UPI,returning,one_time,success,none,1,0.93,237,1,610,0
TX009316,C02463,2351.85,NETBANKING,new,one_time,success,none,1,0.82,291,0,485,0
TX009317,C01117,240.23,CARD,new,monthly,failed,bank_timeout,0,0.97,283,1,752,1
TX009318,C00626,5721.09,UPI,new,one_time,failed,card_declined,1,0.94,216,1,172,1
TX009319,C00284,1854.08,NETBANKING,returning,one_time,failed,card_declined,0,0.58,49,1,679,1
TX009320,C01980,4271.49,UPI,new,one_time,failed,insufficient_funds,1,0.63,58,1,298,0
TX009321,C01679,2628.69,UPI,returning,monthly,failed,network_error,2,0.92,230,1,106,1
TX009322,C00223,1083.97,CARD,new,monthly,success,none,2,0.8,190,1,1070,0
TX009323,C00744,303.63,CARD,returning,one_time,success,none,1,0.83,234,1,161,0
TX009324,C00463,624.19,UPI,new,monthly,success,none,0,0.9,327,1,1477,0
TX009325,C01569,5375.27,UPI,returning,monthly,success,none,2,0.72,270,1,497,0
TX009326,C01706,4382.78,UPI,returning,monthly,success,none,2,0.88,274,0,528,0
TX009327,C01164,590.16,UPI,returning,one_time,success,none,3,0.78,356,1,444,0
TX009328,C02405,100.0,CARD,returning,one_time,success,none,3,0.76,273,1,1495,0
TX009329,C01737,886.53,CARD,returning,one_time,failed,network_error,2,0.83,78,0,1089,1
TX009330,C01047,822.46,UPI,new,monthly,success,none,3,0.84,166,1,42,0
TX009331,C02907,854.25,UPI,new,monthly,success,none,0,0.9,51,1,582,0
TX009332,C00665,1860.39,UPI,new,monthly,success,none,1,0.66,256,1,220,0
TX009333,C01357,2633.88,UPI,new,one_time,success,none,2,0.86,269,1,5,0
TX009334,C01015,2952.18,UPI,new,one_time,failed,bank_timeout,2,0.63,264,1,425,1
TX009335,C02133,1712.5,UPI,returning,one_time,failed,insufficient_funds,3,0.68,263,1,1033,1
TX009336,C02669,181.13,UPI,new,one_time,success,none,2,0.63,60,0,48,0
TX009337,C01055,779.62,UPI,returning,one_time,success,none,2,0.81,296,1,1475,0
TX009338,C01765,10982.84,CARD,returning,one_time,failed,expired_card,2,0.83,238,0,633,1
TX009339,C02288,1594.34,UPI,returning,monthly,success,none,2,0.78,2,1,1493,0
TX009340,C01914,1584.18,NETBANKING,new,one_time,success,none,1,0.81,277,1,1193,0
TX009341,C00363,1571.03,NETBANKING,returning,monthly,success,none,3,0.77,256,1,446,0
TX009342,C02870,1661.34,WALLET,returning,monthly,failed,network_error,3,0.7,139,1,768,0
TX009343,C01413,101.18,NETBANKING,returning,monthly,failed,bank_timeout,2,0.76,96,1,1220,1
TX009344,C00668,863.05,CARD,returning,yearly,success,none,2,0.91,160,1,865,0
TX009345,C01881,1055.86,CARD,returning,one_time,failed,expired_card,2,0.77,175,1,569,0
TX009346,C01395,3950.1,UPI,new,one_time,success,none,1,0.98,55,0,232,0
TX009347,C00099,1150.18,CARD,new,monthly,failed,card_declined,0,0.61,99,0,1197,0
TX009348,C02095,211.34,CARD,new,one_time,success,none,0,0.65,244,1,377,0
TX009349,C02887,1685.96,UPI,returning,yearly,success,none,2,0.68,311,1,1048,0
TX009350,C00422,490.87,CARD,new,one_time,success,none,1,0.39,164,1,313,0
TX009351,C01504,324.8,UPI,new,one_time,failed,insufficient_funds,1,0.86,11,1,746,1
TX009352,C00062,476.2,UPI,returning,monthly,success,none,3,0.66,286,1,1239,0
TX009353,C01133,1886.55,UPI,new,one_time,success,none,0,0.89,8,1,1233,0
TX009354,C01703,3861.31,CARD,returning,one_time,success,none,0,0.66,7,1,939,0
TX009355,C00598,1777.44,NETBANKING,returning,yearly,success,none,1,0.86,203,1,107,0
TX009356,C00392,2063.22,NETBANKING,new,one_time,success,none,2,0.8,211,1,64,0
TX009357,C01076,1759.96,CARD,new,monthly,success,none,3,0.91,166,1,612,0
TX009358,C02651,1213.58,UPI,returning,one_time,success,none,1,0.66,8,1,354,0
TX009359,C01313,2201.58,NETBANKING,returning,one_time,success,none,3,0.55,5,1,98,0
TX009360,C02030,100.0,UPI,returning,one_time,success,none,0,0.78,77,1,924,0
TX009361,C02385,1225.48,NETBANKING,new,one_time,success,none,1,0.84,18,1,578,0
TX009362,C00810,385.71,UPI,returning,one_time,success,none,3,0.35,325,1,1359,0
TX009363,C01406,3508.36,UPI,returning,yearly,success,none,2,0.79,44,1,1366,0
TX009364,C02800,946.57,CARD,returning,monthly,success,none,3,0.85,45,1,671,0
TX009365,C01160,1131.1,CARD,new,monthly,success,none,3,0.91,101,1,398,0
TX009366,C01532,243.45,UPI,new,one_time,success,none,2,0.66,55,1,564,0
TX009367,C01386,3031.55,CARD,returning,one_time,failed,expired_card,0,0.87,176,1,223,1
TX009368,C00881,2053.56,UPI,returning,monthly,success,none,1,0.73,167,1,649,0
TX009369,C01600,1913.99,UPI,new,monthly,failed,network_error,1,0.87,221,1,571,1
TX009370,C02683,486.37,CARD,returning,one_time,success,none,2,0.69,350,1,950,0
TX009371,C00254,505.91,UPI,returning,one_time,success,none,1,0.69,62,0,1312,0
TX009372,C02068,1371.42,CARD,returning,one_time,success,none,2,0.91,153,1,340,0
TX009373,C02576,547.58,UPI,returning,one_time,success,none,2,0.92,340,0,1446,0
TX009374,C01169,1694.08,UPI,returning,monthly,success,none,1,0.64,62,1,934,0
TX009375,C01232,126.35,UPI,returning,one_time,success,none,3,0.92,247,1,133,0
TX009376,C02424,673.48,UPI,returning,one_time,success,none,0,0.75,302,1,776,0
TX009377,C00166,6612.74,UPI,returning,monthly,failed,bank_timeout,1,0.98,345,1,855,1
TX009378,C01574,1701.87,CARD,returning,one_time,success,none,1,0.94,107,1,274,0
TX009379,C02909,1295.68,WALLET,returning,monthly,success,none,0,0.7,225,1,838,0
TX009380,C00617,7984.25,NETBANKING,returning,yearly,success,none,1,0.89,265,1,1226,0
TX009381,C02660,106.06,CARD,new,one_time,success,none,2,0.78,198,1,843,0
TX009382,C01626,485.26,UPI,new,monthly,success,none,3,0.89,185,1,756,0
TX009383,C00503,734.23,UPI,returning,one_time,success,none,1,0.93,269,1,506,0
TX009384,C00913,2587.25,UPI,returning,one_time,success,none,2,0.92,16,1,322,0
TX009385,C02127,2632.41,UPI,returning,monthly,failed,bank_timeout,0,0.58,320,1,1265,1
TX009386,C00585,461.27,NETBANKING,returning,monthly,failed,insufficient_funds,1,0.71,318,1,1153,1
TX009387,C01959,2974.87,UPI,new,monthly,success,none,1,0.63,267,1,510,0
TX009388,C02736,732.66,UPI,returning,monthly,success,none,0,0.94,13,0,1058,0
TX009389,C00396,3683.58,UPI,returning,one_time,failed,card_declined,0,0.83,119,1,418,1
TX009390,C01632,390.47,UPI,returning,monthly,success,none,3,0.68,305,1,684,0
TX009391,C01881,969.41,UPI,new,monthly,success,none,2,0.79,160,1,169,0
TX009392,C00402,671.71,CARD,new,one_time,success,none,0,0.75,188,1,680,0
TX009393,C00975,3152.75,UPI,new,yearly,success,none,2,0.8,20,1,642,0
TX009394,C00224,650.16,CARD,returning,one_time,success,none,0,0.96,285,1,1091,0
TX009395,C00518,1051.06,UPI,returning,monthly,failed,network_error,2,0.82,153,1,799,1
TX009396,C02682,1820.4,CARD,returning,monthly,success,none,0,0.9,118,1,287,0
TX009397,C00236,1891.75,CARD,returning,monthly,success,none,2,0.76,242,1,1493,0
TX009398,C00116,2662.32,CARD,returning,one_time,success,none,2,0.66,156,1,1243,0
TX009399,C00226,1354.41,UPI,returning,one_time,success,none,1,0.92,151,1,1430,0
TX009400,C02278,721.8,UPI,new,one_time,success,none,2,0.96,172,1,18,0
TX009401,C00182,773.02,NETBANKING,new,monthly,failed,card_declined,1,0.89,350,1,624,1
TX009402,C01342,1125.15,UPI,new,one_time,failed,insufficient_funds,1,0.95,347,1,1263,1
TX009403,C00210,1407.53,UPI,returning,monthly,success,none,0,0.66,216,1,1478,0
TX009404,C01416,946.55,UPI,returning,one_time,failed,insufficient_funds,1,0.84,285,1,1232,1
TX009405,C02144,1117.9,CARD,new,one_time,success,none,2,0.88,80,1,60,0
TX009406,C00894,240.51,UPI,returning,one_time,success,none,3,0.82,196,1,488,0
TX009407,C01882,2137.42,CARD,returning,monthly,success,none,3,0.88,243,1,505,0
TX009408,C02804,1314.37,CARD,returning,monthly,success,none,0,0.64,343,1,1440,0
TX009409,C01110,2986.54,UPI,returning,one_time,failed,card_declined,2,0.8,356,1,612,1
TX009410,C02463,1096.81,UPI,new,one_time,success,none,1,0.92,239,1,504,0
TX009411,C02027,192.79,UPI,new,yearly,success,none,1,0.82,20,1,641,0
TX009412,C00394,766.28,UPI,returning,one_time,success,none,3,0.96,215,1,1185,0
TX009413,C02744,897.91,UPI,returning,monthly,failed,expired_card,1,0.89,252,1,851,1
TX009414,C00844,2305.16,UPI,returning,monthly,failed,expired_card,1,0.94,265,1,907,1
TX009415,C01525,138.34,CARD,new,one_time,success,none,2,0.77,12,1,1487,0
TX009416,C00604,1142.73,CARD,returning,monthly,success,none,3,0.67,289,1,859,0
TX009417,C00582,1832.94,UPI,returning,yearly,failed,insufficient_funds,2,0.57,259,1,1276,1
TX009418,C02043,565.95,CARD,new,yearly,success,none,0,0.8,209,1,670,0
TX009419,C01940,1181.6,CARD,new,monthly,success,none,0,0.66,322,1,1315,0
TX009420,C00133,585.79,UPI,returning,monthly,success,none,2,0.36,96,1,756,0
TX009421,C02839,528.7,UPI,new,one_time,success,none,2,0.74,175,1,1180,0
TX009422,C02697,728.93,NETBANKING,new,one_time,success,none,3,0.88,3,1,1335,0
TX009423,C02269,538.78,CARD,new,one_time,failed,expired_card,3,0.82,197,1,1498,0
TX009424,C00976,2172.47,CARD,returning,yearly,success,none,1,0.78,87,1,678,0
TX009425,C01814,525.87,UPI,returning,one_time,success,none,1,0.7,175,1,1245,0
TX009426,C01544,444.56,CARD,new,one_time,success,none,0,0.93,119,0,1028,0
TX009427,C02836,6424.85,CARD,returning,one_time,success,none,0,0.87,57,1,302,0
TX009428,C02739,2866.19,UPI,returning,one_time,failed,expired_card,0,0.73,137,0,1000,1
TX009429,C01358,170.46,NETBANKING,new,one_time,success,none,3,0.76,54,0,541,0
TX009430,C00039,510.42,UPI,returning,one_time,success,none,3,0.83,213,1,475,0
TX009431,C01317,1397.53,UPI,returning,monthly,success,none,2,0.85,206,1,1280,0
TX009432,C02738,1515.89,UPI,returning,monthly,failed,bank_timeout,0,0.86,103,1,338,1
TX009433,C00162,247.03,CARD,returning,monthly,failed,card_declined,3,0.85,21,1,1356,1
TX009434,C01910,3493.17,CARD,returning,one_time,success,none,2,0.6,348,1,209,0
TX009435,C01128,2502.95,CARD,new,monthly,failed,bank_timeout,2,0.89,291,1,1085,1
TX009436,C02209,1775.61,NETBANKING,returning,monthly,success,none,3,0.75,167,1,72,0
TX009437,C01659,4258.74,UPI,returning,one_time,success,none,0,0.94,168,1,840,0
TX009438,C01964,1723.81,CARD,returning,one_time,success,none,2,0.94,175,0,712,0
TX009439,C01058,1717.42,CARD,returning,monthly,failed,bank_timeout,2,0.83,279,0,414,1
TX009440,C02290,5206.58,WALLET,new,monthly,failed,insufficient_funds,0,0.9,356,1,244,1
TX009441,C00967,3298.49,UPI,new,one_time,success,none,0,0.81,164,1,1410,0
TX009442,C00890,472.71,WALLET,returning,one_time,failed,insufficient_funds,0,0.76,331,0,973,1
TX009443,C02161,2065.64,UPI,returning,monthly,success,none,0,0.87,257,1,436,0
TX009444,C02366,564.38,CARD,new,monthly,success,none,1,0.88,269,0,484,0
TX009445,C02071,1815.57,CARD,returning,yearly,success,none,3,0.79,100,1,1062,0
TX009446,C02872,1766.25,NETBANKING,returning,monthly,failed,insufficient_funds,3,0.82,23,0,838,1
TX009447,C02749,274.93,UPI,returning,one_time,success,none,1,0.82,76,1,196,0
TX009448,C01667,970.83,UPI,new,monthly,failed,bank_timeout,1,0.86,243,1,930,1
TX009449,C01442,1429.75,UPI,returning,one_time,failed,network_error,3,0.92,6,1,1146,1
TX009450,C01068,708.9,CARD,returning,one_time,success,none,0,0.79,142,0,543,0
TX009451,C00128,1502.24,CARD,returning,one_time,success,none,1,0.87,86,1,381,0
TX009452,C02924,2455.04,NETBANKING,returning,one_time,success,none,0,0.87,60,1,771,0
TX009453,C00158,1063.59,UPI,returning,monthly,failed,bank_timeout,1,0.74,54,1,1283,1
TX009454,C00827,1372.79,UPI,returning,monthly,success,none,2,0.65,37,1,820,0
TX009455,C01891,4373.96,UPI,new,one_time,success,none,0,0.95,70,1,1,0
TX009456,C02900,1760.22,UPI,new,monthly,success,none,1,0.85,180,0,751,0
TX009457,C00512,1340.54,CARD,returning,monthly,success,none,1,0.74,168,1,430,0
TX009458,C02093,420.7,NETBANKING,returning,yearly,success,none,0,0.72,295,1,1279,0
TX009459,C02267,2145.28,WALLET,new,yearly,failed,bank_timeout,2,0.87,34,1,384,1
TX009460,C00443,1525.61,UPI,new,one_time,success,none,3,0.87,85,1,646,0
TX009461,C02363,3958.97,UPI,returning,yearly,success,none,1,0.83,285,0,342,0
TX009462,C02225,1149.27,UPI,new,one_time,success,none,0,0.86,162,0,203,0
TX009463,C02276,178.35,CARD,new,one_time,failed,bank_timeout,1,0.94,218,0,1208,1
TX009464,C01727,200.31,WALLET,returning,one_time,success,none,3,0.94,41,0,794,0
TX009465,C02007,2288.57,UPI,returning,one_time,failed,expired_card,2,0.78,27,1,445,1
TX009466,C01696,620.05,UPI,returning,monthly,success,none,0,0.9,230,1,471,0
TX009467,C00267,1697.26,CARD,returning,monthly,success,none,3,0.66,205,1,326,0
TX009468,C02918,1229.34,CARD,new,monthly,failed,expired_card,1,0.7,61,1,1318,0
TX009469,C00838,928.12,UPI,returning,yearly,success,none,3,0.75,88,1,1119,0
TX009470,C00489,995.89,NETBANKING,returning,one_time,failed,insufficient_funds,3,0.92,18,1,22,1
TX009471,C00702,461.56,UPI,returning,one_time,success,none,3,0.83,76,1,131,0
TX009472,C00687,1079.47,NETBANKING,returning,monthly,success,none,1,0.9,65,1,26,0
TX009473,C00996,611.25,UPI,new,yearly,success,none,0,0.87,102,1,322,0
TX009474,C00357,755.77,UPI,new,yearly,success,none,3,0.77,78,1,1046,0
TX009475,C00872,793.42,UPI,returning,one_time,success,none,2,0.87,182,1,825,0
TX009476,C01974,874.2,UPI,new,monthly,success,none,1,0.82,201,1,540,0
TX009477,C02252,2757.76,UPI,new,monthly,success,none,2,0.93,235,1,1222,0
TX009478,C00552,963.15,CARD,returning,one_time,success,none,0,0.9,272,1,637,0
TX009479,C01811,3052.46,UPI,new,monthly,success,none,1,0.75,315,0,480,0
TX009480,C00323,5104.38,CARD,returning,one_time,failed,bank_timeout,3,0.84,166,1,1045,1
TX009481,C02642,2578.45,UPI,returning,one_time,success,none,1,0.87,332,0,1305,0
TX009482,C02229,1871.45,UPI,returning,yearly,success,none,2,0.77,134,1,213,0
TX009483,C02547,1520.56,WALLET,returning,monthly,failed,bank_timeout,3,0.83,139,0,979,1
TX009484,C00083,2605.44,NETBANKING,returning,monthly,success,none,2,0.78,85,1,1098,0
TX009485,C02351,1199.14,UPI,new,monthly,success,none,2,0.91,19,1,1013,0
TX009486,C00262,2935.31,UPI,new,one_time,failed,insufficient_funds,0,0.89,163,1,814,1
TX009487,C00784,2026.58,CARD,new,one_time,success,none,2,0.88,6,1,89,0
TX009488,C01224,765.22,UPI,returning,one_time,failed,card_declined,1,0.92,86,1,762,1
TX009489,C00914,2686.11,CARD,returning,monthly,failed,network_error,0,0.84,320,1,528,1
TX009490,C02740,1201.68,UPI,returning,yearly,success,none,0,0.57,88,1,749,0
TX009491,C00944,986.21,UPI,returning,monthly,success,none,3,0.75,122,1,575,0
TX009492,C02731,681.16,UPI,returning,yearly,success,none,0,0.76,215,1,1191,0
TX009493,C01319,1294.68,CARD,new,monthly,success,none,1,0.94,284,1,1308,0
TX009494,C01536,2970.43,UPI,returning,monthly,success,none,2,0.91,211,1,244,0
TX009495,C00689,2667.61,UPI,returning,monthly,success,none,0,0.97,301,1,1081,0
TX009496,C02444,1561.49,CARD,returning,monthly,failed,network_error,0,0.69,213,1,898,1
TX009497,C01773,1997.48,CARD,new,one_time,success,none,1,0.83,25,1,1101,0
TX009498,C00839,3911.58,UPI,returning,one_time,success,none,1,0.88,261,1,702,0
TX009499,C00878,943.91,NETBANKING,returning,one_time,failed,card_declined,3,0.83,40,1,609,1
TX009500,C02871,359.45,CARD,new,yearly,failed,insufficient_funds,3,0.97,190,1,898,0
TX009501,C00049,4028.42,UPI,returning,yearly,success,none,3,0.7,179,1,1482,0
TX009502,C02837,645.63,UPI,new,one_time,failed,card_declined,2,0.87,343,1,110,0
TX009503,C00293,549.86,CARD,new,yearly,success,none,2,0.72,259,0,1225,0
TX009504,C01652,181.96,UPI,returning,monthly,success,none,3,0.92,104,0,792,0
TX009505,C00536,1941.63,UPI,new,monthly,success,none,2,0.44,204,1,203,0
TX009506,C00311,216.71,CARD,returning,monthly,success,none,1,0.62,164,0,1162,0
TX009507,C00537,517.88,UPI,returning,monthly,success,none,0,0.85,19,1,24,0
TX009508,C01927,1974.83,CARD,returning,monthly,success,none,0,0.6,93,1,1423,0
TX009509,C02687,2257.29,UPI,returning,one_time,success,none,1,0.73,78,1,1367,0
TX009510,C00234,571.52,UPI,new,one_time,success,none,2,0.85,345,1,133,0
TX009511,C01233,958.96,UPI,returning,monthly,success,none,3,0.78,357,1,1320,0
TX009512,C02653,458.25,UPI,returning,one_time,failed,network_error,0,0.76,135,1,938,1
TX009513,C02142,633.72,CARD,returning,monthly,success,none,3,0.52,197,0,433,0
TX009514,C02375,1431.12,CARD,returning,monthly,success,none,0,0.91,149,0,1141,0
TX009515,C02273,664.05,UPI,returning,monthly,failed,card_declined,1,0.84,216,1,783,1
TX009516,C00967,859.01,WALLET,returning,monthly,failed,bank_timeout,2,0.85,48,1,65,1
TX009517,C00890,253.48,UPI,returning,yearly,success,none,0,0.57,314,1,1450,0
TX009518,C02059,3404.85,UPI,returning,one_time,success,none,2,0.68,132,1,258,0
TX009519,C00035,1826.34,UPI,returning,monthly,failed,expired_card,1,0.72,239,1,1432,1
TX009520,C00447,2423.35,UPI,new,monthly,success,none,1,0.93,331,1,268,0
TX009521,C01764,3985.53,CARD,returning,one_time,success,none,2,0.91,268,1,164,0
TX009522,C02489,480.48,UPI,returning,one_time,success,none,0,0.9,344,1,523,0
TX009523,C02701,766.32,UPI,returning,monthly,success,none,0,0.7,167,0,1324,0
TX009524,C01559,164.87,UPI,new,monthly,failed,bank_timeout,0,0.91,171,0,489,1
TX009525,C00595,25347.18,CARD,returning,one_time,failed,network_error,3,0.88,2,1,1038,1
TX009526,C02026,944.27,NETBANKING,returning,one_time,success,none,3,0.77,22,1,1309,0
TX009527,C02277,3098.67,CARD,new,monthly,failed,expired_card,2,0.94,279,1,612,1
TX009528,C00344,317.93,UPI,returning,one_time,success,none,2,0.85,169,1,706,0
TX009529,C01104,2970.21,CARD,returning,monthly,success,none,0,0.84,61,1,575,0
TX009530,C01420,7027.53,UPI,returning,monthly,success,none,1,0.62,221,1,160,0
TX009531,C01314,1032.48,UPI,new,monthly,success,none,3,0.85,152,1,500,0
TX009532,C01479,399.06,NETBANKING,returning,one_time,success,none,1,0.97,151,1,950,0
TX009533,C01152,954.52,UPI,new,monthly,failed,expired_card,0,0.98,164,1,298,1
TX009534,C02957,118.3,UPI,returning,monthly,success,none,2,0.86,305,1,1240,0
TX009535,C01922,1055.86,UPI,new,yearly,failed,card_declined,0,0.79,301,1,598,1
TX009536,C01383,2492.31,UPI,returning,monthly,success,none,1,0.92,1,0,249,0
TX009537,C02575,1058.11,UPI,new,monthly,success,none,1,0.72,3,1,444,0
TX009538,C02123,825.39,UPI,returning,one_time,failed,bank_timeout,3,0.49,306,1,612,1
TX009539,C01570,1858.58,UPI,returning,monthly,success,none,3,0.78,177,1,1151,0
TX009540,C01895,2006.25,NETBANKING,returning,one_time,success,none,3,0.61,147,1,526,0
TX009541,C02244,208.53,CARD,new,monthly,success,none,3,0.84,324,1,1363,0
TX009542,C01867,1198.5,NETBANKING,new,one_time,success,none,1,0.86,86,1,641,0
TX009543,C00029,12531.3,CARD,returning,one_time,success,none,3,0.74,357,1,930,0
TX009544,C00706,288.58,CARD,new,one_time,success,none,0,0.7,184,1,129,0
TX009545,C01021,1006.85,UPI,new,one_time,success,none,0,0.68,350,0,1128,0
TX009546,C02064,7644.53,UPI,returning,one_time,success,none,1,0.66,186,1,389,0
TX009547,C01447,3308.25,CARD,returning,one_time,success,none,1,0.67,270,1,1294,0
TX009548,C02853,656.29,UPI,new,one_time,failed,card_declined,1,0.89,85,1,1499,1
TX009549,C02988,1347.67,UPI,returning,one_time,success,none,1,0.74,1,1,2,0
TX009550,C01660,1094.32,UPI,returning,monthly,failed,network_error,2,0.59,339,0,1046,0
TX009551,C00967,519.01,CARD,new,monthly,failed,expired_card,0,0.9,222,1,317,1
TX009552,C02277,1018.16,WALLET,returning,one_time,success,none,2,0.97,135,1,286,0
TX009553,C02763,828.85,UPI,new,monthly,success,none,1,0.88,195,1,1419,0
TX009554,C00573,1227.52,UPI,new,monthly,success,none,1,0.88,72,1,1167,0
TX009555,C01607,518.85,NETBANKING,new,one_time,failed,card_declined,3,0.99,60,1,293,0
TX009556,C00615,305.94,UPI,new,one_time,success,none,2,0.99,179,1,501,0
TX009557,C00326,1052.28,UPI,returning,one_time,success,none,2,0.78,12,1,615,0
TX009558,C02923,6094.36,UPI,new,yearly,success,none,2,0.94,228,1,1316,0
TX009559,C00359,1190.59,NETBANKING,returning,monthly,failed,expired_card,3,0.94,208,0,370,0
TX009560,C01811,787.14,UPI,returning,one_time,success,none,1,0.89,260,1,1076,0
TX009561,C02372,2331.08,UPI,returning,monthly,success,none,0,0.81,193,0,1089,0
TX009562,C01722,936.06,UPI,returning,monthly,failed,bank_timeout,0,0.94,97,1,1104,1
TX009563,C01350,7101.3,NETBANKING,returning,one_time,failed,network_error,2,0.44,133,1,1340,0
TX009564,C00165,1092.35,NETBANKING,new,monthly,success,none,3,0.66,28,1,385,0
TX009565,C01597,2209.45,UPI,returning,one_time,failed,bank_timeout,3,0.78,246,1,1107,1
TX009566,C01628,515.63,NETBANKING,returning,monthly,failed,card_declined,2,0.95,103,1,254,1
TX009567,C02846,1813.64,UPI,returning,monthly,failed,card_declined,2,0.9,102,1,1392,1
TX009568,C02503,1443.89,UPI,returning,monthly,failed,insufficient_funds,1,0.78,11,0,1161,1
TX009569,C01177,1036.38,NETBANKING,returning,monthly,failed,bank_timeout,2,0.65,107,1,995,1
TX009570,C01151,663.97,UPI,new,monthly,success,none,1,0.96,14,0,403,0
TX009571,C00193,579.39,UPI,returning,one_time,success,none,3,0.86,87,1,802,0
TX009572,C02675,1454.41,UPI,new,one_time,success,none,0,0.66,157,1,885,0
TX009573,C02578,2056.87,CARD,returning,yearly,success,none,1,0.75,186,1,137,0
TX009574,C00092,965.68,NETBANKING,returning,monthly,failed,network_error,2,0.93,69,0,1314,1
TX009575,C00139,1461.57,NETBANKING,returning,monthly,success,none,1,0.89,255,1,653,0
TX009576,C00481,1055.83,CARD,new,monthly,failed,expired_card,3,0.69,351,1,955,0
TX009577,C02497,1210.18,NETBANKING,returning,monthly,failed,insufficient_funds,3,0.9,23,1,1358,0
TX009578,C01357,897.45,UPI,returning,monthly,success,none,1,0.93,128,1,1338,0
TX009579,C02917,1116.52,CARD,returning,one_time,success,none,1,0.91,65,1,1216,0
TX009580,C00340,16285.66,CARD,new,monthly,success,none,1,0.77,111,1,271,0
TX009581,C01076,1497.62,UPI,returning,monthly,success,none,1,0.69,252,1,337,0
TX009582,C02514,2090.79,UPI,returning,yearly,success,none,3,0.74,334,1,149,0
TX009583,C02766,1699.39,UPI,returning,monthly,success,none,3,0.89,3,1,439,0
TX009584,C00799,843.18,CARD,returning,one_time,success,none,1,0.86,176,1,1219,0
TX009585,C00475,3999.76,UPI,returning,monthly,success,none,0,0.93,321,1,449,0
TX009586,C02449,819.62,UPI,new,monthly,success,none,3,0.75,24,1,93,0
TX009587,C01463,3149.67,UPI,returning,yearly,success,none,3,0.77,123,1,302,0
TX009588,C00605,785.09,UPI,returning,monthly,success,none,0,0.58,213,0,775,0
TX009589,C02980,419.9,CARD,new,yearly,success,none,0,0.71,60,1,488,0
TX009590,C02970,1580.34,UPI,new,one_time,success,none,2,0.4,142,1,849,0
TX009591,C00821,363.34,UPI,returning,monthly,success,none,0,0.67,73,1,217,0
TX009592,C02705,1873.64,CARD,new,one_time,failed,network_error,2,0.95,254,0,374,0
TX009593,C00598,332.23,NETBANKING,new,monthly,failed,bank_timeout,0,0.8,8,1,1385,1
TX009594,C01533,797.11,UPI,new,monthly,success,none,1,0.97,188,1,1071,0
TX009595,C00514,261.98,UPI,new,one_time,success,none,1,0.67,26,1,811,0
TX009596,C01527,18474.88,NETBANKING,returning,monthly,success,none,0,0.57,308,1,731,0
TX009597,C01878,209.78,UPI,returning,one_time,failed,expired_card,0,0.75,363,1,1227,1
TX009598,C01700,1107.45,NETBANKING,new,one_time,success,none,2,0.99,192,1,99,0
TX009599,C01030,3440.27,UPI,new,one_time,success,none,2,0.73,310,1,587,0
TX009600,C00500,3091.42,UPI,returning,monthly,success,none,2,0.84,293,1,116,0
TX009601,C01685,2569.18,UPI,returning,one_time,failed,network_error,3,0.94,68,1,1272,1
TX009602,C00717,798.53,UPI,returning,one_time,success,none,1,0.63,288,1,274,0
TX009603,C01142,4234.79,NETBANKING,new,one_time,failed,insufficient_funds,0,0.95,246,1,724,1
TX009604,C01509,2733.64,WALLET,returning,one_time,success,none,2,0.9,11,1,943,0
TX009605,C02649,1356.01,WALLET,returning,one_time,success,none,0,0.8,8,1,336,0
TX009606,C00666,1394.9,NETBANKING,returning,monthly,success,none,0,0.91,251,1,495,0
TX009607,C02516,809.23,NETBANKING,new,monthly,failed,expired_card,3,0.84,197,1,809,0
TX009608,C02209,441.58,CARD,new,yearly,success,none,0,0.95,203,1,616,0
TX009609,C02318,3778.76,NETBANKING,returning,one_time,success,none,3,0.78,286,0,450,0
TX009610,C01080,4073.3,UPI,new,yearly,failed,bank_timeout,3,0.86,205,1,378,0
TX009611,C00228,453.0,UPI,new,one_time,success,none,3,0.87,214,1,857,0
TX009612,C02897,940.31,CARD,returning,one_time,success,none,1,0.9,28,1,1154,0
TX009613,C00149,950.11,NETBANKING,returning,one_time,success,none,3,0.94,94,1,583,0
TX009614,C01070,1061.4,CARD,returning,one_time,success,none,1,0.82,72,1,846,0
TX009615,C01168,1169.46,NETBANKING,returning,monthly,success,none,3,0.79,77,1,1234,0
TX009616,C00632,2826.69,UPI,returning,monthly,failed,expired_card,3,0.97,321,1,225,1
TX009617,C01364,519.46,CARD,returning,yearly,failed,bank_timeout,3,0.61,83,1,925,1
TX009618,C00413,470.43,WALLET,returning,yearly,failed,card_declined,3,0.7,40,0,65,0
TX009619,C01756,3776.75,UPI,returning,monthly,success,none,2,0.71,154,1,243,0
TX009620,C00520,690.46,NETBANKING,returning,monthly,success,none,0,0.92,117,1,108,0
TX009621,C01368,310.12,UPI,new,monthly,failed,card_declined,3,0.46,249,0,1254,0
TX009622,C02435,675.11,CARD,returning,yearly,failed,bank_timeout,2,0.85,277,1,27,1
TX009623,C02323,788.35,NETBANKING,new,monthly,success,none,0,0.81,353,1,795,0
TX009624,C02401,5192.46,UPI,returning,one_time,success,none,0,0.72,63,1,514,0
TX009625,C01103,2765.08,UPI,returning,monthly,failed,network_error,0,0.84,43,1,688,1
TX009626,C00598,3454.8,UPI,returning,one_time,success,none,1,0.85,65,1,1425,0
TX009627,C01660,2489.84,UPI,returning,monthly,failed,insufficient_funds,3,0.89,126,0,1319,0
TX009628,C01686,2824.94,UPI,returning,yearly,success,none,1,0.65,297,0,904,0
TX009629,C02606,551.1,UPI,new,monthly,success,none,0,0.88,148,1,302,0
TX009630,C02161,899.1,NETBANKING,returning,yearly,success,none,2,0.79,275,1,113,0
TX009631,C02189,407.52,UPI,returning,yearly,failed,card_declined,2,0.79,249,0,71,1
TX009632,C01925,888.48,UPI,new,one_time,success,none,1,0.59,149,1,1203,0
TX009633,C00730,2173.52,NETBANKING,new,one_time,failed,network_error,3,0.54,163,1,371,0
TX009634,C00589,1254.61,NETBANKING,returning,one_time,success,none,0,0.9,212,1,461,0
TX009635,C02459,4070.34,CARD,returning,yearly,success,none,3,0.58,106,1,360,0
TX009636,C00377,350.23,CARD,new,one_time,success,none,1,0.76,355,1,1210,0
TX009637,C01408,1808.47,UPI,new,monthly,success,none,2,0.91,247,1,479,0
TX009638,C01870,314.72,UPI,returning,monthly,success,none,2,0.74,214,0,794,0
TX009639,C00751,1204.93,UPI,new,monthly,success,none,1,0.92,162,1,862,0
TX009640,C00627,2299.24,CARD,returning,one_time,success,none,0,0.91,42,1,63,0
TX009641,C01630,884.92,UPI,returning,one_time,failed,expired_card,1,0.96,302,1,481,1
TX009642,C00995,1902.89,CARD,new,one_time,failed,card_declined,1,0.9,238,0,1378,0
TX009643,C01584,420.01,UPI,returning,monthly,success,none,1,0.93,340,1,1469,0
TX009644,C00703,207.74,UPI,returning,one_time,success,none,0,0.5,282,1,1212,0
TX009645,C02510,1914.15,CARD,returning,monthly,failed,network_error,0,0.83,230,0,1330,1
TX009646,C02060,6273.0,NETBANKING,returning,one_time,success,none,2,0.83,169,0,1026,0
TX009647,C01180,405.03,UPI,returning,monthly,success,none,3,0.76,68,1,69,0
TX009648,C00477,3722.66,UPI,returning,yearly,success,none,0,0.91,223,1,639,0
TX009649,C02987,1145.3,UPI,returning,monthly,failed,insufficient_funds,0,0.85,315,1,1134,1
TX009650,C00401,288.39,UPI,new,one_time,success,none,0,0.83,294,1,6,0
TX009651,C02856,353.72,CARD,new,monthly,success,none,1,0.94,94,1,1436,0
TX009652,C02225,1114.08,UPI,returning,one_time,success,none,3,0.86,73,1,1214,0
TX009653,C00057,731.82,UPI,returning,one_time,failed,expired_card,2,0.86,281,1,1171,1
TX009654,C01876,295.03,NETBANKING,new,one_time,failed,card_declined,2,0.86,184,1,688,1
TX009655,C00448,201.53,UPI,returning,one_time,success,none,1,0.62,175,1,609,0
TX009656,C00203,470.26,UPI,returning,monthly,failed,card_declined,2,0.85,283,1,1469,1
TX009657,C01657,1331.16,UPI,new,monthly,success,none,1,0.66,226,1,1273,0
TX009658,C00738,1089.64,UPI,new,one_time,success,none,1,0.82,238,0,1308,0
TX009659,C00202,664.32,UPI,new,one_time,success,none,0,0.63,83,1,910,0
TX009660,C01354,1341.96,CARD,returning,one_time,success,none,0,0.76,310,1,70,0
TX009661,C02411,3102.7,CARD,returning,one_time,failed,insufficient_funds,0,0.65,108,1,339,1
TX009662,C00892,1626.4,UPI,new,one_time,success,none,3,0.91,314,1,1410,0
TX009663,C02502,971.35,CARD,returning,one_time,success,none,3,0.82,348,1,711,0
TX009664,C02404,2774.07,UPI,returning,monthly,success,none,2,0.76,150,0,1118,0
TX009665,C00216,419.96,UPI,returning,monthly,failed,bank_timeout,3,0.92,363,1,674,1
TX009666,C02603,875.75,NETBANKING,new,one_time,success,none,0,0.86,325,1,522,0
TX009667,C02935,896.87,UPI,returning,yearly,failed,card_declined,3,0.79,292,1,1210,0
TX009668,C00023,318.32,UPI,new,one_time,success,none,2,0.86,273,1,292,0
TX009669,C02203,720.63,NETBANKING,new,monthly,success,none,0,0.6,156,1,65,0
TX009670,C01210,137.69,UPI,new,one_time,failed,bank_timeout,3,0.72,300,1,288,0
TX009671,C02297,7421.81,UPI,new,monthly,failed,insufficient_funds,0,0.78,285,0,1435,1
TX009672,C00749,429.48,CARD,returning,monthly,success,none,2,0.79,205,1,358,0
TX009673,C00805,5356.76,CARD,returning,monthly,success,none,2,0.66,357,1,973,0
TX009674,C00134,1139.2,NETBANKING,returning,one_time,failed,insufficient_funds,0,0.42,358,1,802,1
TX009675,C00321,1929.21,UPI,new,one_time,success,none,1,0.8,131,1,748,0
TX009676,C02438,672.63,UPI,returning,monthly,success,none,2,0.82,111,0,653,0
TX009677,C00434,1350.09,UPI,returning,monthly,success,none,3,0.84,229,1,1272,0
TX009678,C01046,2101.67,UPI,returning,one_time,success,none,2,0.62,357,0,218,0
TX009679,C00873,2131.44,UPI,new,one_time,success,none,0,0.86,336,1,833,0
TX009680,C02906,2379.8,CARD,returning,one_time,success,none,0,0.68,345,1,777,0
TX009681,C02099,758.75,UPI,new,one_time,success,none,2,0.97,82,1,856,0
TX009682,C02224,678.33,UPI,returning,one_time,success,none,0,0.9,81,1,674,0
TX009683,C02918,222.7,UPI,returning,one_time,success,none,1,0.7,11,1,1223,0
TX009684,C00253,1850.51,WALLET,returning,monthly,failed,network_error,2,0.73,131,1,599,1
TX009685,C00966,3236.92,NETBANKING,returning,monthly,failed,card_declined,1,0.88,184,1,325,1
TX009686,C00739,5519.16,WALLET,new,monthly,failed,expired_card,2,0.78,31,0,1203,0
TX009687,C01130,1487.98,UPI,new,monthly,success,none,1,0.86,352,1,1333,0
TX009688,C01340,509.55,UPI,new,monthly,success,none,3,0.68,344,1,977,0
TX009689,C00302,200.92,UPI,returning,monthly,success,none,0,0.93,303,1,514,0
TX009690,C02596,3107.79,CARD,new,yearly,success,none,0,0.62,345,0,181,0
TX009691,C01978,181.95,UPI,returning,monthly,success,none,2,0.91,203,0,1436,0
TX009692,C02764,780.08,UPI,new,monthly,success,none,2,0.95,152,1,1395,0
TX009693,C02827,876.29,UPI,new,yearly,failed,expired_card,1,0.87,284,1,133,1
TX009694,C02316,1023.05,UPI,new,one_time,success,none,0,0.92,110,1,615,0
TX009695,C00551,1136.61,UPI,returning,monthly,success,none,0,0.94,312,1,520,0
TX009696,C01479,1259.09,UPI,returning,one_time,success,none,1,0.89,287,1,204,0
TX009697,C01316,100.0,UPI,returning,monthly,success,none,3,0.72,200,1,142,0
TX009698,C01588,1112.82,UPI,new,monthly,success,none,3,0.99,29,1,1475,0
TX009699,C01823,117.97,UPI,new,monthly,success,none,3,0.85,82,1,207,0
TX009700,C01825,2280.66,CARD,returning,monthly,failed,insufficient_funds,2,0.9,331,1,1248,1
TX009701,C01165,629.47,UPI,new,monthly,failed,expired_card,1,0.62,92,0,467,0
TX009702,C00314,126.84,CARD,new,monthly,success,none,1,0.89,66,1,391,0
TX009703,C00184,485.8,UPI,new,yearly,success,none,3,0.83,133,1,1484,0
TX009704,C01688,620.13,UPI,returning,one_time,success,none,1,0.91,137,1,1351,0
TX009705,C00713,3607.25,CARD,returning,yearly,success,none,1,0.93,293,1,293,0
TX009706,C02176,1334.93,WALLET,new,monthly,success,none,3,0.71,342,0,1444,0
TX009707,C01311,1547.58,CARD,returning,one_time,success,none,2,0.82,192,1,1111,0
TX009708,C02748,3573.22,UPI,returning,one_time,success,none,1,0.85,21,1,98,0
TX009709,C02434,996.11,UPI,returning,one_time,success,none,0,0.85,39,0,372,0
TX009710,C00271,2331.32,UPI,new,yearly,failed,expired_card,2,0.59,290,1,103,0
TX009711,C01795,2172.99,UPI,returning,one_time,success,none,1,0.8,343,1,706,0
TX009712,C00811,302.94,UPI,returning,one_time,success,none,1,0.96,357,1,1104,0
TX009713,C02463,4783.77,UPI,new,monthly,success,none,0,0.97,235,1,130,0
TX009714,C00198,264.99,UPI,returning,one_time,failed,expired_card,1,0.96,99,0,1060,1
TX009715,C01080,2744.53,CARD,returning,monthly,failed,network_error,0,0.78,231,1,55,1
TX009716,C02879,240.55,CARD,returning,one_time,success,none,0,0.68,279,1,81,0
TX009717,C01227,2000.67,UPI,new,yearly,failed,network_error,1,0.61,36,1,871,1
TX009718,C01645,7057.98,NETBANKING,new,monthly,failed,insufficient_funds,2,0.96,326,0,413,0
TX009719,C00628,886.27,CARD,returning,monthly,failed,expired_card,2,0.77,333,1,155,1
TX009720,C00604,848.65,UPI,returning,monthly,success,none,1,0.56,303,1,1050,0
TX009721,C01162,2019.17,UPI,returning,one_time,success,none,1,0.8,108,1,583,0
TX009722,C01446,788.87,CARD,returning,yearly,failed,insufficient_funds,3,0.92,113,1,1153,1
TX009723,C01081,6756.62,UPI,returning,one_time,success,none,3,0.87,57,1,847,0
TX009724,C01586,1329.01,NETBANKING,returning,one_time,success,none,3,0.72,291,1,521,0
TX009725,C02119,796.18,UPI,new,one_time,success,none,2,0.68,135,0,742,0
TX009726,C00911,638.88,UPI,returning,monthly,success,none,3,0.86,284,1,1075,0
TX009727,C00594,431.41,NETBANKING,returning,one_time,success,none,1,0.83,329,1,909,0
TX009728,C01396,585.37,WALLET,new,monthly,success,none,1,0.89,135,1,673,0
TX009729,C00600,772.26,UPI,new,yearly,failed,insufficient_funds,0,0.88,294,1,466,1
TX009730,C00514,673.41,CARD,new,monthly,success,none,2,0.85,338,1,1040,0
TX009731,C01896,567.83,UPI,returning,one_time,success,none,3,0.8,288,1,214,0
TX009732,C02132,8944.92,CARD,new,monthly,failed,insufficient_funds,0,0.86,35,1,1483,1
TX009733,C01067,391.47,NETBANKING,returning,yearly,success,none,2,0.8,275,1,1085,0
TX009734,C02887,1269.82,UPI,returning,one_time,success,none,0,0.71,230,1,1321,0
TX009735,C01958,1983.31,UPI,returning,one_time,success,none,2,0.52,171,1,1499,0
TX009736,C02654,2059.27,UPI,returning,one_time,success,none,2,0.95,76,0,72,0
TX009737,C00810,1034.21,UPI,returning,monthly,failed,network_error,0,0.73,66,1,324,1
TX009738,C02181,862.04,UPI,new,monthly,failed,network_error,3,0.8,77,1,480,0
TX009739,C01089,1722.53,NETBANKING,returning,monthly,success,none,1,0.87,81,1,614,0
TX009740,C00290,1431.56,UPI,returning,monthly,success,none,3,0.64,208,1,862,0
TX009741,C02424,846.44,UPI,new,monthly,success,none,2,0.81,137,1,1031,0
TX009742,C00769,230.01,CARD,new,monthly,success,none,1,0.81,200,1,869,0
TX009743,C02515,686.82,UPI,returning,monthly,success,none,1,0.72,321,1,581,0
TX009744,C00471,348.43,UPI,new,one_time,failed,card_declined,3,0.56,306,1,62,0
TX009745,C02197,562.75,UPI,returning,one_time,success,none,3,0.87,215,0,1450,0
TX009746,C00088,1133.68,CARD,returning,one_time,success,none,3,0.71,248,1,125,0
TX009747,C02444,1569.85,UPI,new,monthly,success,none,0,0.68,192,1,274,0
TX009748,C00790,6505.82,CARD,returning,monthly,success,none,1,0.77,60,1,856,0
TX009749,C01665,640.72,UPI,returning,one_time,success,none,1,0.79,254,1,354,0
TX009750,C01310,2379.45,CARD,new,one_time,success,none,2,0.78,210,1,381,0
TX009751,C00865,1489.15,CARD,returning,monthly,success,none,2,0.95,225,0,697,0
TX009752,C01294,4007.8,CARD,returning,one_time,success,none,2,0.89,47,1,895,0
TX009753,C00024,1951.26,UPI,new,one_time,success,none,3,0.83,18,1,744,0
TX009754,C01887,400.02,UPI,new,one_time,success,none,1,0.85,53,1,1047,0
TX009755,C00311,195.77,NETBANKING,returning,one_time,failed,expired_card,3,0.95,65,1,1386,1
TX009756,C01485,1497.06,UPI,returning,one_time,success,none,3,0.82,248,1,886,0
TX009757,C01232,646.48,UPI,returning,one_time,success,none,2,0.58,109,1,631,0
TX009758,C02712,411.45,CARD,new,monthly,success,none,2,0.88,80,1,994,0
TX009759,C02486,308.72,NETBANKING,returning,yearly,success,none,2,0.88,159,1,821,0
TX009760,C00706,1288.17,UPI,new,one_time,success,none,0,0.77,317,1,627,0
TX009761,C01360,4952.8,CARD,returning,one_time,success,none,1,0.59,27,1,1296,0
TX009762,C00422,728.75,CARD,returning,one_time,failed,bank_timeout,3,0.59,240,1,1170,1
TX009763,C01774,1978.85,UPI,returning,monthly,success,none,0,0.97,197,1,1393,0
TX009764,C02369,990.03,CARD,new,monthly,success,none,0,0.79,84,0,736,0
TX009765,C02635,302.06,NETBANKING,returning,one_time,success,none,0,0.87,118,1,767,0
TX009766,C00947,2286.58,WALLET,new,one_time,failed,network_error,2,0.79,205,1,141,1
TX009767,C01187,366.98,UPI,new,monthly,success,none,0,0.88,39,1,1211,0
TX009768,C01835,1120.61,CARD,returning,monthly,success,none,1,0.71,325,0,188,0
TX009769,C01565,779.37,UPI,returning,one_time,success,none,0,0.81,294,1,436,0
TX009770,C00849,2678.67,UPI,returning,one_time,success,none,0,0.76,97,0,206,0
TX009771,C01590,380.64,CARD,returning,monthly,success,none,3,0.87,148,1,961,0
TX009772,C01319,1621.12,UPI,returning,one_time,success,none,1,0.61,153,1,1075,0
TX009773,C02090,473.52,UPI,returning,one_time,success,none,2,0.79,361,1,1107,0
TX009774,C01948,657.8,UPI,returning,monthly,success,none,3,0.8,173,1,746,0
TX009775,C01309,100.0,UPI,new,one_time,failed,bank_timeout,3,0.7,19,1,929,0
TX009776,C02987,8884.81,UPI,returning,monthly,success,none,3,0.88,342,0,396,0
TX009777,C00387,1901.8,UPI,returning,monthly,success,none,0,0.86,292,1,1290,0
TX009778,C02036,509.1,CARD,returning,one_time,failed,expired_card,1,0.74,279,1,477,1
TX009779,C01162,356.15,UPI,returning,monthly,success,none,0,0.73,239,0,859,0
TX009780,C02026,668.04,CARD,new,monthly,success,none,3,0.53,116,1,225,0
TX009781,C02958,2245.94,NETBANKING,new,one_time,success,none,0,0.99,278,1,784,0
TX009782,C00716,165.33,UPI,returning,one_time,failed,expired_card,2,0.86,255,1,700,1
TX009783,C02479,951.86,UPI,new,monthly,success,none,1,0.64,33,1,1422,0
TX009784,C02602,6442.31,CARD,returning,monthly,failed,network_error,3,0.92,333,1,334,0
TX009785,C02848,352.85,CARD,new,monthly,success,none,3,0.94,235,1,1484,0
TX009786,C00426,1188.43,UPI,returning,one_time,failed,bank_timeout,0,0.8,27,1,70,1
TX009787,C01440,9929.94,CARD,new,yearly,success,none,0,0.96,68,1,670,0
TX009788,C02074,2063.49,UPI,returning,monthly,failed,insufficient_funds,3,0.6,284,1,1014,1
TX009789,C00385,1243.8,UPI,new,monthly,success,none,3,0.71,11,0,1439,0
TX009790,C00056,1820.08,UPI,returning,monthly,success,none,1,0.59,31,1,725,0
TX009791,C02682,734.46,UPI,new,one_time,success,none,0,0.65,259,1,1414,0
TX009792,C00106,4022.39,UPI,returning,yearly,success,none,2,0.76,343,1,587,0
TX009793,C02897,735.59,CARD,returning,one_time,success,none,1,0.8,277,1,1273,0
TX009794,C00670,154.6,CARD,returning,monthly,success,none,2,0.94,330,1,224,0
TX009795,C00376,741.52,UPI,returning,one_time,success,none,1,0.6,11,1,1434,0
TX009796,C00743,417.07,WALLET,returning,yearly,success,none,3,0.93,69,1,1388,0
TX009797,C00967,827.83,CARD,returning,monthly,success,none,0,0.94,142,1,580,0
TX009798,C00308,846.34,UPI,returning,monthly,success,none,1,0.76,68,1,457,0
TX009799,C02139,3631.58,UPI,returning,yearly,failed,insufficient_funds,3,0.98,83,1,748,1
TX009800,C00802,2197.98,CARD,new,yearly,success,none,3,0.88,44,1,367,0
TX009801,C00110,1426.91,NETBANKING,returning,one_time,success,none,1,0.82,217,0,834,0
TX009802,C01665,1093.41,UPI,returning,one_time,success,none,1,0.71,286,0,1337,0
TX009803,C02633,380.37,CARD,returning,monthly,failed,network_error,0,0.96,183,1,538,1
TX009804,C00340,123.82,UPI,returning,yearly,success,none,3,0.88,25,0,713,0
TX009805,C01589,1228.02,UPI,new,one_time,success,none,3,0.74,88,1,384,0
TX009806,C00979,2427.56,UPI,returning,one_time,failed,bank_timeout,0,0.69,138,1,1122,1
TX009807,C02404,984.04,CARD,returning,monthly,success,none,3,0.93,63,1,1307,0
TX009808,C01916,642.36,UPI,returning,one_time,success,none,2,0.78,212,0,885,0
TX009809,C00168,1744.99,UPI,returning,monthly,success,none,3,0.92,278,0,517,0
TX009810,C00557,1008.95,UPI,new,one_time,success,none,2,0.77,309,1,1078,0
TX009811,C00905,5917.94,NETBANKING,returning,monthly,success,none,0,0.97,25,1,747,0
TX009812,C00105,3762.08,CARD,returning,yearly,success,none,0,0.86,248,1,1067,0
TX009813,C02048,2862.66,UPI,new,monthly,failed,network_error,1,0.82,97,0,741,0
TX009814,C02198,2339.6,NETBANKING,returning,one_time,success,none,0,0.75,224,1,504,0
TX009815,C00146,301.82,UPI,returning,monthly,success,none,2,0.51,165,1,774,0
TX009816,C02764,2128.12,UPI,new,one_time,success,none,0,0.8,173,1,796,0
TX009817,C00874,1597.71,UPI,new,monthly,success,none,2,0.81,270,1,1031,0
TX009818,C00299,2011.08,UPI,returning,monthly,success,none,0,0.72,167,1,851,0
TX009819,C01737,1794.73,UPI,new,monthly,failed,insufficient_funds,3,0.63,359,1,1408,0
TX009820,C00646,1724.62,CARD,returning,yearly,success,none,0,0.51,296,1,1372,0
TX009821,C02771,16331.75,CARD,returning,one_time,success,none,1,0.84,43,0,539,0
TX009822,C00638,1016.19,CARD,returning,yearly,failed,expired_card,2,0.96,143,1,1168,1
TX009823,C02287,2797.1,CARD,returning,one_time,success,none,0,0.97,328,1,1400,0
TX009824,C02512,684.72,CARD,returning,monthly,success,none,3,0.6,21,1,1298,0
TX009825,C02501,2417.87,UPI,returning,one_time,success,none,1,0.75,337,1,876,0
TX009826,C00784,2805.45,CARD,returning,one_time,success,none,3,0.61,188,1,885,0
TX009827,C00897,1578.81,CARD,returning,monthly,success,none,1,0.79,261,1,234,0
TX009828,C00371,5821.11,NETBANKING,returning,one_time,success,none,3,0.69,220,0,1023,0
TX009829,C00487,452.92,UPI,returning,one_time,success,none,3,0.94,114,1,272,0
TX009830,C02038,673.7,UPI,returning,one_time,failed,network_error,2,1.0,10,1,1312,1
TX009831,C02213,1356.12,CARD,returning,monthly,success,none,3,0.75,194,1,290,0
TX009832,C01361,2646.01,CARD,returning,one_time,failed,insufficient_funds,1,0.68,223,0,162,0
TX009833,C00192,1312.16,UPI,new,monthly,success,none,3,0.73,360,1,1379,0
TX009834,C00730,3966.97,CARD,returning,monthly,failed,expired_card,2,0.88,202,1,513,1
TX009835,C02262,565.84,UPI,new,one_time,success,none,3,0.81,119,1,1165,0
TX009836,C02622,350.52,WALLET,new,one_time,success,none,2,0.97,252,1,156,0
TX009837,C00957,1492.38,UPI,returning,monthly,success,none,2,0.77,140,1,762,0
TX009838,C00381,1015.18,UPI,returning,monthly,failed,network_error,1,0.91,23,1,136,1
TX009839,C02721,1887.23,UPI,returning,monthly,success,none,3,0.83,160,1,451,0
TX009840,C00798,1066.99,UPI,returning,monthly,success,none,1,0.78,282,1,898,0
TX009841,C00239,780.54,UPI,returning,one_time,success,none,2,0.93,314,1,1185,0
TX009842,C02748,1017.46,CARD,returning,monthly,success,none,1,0.9,156,0,1389,0
TX009843,C01106,1128.73,NETBANKING,returning,one_time,success,none,1,0.96,20,0,512,0
TX009844,C01387,808.37,UPI,new,one_time,success,none,2,0.97,183,1,242,0
TX009845,C02553,895.04,CARD,returning,one_time,success,none,2,0.76,133,0,315,0
TX009846,C02250,732.46,UPI,returning,monthly,failed,network_error,1,0.89,355,1,429,1
TX009847,C02968,2582.89,UPI,returning,monthly,success,none,3,0.78,306,1,126,0
TX009848,C01528,1331.45,UPI,returning,yearly,success,none,2,0.64,265,1,91,0
TX009849,C01668,10475.06,UPI,returning,yearly,success,none,2,0.82,33,1,175,0
TX009850,C00037,1287.82,CARD,returning,yearly,success,none,3,0.82,252,0,595,0
TX009851,C02692,632.16,UPI,returning,one_time,success,none,0,0.87,315,0,967,0
TX009852,C01997,15846.05,NETBANKING,new,monthly,success,none,2,0.78,272,1,482,0
TX009853,C01426,1658.43,CARD,returning,one_time,success,none,0,0.79,194,1,737,0
TX009854,C02813,2951.67,CARD,returning,monthly,success,none,3,0.86,231,0,482,0
TX009855,C02754,1982.48,NETBANKING,returning,one_time,failed,insufficient_funds,3,0.8,201,0,802,0
TX009856,C02593,2044.71,NETBANKING,returning,one_time,failed,insufficient_funds,3,0.91,10,1,316,1
TX009857,C01491,1873.67,CARD,returning,monthly,success,none,3,0.8,155,0,689,0
TX009858,C01225,364.28,UPI,returning,yearly,failed,expired_card,1,0.74,311,1,687,1
TX009859,C02588,1583.72,UPI,new,monthly,success,none,1,0.96,292,1,815,0
TX009860,C02023,291.53,CARD,returning,one_time,success,none,0,0.81,207,1,614,0
TX009861,C02442,921.16,UPI,returning,yearly,failed,card_declined,3,0.89,54,0,1001,1
TX009862,C00833,530.8,NETBANKING,returning,one_time,failed,expired_card,0,0.73,31,1,540,1
TX009863,C00597,1567.87,UPI,new,yearly,success,none,0,0.82,298,1,185,0
TX009864,C02441,1531.69,UPI,returning,yearly,success,none,3,0.83,282,1,24,0
TX009865,C00700,1774.27,UPI,new,monthly,failed,network_error,0,0.76,148,1,530,0
TX009866,C01647,1461.61,NETBANKING,returning,monthly,success,none,0,0.8,140,1,1124,0
TX009867,C02019,597.75,UPI,returning,monthly,success,none,0,0.87,103,1,333,0
TX009868,C00441,844.71,UPI,new,monthly,failed,network_error,0,0.78,358,1,1441,1
TX009869,C01861,2752.86,UPI,new,one_time,success,none,1,0.89,175,1,360,0
TX009870,C01641,3190.26,UPI,returning,monthly,success,none,0,0.7,285,1,181,0
TX009871,C01530,348.35,UPI,returning,one_time,success,none,3,0.76,51,1,1454,0
TX009872,C02966,237.24,UPI,returning,monthly,success,none,0,0.67,144,0,461,0
TX009873,C02368,530.12,UPI,returning,monthly,success,none,3,0.8,18,1,1093,0
TX009874,C02601,3118.81,UPI,returning,one_time,success,none,3,0.87,309,1,1202,0
TX009875,C01095,3695.55,WALLET,returning,monthly,success,none,1,0.7,224,1,494,0
TX009876,C00568,434.97,WALLET,returning,one_time,failed,network_error,1,0.43,215,1,1436,1
TX009877,C02967,1491.16,UPI,returning,monthly,success,none,0,0.97,313,1,137,0
TX009878,C00236,6866.65,UPI,new,one_time,failed,insufficient_funds,0,0.56,143,1,1278,1
TX009879,C01305,1661.23,UPI,new,one_time,success,none,2,0.66,341,1,1201,0
TX009880,C01186,4543.73,WALLET,new,one_time,success,none,0,0.83,59,1,1134,0
TX009881,C01033,2977.16,UPI,returning,one_time,failed,network_error,2,0.91,321,1,1042,1
TX009882,C02108,441.33,UPI,returning,one_time,success,none,2,0.74,21,1,366,0
TX009883,C02941,906.89,UPI,new,one_time,success,none,1,0.79,338,1,878,0
TX009884,C01841,1135.42,UPI,returning,monthly,success,none,3,0.89,186,1,847,0
TX009885,C00225,1216.99,UPI,returning,monthly,success,none,2,0.93,285,1,1399,0
TX009886,C01843,2741.69,CARD,new,monthly,success,none,0,0.89,355,1,450,0
TX009887,C02748,1650.25,CARD,new,monthly,failed,network_error,2,0.89,345,1,778,0
TX009888,C00582,100.0,CARD,returning,yearly,success,none,1,0.89,195,1,496,0
TX009889,C00169,295.05,UPI,new,one_time,success,none,2,0.93,65,1,974,0
TX009890,C01466,123.05,NETBANKING,new,monthly,failed,expired_card,2,0.96,281,1,656,0
TX009891,C00014,1306.84,UPI,new,yearly,failed,insufficient_funds,2,0.82,94,1,532,0
TX009892,C02212,1394.77,UPI,returning,one_time,success,none,2,0.77,263,1,808,0
TX009893,C01444,1455.67,CARD,new,monthly,success,none,2,0.81,141,1,511,0
TX009894,C02805,420.34,NETBANKING,new,monthly,failed,expired_card,2,0.83,120,1,904,1
TX009895,C01871,2151.98,UPI,returning,one_time,success,none,2,0.91,104,1,55,0
TX009896,C01544,2244.55,UPI,new,one_time,success,none,1,0.95,111,0,1202,0
TX009897,C01690,312.58,UPI,returning,monthly,success,none,0,0.55,235,1,413,0
TX009898,C01572,253.14,NETBANKING,new,monthly,success,none,1,0.91,107,1,1459,0
TX009899,C01052,1096.49,UPI,new,one_time,success,none,2,0.79,349,0,455,0
TX009900,C01732,6579.95,UPI,returning,monthly,failed,card_declined,2,0.85,20,0,140,0
TX009901,C00446,6001.37,UPI,new,monthly,success,none,3,0.79,362,1,586,0
TX009902,C00716,1926.39,UPI,new,one_time,success,none,1,0.88,113,1,1451,0
TX009903,C00819,528.48,UPI,returning,monthly,success,none,2,0.82,9,1,560,0
TX009904,C02152,2662.03,WALLET,new,monthly,success,none,3,0.77,133,1,412,0
TX009905,C02790,697.55,UPI,returning,one_time,success,none,1,0.81,28,1,47,0
TX009906,C00426,509.02,NETBANKING,new,monthly,success,none,2,0.69,26,1,435,0
TX009907,C01125,128.51,UPI,new,one_time,failed,expired_card,3,0.74,87,1,1169,0
TX009908,C01565,1214.86,NETBANKING,new,one_time,failed,expired_card,3,0.7,204,1,1446,0
TX009909,C02687,584.14,CARD,returning,one_time,success,none,2,0.82,134,0,1464,0
TX009910,C00850,1207.65,UPI,returning,yearly,success,none,0,0.92,233,1,949,0
TX009911,C01546,110.02,CARD,returning,monthly,success,none,2,0.68,203,1,275,0
TX009912,C01130,1299.62,UPI,returning,monthly,failed,card_declined,3,0.8,266,1,788,1
TX009913,C01703,100.0,UPI,returning,monthly,failed,expired_card,0,0.88,231,1,596,1
TX009914,C02002,3254.98,UPI,returning,one_time,success,none,0,0.68,189,1,1040,0
TX009915,C02817,1848.06,UPI,returning,monthly,success,none,1,0.89,99,1,296,0
TX009916,C00277,829.92,CARD,returning,one_time,success,none,0,0.86,270,1,1400,0
TX009917,C01807,1925.07,CARD,returning,monthly,success,none,3,0.91,227,0,742,0
TX009918,C02948,412.37,UPI,returning,monthly,success,none,3,0.93,91,1,252,0
TX009919,C02236,1178.95,NETBANKING,returning,one_time,success,none,1,0.5,311,1,969,0
TX009920,C01940,2427.88,NETBANKING,new,monthly,success,none,3,0.87,85,1,918,0
TX009921,C02153,100.0,UPI,returning,monthly,success,none,3,0.87,212,0,399,0
TX009922,C00546,701.19,UPI,returning,one_time,failed,network_error,3,0.85,302,1,1208,1
TX009923,C02428,1072.08,UPI,new,monthly,success,none,1,0.93,47,1,1476,0
TX009924,C00110,901.18,CARD,returning,monthly,success,none,0,0.85,97,1,441,0
TX009925,C00545,4708.39,UPI,returning,monthly,success,none,1,0.91,14,1,45,0
TX009926,C02402,356.42,UPI,returning,one_time,success,none,0,0.88,64,1,782,0
TX009927,C00743,589.24,CARD,new,one_time,success,none,3,0.98,39,1,537,0
TX009928,C02365,161.44,CARD,new,yearly,failed,network_error,2,0.93,100,1,619,0
TX009929,C01290,4965.59,UPI,new,monthly,success,none,1,0.92,124,1,1450,0
TX009930,C01876,857.23,NETBANKING,new,monthly,success,none,0,0.81,100,0,1317,0
TX009931,C01089,707.4,CARD,returning,one_time,success,none,0,0.62,286,1,713,0
TX009932,C00333,1040.56,UPI,returning,one_time,failed,bank_timeout,3,0.78,98,1,955,1
TX009933,C01537,2071.93,CARD,returning,yearly,success,none,0,0.85,8,1,722,0
TX009934,C01157,1552.1,UPI,new,one_time,failed,insufficient_funds,3,0.76,13,1,540,0
TX009935,C00592,15488.98,UPI,new,yearly,success,none,3,0.88,164,1,797,0
TX009936,C00783,1726.65,UPI,returning,one_time,failed,network_error,3,0.75,61,1,997,1
TX009937,C00540,688.66,UPI,returning,one_time,success,none,0,0.93,184,1,158,0
TX009938,C02783,625.56,UPI,returning,one_time,success,none,2,0.85,361,1,232,0
TX009939,C01559,740.44,UPI,returning,monthly,success,none,1,0.83,282,1,378,0
TX009940,C01520,244.24,CARD,returning,monthly,success,none,0,0.77,265,1,348,0
TX009941,C02669,1141.23,CARD,new,yearly,success,none,1,0.59,215,0,626,0
TX009942,C00619,2400.59,UPI,returning,one_time,success,none,0,0.64,297,1,245,0
TX009943,C02957,593.86,UPI,new,one_time,success,none,3,0.93,143,1,1318,0
TX009944,C01834,489.13,CARD,returning,monthly,failed,insufficient_funds,1,0.9,257,1,82,1
TX009945,C00992,4993.76,UPI,returning,monthly,failed,expired_card,3,0.87,257,1,159,1
TX009946,C02147,263.36,UPI,returning,one_time,success,none,0,0.89,101,1,865,0
TX009947,C02365,138.68,UPI,new,one_time,success,none,0,0.68,257,1,174,0
TX009948,C02171,346.23,NETBANKING,returning,one_time,success,none,2,0.79,147,1,1349,0
TX009949,C02847,235.0,NETBANKING,new,monthly,success,none,1,0.71,322,1,210,0
TX009950,C01617,1613.6,CARD,new,monthly,success,none,0,0.99,342,1,59,0
TX009951,C01519,764.56,UPI,returning,monthly,success,none,0,0.89,2,1,994,0
TX009952,C02505,880.34,CARD,returning,one_time,failed,bank_timeout,2,0.98,79,1,391,1
TX009953,C00522,3473.56,UPI,returning,monthly,success,none,2,0.82,38,1,1215,0
TX009954,C02568,549.31,UPI,returning,one_time,failed,network_error,2,0.82,273,1,390,1
TX009955,C00917,2380.56,UPI,new,one_time,success,none,3,0.61,308,1,245,0
TX009956,C00717,4970.73,CARD,new,monthly,success,none,2,0.69,325,1,826,0
TX009957,C02363,695.3,UPI,new,monthly,success,none,2,0.86,344,1,1340,0
TX009958,C02757,2291.64,UPI,returning,one_time,success,none,1,0.91,303,1,1131,0
TX009959,C02758,861.08,CARD,returning,yearly,failed,expired_card,3,0.8,90,1,1070,1
TX009960,C01937,2763.07,NETBANKING,returning,monthly,failed,bank_timeout,3,0.75,222,1,1375,1
TX009961,C00560,227.81,CARD,returning,one_time,success,none,0,0.85,289,1,356,0
TX009962,C00969,211.56,UPI,returning,monthly,success,none,1,0.89,206,1,349,0
TX009963,C02404,741.54,NETBANKING,returning,monthly,success,none,2,0.68,179,1,849,0
TX009964,C01078,450.82,CARD,new,monthly,success,none,3,0.72,22,1,179,0
TX009965,C00890,654.12,CARD,returning,yearly,success,none,0,0.72,64,0,264,0
TX009966,C00793,880.49,UPI,returning,monthly,failed,expired_card,1,0.96,233,1,1317,1
TX009967,C02313,2252.99,UPI,returning,one_time,success,none,2,0.68,314,1,1274,0
TX009968,C00982,729.49,UPI,new,monthly,success,none,1,0.9,282,1,54,0
TX009969,C00802,481.13,UPI,new,monthly,failed,insufficient_funds,1,0.83,163,1,1021,1
TX009970,C00043,771.62,UPI,returning,monthly,success,none,2,0.73,332,0,422,0
TX009971,C01610,508.19,UPI,new,one_time,success,none,0,0.83,2,1,142,0
TX009972,C02910,430.95,UPI,returning,yearly,failed,expired_card,2,0.79,294,1,931,1
TX009973,C01778,218.54,NETBANKING,new,monthly,success,none,3,0.87,68,1,1492,0
TX009974,C00350,1175.53,UPI,returning,monthly,success,none,2,0.86,44,1,392,0
TX009975,C01568,620.98,UPI,returning,one_time,success,none,1,0.92,50,1,1079,0
TX009976,C01130,2882.11,CARD,returning,monthly,failed,expired_card,0,0.62,84,1,1090,1
TX009977,C02960,257.91,UPI,returning,one_time,success,none,2,0.86,153,1,238,0
TX009978,C02049,637.73,UPI,returning,monthly,success,none,3,0.69,277,1,79,0
TX009979,C01781,6720.43,UPI,returning,one_time,success,none,0,0.97,327,1,646,0
TX009980,C00584,428.54,NETBANKING,returning,monthly,success,none,1,0.87,314,0,1359,0
TX009981,C00432,865.64,WALLET,new,monthly,failed,expired_card,2,0.89,42,1,1149,0
TX009982,C01933,325.11,CARD,new,monthly,success,none,0,0.9,272,1,1397,0
TX009983,C02101,284.74,CARD,new,monthly,success,none,0,0.93,224,1,733,0
TX009984,C02988,5152.88,UPI,new,one_time,success,none,1,0.86,152,1,1361,0
TX009985,C02568,1301.2,NETBANKING,returning,monthly,failed,bank_timeout,0,0.9,308,1,1303,1
TX009986,C01349,1253.48,WALLET,returning,yearly,success,none,0,0.93,313,1,44,0
TX009987,C02195,201.08,CARD,returning,monthly,success,none,3,0.61,330,1,22,0
TX009988,C02031,1569.86,CARD,new,one_time,success,none,0,0.79,234,1,1039,0
TX009989,C01190,3489.18,UPI,returning,yearly,failed,expired_card,2,0.79,216,1,828,1
TX009990,C01163,3461.57,UPI,returning,monthly,failed,bank_timeout,3,0.42,34,1,927,0
TX009991,C02677,2139.51,NETBANKING,returning,one_time,success,none,3,0.53,210,1,1155,0
TX009992,C00299,354.43,CARD,returning,monthly,success,none,2,0.93,217,1,1140,0
TX009993,C01940,1499.85,CARD,returning,one_time,success,none,3,0.84,39,1,1346,0
TX009994,C00789,2137.91,CARD,returning,one_time,success,none,1,0.57,132,1,969,0
TX009995,C00850,182.28,NETBANKING,returning,monthly,success,none,1,0.81,277,1,301,0
TX009996,C02226,357.35,CARD,returning,one_time,success,none,2,0.76,32,0,1440,0
TX009997,C02890,2665.53,UPI,returning,monthly,success,none,0,0.95,217,1,122,0
TX009998,C01378,2633.44,UPI,new,monthly,failed,bank_timeout,3,0.72,258,1,643,1
TX009999,C01178,233.09,WALLET,returning,yearly,success,none,2,0.88,329,1,190,0
TX010000,C01950,2428.48,CARD,returning,one_time,success,none,3,0.9,34,1,1427,0
