transaction_id,customer_id,amount,payment_method,customer_type,subscription_type,payment_status,failure_reason,retry_count,previous_success_rate,days_since_last_payment,checkout_completed,customer_tenure_days,recovered
TX000001,C00268,407.88,UPI,returning,monthly,success,none,0,0.77,295,1,994,0
TX000002,C02322,673.72,CARD,returning,one_time,failed,card_declined,2,0.48,326,1,1486,0
TX000003,C01964,1400.8,UPI,returning,monthly,success,none,0,0.82,113,0,575,0
TX000004,C01317,622.98,NETBANKING,returning,monthly,failed,expired_card,0,0.84,46,1,1246,1
TX000005,C01300,853.61,UPI,returning,one_time,success,none,0,0.77,251,1,121,0
TX000006,C02576,1631.45,UPI,new,one_time,success,none,0,0.55,306,1,1452,0
TX000007,C00258,801.2,UPI,new,monthly,success,none,0,0.71,356,1,676,0
TX000008,C02093,1344.06,CARD,new,monthly,success,none,0,0.9,39,1,148,0
TX000009,C00605,4598.36,UPI,new,one_time,failed,card_declined,3,0.69,248,1,51,0
TX000010,C00283,939.48,UPI,returning,one_time,success,none,0,0.75,358,1,145,0
TX000011,C01580,3169.74,UPI,new,one_time,success,none,0,0.61,294,1,30,0
TX000012,C02927,1814.26,UPI,new,one_time,success,none,0,0.79,53,1,1400,0
TX000013,C02208,292.8,NETBANKING,new,yearly,success,none,0,0.77,26,1,380,0
TX000014,C02284,406.7,UPI,returning,one_time,success,none,0,0.87,14,1,526,0
TX000015,C02153,517.89,UPI,returning,monthly,success,none,0,0.76,242,1,537,0
TX000016,C02359,508.08,UPI,returning,monthly,success,none,0,0.94,334,1,95,0
TX000017,C01540,1011.04,UPI,returning,monthly,failed,bank_timeout,1,0.53,242,1,39,0
TX000018,C00385,1906.8,UPI,returning,one_time,success,none,0,0.8,339,1,425,0
TX000019,C02520,3393.59,UPI,returning,monthly,failed,network_error,0,0.8,73,1,1460,0
TX000020,C01352,1447.16,UPI,returning,monthly,success,none,0,0.5,167,1,200,0
TX000021,C01502,734.28,UPI,returning,one_time,failed,network_error,1,0.87,16,1,1388,0
TX000022,C01113,168.34,UPI,returning,one_time,failed,network_error,2,0.69,226,1,1209,0
TX000023,C00548,1168.56,CARD,new,monthly,success,none,0,0.8,339,1,141,0
TX000024,C02781,1122.36,UPI,returning,one_time,success,none,0,0.86,71,1,1415,0
TX000025,C02345,1292.89,CARD,returning,one_time,success,none,0,0.79,355,1,878,0
TX000026,C01932,7299.9,CARD,new,monthly,success,none,0,0.71,348,1,1193,0
TX000027,C01208,3349.4,NETBANKING,returning,one_time,success,none,0,0.6,278,1,719,0
TX000028,C02469,2222.87,UPI,returning,one_time,success,none,0,0.8,306,0,175,0
TX000029,C01637,461.34,CARD,returning,one_time,failed,insufficient_funds,0,0.66,33,1,949,0
TX000030,C01331,691.11,NETBANKING,returning,one_time,success,none,0,0.44,323,1,1095,0
TX000031,C01352,1006.91,WALLET,returning,monthly,success,none,0,0.56,118,1,726,0
TX000032,C00682,545.74,NETBANKING,returning,one_time,failed,insufficient_funds,1,0.68,308,1,26,0
TX000033,C00277,1720.58,UPI,returning,one_time,success,none,0,0.38,260,1,334,0
TX000034,C01664,1512.04,NETBANKING,new,monthly,success,none,0,0.77,202,1,439,0
TX000035,C02664,411.79,NETBANKING,new,monthly,success,none,0,0.67,326,1,80,0
TX000036,C00192,3219.99,UPI,returning,monthly,success,none,0,0.86,121,1,163,0
TX000037,C02575,1202.41,UPI,returning,one_time,success,none,0,0.86,51,1,385,0
TX000038,C02483,231.33,NETBANKING,returning,one_time,failed,insufficient_funds,1,0.79,362,1,1300,0
TX000039,C00831,1047.11,UPI,returning,yearly,failed,bank_timeout,3,0.65,339,1,573,1
TX000040,C01895,1412.46,CARD,new,one_time,failed,bank_timeout,1,0.92,145,1,449,0
TX000041,C00496,2632.04,UPI,returning,one_time,success,none,0,0.56,286,1,1102,0
TX000042,C02275,809.38,CARD,returning,monthly,success,none,0,0.82,354,1,1369,0
TX000043,C02102,2310.33,UPI,returning,monthly,success,none,0,0.52,86,0,270,0
TX000044,C01064,1297.8,CARD,new,yearly,success,none,0,0.67,85,1,11,0
TX000045,C00204,335.78,UPI,returning,one_time,success,none,0,0.9,310,0,460,0
TX000046,C02913,306.85,NETBANKING,returning,yearly,success,none,0,0.84,219,1,713,0
TX000047,C01338,3011.83,UPI,returning,one_time,failed,card_declined,0,0.76,7,1,898,1
TX000048,C02680,3217.58,UPI,new,monthly,failed,expired_card,3,0.6,201,1,1396,0
TX000049,C02034,1466.48,UPI,new,one_time,success,none,0,0.61,44,1,1098,0
TX000050,C02336,4213.87,UPI,new,yearly,success,none,0,0.8,97,1,391,0
TX000051,C02280,2838.27,WALLET,returning,yearly,success,none,0,0.84,360,1,378,0
TX000052,C00584,2028.93,UPI,returning,monthly,failed,insufficient_funds,2,0.71,95,0,833,0
TX000053,C01092,482.9,UPI,returning,monthly,success,none,0,0.68,117,1,877,0
TX000054,C01401,5209.74,NETBANKING,returning,one_time,success,none,0,0.73,285,1,417,0
TX000055,C01494,1776.98,UPI,new,monthly,success,none,0,0.86,177,1,1260,0
TX000056,C00132,774.91,UPI,new,one_time,failed,card_declined,0,0.73,121,1,188,0
TX000057,C01640,600.98,CARD,returning,monthly,failed,bank_timeout,0,0.76,332,1,495,1
TX000058,C00463,1381.75,UPI,returning,one_time,success,none,0,0.82,244,1,1291,0
TX000059,C02231,243.73,NETBANKING,returning,one_time,success,none,0,0.78,162,1,663,0
TX000060,C02050,2058.44,CARD,returning,one_time,failed,bank_timeout,2,0.82,192,1,250,1
TX000061,C02768,464.88,UPI,returning,monthly,failed,expired_card,0,0.85,24,1,672,0
TX000062,C02235,1530.8,CARD,returning,one_time,success,none,0,0.82,69,0,819,0
TX000063,C01100,685.77,NETBANKING,returning,monthly,success,none,0,0.73,345,1,587,0
TX000064,C02903,864.39,UPI,new,one_time,success,none,0,0.68,103,1,820,0
TX000065,C01233,554.9,CARD,new,one_time,success,none,0,0.89,291,1,539,0
TX000066,C00978,948.51,UPI,returning,monthly,failed,card_declined,0,0.75,118,1,22,0
TX000067,C02717,6005.56,UPI,returning,one_time,failed,network_error,3,0.68,125,0,1332,0
TX000068,C01112,3814.46,CARD,new,monthly,success,none,0,0.73,99,1,1308,0
TX000069,C00230,1508.74,UPI,new,one_time,success,none,0,0.83,34,1,1434,0
TX000070,C01409,1071.95,UPI,returning,yearly,success,none,0,0.81,38,1,130,0
TX000071,C02388,2344.39,UPI,new,one_time,success,none,0,0.78,13,1,1454,0
TX000072,C00569,3031.99,CARD,returning,one_time,failed,expired_card,0,0.83,4,1,528,1
TX000073,C01389,519.65,CARD,returning,yearly,failed,card_declined,1,0.74,281,0,313,0
TX000074,C00390,1022.81,UPI,returning,yearly,success,none,0,0.88,292,1,364,0
TX000075,C02060,212.78,UPI,new,monthly,success,none,0,0.84,119,1,855,0
TX000076,C01428,3013.3,NETBANKING,returning,one_time,failed,insufficient_funds,0,0.64,97,1,166,0
TX000077,C00991,7034.08,UPI,returning,one_time,success,none,0,0.93,129,1,526,0
TX000078,C00681,1178.59,UPI,new,monthly,success,none,0,0.78,328,0,701,0
TX000079,C01694,161.98,UPI,returning,one_time,success,none,0,0.62,277,1,1021,0
TX000080,C02010,1896.95,CARD,new,one_time,failed,bank_timeout,1,0.91,10,0,1231,1
TX000081,C02821,486.05,UPI,returning,monthly,success,none,0,0.82,288,1,154,0
TX000082,C01312,603.64,NETBANKING,returning,one_time,success,none,0,0.69,286,1,1422,0
TX000083,C00483,1927.38,CARD,returning,yearly,success,none,0,0.67,153,1,747,0
TX000084,C02499,1378.98,UPI,returning,one_time,failed,network_error,0,0.73,109,0,20,1
TX000085,C01890,706.77,CARD,returning,yearly,failed,insufficient_funds,2,0.91,267,1,535,0
TX000086,C02101,611.16,UPI,returning,monthly,success,none,0,0.8,245,1,1476,0
TX000087,C00292,1228.14,UPI,returning,yearly,success,none,0,0.86,220,1,697,0
TX000088,C00938,758.6,CARD,new,monthly,success,none,0,0.81,253,1,1023,0
TX000089,C02304,404.11,UPI,returning,one_time,success,none,0,0.54,35,1,512,0
TX000090,C02497,812.97,NETBANKING,returning,one_time,success,none,0,0.69,80,0,602,0
TX000091,C01306,1488.66,CARD,returning,one_time,success,none,0,0.7,264,1,718,0
TX000092,C02415,934.22,UPI,returning,monthly,success,none,0,0.7,74,0,762,0
TX000093,C02526,307.31,WALLET,new,one_time,success,none,0,0.56,21,1,1454,0
TX000094,C01163,2670.87,UPI,new,monthly,success,none,0,0.71,310,1,654,0
TX000095,C02695,100.0,UPI,new,yearly,success,none,0,0.81,264,1,302,0
TX000096,C00865,733.83,UPI,returning,one_time,success,none,0,0.85,83,1,372,0
TX000097,C00719,627.55,WALLET,new,monthly,success,none,0,0.45,341,1,703,0
TX000098,C02048,1253.08,UPI,new,yearly,failed,bank_timeout,2,0.97,44,1,1369,0
TX000099,C01911,1818.01,UPI,returning,monthly,success,none,0,0.67,225,1,763,0
TX000100,C00420,3023.25,UPI,returning,one_time,success,none,0,0.66,251,1,119,0
TX000101,C02499,577.57,UPI,returning,one_time,success,none,0,0.35,153,1,1342,0
TX000102,C00600,1859.24,UPI,new,monthly,failed,bank_timeout,0,0.83,80,0,711,0
TX000103,C02415,1307.98,CARD,new,one_time,success,none,0,0.67,2,1,220,0
TX000104,C00023,235.01,NETBANKING,returning,monthly,success,none,0,0.61,264,1,1290,0
TX000105,C02391,6066.19,CARD,new,yearly,success,none,0,0.71,313,1,985,0
TX000106,C02361,300.4,UPI,returning,monthly,success,none,0,0.77,168,0,609,0
TX000107,C02342,1599.66,UPI,returning,one_time,success,none,0,0.7,119,1,613,0
TX000108,C01995,1557.7,UPI,new,one_time,success,none,0,0.66,132,0,411,0
TX000109,C01415,1405.39,UPI,returning,yearly,failed,network_error,3,0.96,282,1,1302,0
TX000110,C02116,702.67,CARD,returning,one_time,success,none,0,0.48,23,1,606,0
TX000111,C00832,2308.9,UPI,new,one_time,success,none,0,0.8,357,1,751,0
TX000112,C02343,269.26,NETBANKING,returning,monthly,success,none,0,0.74,108,0,1411,0
TX000113,C01667,1033.55,UPI,returning,monthly,success,none,0,0.61,359,0,348,0
TX000114,C01377,660.18,CARD,new,one_time,success,none,0,0.73,96,1,923,0
TX000115,C01517,596.11,NETBANKING,returning,monthly,success,none,0,0.59,149,1,521,0
TX000116,C01707,1613.04,CARD,returning,monthly,success,none,0,0.83,272,1,224,0
TX000117,C00112,2892.08,NETBANKING,returning,one_time,success,none,0,0.74,85,1,1387,0
TX000118,C00420,805.18,NETBANKING,returning,one_time,failed,network_error,1,0.68,183,1,1145,0
TX000119,C00737,2214.13,CARD,returning,monthly,success,none,0,0.75,131,1,1254,0
TX000120,C00344,1146.84,UPI,returning,one_time,failed,network_error,0,0.9,333,1,28,0
TX000121,C01319,491.05,UPI,returning,yearly,success,none,0,0.57,108,1,886,0
TX000122,C02006,869.43,NETBANKING,returning,one_time,success,none,0,0.81,30,1,284,0
TX000123,C01964,837.53,UPI,new,monthly,failed,expired_card,0,0.79,292,1,474,0
TX000124,C01414,585.82,NETBANKING,new,monthly,success,none,0,0.76,186,1,916,0
TX000125,C02566,1612.65,UPI,new,monthly,success,none,0,0.81,68,1,332,0
TX000126,C01696,1354.49,CARD,new,one_time,success,none,0,0.79,88,0,126,0
TX000127,C00238,262.02,UPI,returning,monthly,success,none,0,0.64,50,1,1258,0
TX000128,C02295,248.05,WALLET,new,yearly,success,none,0,0.61,169,1,52,0
TX000129,C01724,1607.15,UPI,returning,one_time,failed,insufficient_funds,1,0.91,62,1,642,0
TX000130,C01905,526.5,UPI,returning,one_time,success,none,0,0.64,73,1,936,0
TX000131,C01697,1439.19,NETBANKING,new,one_time,success,none,0,0.65,67,1,1386,0
TX000132,C01661,2214.63,UPI,returning,one_time,success,none,0,0.86,113,1,1480,0
TX000133,C00272,349.37,UPI,returning,one_time,success,none,0,0.96,176,1,220,0
TX000134,C01678,307.85,NETBANKING,new,monthly,failed,insufficient_funds,1,0.51,249,1,185,0
TX000135,C02385,4949.24,NETBANKING,new,yearly,success,none,0,0.56,291,1,1482,0
TX000136,C00912,1504.8,UPI,returning,yearly,success,none,0,0.79,299,1,1498,0
TX000137,C01809,751.96,CARD,returning,one_time,failed,card_declined,2,0.83,288,1,369,0
TX000138,C00093,473.17,UPI,returning,monthly,failed,insufficient_funds,1,0.98,203,1,754,0
TX000139,C01043,692.7,UPI,returning,one_time,success,none,0,0.73,285,1,731,0
TX000140,C01311,375.59,CARD,returning,one_time,failed,insufficient_funds,0,0.63,117,1,1224,1
TX000141,C02949,2428.6,UPI,returning,monthly,success,none,0,0.9,79,1,1269,0
TX000142,C00644,545.08,UPI,returning,one_time,success,none,0,0.88,133,1,913,0
TX000143,C00830,2934.17,UPI,returning,one_time,success,none,0,0.6,146,1,1167,0
TX000144,C01226,764.66,NETBANKING,new,monthly,failed,bank_timeout,2,0.78,188,1,581,0
TX000145,C02978,428.8,CARD,returning,monthly,success,none,0,0.76,332,0,878,0
TX000146,C02561,747.2,UPI,returning,yearly,success,none,0,0.7,201,1,192,0
TX000147,C00105,103.36,NETBANKING,returning,one_time,success,none,0,0.68,321,1,265,0
TX000148,C00702,983.69,NETBANKING,returning,yearly,success,none,0,0.57,299,1,953,0
TX000149,C02466,940.95,UPI,returning,one_time,success,none,0,0.86,53,1,101,0
TX000150,C00175,2303.69,WALLET,returning,one_time,success,none,0,0.59,349,1,1434,0
TX000151,C02568,200.8,UPI,returning,monthly,success,none,0,0.88,104,1,104,0
TX000152,C00845,3120.29,UPI,returning,monthly,success,none,0,0.74,73,0,452,0
TX000153,C02753,2295.12,UPI,returning,one_time,success,none,0,0.63,25,1,746,0
TX000154,C00881,3384.09,UPI,returning,monthly,success,none,0,0.86,337,1,671,0
TX000155,C01303,1045.81,CARD,returning,one_time,success,none,0,0.76,69,1,984,0
TX000156,C01986,2731.23,CARD,returning,yearly,success,none,0,0.74,211,1,711,0
TX000157,C00379,291.75,NETBANKING,returning,one_time,success,none,0,0.93,111,1,697,0
TX000158,C01672,2083.37,UPI,returning,monthly,success,none,0,0.45,130,1,167,0
TX000159,C01516,547.82,UPI,returning,yearly,success,none,0,0.68,207,1,329,0
TX000160,C02352,248.08,UPI,returning,monthly,success,none,0,0.67,69,0,30,0
TX000161,C02989,398.73,UPI,returning,yearly,failed,expired_card,0,0.9,154,1,1045,0
TX000162,C01993,1102.11,NETBANKING,returning,monthly,success,none,0,0.84,239,1,1360,0
TX000163,C01228,522.24,CARD,returning,one_time,failed,card_declined,0,0.68,188,1,721,0
TX000164,C01220,1538.35,CARD,returning,monthly,success,none,0,0.73,247,1,1068,0
TX000165,C01254,215.42,CARD,returning,monthly,failed,insufficient_funds,1,0.65,348,1,1418,0
TX000166,C02443,161.68,UPI,returning,one_time,success,none,0,0.89,328,0,1480,0
TX000167,C00964,3771.2,UPI,returning,one_time,success,none,0,0.76,80,1,61,0
TX000168,C00501,2473.58,UPI,returning,one_time,success,none,0,0.88,119,1,1371,0
TX000169,C01003,426.51,NETBANKING,returning,one_time,success,none,0,0.63,25,1,821,0
TX000170,C00069,1093.68,UPI,returning,yearly,failed,network_error,0,0.52,196,1,1373,1
TX000171,C00319,2745.05,UPI,returning,yearly,success,none,0,0.62,226,1,1126,0
TX000172,C00271,1599.23,CARD,new,monthly,success,none,0,0.88,233,1,259,0
TX000173,C02315,1253.13,UPI,returning,one_time,failed,bank_timeout,1,0.72,26,1,1388,0
TX000174,C02168,2938.45,UPI,returning,one_time,success,none,0,0.54,284,1,808,0
TX000175,C02091,568.13,UPI,returning,one_time,success,none,0,0.74,87,1,847,0
TX000176,C01386,1127.84,UPI,new,one_time,success,none,0,0.56,311,1,601,0
TX000177,C02152,1079.16,UPI,new,monthly,success,none,0,0.75,106,0,1235,0
TX000178,C00484,857.92,NETBANKING,returning,monthly,failed,insufficient_funds,0,0.68,269,1,954,0
TX000179,C02702,772.15,CARD,returning,monthly,success,none,0,0.78,55,1,969,0
TX000180,C01504,1170.96,UPI,new,one_time,failed,network_error,0,0.8,110,1,1215,0
TX000181,C02815,1131.12,CARD,new,yearly,success,none,0,0.65,123,1,882,0
TX000182,C00457,426.84,CARD,returning,one_time,success,none,0,0.97,184,1,1485,0
TX000183,C01492,2256.6,CARD,new,one_time,success,none,0,0.81,191,1,858,0
TX000184,C02089,455.44,NETBANKING,new,one_time,failed,insufficient_funds,1,0.75,194,1,115,0
TX000185,C01487,901.08,NETBANKING,returning,one_time,success,none,0,0.73,260,0,296,0
TX000186,C01339,840.71,UPI,returning,monthly,success,none,0,0.87,357,1,1086,0
TX000187,C00499,1513.67,UPI,returning,monthly,failed,bank_timeout,1,0.69,7,1,1338,1
TX000188,C01144,162.85,UPI,new,monthly,failed,card_declined,0,0.73,196,1,1159,0
TX000189,C00717,2445.05,UPI,new,one_time,success,none,0,0.72,356,0,525,0
TX000190,C00905,596.28,WALLET,new,yearly,success,none,0,0.5,15,1,1193,0
TX000191,C02052,3287.78,CARD,returning,monthly,failed,card_declined,2,0.76,303,1,351,0
TX000192,C01891,713.12,UPI,new,yearly,failed,card_declined,2,0.78,273,1,391,0
TX000193,C01822,1049.47,NETBANKING,new,one_time,success,none,0,0.79,305,1,1034,0
TX000194,C01086,6138.94,CARD,returning,yearly,success,none,0,0.77,144,1,215,0
TX000195,C02880,854.4,UPI,returning,monthly,success,none,0,0.44,221,1,1125,0
TX000196,C00263,3344.14,NETBANKING,returning,monthly,success,none,0,0.54,189,1,564,0
TX000197,C01028,1135.85,UPI,returning,one_time,success,none,0,0.8,149,1,769,0
TX000198,C00355,1593.8,UPI,returning,one_time,success,none,0,0.72,270,0,623,0
TX000199,C01017,1167.9,UPI,returning,monthly,success,none,0,0.84,208,1,1210,0
TX000200,C02886,2352.11,NETBANKING,new,one_time,success,none,0,0.85,351,1,1201,0
TX000201,C01099,591.71,UPI,returning,monthly,success,none,0,0.79,293,0,525,0
TX000202,C02726,452.3,UPI,new,monthly,success,none,0,0.45,293,1,1491,0
TX000203,C01486,617.25,CARD,new,monthly,failed,card_declined,0,0.93,218,0,673,0
TX000204,C02100,1199.6,NETBANKING,returning,one_time,success,none,0,0.98,93,1,1303,0
TX000205,C01373,898.98,UPI,new,yearly,success,none,0,0.49,234,1,552,0
TX000206,C00798,2078.18,UPI,new,one_time,success,none,0,0.54,79,1,374,0
TX000207,C02293,3548.42,NETBANKING,returning,monthly,success,none,0,0.88,69,1,1325,0
TX000208,C02908,455.66,CARD,returning,one_time,failed,bank_timeout,3,0.81,356,1,648,0
TX000209,C00791,566.48,UPI,new,one_time,failed,bank_timeout,2,0.59,103,0,949,0
TX000210,C02337,301.08,UPI,returning,one_time,success,none,0,0.75,78,1,1236,0
TX000211,C00784,6818.1,UPI,returning,monthly,success,none,0,0.65,194,1,613,0
TX000212,C02151,1442.6,CARD,new,monthly,success,none,0,0.54,51,1,627,0
TX000213,C02368,1688.88,CARD,returning,one_time,success,none,0,0.81,319,1,1482,0
TX000214,C01349,328.26,CARD,new,one_time,success,none,0,0.98,326,1,181,0
TX000215,C02211,1095.48,UPI,returning,monthly,success,none,0,0.89,215,1,75,0
TX000216,C00817,1734.24,NETBANKING,new,one_time,success,none,0,0.84,163,1,722,0
TX000217,C00238,873.51,UPI,new,one_time,success,none,0,0.7,167,1,1434,0
TX000218,C00290,2887.47,NETBANKING,returning,monthly,success,none,0,0.8,18,1,1097,0
TX000219,C01342,8783.66,UPI,returning,one_time,failed,insufficient_funds,0,0.93,143,0,85,1
TX000220,C02708,467.61,UPI,new,one_time,success,none,0,0.5,216,1,1187,0
TX000221,C00383,437.08,UPI,returning,one_time,failed,insufficient_funds,2,0.83,228,0,103,0
TX000222,C01368,497.71,UPI,returning,monthly,success,none,0,0.6,135,0,1143,0
TX000223,C02113,4654.45,UPI,returning,monthly,failed,insufficient_funds,0,0.75,259,1,31,0
TX000224,C00608,2802.09,CARD,new,one_time,failed,network_error,0,0.86,160,1,318,1
TX000225,C02165,970.71,NETBANKING,new,monthly,success,none,0,0.92,182,1,799,0
TX000226,C00918,1133.32,UPI,returning,one_time,success,none,0,0.52,219,1,805,0
TX000227,C02426,525.9,UPI,new,one_time,failed,insufficient_funds,0,0.56,347,1,622,0
TX000228,C01738,2443.1,UPI,new,one_time,success,none,0,0.79,362,1,216,0
TX000229,C01641,779.06,NETBANKING,new,one_time,success,none,0,0.33,216,0,1273,0
TX000230,C00531,867.77,UPI,new,monthly,success,none,0,0.76,41,1,153,0
TX000231,C01390,1896.78,UPI,returning,one_time,success,none,0,0.83,103,1,1291,0
TX000232,C02570,925.94,UPI,returning,yearly,success,none,0,0.95,87,1,1278,0
TX000233,C00059,887.61,UPI,new,yearly,success,none,0,0.68,325,1,722,0
TX000234,C02276,1107.12,CARD,new,one_time,failed,insufficient_funds,1,0.88,305,1,399,0
TX000235,C01479,2243.56,UPI,new,monthly,success,none,0,0.81,106,1,645,0
TX000236,C02159,4826.34,UPI,new,monthly,failed,card_declined,1,0.63,50,1,1078,0
TX000237,C01990,1857.41,NETBANKING,new,one_time,success,none,0,0.72,148,1,1085,0
TX000238,C01297,2259.69,UPI,returning,one_time,failed,card_declined,0,0.93,355,1,1125,0
TX000239,C00927,916.11,CARD,new,yearly,failed,bank_timeout,0,0.75,7,1,199,0
TX000240,C01882,579.97,UPI,new,one_time,success,none,0,0.77,120,1,322,0
TX000241,C00421,1975.52,NETBANKING,returning,monthly,failed,insufficient_funds,1,0.81,51,0,813,0
TX000242,C01753,1279.36,CARD,returning,monthly,success,none,0,0.62,230,1,64,0
TX000243,C00285,304.79,UPI,returning,one_time,failed,insufficient_funds,0,0.78,315,0,797,1
TX000244,C01950,816.26,NETBANKING,returning,monthly,failed,insufficient_funds,1,0.75,72,1,504,0
TX000245,C01887,1017.79,UPI,new,yearly,success,none,0,0.67,141,1,651,0
TX000246,C00254,692.69,UPI,new,one_time,success,none,0,0.54,116,0,759,0
TX000247,C02273,4161.21,CARD,new,one_time,failed,bank_timeout,0,0.63,49,1,590,1
TX000248,C01248,1688.94,CARD,new,one_time,failed,bank_timeout,0,0.67,202,1,542,0
TX000249,C02361,3773.87,UPI,returning,monthly,success,none,0,0.79,61,1,669,0
TX000250,C00125,1390.03,UPI,returning,monthly,success,none,0,0.8,352,1,459,0
TX000251,C00539,1179.98,UPI,returning,monthly,success,none,0,0.76,114,1,833,0
TX000252,C01482,472.04,CARD,returning,monthly,success,none,0,0.83,138,0,41,0
TX000253,C00565,1108.47,WALLET,returning,yearly,success,none,0,0.76,240,1,1,0
TX000254,C00990,1109.59,UPI,returning,one_time,success,none,0,0.71,329,1,861,0
TX000255,C01982,320.41,WALLET,returning,monthly,success,none,0,0.64,39,1,505,0
TX000256,C00434,674.81,UPI,returning,one_time,failed,network_error,0,0.85,76,1,709,0
TX000257,C02034,819.79,CARD,new,one_time,failed,insufficient_funds,3,0.8,357,0,567,0
TX000258,C00311,1591.02,NETBANKING,returning,one_time,success,none,0,0.82,13,1,1348,0
TX000259,C00526,1661.07,CARD,returning,one_time,success,none,0,0.64,80,1,747,0
TX000260,C01763,649.9,UPI,returning,yearly,failed,network_error,1,0.87,306,1,202,0
TX000261,C02381,1672.35,UPI,returning,monthly,failed,network_error,1,0.77,333,0,527,1
TX000262,C00512,930.88,UPI,returning,monthly,failed,bank_timeout,0,0.84,257,0,754,1
TX000263,C00900,100.0,CARD,returning,one_time,success,none,0,0.52,215,1,376,0
TX000264,C02776,708.94,WALLET,returning,one_time,success,none,0,0.71,43,1,791,0
TX000265,C02970,2896.01,UPI,new,yearly,failed,insufficient_funds,1,0.74,45,1,1406,0
TX000266,C01744,241.38,UPI,new,monthly,success,none,0,0.89,8,1,761,0
TX000267,C01342,1213.69,UPI,new,monthly,success,none,0,0.81,89,1,39,0
TX000268,C01041,4567.56,CARD,returning,one_time,success,none,0,0.76,299,0,108,0
TX000269,C01838,553.05,CARD,returning,one_time,success,none,0,0.62,124,0,1059,0
TX000270,C01773,1098.76,UPI,new,yearly,failed,bank_timeout,1,0.48,63,1,257,0
TX000271,C00885,339.13,CARD,new,one_time,success,none,0,0.95,77,1,966,0
TX000272,C00069,4743.39,UPI,new,one_time,success,none,0,0.58,175,1,59,0
TX000273,C00455,1017.39,CARD,returning,monthly,failed,card_declined,0,0.79,153,0,495,0
TX000274,C02876,1143.63,UPI,returning,yearly,failed,insufficient_funds,1,0.83,311,1,314,0
TX000275,C01255,3710.31,UPI,returning,one_time,success,none,0,0.79,305,1,872,0
TX000276,C01447,1988.89,CARD,new,monthly,success,none,0,0.39,208,1,717,0
TX000277,C01402,498.66,CARD,new,one_time,success,none,0,0.85,353,1,819,0
TX000278,C02349,612.44,UPI,returning,monthly,failed,network_error,2,0.57,328,1,1134,1
TX000279,C00195,1712.04,CARD,returning,one_time,success,none,0,0.92,34,1,296,0
TX000280,C00249,625.34,UPI,new,yearly,success,none,0,0.67,14,1,527,0
TX000281,C00828,163.12,UPI,new,monthly,success,none,0,0.87,53,1,913,0
TX000282,C01460,1045.33,WALLET,new,yearly,success,none,0,0.87,155,1,500,0
TX000283,C02014,289.4,NETBANKING,new,monthly,failed,network_error,1,0.67,168,1,198,0
TX000284,C01473,4696.88,UPI,new,yearly,failed,bank_timeout,1,0.65,72,1,677,0
TX000285,C01324,1285.76,NETBANKING,returning,monthly,success,none,0,0.93,254,1,765,0
TX000286,C02814,485.58,CARD,new,monthly,success,none,0,0.83,147,1,902,0
TX000287,C00484,584.78,UPI,returning,one_time,success,none,0,0.78,50,1,1286,0
TX000288,C01716,200.25,UPI,returning,monthly,success,none,0,0.6,278,1,1006,0
TX000289,C01627,407.68,UPI,new,one_time,success,none,0,0.83,270,1,1130,0
TX000290,C01421,2737.2,CARD,returning,monthly,failed,network_error,0,0.88,325,1,550,0
TX000291,C02423,8173.13,NETBANKING,returning,monthly,success,none,0,0.79,364,1,1285,0
TX000292,C00801,2108.55,UPI,new,monthly,failed,card_declined,0,0.86,54,1,365,1
TX000293,C02862,1009.45,UPI,returning,monthly,success,none,0,0.82,91,1,145,0
TX000294,C00995,743.4,UPI,new,monthly,success,none,0,0.93,127,1,781,0
TX000295,C01636,463.66,UPI,new,monthly,success,none,0,0.69,332,1,846,0
TX000296,C01563,7000.87,NETBANKING,new,monthly,failed,insufficient_funds,2,0.61,162,1,963,0
TX000297,C02550,925.31,UPI,returning,one_time,success,none,0,0.75,328,1,884,0
TX000298,C01317,7361.85,CARD,returning,monthly,success,none,0,0.81,91,1,419,0
TX000299,C00854,3843.61,UPI,returning,monthly,failed,insufficient_funds,0,0.77,113,1,368,1
TX000300,C00065,228.9,CARD,new,monthly,success,none,0,0.54,73,1,81,0
TX000301,C01092,602.23,CARD,returning,one_time,success,none,0,0.66,132,1,796,0
TX000302,C02479,600.56,CARD,new,one_time,success,none,0,0.83,300,1,1259,0
TX000303,C00030,1020.59,UPI,new,monthly,failed,card_declined,2,0.9,117,1,977,0
TX000304,C02689,1038.69,CARD,returning,yearly,success,none,0,0.74,316,1,1343,0
TX000305,C01629,16262.47,CARD,new,one_time,success,none,0,0.9,82,1,559,0
TX000306,C00421,415.92,CARD,returning,yearly,success,none,0,0.83,12,1,1056,0
TX000307,C00907,1347.59,CARD,returning,one_time,success,none,0,0.86,206,1,679,0
TX000308,C01663,1910.0,NETBANKING,returning,yearly,success,none,0,0.72,336,1,1179,0
TX000309,C00948,1095.08,UPI,returning,yearly,success,none,0,0.71,94,0,238,0
TX000310,C00326,1210.95,UPI,new,monthly,success,none,0,0.74,288,1,1498,0
TX000311,C01998,428.23,WALLET,new,yearly,failed,insufficient_funds,0,0.83,342,1,1093,0
TX000312,C02017,1206.93,UPI,returning,monthly,failed,bank_timeout,2,0.58,106,1,297,0
TX000313,C00357,1737.6,NETBANKING,new,one_time,success,none,0,0.69,43,1,1408,0
TX000314,C00844,1472.68,CARD,new,monthly,failed,network_error,1,0.75,233,1,300,0
TX000315,C00732,1832.03,NETBANKING,new,one_time,success,none,0,0.74,264,1,1386,0
TX000316,C01979,3910.21,CARD,returning,one_time,success,none,0,0.81,169,1,952,0
TX000317,C02191,2548.52,NETBANKING,returning,one_time,success,none,0,0.75,231,1,728,0
TX000318,C02181,1169.31,CARD,new,monthly,failed,bank_timeout,3,0.83,76,1,1481,0
TX000319,C02817,382.0,UPI,new,monthly,success,none,0,0.92,110,1,452,0
TX000320,C02306,639.06,UPI,new,monthly,failed,network_error,0,0.63,41,1,866,1
TX000321,C00963,899.94,UPI,new,yearly,failed,insufficient_funds,0,0.8,187,1,564,1
TX000322,C00324,1376.24,UPI,returning,yearly,failed,bank_timeout,0,0.8,216,0,1406,1
TX000323,C01844,713.01,WALLET,new,monthly,success,none,0,0.61,308,1,82,0
TX000324,C02749,472.41,UPI,new,yearly,success,none,0,0.82,13,1,1431,0
TX000325,C02926,376.39,CARD,returning,one_time,failed,network_error,0,0.76,287,1,1150,0
TX000326,C00691,248.13,UPI,returning,monthly,failed,insufficient_funds,0,0.77,293,1,1269,0
TX000327,C00710,887.62,UPI,new,one_time,success,none,0,0.87,288,0,662,0
TX000328,C00113,292.16,WALLET,returning,one_time,success,none,0,0.79,241,1,846,0
TX000329,C00424,445.65,UPI,returning,one_time,success,none,0,0.87,266,1,1177,0
TX000330,C01665,769.31,CARD,returning,one_time,failed,insufficient_funds,1,0.53,237,1,1059,1
TX000331,C01641,329.53,UPI,returning,yearly,failed,insufficient_funds,0,0.69,75,1,789,1
TX000332,C01113,1543.45,UPI,returning,monthly,failed,expired_card,0,0.45,198,1,1009,0
TX000333,C00930,2134.95,UPI,new,yearly,success,none,0,0.84,99,1,604,0
TX000334,C02490,668.82,CARD,returning,monthly,success,none,0,0.88,225,0,740,0
TX000335,C01381,740.02,UPI,new,monthly,failed,network_error,0,0.84,298,1,488,1
TX000336,C02425,1778.79,NETBANKING,returning,one_time,success,none,0,0.82,334,1,214,0
TX000337,C02890,576.75,CARD,returning,yearly,success,none,0,0.87,247,1,867,0
TX000338,C00952,542.15,UPI,new,one_time,success,none,0,0.79,204,1,97,0
TX000339,C00609,3219.07,UPI,returning,monthly,success,none,0,0.7,73,1,311,0
TX000340,C02859,2430.3,UPI,returning,yearly,success,none,0,0.76,101,0,20,0
TX000341,C01905,1884.46,CARD,new,monthly,failed,card_declined,3,0.74,60,0,937,0
TX000342,C00873,2522.69,UPI,returning,monthly,success,none,0,0.73,264,1,832,0
TX000343,C01866,185.02,UPI,returning,one_time,failed,network_error,0,0.62,178,1,568,0
TX000344,C01546,3708.76,UPI,returning,monthly,failed,expired_card,2,0.54,123,1,589,0
TX000345,C02717,1560.65,UPI,returning,one_time,success,none,0,0.59,204,1,1441,0
TX000346,C00768,2723.58,CARD,new,one_time,success,none,0,0.78,315,0,154,0
TX000347,C02975,1553.78,UPI,new,one_time,success,none,0,0.63,136,1,1207,0
TX000348,C02809,1146.0,UPI,returning,monthly,success,none,0,0.89,161,1,1113,0
TX000349,C00543,855.96,UPI,returning,yearly,success,none,0,0.76,132,1,227,0
TX000350,C00494,1526.04,CARD,returning,monthly,success,none,0,0.69,98,0,934,0
TX000351,C01600,828.34,CARD,returning,monthly,success,none,0,0.51,171,1,1342,0
TX000352,C00135,2394.88,UPI,returning,monthly,success,none,0,0.88,29,1,693,0
TX000353,C00897,263.01,UPI,new,one_time,failed,card_declined,1,0.9,32,1,1244,0
TX000354,C01306,673.56,CARD,returning,monthly,success,none,0,0.76,122,1,1424,0
TX000355,C02909,6907.35,UPI,returning,one_time,success,none,0,0.92,288,1,42,0
TX000356,C02978,624.24,CARD,new,monthly,success,none,0,0.81,189,1,627,0
TX000357,C00455,884.64,UPI,returning,yearly,success,none,0,0.96,167,1,1252,0
TX000358,C02676,495.55,UPI,returning,one_time,success,none,0,0.46,30,1,759,0
TX000359,C00273,1483.65,UPI,returning,one_time,failed,card_declined,1,0.92,26,1,573,0
TX000360,C02246,565.3,UPI,returning,one_time,success,none,0,0.77,356,1,1321,0
TX000361,C02537,927.92,CARD,returning,monthly,success,none,0,0.86,187,1,1485,0
TX000362,C02673,2354.26,UPI,returning,one_time,success,none,0,0.87,221,1,1382,0
TX000363,C00671,584.71,UPI,returning,monthly,success,none,0,0.77,126,1,1019,0
TX000364,C02681,2229.98,UPI,returning,one_time,failed,insufficient_funds,0,0.86,279,1,875,0
TX000365,C00348,2298.49,UPI,returning,monthly,success,none,0,0.83,289,0,823,0
TX000366,C01557,2834.05,CARD,returning,yearly,failed,network_error,1,0.69,29,0,770,1
TX000367,C01409,1244.5,CARD,returning,one_time,failed,network_error,0,0.86,194,1,1099,1
TX000368,C00948,20274.78,WALLET,new,monthly,failed,card_declined,1,0.73,148,1,262,0
TX000369,C00067,2832.97,UPI,returning,one_time,success,none,0,0.82,308,1,649,0
TX000370,C02317,1469.08,UPI,returning,one_time,success,none,0,0.91,141,1,36,0
TX000371,C01007,498.53,UPI,new,one_time,failed,network_error,0,0.96,75,1,64,1
TX000372,C01985,1004.9,NETBANKING,new,one_time,success,none,0,0.75,245,1,1253,0
TX000373,C01231,3958.79,UPI,returning,yearly,success,none,0,0.62,112,1,1393,0
TX000374,C01121,5108.09,UPI,new,monthly,failed,expired_card,0,0.79,172,1,508,0
TX000375,C02659,4148.48,CARD,new,yearly,success,none,0,0.92,87,1,1068,0
TX000376,C00284,2223.13,UPI,returning,one_time,success,none,0,0.53,92,1,1360,0
TX000377,C02210,354.22,UPI,new,monthly,success,none,0,0.62,340,1,68,0
TX000378,C02241,1700.11,UPI,returning,monthly,failed,bank_timeout,0,0.64,273,1,765,0
TX000379,C01140,358.79,CARD,returning,one_time,success,none,0,0.94,113,0,595,0
TX000380,C00788,287.52,CARD,new,monthly,failed,card_declined,1,0.76,253,1,404,0
TX000381,C00016,1360.0,UPI,returning,yearly,success,none,0,0.77,194,1,568,0
TX000382,C02811,1756.15,CARD,new,yearly,failed,card_declined,0,0.45,149,1,128,0
TX000383,C02844,2472.63,UPI,returning,yearly,failed,insufficient_funds,0,0.65,60,1,845,0
TX000384,C00723,1715.44,UPI,returning,one_time,success,none,0,0.94,319,0,684,0
TX000385,C00096,1769.46,NETBANKING,returning,yearly,success,none,0,0.75,4,1,326,0
TX000386,C00369,452.06,CARD,returning,yearly,success,none,0,0.69,52,1,1479,0
TX000387,C00203,997.77,NETBANKING,returning,monthly,success,none,0,0.81,173,1,1409,0
TX000388,C02494,282.48,CARD,returning,one_time,success,none,0,0.73,188,1,1090,0
TX000389,C02676,180.72,UPI,returning,one_time,failed,card_declined,1,0.78,215,1,1210,0
TX000390,C00460,2135.76,UPI,new,one_time,success,none,0,0.67,310,0,729,0
TX000391,C02241,556.79,UPI,returning,one_time,success,none,0,0.72,360,1,1067,0
TX000392,C00538,2404.86,UPI,returning,yearly,failed,bank_timeout,3,0.7,258,1,122,1
TX000393,C01102,2973.55,UPI,returning,yearly,success,none,0,0.95,354,1,506,0
TX000394,C01799,628.05,UPI,new,yearly,failed,insufficient_funds,2,0.86,192,0,714,1
TX000395,C02160,1865.49,UPI,returning,one_time,success,none,0,0.19,320,1,1357,0
TX000396,C02624,604.84,NETBANKING,returning,monthly,success,none,0,0.91,35,1,260,0
TX000397,C00135,208.24,UPI,returning,monthly,failed,bank_timeout,3,0.75,216,1,832,0
TX000398,C00590,1225.35,UPI,returning,monthly,success,none,0,0.62,13,1,736,0
TX000399,C00842,717.82,CARD,returning,one_time,success,none,0,0.61,289,1,26,0
TX000400,C00931,737.98,CARD,returning,yearly,success,none,0,0.74,244,1,246,0
TX000401,C02995,6488.64,UPI,returning,monthly,failed,bank_timeout,1,0.86,152,1,486,1
TX000402,C02333,277.75,CARD,returning,monthly,success,none,0,0.72,160,1,46,0
TX000403,C00962,1547.79,CARD,returning,one_time,success,none,0,0.63,358,1,1281,0
TX000404,C02916,447.95,NETBANKING,new,one_time,success,none,0,0.62,153,0,1423,0
TX000405,C01498,2483.53,UPI,new,monthly,failed,card_declined,1,0.51,364,1,1257,0
TX000406,C01503,1434.52,UPI,returning,monthly,success,none,0,0.84,143,0,1098,0
TX000407,C01302,1542.89,CARD,returning,yearly,success,none,0,0.63,336,1,1066,0
TX000408,C00432,468.53,UPI,new,one_time,failed,network_error,1,0.5,64,1,1350,1
TX000409,C02804,550.58,CARD,returning,one_time,success,none,0,0.64,45,1,653,0
TX000410,C00042,2526.34,CARD,new,yearly,success,none,0,0.56,204,1,383,0
TX000411,C00523,5397.64,CARD,returning,monthly,failed,network_error,1,0.84,339,1,470,1
TX000412,C00689,1689.65,WALLET,new,monthly,success,none,0,0.58,139,1,781,0
TX000413,C00838,488.98,CARD,returning,yearly,success,none,0,0.65,140,1,377,0
TX000414,C00396,1487.79,NETBANKING,returning,monthly,success,none,0,0.87,27,1,636,0
TX000415,C00054,9747.1,CARD,returning,monthly,failed,network_error,1,0.72,202,0,312,0
TX000416,C02033,1202.53,UPI,returning,one_time,success,none,0,0.62,338,1,449,0
TX000417,C02908,4087.37,CARD,returning,monthly,success,none,0,0.75,120,1,1005,0
TX000418,C00366,563.24,CARD,returning,monthly,failed,insufficient_funds,0,0.62,182,1,782,0
TX000419,C00890,1055.87,WALLET,returning,monthly,success,none,0,0.87,127,0,718,0
TX000420,C01519,1915.26,UPI,returning,monthly,success,none,0,0.69,91,1,1468,0
TX000421,C02783,1568.06,UPI,returning,one_time,success,none,0,0.68,68,1,1145,0
TX000422,C02083,550.18,NETBANKING,new,one_time,success,none,0,0.66,257,0,574,0
TX000423,C02299,529.24,UPI,returning,monthly,failed,insufficient_funds,2,0.86,198,1,332,0
TX000424,C01744,2668.99,CARD,new,monthly,failed,card_declined,0,0.72,310,1,424,0
TX000425,C01252,3204.77,UPI,returning,one_time,success,none,0,0.59,89,1,147,0
TX000426,C00600,4276.67,UPI,new,yearly,success,none,0,0.73,110,1,51,0
TX000427,C02593,5561.02,UPI,returning,one_time,success,none,0,0.48,252,1,279,0
TX000428,C02413,1237.88,NETBANKING,returning,monthly,success,none,0,0.75,339,1,49,0
TX000429,C00076,828.75,UPI,returning,monthly,success,none,0,0.88,46,1,1177,0
TX000430,C02147,3699.27,CARD,returning,monthly,success,none,0,0.77,216,1,750,0
TX000431,C00254,2083.41,CARD,new,one_time,failed,insufficient_funds,1,0.65,39,1,833,0
TX000432,C02217,452.95,CARD,new,one_time,success,none,0,0.88,95,1,917,0
TX000433,C02478,432.56,UPI,new,one_time,failed,expired_card,1,0.94,8,1,574,0
TX000434,C00394,1707.42,UPI,returning,one_time,success,none,0,0.85,256,1,1233,0
TX000435,C01302,934.91,NETBANKING,returning,one_time,failed,card_declined,3,0.73,244,0,133,0
TX000436,C00372,1070.86,UPI,new,monthly,success,none,0,0.9,226,1,502,0
TX000437,C01702,2879.24,UPI,returning,monthly,success,none,0,0.69,337,1,807,0
TX000438,C02783,2171.41,NETBANKING,returning,one_time,success,none,0,0.81,337,1,991,0
TX000439,C00243,3629.63,UPI,returning,monthly,success,none,0,0.7,196,1,850,0
TX000440,C01193,192.79,UPI,returning,one_time,success,none,0,0.94,323,1,8,0
TX000441,C02920,1377.54,WALLET,returning,yearly,failed,bank_timeout,0,0.81,25,1,361,0
TX000442,C00903,2049.23,UPI,returning,monthly,success,none,0,0.73,220,1,72,0
TX000443,C00397,277.57,UPI,new,monthly,failed,bank_timeout,0,0.63,276,1,243,1
TX000444,C01466,608.25,UPI,returning,one_time,success,none,0,0.94,231,1,1243,0
TX000445,C01526,514.69,CARD,returning,monthly,failed,bank_timeout,0,0.82,133,1,501,0
TX000446,C01989,1118.26,NETBANKING,new,one_time,success,none,0,0.8,78,0,271,0
TX000447,C00942,4746.05,CARD,new,yearly,success,none,0,0.8,7,1,45,0
TX000448,C02867,6770.5,WALLET,returning,one_time,success,none,0,0.86,272,1,1112,0
TX000449,C01564,526.97,UPI,returning,monthly,failed,card_declined,1,0.68,2,1,956,1
TX000450,C00860,1761.47,CARD,returning,monthly,success,none,0,0.78,299,0,1227,0
TX000451,C02881,1813.33,UPI,returning,monthly,success,none,0,0.89,337,1,1224,0
TX000452,C02775,1554.43,NETBANKING,returning,monthly,failed,network_error,0,0.51,362,1,1456,0
TX000453,C01498,1570.39,NETBANKING,new,yearly,success,none,0,0.58,98,0,421,0
TX000454,C00075,1441.4,UPI,returning,one_time,failed,card_declined,1,0.84,81,1,296,1
TX000455,C01791,5008.11,NETBANKING,new,one_time,success,none,0,0.72,273,1,324,0
TX000456,C01666,2957.86,CARD,new,yearly,success,none,0,0.73,203,1,1248,0
TX000457,C00445,422.36,UPI,returning,one_time,failed,card_declined,1,0.61,78,1,1173,0
TX000458,C01902,2244.3,CARD,new,monthly,success,none,0,0.79,354,1,353,0
TX000459,C02523,2448.27,WALLET,new,one_time,success,none,0,0.69,170,0,1044,0
TX000460,C00318,1456.03,UPI,new,one_time,success,none,0,0.79,262,1,277,0
TX000461,C02170,3035.96,UPI,returning,one_time,success,none,0,0.94,109,1,576,0
TX000462,C00422,1298.89,WALLET,returning,yearly,success,none,0,0.92,121,1,933,0
TX000463,C02247,1313.46,UPI,new,one_time,success,none,0,0.88,362,1,1473,0
TX000464,C01258,1223.07,UPI,returning,one_time,failed,card_declined,0,0.73,17,1,220,0
TX000465,C00020,178.32,CARD,returning,one_time,success,none,0,0.76,163,1,291,0
TX000466,C02899,1020.09,CARD,returning,one_time,success,none,0,0.41,357,1,1011,0
TX000467,C00498,600.99,UPI,new,one_time,success,none,0,0.8,364,1,604,0
TX000468,C01789,376.98,UPI,new,yearly,success,none,0,0.62,234,1,1174,0
TX000469,C00545,3986.29,NETBANKING,returning,monthly,failed,insufficient_funds,0,0.89,30,1,279,0
TX000470,C02800,1726.39,UPI,new,one_time,failed,card_declined,1,0.71,299,1,1307,0
TX000471,C02215,1067.58,CARD,returning,one_time,failed,expired_card,3,0.88,84,1,618,0
TX000472,C02414,659.63,NETBANKING,new,one_time,failed,card_declined,2,0.83,29,1,179,0
TX000473,C01297,1431.61,UPI,returning,one_time,failed,bank_timeout,2,0.8,228,0,1417,0
TX000474,C01403,2676.57,NETBANKING,returning,one_time,success,none,0,0.69,211,1,161,0
TX000475,C01903,520.99,CARD,returning,yearly,success,none,0,0.62,95,1,642,0
TX000476,C02355,1091.88,NETBANKING,returning,one_time,success,none,0,0.57,336,1,835,0
TX000477,C02541,2395.29,UPI,new,one_time,failed,bank_timeout,0,0.67,225,1,924,1
TX000478,C00054,192.02,UPI,new,monthly,success,none,0,0.71,230,1,1003,0
TX000479,C01991,1041.26,CARD,returning,one_time,failed,insufficient_funds,0,0.8,59,1,1409,0
TX000480,C00328,745.19,NETBANKING,returning,monthly,success,none,0,0.63,139,1,1113,0
TX000481,C00864,972.19,WALLET,returning,monthly,success,none,0,0.81,208,1,193,0
TX000482,C02489,698.22,UPI,returning,one_time,failed,insufficient_funds,3,0.87,109,1,202,1
TX000483,C00752,1241.24,UPI,returning,yearly,success,none,0,0.57,213,1,1236,0
TX000484,C02391,6193.55,UPI,new,one_time,success,none,0,0.89,37,1,1043,0
TX000485,C01390,819.32,CARD,new,one_time,success,none,0,0.65,244,0,648,0
TX000486,C00698,1425.87,NETBANKING,new,monthly,success,none,0,0.95,2,1,840,0
TX000487,C01003,6602.95,CARD,returning,monthly,failed,insufficient_funds,2,0.55,284,0,1426,1
TX000488,C01593,668.47,UPI,returning,one_time,success,none,0,0.7,125,1,362,0
TX000489,C02296,5615.06,WALLET,returning,one_time,success,none,0,0.72,340,1,1293,0
TX000490,C01819,1101.9,UPI,returning,yearly,success,none,0,0.59,207,0,373,0
TX000491,C02800,5451.83,UPI,new,monthly,success,none,0,0.72,134,1,741,0
TX000492,C02604,2154.21,CARD,new,monthly,success,none,0,0.82,328,0,1459,0
TX000493,C02261,1445.77,UPI,new,monthly,success,none,0,0.71,226,1,369,0
TX000494,C01810,1033.73,CARD,new,monthly,success,none,0,0.66,359,1,1179,0
TX000495,C00870,625.38,CARD,returning,monthly,failed,network_error,0,0.58,53,1,144,0
TX000496,C01238,1174.05,UPI,new,one_time,failed,card_declined,1,0.66,36,1,372,0
TX000497,C00357,2459.28,UPI,returning,one_time,success,none,0,0.73,350,1,309,0
TX000498,C01123,1083.77,UPI,returning,monthly,success,none,0,0.57,105,1,202,0
TX000499,C02780,824.72,CARD,returning,monthly,success,none,0,0.84,262,1,174,0
TX000500,C01278,875.06,UPI,new,monthly,success,none,0,0.76,12,1,1132,0
TX000501,C00342,2679.08,UPI,returning,monthly,failed,card_declined,0,0.91,39,1,1022,0
TX000502,C01956,3303.19,UPI,new,monthly,success,none,0,0.64,126,0,456,0
TX000503,C02888,601.58,CARD,new,one_time,failed,card_declined,1,0.52,302,1,1148,0
TX000504,C02603,600.81,UPI,returning,monthly,success,none,0,0.85,238,1,11,0
TX000505,C00823,1542.91,UPI,returning,yearly,success,none,0,0.85,28,1,345,0
TX000506,C01362,4336.31,UPI,returning,monthly,success,none,0,0.42,152,0,963,0
TX000507,C01594,3076.02,UPI,returning,yearly,success,none,0,0.82,122,0,1221,0
TX000508,C00744,355.43,UPI,new,yearly,success,none,0,0.56,296,1,768,0
TX000509,C00807,864.66,UPI,returning,one_time,failed,insufficient_funds,1,0.84,33,1,523,0
TX000510,C00710,474.59,CARD,new,monthly,success,none,0,0.86,25,1,313,0
TX000511,C02984,861.99,UPI,returning,monthly,success,none,0,0.94,120,1,769,0
TX000512,C02239,4646.96,UPI,returning,monthly,failed,card_declined,3,0.59,233,1,1377,0
TX000513,C02523,304.8,WALLET,new,monthly,success,none,0,0.68,289,1,1431,0
TX000514,C02450,255.45,UPI,returning,one_time,failed,card_declined,0,0.57,364,1,1122,0
TX000515,C02878,520.25,UPI,new,one_time,success,none,0,0.76,306,0,5,0
TX000516,C00316,1420.24,UPI,returning,one_time,success,none,0,0.76,69,0,321,0
TX000517,C02645,1917.31,UPI,new,one_time,success,none,0,0.74,139,1,602,0
TX000518,C00200,1625.72,UPI,returning,one_time,success,none,0,0.91,352,1,1491,0
TX000519,C01427,3159.34,NETBANKING,new,one_time,failed,bank_timeout,0,0.56,206,1,1087,0
TX000520,C01784,224.35,UPI,returning,one_time,success,none,0,0.5,280,1,514,0
TX000521,C01074,3195.51,CARD,new,monthly,success,none,0,0.83,265,1,762,0
TX000522,C00439,828.08,WALLET,returning,monthly,success,none,0,0.85,118,1,381,0
TX000523,C00577,2118.25,UPI,returning,monthly,success,none,0,0.84,166,1,1050,0
TX000524,C02474,333.26,CARD,new,one_time,success,none,0,0.8,155,1,150,0
TX000525,C00957,1101.54,UPI,new,yearly,success,none,0,0.79,344,1,79,0
TX000526,C00932,1356.47,UPI,returning,one_time,success,none,0,0.88,39,1,979,0
TX000527,C02771,3103.16,NETBANKING,returning,monthly,success,none,0,0.75,56,0,768,0
TX000528,C00432,263.29,UPI,returning,yearly,success,none,0,0.86,249,1,896,0
TX000529,C02746,1127.41,WALLET,new,yearly,success,none,0,0.7,223,0,431,0
TX000530,C02763,412.93,CARD,returning,monthly,success,none,0,0.69,205,0,665,0
TX000531,C01796,1728.39,UPI,returning,one_time,success,none,0,0.54,189,1,946,0
TX000532,C00497,2207.23,UPI,returning,monthly,success,none,0,0.95,66,1,666,0
TX000533,C00468,3492.78,CARD,new,monthly,failed,insufficient_funds,1,0.63,86,1,1229,0
TX000534,C00855,677.54,UPI,new,monthly,failed,bank_timeout,1,0.78,192,1,792,1
TX000535,C01733,2526.28,UPI,returning,one_time,failed,expired_card,2,0.9,24,0,332,0
TX000536,C00461,3732.42,UPI,returning,yearly,failed,network_error,0,0.63,349,1,121,0
TX000537,C01367,249.9,UPI,returning,yearly,success,none,0,0.92,354,1,27,0
TX000538,C00347,1902.85,WALLET,returning,monthly,success,none,0,0.74,353,1,701,0
TX000539,C01621,2598.42,UPI,new,yearly,success,none,0,0.58,249,0,1289,0
TX000540,C00064,868.83,UPI,returning,monthly,failed,bank_timeout,1,0.9,290,1,1368,0
TX000541,C02128,368.82,CARD,returning,one_time,success,none,0,0.63,85,1,1182,0
TX000542,C00167,2562.3,CARD,returning,monthly,failed,insufficient_funds,2,0.67,52,1,1254,0
TX000543,C00585,372.58,NETBANKING,returning,monthly,failed,network_error,0,0.73,243,1,478,0
TX000544,C00524,934.01,NETBANKING,returning,monthly,success,none,0,0.85,133,1,974,0
TX000545,C02493,1057.74,UPI,new,one_time,success,none,0,0.82,334,1,763,0
TX000546,C00161,2088.05,UPI,returning,monthly,success,none,0,0.89,222,1,1386,0
TX000547,C01288,623.93,CARD,returning,one_time,success,none,0,0.98,88,0,37,0
TX000548,C01774,592.22,UPI,returning,monthly,success,none,0,0.82,64,1,1463,0
TX000549,C01548,1198.74,CARD,returning,yearly,success,none,0,0.89,81,1,552,0
TX000550,C02043,2712.84,UPI,new,one_time,success,none,0,0.84,319,1,1065,0
TX000551,C02410,8593.02,NETBANKING,returning,monthly,success,none,0,0.63,314,1,614,0
TX000552,C01181,282.38,CARD,returning,one_time,success,none,0,0.67,252,1,170,0
TX000553,C02485,1456.52,CARD,returning,monthly,success,none,0,0.95,228,1,1312,0
TX000554,C00954,412.45,UPI,returning,yearly,failed,bank_timeout,0,0.7,100,1,77,0
TX000555,C02954,2743.34,WALLET,returning,one_time,failed,insufficient_funds,0,0.91,92,1,166,0
TX000556,C01514,471.21,CARD,returning,one_time,success,none,0,0.66,319,0,1186,0
TX000557,C02209,597.54,NETBANKING,new,yearly,failed,bank_timeout,0,0.75,178,1,1288,0
TX000558,C02626,645.26,NETBANKING,returning,one_time,failed,bank_timeout,0,0.8,252,1,867,1
TX000559,C02378,1023.95,UPI,returning,one_time,success,none,0,0.94,352,1,259,0
TX000560,C02554,1466.86,UPI,returning,monthly,success,none,0,0.53,299,1,872,0
TX000561,C01610,1694.82,UPI,returning,one_time,success,none,0,0.76,242,1,791,0
TX000562,C00131,1090.96,CARD,new,one_time,success,none,0,0.73,234,1,820,0
TX000563,C01480,331.32,CARD,new,monthly,failed,network_error,0,0.89,271,1,169,0
TX000564,C00545,2111.19,UPI,returning,monthly,failed,network_error,0,0.52,350,0,65,1
TX000565,C02668,1045.59,WALLET,returning,one_time,success,none,0,0.62,243,0,779,0
TX000566,C00711,3119.92,UPI,returning,monthly,success,none,0,0.92,313,1,130,0
TX000567,C00685,580.0,CARD,new,one_time,success,none,0,0.77,345,1,1462,0
TX000568,C00749,259.29,UPI,returning,one_time,success,none,0,0.94,345,1,340,0
TX000569,C01928,1063.56,UPI,returning,yearly,failed,expired_card,3,0.77,252,0,1261,1
TX000570,C01714,3520.5,UPI,new,monthly,success,none,0,0.69,338,0,915,0
TX000571,C02847,1267.56,CARD,returning,monthly,success,none,0,0.44,179,1,686,0
TX000572,C01249,916.26,CARD,returning,monthly,success,none,0,0.47,226,1,836,0
TX000573,C00847,501.04,UPI,returning,monthly,success,none,0,0.79,262,1,117,0
TX000574,C00148,5334.71,UPI,returning,monthly,success,none,0,0.64,311,0,11,0
TX000575,C00022,434.14,CARD,returning,one_time,success,none,0,0.86,63,1,571,0
TX000576,C01121,570.86,UPI,new,one_time,success,none,0,0.85,135,1,595,0
TX000577,C02778,1831.76,CARD,new,one_time,failed,bank_timeout,2,0.48,290,1,533,0
TX000578,C01572,206.35,UPI,new,yearly,success,none,0,0.88,37,1,221,0
TX000579,C02681,3453.46,NETBANKING,returning,monthly,success,none,0,0.5,155,1,288,0
TX000580,C00306,1923.25,CARD,returning,one_time,failed,bank_timeout,0,0.57,178,1,534,1
TX000581,C00280,2463.43,UPI,returning,one_time,success,none,0,0.82,148,1,1208,0
TX000582,C02501,1812.22,CARD,returning,yearly,success,none,0,0.72,47,1,740,0
TX000583,C00321,948.6,UPI,returning,one_time,failed,card_declined,1,0.67,228,1,565,1
TX000584,C00156,421.22,NETBANKING,new,monthly,success,none,0,0.69,76,1,676,0
TX000585,C01213,966.74,CARD,new,monthly,success,none,0,0.83,42,1,407,0
TX000586,C02775,455.91,UPI,returning,yearly,failed,insufficient_funds,2,0.83,214,0,1212,0
TX000587,C02069,1698.57,CARD,returning,one_time,success,none,0,0.79,22,0,1146,0
TX000588,C00298,2266.75,UPI,returning,monthly,failed,bank_timeout,0,0.63,94,1,125,1
TX000589,C02512,4142.8,NETBANKING,returning,one_time,success,none,0,0.75,313,1,414,0
TX000590,C02531,1532.4,NETBANKING,returning,yearly,success,none,0,0.59,6,1,325,0
TX000591,C02403,2520.26,CARD,new,one_time,success,none,0,0.88,19,1,1430,0
TX000592,C02708,839.3,UPI,returning,monthly,success,none,0,0.72,107,1,748,0
TX000593,C00720,713.05,CARD,returning,monthly,success,none,0,0.84,83,1,535,0
TX000594,C02939,1679.59,UPI,returning,yearly,success,none,0,0.68,204,1,1120,0
TX000595,C00963,774.47,UPI,new,one_time,success,none,0,0.51,80,1,528,0
TX000596,C02407,1397.26,NETBANKING,returning,one_time,success,none,0,0.49,179,1,1317,0
TX000597,C01739,421.97,UPI,new,monthly,failed,insufficient_funds,0,0.82,29,1,409,0
TX000598,C02339,495.98,UPI,new,one_time,failed,card_declined,1,0.73,115,1,731,0
TX000599,C01884,1942.77,UPI,returning,one_time,success,none,0,0.89,99,1,12,0
TX000600,C01928,2435.78,WALLET,returning,one_time,failed,bank_timeout,2,0.8,261,1,1379,1
TX000601,C01849,451.65,NETBANKING,returning,yearly,success,none,0,0.79,55,1,1026,0
TX000602,C02337,2005.31,UPI,new,monthly,success,none,0,0.54,94,1,889,0
TX000603,C02218,678.94,UPI,new,monthly,success,none,0,0.66,277,1,934,0
TX000604,C00404,1113.04,NETBANKING,returning,yearly,success,none,0,0.86,262,1,1254,0
TX000605,C02479,3925.5,UPI,returning,monthly,failed,card_declined,0,0.75,126,1,845,0
TX000606,C01609,2268.19,WALLET,returning,monthly,failed,expired_card,1,0.7,75,0,541,0
TX000607,C00970,2244.6,NETBANKING,new,one_time,failed,card_declined,0,0.4,334,1,1106,0
TX000608,C01543,6111.4,CARD,returning,monthly,success,none,0,0.6,27,1,455,0
TX000609,C02901,582.02,UPI,new,monthly,success,none,0,0.85,317,1,1209,0
TX000610,C02573,451.56,CARD,new,one_time,failed,network_error,0,0.81,132,1,1128,0
TX000611,C02502,572.54,WALLET,returning,yearly,failed,insufficient_funds,2,0.77,108,1,318,0
TX000612,C01389,872.14,UPI,new,one_time,failed,bank_timeout,0,0.72,313,1,819,0
TX000613,C02353,131.75,NETBANKING,returning,one_time,success,none,0,0.74,329,1,502,0
TX000614,C01156,909.88,UPI,returning,monthly,success,none,0,0.84,269,1,842,0
TX000615,C02059,671.75,WALLET,returning,yearly,success,none,0,0.87,22,1,100,0
TX000616,C01919,2220.27,CARD,returning,one_time,success,none,0,0.91,257,1,1174,0
TX000617,C00750,1505.95,UPI,returning,one_time,success,none,0,0.62,311,1,1416,0
TX000618,C00800,638.66,UPI,returning,monthly,failed,card_declined,0,0.65,29,1,995,0
TX000619,C00184,1864.9,UPI,returning,yearly,success,none,0,0.79,334,1,847,0
TX000620,C00420,2102.61,UPI,returning,one_time,success,none,0,0.6,66,1,355,0
TX000621,C01301,549.12,NETBANKING,returning,one_time,success,none,0,0.52,193,0,1238,0
TX000622,C01434,703.65,UPI,returning,yearly,failed,insufficient_funds,2,0.72,240,1,204,0
TX000623,C00496,147.99,WALLET,new,monthly,success,none,0,0.63,120,0,779,0
TX000624,C01251,410.92,UPI,new,one_time,success,none,0,0.81,249,1,24,0
TX000625,C01813,562.15,CARD,returning,one_time,success,none,0,0.88,131,1,1228,0
TX000626,C00698,1172.33,WALLET,returning,monthly,success,none,0,0.77,150,1,1092,0
TX000627,C01015,468.32,CARD,new,monthly,success,none,0,0.88,21,1,885,0
TX000628,C01103,690.83,NETBANKING,returning,one_time,failed,insufficient_funds,1,0.74,334,1,836,0
TX000629,C01516,364.02,WALLET,new,one_time,failed,network_error,1,0.65,91,1,26,0
TX000630,C01100,1279.22,CARD,returning,yearly,success,none,0,0.91,354,0,544,0
TX000631,C02211,1608.64,CARD,returning,monthly,failed,card_declined,1,0.66,102,1,618,1
TX000632,C00983,1575.19,UPI,returning,monthly,success,none,0,0.55,56,1,178,0
TX000633,C01302,1108.9,UPI,returning,one_time,success,none,0,0.78,145,1,539,0
TX000634,C01139,273.97,UPI,new,one_time,failed,bank_timeout,0,0.78,82,1,290,0
TX000635,C00549,627.69,NETBANKING,returning,yearly,failed,card_declined,1,0.76,276,0,811,0
TX000636,C02058,760.08,CARD,returning,monthly,success,none,0,0.89,356,1,964,0
TX000637,C00707,762.83,CARD,new,one_time,success,none,0,0.78,229,1,712,0
TX000638,C00891,1173.19,NETBANKING,new,monthly,success,none,0,0.81,293,1,227,0
TX000639,C02379,3955.99,UPI,returning,one_time,success,none,0,0.8,313,1,297,0
TX000640,C02847,2277.62,WALLET,new,one_time,failed,card_declined,1,0.72,85,1,822,0
TX000641,C02013,450.89,UPI,returning,one_time,success,none,0,0.58,351,1,317,0
TX000642,C02750,2019.41,UPI,returning,yearly,failed,bank_timeout,1,0.83,328,1,650,0
TX000643,C02563,1951.34,CARD,new,monthly,failed,network_error,1,0.61,344,1,1087,0
TX000644,C01443,530.88,UPI,returning,monthly,failed,card_declined,1,0.83,233,1,1023,0
TX000645,C02311,2354.25,CARD,returning,one_time,failed,card_declined,0,0.87,329,1,474,0
TX000646,C00986,949.24,CARD,returning,yearly,success,none,0,0.93,202,1,1239,0
TX000647,C01382,308.29,NETBANKING,returning,one_time,success,none,0,0.81,267,1,1087,0
TX000648,C01607,1651.9,UPI,new,one_time,success,none,0,0.8,272,0,1363,0
TX000649,C02882,1333.1,UPI,returning,yearly,success,none,0,0.9,325,0,724,0
TX000650,C02546,893.45,UPI,new,yearly,success,none,0,0.73,82,1,1420,0
TX000651,C01468,1060.28,UPI,returning,one_time,success,none,0,0.79,14,1,997,0
TX000652,C01958,574.11,UPI,returning,one_time,failed,expired_card,1,0.47,149,1,692,0
TX000653,C00608,1899.07,UPI,new,monthly,success,none,0,0.88,298,0,513,0
TX000654,C02414,1054.58,NETBANKING,returning,one_time,success,none,0,0.39,155,1,1050,0
TX000655,C01660,1273.86,NETBANKING,returning,monthly,failed,expired_card,1,0.79,134,1,1005,0
TX000656,C01599,1512.36,NETBANKING,returning,monthly,success,none,0,0.76,145,1,965,0
TX000657,C02299,387.95,UPI,returning,monthly,success,none,0,0.8,237,1,572,0
TX000658,C01899,490.36,CARD,new,one_time,failed,expired_card,0,0.39,35,1,782,0
TX000659,C00218,150.06,UPI,new,monthly,success,none,0,0.46,310,0,973,0
TX000660,C00865,1823.05,UPI,new,yearly,success,none,0,0.85,152,1,881,0
TX000661,C00531,368.34,UPI,returning,monthly,success,none,0,0.91,238,1,1086,0
TX000662,C02205,1235.6,NETBANKING,returning,one_time,success,none,0,0.65,55,1,1149,0
TX000663,C00106,1531.33,CARD,returning,yearly,failed,insufficient_funds,0,0.77,342,1,1439,0
TX000664,C00608,1885.82,UPI,returning,one_time,success,none,0,0.56,228,1,1285,0
TX000665,C01793,371.07,CARD,returning,one_time,failed,bank_timeout,3,0.95,68,1,238,1
TX000666,C02085,1034.17,WALLET,new,one_time,failed,bank_timeout,2,0.81,330,1,340,0
TX000667,C01510,4930.78,UPI,new,one_time,success,none,0,0.9,206,1,52,0
TX000668,C02583,5130.11,NETBANKING,returning,one_time,success,none,0,0.94,271,1,120,0
TX000669,C02757,2666.68,UPI,new,monthly,failed,card_declined,1,0.93,284,1,15,0
TX000670,C00397,1485.85,UPI,returning,one_time,success,none,0,0.84,161,1,324,0
TX000671,C02858,443.81,NETBANKING,new,one_time,failed,bank_timeout,1,0.83,120,1,295,1
TX000672,C01844,2093.85,UPI,returning,yearly,failed,bank_timeout,3,0.89,173,1,1193,1
TX000673,C01909,951.25,CARD,returning,one_time,failed,insufficient_funds,0,0.69,309,1,962,0
TX000674,C00286,1816.15,UPI,returning,monthly,success,none,0,0.88,222,1,845,0
TX000675,C01866,620.45,CARD,returning,yearly,failed,insufficient_funds,0,0.73,19,1,299,1
TX000676,C02178,938.57,CARD,returning,one_time,success,none,0,0.55,346,1,966,0
TX000677,C01743,1271.22,NETBANKING,new,one_time,success,none,0,0.88,159,1,1482,0
TX000678,C00254,1368.75,NETBANKING,returning,one_time,success,none,0,0.65,348,1,1134,0
TX000679,C01570,1710.17,CARD,new,monthly,success,none,0,0.47,18,0,84,0
TX000680,C02808,651.14,UPI,new,one_time,failed,insufficient_funds,2,0.61,258,1,306,0
TX000681,C02171,327.35,UPI,returning,yearly,success,none,0,0.84,11,1,57,0
TX000682,C00413,4732.96,CARD,new,monthly,failed,insufficient_funds,2,0.51,160,1,1023,0
TX000683,C02880,10304.43,UPI,new,monthly,success,none,0,0.48,281,1,1457,0
TX000684,C02877,1640.37,UPI,returning,yearly,failed,card_declined,2,0.57,81,1,249,1
TX000685,C00509,333.09,WALLET,returning,one_time,failed,insufficient_funds,2,0.67,26,1,1413,0
TX000686,C02403,546.82,UPI,returning,monthly,failed,network_error,0,0.53,62,0,829,1
TX000687,C01221,1734.03,UPI,new,monthly,failed,insufficient_funds,0,0.91,80,1,778,0
TX000688,C01782,3666.54,NETBANKING,returning,monthly,success,none,0,0.66,3,1,191,0
TX000689,C01336,368.12,CARD,returning,monthly,success,none,0,0.96,349,1,24,0
TX000690,C02348,980.54,CARD,returning,one_time,success,none,0,0.89,134,0,364,0
TX000691,C02990,1308.11,UPI,new,monthly,success,none,0,0.86,222,1,785,0
TX000692,C02386,2387.78,UPI,returning,monthly,success,none,0,0.88,23,1,896,0
TX000693,C02795,804.93,CARD,returning,monthly,failed,insufficient_funds,0,0.8,310,1,177,0
TX000694,C02839,268.42,UPI,new,yearly,failed,bank_timeout,0,0.73,253,1,1426,0
TX000695,C00271,1918.08,CARD,new,monthly,success,none,0,0.67,194,1,273,0
TX000696,C00761,3017.9,UPI,returning,yearly,success,none,0,0.59,54,1,571,0
TX000697,C02166,1018.07,UPI,new,one_time,success,none,0,0.44,161,1,615,0
TX000698,C01771,1579.27,UPI,new,one_time,failed,bank_timeout,0,0.9,296,1,958,1
TX000699,C00151,715.48,UPI,returning,one_time,success,none,0,0.68,232,0,1297,0
TX000700,C00286,512.25,UPI,new,one_time,success,none,0,0.68,110,1,1275,0
TX000701,C01562,2762.2,CARD,new,monthly,failed,insufficient_funds,0,0.71,50,0,1318,0
TX000702,C01849,1554.25,CARD,returning,one_time,success,none,0,0.88,313,1,445,0
TX000703,C00504,1705.02,UPI,returning,monthly,success,none,0,0.34,334,1,761,0
TX000704,C00514,4238.24,CARD,returning,yearly,success,none,0,0.76,6,1,1299,0
TX000705,C00389,424.39,UPI,new,monthly,success,none,0,0.75,64,1,993,0
TX000706,C01695,667.26,UPI,new,one_time,success,none,0,0.45,38,1,1027,0
TX000707,C00024,1264.13,NETBANKING,returning,yearly,success,none,0,0.68,345,0,708,0
TX000708,C01718,659.92,CARD,returning,monthly,success,none,0,0.76,286,1,339,0
TX000709,C01428,2219.02,CARD,returning,monthly,success,none,0,0.84,198,1,153,0
TX000710,C01398,926.43,UPI,new,one_time,failed,card_declined,1,0.88,232,1,702,0
TX000711,C02038,448.86,UPI,new,monthly,success,none,0,0.66,142,1,1081,0
TX000712,C01568,1163.51,CARD,new,one_time,failed,insufficient_funds,1,0.82,52,0,1206,0
TX000713,C02184,1278.32,CARD,returning,one_time,success,none,0,0.41,327,1,1353,0
TX000714,C02292,2543.29,CARD,returning,one_time,failed,bank_timeout,2,0.47,328,1,706,1
TX000715,C02761,1562.16,WALLET,new,monthly,success,none,0,0.61,89,0,1375,0
TX000716,C02398,1660.76,UPI,returning,one_time,success,none,0,0.52,246,1,1058,0
TX000717,C01554,1463.03,NETBANKING,returning,one_time,success,none,0,0.67,337,1,1204,0
TX000718,C01477,925.75,CARD,returning,monthly,success,none,0,0.77,183,1,397,0
TX000719,C00708,575.59,UPI,returning,one_time,success,none,0,0.95,6,0,253,0
TX000720,C01799,1422.19,UPI,new,one_time,success,none,0,0.57,265,1,379,0
TX000721,C00418,812.56,CARD,returning,yearly,success,none,0,0.76,159,1,261,0
TX000722,C02794,5018.27,UPI,new,yearly,success,none,0,0.29,230,1,1186,0
TX000723,C02536,3670.06,CARD,new,yearly,success,none,0,0.64,260,0,991,0
TX000724,C00360,1938.28,CARD,new,monthly,failed,insufficient_funds,0,0.86,1,1,663,0
TX000725,C02358,1541.67,UPI,returning,one_time,failed,network_error,0,0.45,310,1,314,1
TX000726,C00352,1013.17,UPI,new,one_time,failed,bank_timeout,2,0.76,327,0,1023,0
TX000727,C02164,352.48,CARD,returning,monthly,failed,network_error,0,0.68,80,1,709,0
TX000728,C00264,902.75,UPI,returning,yearly,failed,insufficient_funds,0,0.82,304,1,1480,0
TX000729,C01465,1201.42,NETBANKING,returning,one_time,success,none,0,0.83,224,0,485,0
TX000730,C01974,1348.18,UPI,returning,one_time,failed,insufficient_funds,0,0.91,211,0,1487,1
TX000731,C02187,1673.35,WALLET,returning,monthly,success,none,0,0.85,224,1,756,0
TX000732,C01256,2512.91,UPI,returning,monthly,success,none,0,0.9,192,1,723,0
TX000733,C02765,588.2,UPI,returning,one_time,failed,network_error,0,0.74,353,1,1148,1
TX000734,C02323,593.02,CARD,returning,yearly,success,none,0,0.61,293,1,845,0
TX000735,C00625,4047.16,UPI,returning,monthly,success,none,0,0.54,184,1,51,0
TX000736,C02014,2194.88,UPI,new,yearly,success,none,0,0.77,53,0,465,0
TX000737,C02192,771.48,UPI,returning,one_time,failed,card_declined,1,0.69,307,1,163,0
TX000738,C01001,995.76,CARD,returning,one_time,success,none,0,0.5,344,1,888,0
TX000739,C02215,999.8,CARD,returning,one_time,failed,card_declined,0,0.87,284,1,948,0
TX000740,C02696,1128.24,UPI,returning,one_time,success,none,0,0.55,341,1,1252,0
TX000741,C02452,1678.1,UPI,new,one_time,success,none,0,0.69,236,1,1207,0
TX000742,C02288,10737.46,UPI,returning,one_time,success,none,0,0.87,158,1,242,0
TX000743,C01904,1300.86,WALLET,returning,one_time,failed,bank_timeout,1,0.57,170,0,707,0
TX000744,C00812,1990.89,UPI,returning,monthly,success,none,0,0.92,218,0,105,0
TX000745,C02386,240.37,CARD,returning,one_time,success,none,0,0.84,1,1,775,0
TX000746,C01093,708.81,UPI,returning,one_time,success,none,0,0.77,241,0,639,0
TX000747,C01597,3314.07,CARD,new,monthly,success,none,0,0.56,22,1,820,0
TX000748,C00944,1575.12,WALLET,returning,one_time,failed,card_declined,0,0.73,288,1,753,0
TX000749,C00940,100.0,UPI,new,one_time,success,none,0,0.67,291,0,1458,0
TX000750,C00473,2011.47,CARD,returning,yearly,failed,insufficient_funds,1,0.69,302,0,43,0
TX000751,C02884,6163.18,UPI,new,monthly,success,none,0,0.52,116,1,1028,0
TX000752,C00444,181.94,CARD,new,monthly,failed,bank_timeout,0,0.57,258,1,541,0
TX000753,C00259,4304.64,UPI,returning,one_time,success,none,0,0.79,105,1,1192,0
TX000754,C02809,100.0,UPI,new,monthly,failed,insufficient_funds,0,0.97,298,1,216,0
TX000755,C01666,2550.89,UPI,returning,one_time,success,none,0,0.92,129,1,1486,0
TX000756,C01314,1088.13,UPI,returning,one_time,success,none,0,0.8,102,1,1463,0
TX000757,C02213,132.29,WALLET,new,monthly,success,none,0,0.53,28,1,1348,0
TX000758,C01150,1638.48,CARD,returning,yearly,failed,bank_timeout,1,0.68,179,1,924,0
TX000759,C00384,3089.47,UPI,new,monthly,failed,expired_card,1,0.64,49,1,1013,0
TX000760,C02190,1521.57,UPI,returning,one_time,success,none,0,0.75,323,0,959,0
TX000761,C00528,1856.31,CARD,returning,monthly,success,none,0,0.61,234,1,921,0
TX000762,C01659,757.1,UPI,returning,monthly,success,none,0,0.64,252,1,17,0
TX000763,C02848,205.36,UPI,new,monthly,success,none,0,0.64,354,1,345,0
TX000764,C02809,2044.03,CARD,returning,monthly,failed,card_declined,2,0.62,278,0,89,0
TX000765,C01083,5296.38,UPI,returning,monthly,success,none,0,0.73,92,0,315,0
TX000766,C02341,3030.92,UPI,returning,one_time,success,none,0,0.71,165,1,509,0
TX000767,C01839,183.26,UPI,returning,monthly,failed,card_declined,1,0.89,32,0,1270,0
TX000768,C01439,280.51,UPI,returning,one_time,success,none,0,0.81,191,1,210,0
TX000769,C00420,512.16,CARD,returning,monthly,failed,insufficient_funds,2,0.8,222,1,471,0
TX000770,C01130,261.47,CARD,returning,monthly,failed,expired_card,0,0.91,51,1,137,0
TX000771,C01956,1141.13,WALLET,new,one_time,success,none,0,0.63,289,1,468,0
TX000772,C02960,1562.55,UPI,returning,one_time,success,none,0,0.86,239,1,461,0
TX000773,C00015,302.71,CARD,new,monthly,success,none,0,0.65,138,1,941,0
TX000774,C02154,2207.06,NETBANKING,new,monthly,success,none,0,0.51,218,1,1420,0
TX000775,C02540,1883.7,CARD,returning,one_time,failed,bank_timeout,3,0.79,98,1,1431,1
TX000776,C02854,669.58,WALLET,new,one_time,failed,insufficient_funds,0,0.7,357,1,1400,1
TX000777,C01272,938.92,WALLET,returning,one_time,failed,bank_timeout,0,0.56,218,0,194,0
TX000778,C00356,189.65,NETBANKING,returning,one_time,success,none,0,0.61,183,0,860,0
TX000779,C00813,813.19,WALLET,new,monthly,failed,card_declined,3,0.88,143,0,587,1
TX000780,C02552,1103.95,CARD,new,one_time,success,none,0,0.6,174,1,726,0
TX000781,C02634,1276.49,UPI,new,one_time,failed,bank_timeout,2,0.78,212,0,728,0
TX000782,C01912,1542.24,NETBANKING,returning,one_time,failed,insufficient_funds,2,0.96,191,0,553,1
TX000783,C00369,1366.24,NETBANKING,new,one_time,success,none,0,0.77,260,1,930,0
TX000784,C00366,864.45,UPI,returning,one_time,success,none,0,0.84,317,1,1480,0
TX000785,C01435,1418.81,UPI,returning,yearly,success,none,0,0.77,173,0,619,0
TX000786,C01765,2702.22,UPI,returning,monthly,success,none,0,0.6,206,1,331,0
TX000787,C00098,1006.32,NETBANKING,new,monthly,success,none,0,0.56,361,1,352,0
TX000788,C02059,1459.48,UPI,new,one_time,success,none,0,0.55,171,1,496,0
TX000789,C01634,927.46,UPI,new,yearly,success,none,0,0.76,179,1,1010,0
TX000790,C00037,612.73,UPI,new,monthly,failed,insufficient_funds,1,0.73,104,1,962,0
TX000791,C00288,1755.65,UPI,returning,one_time,success,none,0,0.73,236,1,353,0
TX000792,C01363,665.34,WALLET,new,monthly,success,none,0,0.85,364,1,1104,0
TX000793,C02168,1552.36,UPI,new,one_time,success,none,0,0.91,247,1,206,0
TX000794,C02477,1124.88,UPI,returning,yearly,success,none,0,0.81,252,1,14,0
TX000795,C01294,834.19,UPI,returning,one_time,failed,bank_timeout,0,0.65,361,1,281,0
TX000796,C00887,816.21,CARD,returning,monthly,success,none,0,0.81,42,1,351,0
TX000797,C02905,694.15,CARD,returning,yearly,success,none,0,0.84,111,1,1370,0
TX000798,C01376,249.33,UPI,new,monthly,success,none,0,0.74,47,1,238,0
TX000799,C00947,1547.82,UPI,returning,yearly,success,none,0,0.91,339,1,1054,0
TX000800,C01327,1350.72,NETBANKING,returning,one_time,success,none,0,0.49,204,1,138,0
TX000801,C00037,2355.96,CARD,returning,monthly,success,none,0,0.61,262,1,1175,0
TX000802,C00906,679.73,CARD,new,one_time,success,none,0,0.51,240,0,1126,0
TX000803,C01547,6038.1,UPI,returning,one_time,success,none,0,0.56,303,1,427,0
TX000804,C02756,779.18,WALLET,returning,monthly,success,none,0,0.82,119,1,947,0
TX000805,C02215,498.9,CARD,new,monthly,success,none,0,0.89,96,1,728,0
TX000806,C02344,448.4,UPI,returning,monthly,failed,insufficient_funds,0,0.82,6,0,1006,1
TX000807,C01635,230.32,WALLET,new,one_time,success,none,0,0.58,356,1,1175,0
TX000808,C00332,4356.24,NETBANKING,returning,one_time,success,none,0,0.92,229,1,370,0
TX000809,C01173,3766.72,CARD,new,one_time,success,none,0,0.7,202,1,735,0
TX000810,C02992,1883.09,CARD,returning,monthly,success,none,0,0.85,51,1,1493,0
TX000811,C00133,489.57,UPI,returning,one_time,failed,network_error,1,0.66,232,0,413,1
TX000812,C02638,5597.87,UPI,returning,one_time,success,none,0,0.74,196,1,1422,0
TX000813,C02054,799.07,UPI,returning,yearly,failed,bank_timeout,3,0.81,364,1,880,1
TX000814,C00852,860.81,CARD,returning,yearly,success,none,0,0.65,331,1,647,0
TX000815,C02334,3997.93,UPI,new,monthly,failed,card_declined,0,0.79,13,1,1068,0
TX000816,C02511,1984.3,UPI,returning,one_time,success,none,0,0.93,179,1,243,0
TX000817,C00130,7950.52,NETBANKING,new,monthly,success,none,0,0.73,248,1,548,0
TX000818,C00320,1371.76,UPI,new,monthly,failed,network_error,2,0.79,59,1,366,0
TX000819,C01998,767.14,NETBANKING,returning,one_time,failed,bank_timeout,2,0.62,311,1,88,0
TX000820,C02998,632.31,UPI,new,yearly,success,none,0,0.6,194,1,802,0
TX000821,C00072,208.03,UPI,returning,one_time,success,none,0,0.85,362,1,515,0
TX000822,C01998,853.43,UPI,returning,one_time,success,none,0,0.64,37,1,1099,0
TX000823,C00410,3072.15,UPI,returning,monthly,success,none,0,0.82,132,0,1148,0
TX000824,C01951,1879.86,UPI,new,yearly,success,none,0,0.77,292,1,115,0
TX000825,C01870,1116.86,UPI,returning,monthly,success,none,0,0.56,137,0,906,0
TX000826,C00272,447.9,CARD,returning,one_time,success,none,0,0.72,192,1,1278,0
TX000827,C02043,1345.05,UPI,returning,monthly,success,none,0,0.72,47,1,208,0
TX000828,C02692,2728.57,UPI,new,yearly,success,none,0,0.64,141,1,340,0
TX000829,C02591,1615.9,UPI,new,monthly,success,none,0,0.78,37,1,628,0
TX000830,C00087,1274.18,UPI,returning,one_time,failed,bank_timeout,0,0.89,200,1,1282,1
TX000831,C00738,535.25,UPI,new,monthly,success,none,0,0.85,301,1,923,0
TX000832,C00723,2393.38,UPI,new,monthly,success,none,0,0.41,72,1,844,0
TX000833,C01360,100.0,CARD,returning,one_time,success,none,0,0.73,3,1,1059,0
TX000834,C00430,1547.76,CARD,returning,monthly,success,none,0,0.8,111,0,798,0
TX000835,C02564,11084.35,NETBANKING,new,monthly,failed,insufficient_funds,0,0.85,325,1,982,1
TX000836,C02331,282.16,CARD,returning,monthly,failed,network_error,0,0.77,126,1,299,0
TX000837,C02426,882.51,UPI,new,one_time,failed,expired_card,0,0.7,112,1,528,0
TX000838,C00595,1088.85,UPI,new,one_time,success,none,0,0.49,229,1,894,0
TX000839,C00044,723.19,UPI,new,monthly,success,none,0,0.86,299,1,976,0
TX000840,C02732,2787.04,CARD,new,one_time,failed,expired_card,1,0.84,217,1,730,0
TX000841,C00867,1677.75,UPI,returning,one_time,success,none,0,0.97,93,0,930,0
TX000842,C01969,1257.74,UPI,new,one_time,success,none,0,0.7,44,1,886,0
TX000843,C02729,2247.44,WALLET,returning,one_time,failed,bank_timeout,2,0.77,214,1,1411,1
TX000844,C00109,1113.29,UPI,returning,monthly,success,none,0,0.63,323,1,1394,0
TX000845,C00017,19184.89,UPI,new,yearly,success,none,0,0.71,283,0,414,0
TX000846,C00017,1256.66,NETBANKING,returning,one_time,success,none,0,0.91,92,0,301,0
TX000847,C00469,1307.35,UPI,returning,one_time,success,none,0,0.74,63,1,806,0
TX000848,C00155,235.23,UPI,returning,one_time,success,none,0,0.67,316,1,1160,0
TX000849,C02460,672.43,UPI,new,monthly,success,none,0,0.84,300,1,120,0
TX000850,C01818,3079.86,UPI,returning,monthly,failed,bank_timeout,0,0.86,126,0,892,1
TX000851,C02941,329.67,WALLET,new,yearly,failed,insufficient_funds,0,0.73,231,1,591,0
TX000852,C02405,157.31,CARD,new,monthly,success,none,0,0.75,188,1,1478,0
TX000853,C02890,1129.0,UPI,returning,one_time,failed,bank_timeout,2,0.55,48,1,962,1
TX000854,C00716,3765.63,UPI,new,one_time,failed,insufficient_funds,1,0.48,173,0,434,0
TX000855,C00864,1139.27,UPI,returning,monthly,failed,bank_timeout,0,0.55,156,1,1317,1
TX000856,C02549,810.37,CARD,new,one_time,success,none,0,0.6,242,1,1324,0
TX000857,C00735,205.89,UPI,returning,one_time,success,none,0,0.73,134,0,551,0
TX000858,C00172,1647.52,UPI,returning,one_time,failed,network_error,0,0.93,96,1,312,0
TX000859,C02008,1988.52,CARD,new,monthly,success,none,0,0.76,184,0,149,0
TX000860,C02403,220.62,NETBANKING,returning,monthly,success,none,0,0.72,239,1,1006,0
TX000861,C02905,3044.46,NETBANKING,new,monthly,success,none,0,0.81,88,1,11,0
TX000862,C02784,2184.46,NETBANKING,new,one_time,failed,bank_timeout,2,0.63,158,1,1008,0
TX000863,C00361,3038.39,UPI,returning,yearly,failed,expired_card,0,0.58,354,1,24,0
TX000864,C02317,1854.13,CARD,returning,monthly,success,none,0,0.64,268,1,695,0
TX000865,C02539,1974.98,NETBANKING,returning,monthly,failed,bank_timeout,1,0.69,165,1,1428,0
TX000866,C02095,1752.24,UPI,new,monthly,failed,bank_timeout,0,0.58,203,1,611,0
TX000867,C02460,2396.17,UPI,new,monthly,failed,bank_timeout,0,0.89,348,1,509,1
TX000868,C02514,213.39,UPI,returning,monthly,success,none,0,0.8,286,1,1447,0
TX000869,C01340,284.02,WALLET,new,one_time,success,none,0,0.7,269,1,743,0
TX000870,C00121,565.43,NETBANKING,returning,one_time,failed,network_error,0,0.73,322,0,1095,1
TX000871,C01369,975.71,NETBANKING,returning,yearly,success,none,0,0.7,46,1,1446,0
TX000872,C00606,1555.14,UPI,returning,monthly,failed,bank_timeout,0,0.66,153,1,1141,0
TX000873,C00342,1468.82,WALLET,returning,monthly,success,none,0,0.56,298,1,372,0
TX000874,C00375,2997.08,UPI,returning,yearly,success,none,0,0.72,72,1,1160,0
TX000875,C02093,3082.96,UPI,returning,one_time,success,none,0,0.8,80,0,615,0
TX000876,C01514,500.12,CARD,returning,yearly,success,none,0,0.88,27,1,439,0
TX000877,C01620,1359.29,CARD,new,one_time,failed,network_error,0,0.77,341,1,43,0
TX000878,C02236,511.3,NETBANKING,returning,one_time,success,none,0,0.77,127,0,255,0
TX000879,C01645,925.73,UPI,new,monthly,failed,network_error,1,0.78,49,1,631,0
TX000880,C01891,1465.0,UPI,new,monthly,success,none,0,0.89,210,1,254,0
TX000881,C00259,100.0,UPI,returning,monthly,success,none,0,0.6,322,1,283,0
TX000882,C02554,9605.77,UPI,new,one_time,failed,card_declined,2,0.55,257,1,911,0
TX000883,C01347,1825.79,NETBANKING,returning,monthly,failed,card_declined,0,0.53,4,1,1004,0
TX000884,C00466,641.54,UPI,returning,monthly,success,none,0,0.75,235,1,676,0
TX000885,C02440,6214.45,UPI,returning,monthly,success,none,0,0.91,134,1,933,0
TX000886,C02204,802.16,UPI,returning,one_time,success,none,0,0.71,67,0,495,0
TX000887,C00160,1235.54,CARD,new,one_time,success,none,0,0.69,331,1,199,0
TX000888,C00580,707.4,NETBANKING,new,monthly,success,none,0,0.88,178,0,245,0
TX000889,C00048,4850.28,UPI,new,one_time,success,none,0,0.7,315,1,1177,0
TX000890,C00813,997.76,UPI,returning,monthly,failed,expired_card,0,0.6,281,1,363,0
TX000891,C00300,1254.55,NETBANKING,returning,one_time,success,none,0,0.85,132,1,645,0
TX000892,C02130,3240.24,CARD,new,monthly,success,none,0,0.91,287,1,459,0
TX000893,C01568,1856.83,UPI,new,yearly,failed,expired_card,0,0.73,114,1,1168,0
TX000894,C02941,1044.28,UPI,new,monthly,success,none,0,0.78,218,1,958,0
TX000895,C02249,2979.03,WALLET,returning,monthly,success,none,0,0.69,252,1,129,0
TX000896,C01835,10771.24,CARD,new,one_time,success,none,0,0.71,49,0,950,0
TX000897,C01528,1459.24,UPI,returning,one_time,success,none,0,0.57,314,1,1064,0
TX000898,C00164,1218.14,UPI,new,monthly,failed,network_error,0,0.59,161,1,1065,0
TX000899,C00211,1278.66,UPI,new,yearly,success,none,0,0.72,339,1,915,0
TX000900,C01849,3566.67,UPI,returning,monthly,success,none,0,0.39,1,1,1119,0
TX000901,C00014,639.52,UPI,returning,one_time,success,none,0,0.79,311,0,63,0
TX000902,C00128,853.64,UPI,new,one_time,failed,bank_timeout,0,0.88,250,0,1086,0
TX000903,C00658,274.87,UPI,new,monthly,success,none,0,0.66,338,1,1142,0
TX000904,C02653,377.86,UPI,new,monthly,success,none,0,0.64,139,1,91,0
TX000905,C01377,688.13,UPI,returning,one_time,failed,card_declined,2,0.84,53,1,1402,0
TX000906,C02129,1042.79,UPI,returning,monthly,failed,network_error,1,0.4,72,1,960,0
TX000907,C01235,5389.32,NETBANKING,returning,one_time,success,none,0,0.95,289,1,1306,0
TX000908,C00520,1776.49,UPI,returning,one_time,success,none,0,0.77,83,1,1347,0
TX000909,C01114,482.57,NETBANKING,returning,yearly,success,none,0,0.64,53,1,43,0
TX000910,C00276,569.53,NETBANKING,new,monthly,success,none,0,0.75,3,0,1486,0
TX000911,C02311,3779.22,WALLET,new,one_time,success,none,0,0.75,2,1,1005,0
TX000912,C00551,3022.83,UPI,returning,yearly,success,none,0,0.88,307,1,38,0
TX000913,C01130,1124.77,UPI,returning,yearly,success,none,0,0.79,156,1,44,0
TX000914,C02941,736.37,CARD,new,yearly,success,none,0,0.5,2,1,616,0
TX000915,C01776,3018.27,UPI,returning,monthly,success,none,0,0.83,361,1,377,0
TX000916,C01376,448.54,UPI,returning,yearly,success,none,0,0.85,130,1,391,0
TX000917,C01630,1560.6,UPI,returning,one_time,success,none,0,0.88,305,1,1113,0
TX000918,C02353,8479.38,CARD,returning,yearly,success,none,0,0.49,232,0,298,0
TX000919,C00764,1319.25,NETBANKING,returning,one_time,failed,card_declined,1,0.58,141,1,1383,0
TX000920,C01910,545.64,UPI,returning,one_time,success,none,0,0.88,298,1,1012,0
TX000921,C02619,1586.57,NETBANKING,returning,one_time,success,none,0,0.85,113,1,1345,0
TX000922,C01718,718.38,CARD,returning,one_time,success,none,0,0.82,348,1,589,0
TX000923,C01340,312.72,UPI,returning,monthly,failed,expired_card,0,0.83,32,1,985,0
TX000924,C00436,2060.97,UPI,returning,yearly,success,none,0,0.71,103,1,1211,0
TX000925,C00745,2999.05,UPI,returning,one_time,success,none,0,0.63,346,1,402,0
TX000926,C02839,828.97,NETBANKING,returning,monthly,success,none,0,0.67,1,1,1016,0
TX000927,C01624,780.93,CARD,new,monthly,success,none,0,0.82,27,1,1370,0
TX000928,C00905,461.55,CARD,returning,one_time,success,none,0,0.53,270,1,514,0
TX000929,C01256,958.2,CARD,returning,monthly,failed,network_error,1,0.83,116,1,755,1
TX000930,C01735,661.08,UPI,returning,one_time,success,none,0,0.98,185,1,240,0
TX000931,C01613,441.45,NETBANKING,returning,one_time,success,none,0,0.76,141,0,1270,0
TX000932,C02100,6020.66,NETBANKING,returning,monthly,success,none,0,0.8,152,1,148,0
TX000933,C00773,1668.77,CARD,new,yearly,success,none,0,0.7,344,1,598,0
TX000934,C01948,1835.65,UPI,returning,one_time,success,none,0,0.83,258,1,505,0
TX000935,C01329,2428.57,UPI,new,one_time,failed,card_declined,0,0.86,102,1,715,0
TX000936,C02822,2194.99,UPI,new,monthly,failed,network_error,1,0.76,362,1,612,0
TX000937,C00474,756.12,UPI,new,monthly,success,none,0,0.8,95,0,548,0
TX000938,C00446,1401.5,CARD,returning,yearly,success,none,0,0.76,83,1,139,0
TX000939,C01385,860.81,CARD,new,monthly,success,none,0,0.63,262,1,1378,0
TX000940,C01526,1627.2,NETBANKING,new,monthly,failed,insufficient_funds,1,0.71,229,0,726,0
TX000941,C02073,1491.48,UPI,returning,monthly,success,none,0,0.62,22,1,509,0
TX000942,C01213,777.13,UPI,returning,one_time,success,none,0,0.51,217,0,1208,0
TX000943,C02742,331.5,UPI,returning,monthly,success,none,0,0.86,208,1,242,0
TX000944,C01423,1250.89,WALLET,returning,one_time,success,none,0,0.82,225,1,417,0
TX000945,C00389,912.47,CARD,new,monthly,success,none,0,0.35,77,1,1370,0
TX000946,C00358,200.07,UPI,returning,one_time,success,none,0,0.77,193,1,116,0
TX000947,C02921,1731.76,CARD,returning,one_time,success,none,0,0.86,34,1,1049,0
TX000948,C00403,2614.45,CARD,returning,yearly,success,none,0,0.62,355,1,1368,0
TX000949,C02844,10673.52,UPI,new,yearly,success,none,0,0.8,356,1,244,0
TX000950,C00835,771.18,UPI,returning,monthly,success,none,0,0.97,93,1,469,0
TX000951,C00281,675.3,UPI,returning,monthly,success,none,0,0.94,127,1,675,0
TX000952,C00915,404.04,UPI,returning,yearly,success,none,0,0.79,318,1,501,0
TX000953,C01845,1323.16,CARD,new,one_time,success,none,0,0.77,137,1,70,0
TX000954,C01284,1315.65,UPI,returning,monthly,failed,card_declined,0,0.91,241,1,147,0
TX000955,C02357,528.39,CARD,new,one_time,success,none,0,0.82,345,1,1464,0
TX000956,C01833,936.89,CARD,returning,monthly,success,none,0,0.74,331,1,913,0
TX000957,C01203,184.79,UPI,new,one_time,success,none,0,0.83,228,1,1019,0
TX000958,C01904,2524.35,WALLET,returning,monthly,failed,card_declined,0,0.66,290,0,1062,0
TX000959,C02915,548.06,UPI,returning,one_time,success,none,0,0.71,308,0,626,0
TX000960,C01236,1062.96,CARD,returning,monthly,success,none,0,0.9,241,1,388,0
TX000961,C00461,303.68,UPI,returning,monthly,success,none,0,0.53,132,1,1356,0
TX000962,C01227,649.29,CARD,returning,one_time,success,none,0,0.63,17,1,555,0
TX000963,C02521,852.67,UPI,new,yearly,success,none,0,0.64,330,1,349,0
TX000964,C00653,1085.55,UPI,returning,one_time,success,none,0,0.78,221,1,1434,0
TX000965,C02848,1688.78,UPI,returning,monthly,success,none,0,0.53,32,1,152,0
TX000966,C01765,4004.47,CARD,returning,monthly,failed,bank_timeout,1,0.81,81,1,855,1
TX000967,C01805,2120.57,CARD,new,one_time,failed,bank_timeout,1,0.66,15,1,556,0
TX000968,C00952,2606.98,CARD,returning,monthly,success,none,0,0.79,124,1,1203,0
TX000969,C02762,4029.89,UPI,returning,monthly,success,none,0,0.77,83,0,649,0
TX000970,C00109,1831.22,CARD,returning,monthly,failed,card_declined,0,0.34,145,1,536,0
TX000971,C00897,1061.0,CARD,returning,monthly,success,none,0,0.55,345,1,414,0
TX000972,C01256,2719.49,UPI,returning,one_time,success,none,0,0.95,319,1,483,0
TX000973,C01432,2880.47,UPI,new,one_time,success,none,0,0.84,309,1,1402,0
TX000974,C01423,1965.91,UPI,returning,one_time,success,none,0,0.64,341,1,219,0
TX000975,C00444,296.14,NETBANKING,new,yearly,success,none,0,0.35,34,1,1,0
TX000976,C00677,514.24,UPI,returning,one_time,success,none,0,0.85,281,1,332,0
TX000977,C00286,856.31,UPI,new,one_time,failed,network_error,0,0.68,301,0,1216,0
TX000978,C01718,2212.01,WALLET,returning,one_time,success,none,0,0.63,56,1,715,0
TX000979,C01053,1075.77,NETBANKING,new,monthly,success,none,0,0.8,133,0,971,0
TX000980,C01698,3050.87,UPI,new,monthly,success,none,0,0.69,144,1,408,0
TX000981,C01770,3582.13,NETBANKING,returning,one_time,success,none,0,0.67,214,1,1292,0
TX000982,C02107,3226.82,UPI,new,yearly,failed,insufficient_funds,3,0.91,2,1,460,0
TX000983,C01642,3245.38,NETBANKING,new,yearly,failed,network_error,1,0.75,27,1,1048,1
TX000984,C01944,431.26,UPI,returning,yearly,success,none,0,0.7,312,1,853,0
TX000985,C01762,1693.19,UPI,returning,monthly,success,none,0,0.68,157,1,1040,0
TX000986,C01958,634.75,WALLET,new,one_time,success,none,0,0.62,51,1,1122,0
TX000987,C01850,248.6,UPI,returning,one_time,success,none,0,0.8,105,1,776,0
TX000988,C00949,846.64,NETBANKING,new,one_time,failed,expired_card,0,0.67,236,1,1497,0
TX000989,C00739,3612.89,UPI,returning,monthly,success,none,0,0.74,40,0,530,0
TX000990,C02363,1660.16,UPI,new,one_time,failed,insufficient_funds,0,0.93,194,1,112,0
TX000991,C01029,6741.44,WALLET,returning,monthly,failed,insufficient_funds,1,0.91,281,1,1094,0
TX000992,C01648,1286.28,UPI,returning,monthly,success,none,0,0.88,93,0,584,0
TX000993,C00591,9927.09,NETBANKING,returning,monthly,success,none,0,0.8,112,1,714,0
TX000994,C01295,1286.61,NETBANKING,returning,one_time,success,none,0,0.95,212,1,544,0
TX000995,C01589,1119.05,UPI,returning,yearly,success,none,0,0.57,259,1,500,0
TX000996,C01879,346.73,UPI,returning,monthly,success,none,0,0.83,111,1,390,0
TX000997,C01580,2979.49,UPI,new,monthly,success,none,0,0.76,343,1,1349,0
TX000998,C01082,697.91,UPI,new,yearly,failed,card_declined,1,0.79,115,1,174,0
TX000999,C02886,612.57,UPI,returning,one_time,failed,bank_timeout,1,0.37,193,1,1385,0
TX001000,C01539,3474.16,UPI,new,yearly,success,none,0,0.79,49,1,338,0
TX001001,C02425,3110.07,NETBANKING,new,monthly,success,none,0,0.68,273,1,436,0
TX001002,C02211,3037.67,UPI,returning,yearly,failed,insufficient_funds,0,0.64,200,1,449,0
TX001003,C01675,791.58,CARD,new,one_time,failed,bank_timeout,0,0.92,237,1,1083,0
TX001004,C02660,1047.46,UPI,new,one_time,success,none,0,0.78,327,1,777,0
TX001005,C00385,1039.12,UPI,returning,one_time,success,none,0,0.54,110,1,839,0
TX001006,C02764,2217.79,UPI,returning,monthly,success,none,0,0.77,126,1,48,0
TX001007,C02551,4439.11,UPI,new,one_time,success,none,0,0.93,113,1,197,0
TX001008,C01511,1527.41,CARD,returning,one_time,success,none,0,0.9,210,1,752,0
TX001009,C02201,6486.0,UPI,new,yearly,success,none,0,0.28,104,1,1093,0
TX001010,C01561,2458.91,NETBANKING,returning,one_time,failed,bank_timeout,1,0.97,137,1,1419,0
TX001011,C00807,887.74,NETBANKING,returning,one_time,success,none,0,0.73,107,0,569,0
TX001012,C02400,2311.94,UPI,returning,monthly,failed,insufficient_funds,0,0.86,103,0,1188,0
TX001013,C00738,5091.59,NETBANKING,returning,one_time,failed,card_declined,1,0.76,35,1,127,0
TX001014,C00944,6624.04,WALLET,returning,monthly,success,none,0,0.67,180,1,968,0
TX001015,C01558,3191.36,UPI,returning,one_time,failed,network_error,0,0.73,278,1,704,1
TX001016,C02513,1122.27,WALLET,returning,monthly,success,none,0,0.8,93,1,756,0
TX001017,C01152,902.33,UPI,returning,one_time,success,none,0,0.66,279,1,1400,0
TX001018,C01483,1841.73,CARD,returning,monthly,success,none,0,0.26,252,1,645,0
TX001019,C00125,4947.2,UPI,returning,one_time,success,none,0,0.7,25,1,109,0
TX001020,C00348,1620.34,NETBANKING,returning,one_time,failed,bank_timeout,0,0.8,333,0,417,1
TX001021,C00168,1650.9,NETBANKING,new,yearly,success,none,0,0.79,82,1,70,0
TX001022,C00217,1148.55,WALLET,returning,monthly,success,none,0,0.46,153,0,901,0
TX001023,C02606,816.39,WALLET,returning,monthly,success,none,0,0.85,61,1,996,0
TX001024,C02526,947.74,UPI,new,yearly,success,none,0,0.82,246,1,714,0
TX001025,C02466,1238.78,CARD,returning,one_time,failed,insufficient_funds,1,0.94,150,1,1077,0
TX001026,C00167,5147.62,UPI,returning,monthly,success,none,0,0.75,90,0,1185,0
TX001027,C00233,883.82,UPI,returning,yearly,success,none,0,0.86,200,1,1397,0
TX001028,C00842,1149.81,UPI,returning,monthly,success,none,0,0.93,189,1,473,0
TX001029,C01696,503.29,NETBANKING,returning,one_time,failed,network_error,0,0.6,100,1,376,0
TX001030,C01003,2090.1,CARD,returning,monthly,success,none,0,0.89,217,1,367,0
TX001031,C01463,3751.88,UPI,new,one_time,failed,insufficient_funds,2,0.83,248,1,1136,0
TX001032,C00519,4731.74,WALLET,returning,one_time,success,none,0,0.77,306,0,1142,0
TX001033,C02193,1316.89,NETBANKING,new,monthly,success,none,0,0.78,320,1,157,0
TX001034,C00942,1838.89,UPI,returning,one_time,failed,insufficient_funds,2,0.82,252,0,822,0
TX001035,C00200,955.09,UPI,returning,one_time,failed,network_error,2,0.6,294,1,370,0
TX001036,C02229,1763.78,CARD,new,one_time,failed,expired_card,0,0.66,107,1,1155,0
TX001037,C02709,1454.72,CARD,new,one_time,failed,insufficient_funds,0,0.81,282,1,704,0
TX001038,C00045,1155.67,UPI,returning,monthly,success,none,0,0.75,284,1,1228,0
TX001039,C01311,1241.38,UPI,new,monthly,success,none,0,0.55,238,1,831,0
TX001040,C02482,1647.03,UPI,returning,monthly,success,none,0,0.69,309,1,864,0
TX001041,C02119,841.56,UPI,new,monthly,success,none,0,0.51,272,1,535,0
TX001042,C02570,881.61,UPI,returning,one_time,failed,card_declined,0,0.78,200,1,745,0
TX001043,C01246,5098.11,UPI,new,one_time,failed,bank_timeout,0,0.55,207,1,950,1
TX001044,C01117,12575.33,UPI,new,yearly,success,none,0,0.54,208,1,1455,0
TX001045,C02128,370.95,CARD,new,one_time,failed,insufficient_funds,1,0.93,127,1,346,0
TX001046,C00461,353.0,UPI,returning,one_time,failed,network_error,2,0.8,248,1,1265,0
TX001047,C00719,463.39,UPI,returning,yearly,success,none,0,0.9,293,1,744,0
TX001048,C01803,999.29,UPI,returning,one_time,failed,insufficient_funds,1,0.78,170,0,1032,1
TX001049,C02006,2455.79,WALLET,returning,monthly,failed,bank_timeout,1,0.7,280,1,236,0
TX001050,C00360,1867.07,UPI,new,one_time,success,none,0,0.66,210,1,851,0
TX001051,C01525,1280.27,UPI,new,monthly,success,none,0,0.33,253,1,417,0
TX001052,C01095,1765.24,UPI,returning,one_time,success,none,0,0.52,252,1,217,0
TX001053,C01506,588.23,CARD,new,monthly,failed,expired_card,0,0.62,14,1,1435,0
TX001054,C02876,880.32,UPI,new,monthly,success,none,0,0.62,100,1,14,0
TX001055,C00230,1076.98,UPI,returning,monthly,success,none,0,0.66,257,1,1342,0
TX001056,C02987,263.54,NETBANKING,new,one_time,success,none,0,0.95,31,1,1146,0
TX001057,C01349,385.61,CARD,returning,one_time,failed,bank_timeout,0,0.46,80,1,25,0
TX001058,C02317,399.65,UPI,returning,monthly,success,none,0,0.78,114,1,262,0
TX001059,C01274,2181.35,UPI,returning,yearly,failed,network_error,2,0.74,296,1,685,0
TX001060,C00933,1367.61,WALLET,returning,one_time,success,none,0,0.87,145,0,834,0
TX001061,C02312,1900.66,WALLET,returning,one_time,success,none,0,0.61,320,1,320,0
TX001062,C02063,209.41,CARD,returning,monthly,success,none,0,0.92,326,1,912,0
TX001063,C00433,288.53,CARD,new,monthly,failed,bank_timeout,1,0.46,241,1,922,1
TX001064,C02117,1992.0,NETBANKING,new,yearly,success,none,0,0.72,331,1,1020,0
TX001065,C02260,100.0,WALLET,new,monthly,success,none,0,0.68,2,0,445,0
TX001066,C01164,3301.61,UPI,returning,one_time,success,none,0,0.87,225,1,779,0
TX001067,C02777,212.52,WALLET,returning,monthly,success,none,0,0.56,237,0,1018,0
TX001068,C01923,2342.59,CARD,returning,yearly,success,none,0,0.85,36,1,1190,0
TX001069,C01001,492.88,CARD,new,one_time,success,none,0,0.86,243,1,1383,0
TX001070,C00033,2818.65,UPI,new,monthly,success,none,0,0.84,51,1,585,0
TX001071,C02025,19679.74,UPI,new,one_time,failed,network_error,0,0.85,28,1,1308,1
TX001072,C00628,141.76,NETBANKING,returning,one_time,success,none,0,0.85,1,1,134,0
TX001073,C02270,2050.5,CARD,new,yearly,failed,bank_timeout,0,0.87,275,1,407,0
TX001074,C01576,215.43,UPI,returning,one_time,success,none,0,0.54,163,1,1305,0
TX001075,C01401,1610.17,CARD,new,monthly,success,none,0,0.73,129,1,1058,0
TX001076,C00492,910.42,UPI,returning,one_time,success,none,0,0.72,246,1,160,0
TX001077,C02135,1232.51,UPI,returning,one_time,failed,expired_card,0,0.51,51,1,33,0
TX001078,C00498,482.74,CARD,new,monthly,success,none,0,0.87,342,1,833,0
TX001079,C01254,2213.85,CARD,returning,one_time,failed,network_error,0,0.77,8,1,1151,0
TX001080,C02509,297.82,UPI,returning,monthly,success,none,0,0.8,82,1,58,0
TX001081,C02762,3352.54,UPI,returning,one_time,success,none,0,0.9,266,1,507,0
TX001082,C02968,758.75,UPI,returning,monthly,success,none,0,0.94,50,1,920,0
TX001083,C02875,310.31,CARD,returning,yearly,success,none,0,0.45,103,0,1081,0
TX001084,C01668,4607.51,NETBANKING,returning,one_time,success,none,0,0.77,98,1,495,0
TX001085,C00602,1032.14,CARD,returning,one_time,success,none,0,0.67,16,1,1148,0
TX001086,C02518,6105.05,CARD,returning,monthly,success,none,0,0.79,198,1,955,0
TX001087,C02405,3291.9,UPI,returning,one_time,failed,insufficient_funds,0,0.63,278,1,1316,0
TX001088,C02971,534.68,UPI,returning,one_time,success,none,0,0.75,14,1,652,0
TX001089,C01953,1015.88,NETBANKING,returning,yearly,failed,insufficient_funds,0,0.86,115,1,230,0
TX001090,C00425,1222.84,UPI,returning,one_time,success,none,0,0.74,302,1,1400,0
TX001091,C01509,4331.52,UPI,returning,monthly,success,none,0,0.75,250,1,1150,0
TX001092,C01345,1625.82,UPI,returning,one_time,failed,bank_timeout,0,0.67,225,1,378,0
TX001093,C02529,1285.19,CARD,returning,monthly,success,none,0,0.63,12,1,1216,0
TX001094,C01178,916.08,UPI,new,monthly,success,none,0,0.83,279,1,445,0
TX001095,C00986,1047.85,UPI,returning,monthly,failed,expired_card,2,0.79,224,1,997,0
TX001096,C00241,3547.98,CARD,returning,monthly,success,none,0,0.69,347,1,549,0
TX001097,C02507,1100.3,UPI,returning,one_time,failed,card_declined,3,0.9,173,1,936,0
TX001098,C02266,768.55,UPI,returning,one_time,success,none,0,0.83,265,1,116,0
TX001099,C00124,659.8,NETBANKING,new,monthly,success,none,0,0.82,191,1,220,0
TX001100,C01302,666.21,WALLET,new,yearly,failed,bank_timeout,0,0.74,295,0,1295,0
TX001101,C01440,310.48,UPI,new,monthly,failed,expired_card,0,0.93,191,1,631,0
TX001102,C01408,558.17,UPI,new,monthly,failed,expired_card,0,0.71,239,1,144,0
TX001103,C02757,4224.17,UPI,new,monthly,success,none,0,0.79,158,1,904,0
TX001104,C00453,910.56,UPI,new,monthly,failed,insufficient_funds,0,0.86,101,1,302,0
TX001105,C00920,2067.24,NETBANKING,returning,monthly,success,none,0,0.63,64,0,518,0
TX001106,C00543,117.82,CARD,returning,one_time,success,none,0,0.61,77,1,191,0
TX001107,C00733,1828.92,UPI,returning,one_time,failed,bank_timeout,0,0.66,215,1,1150,1
TX001108,C02722,948.41,CARD,returning,one_time,failed,bank_timeout,3,0.79,357,1,193,0
TX001109,C02823,711.02,UPI,new,one_time,success,none,0,0.95,97,1,848,0
TX001110,C00134,1290.6,UPI,returning,monthly,success,none,0,0.62,151,1,601,0
TX001111,C01897,701.88,NETBANKING,returning,one_time,failed,insufficient_funds,0,0.76,148,1,1064,0
TX001112,C00699,162.15,UPI,returning,monthly,failed,insufficient_funds,0,0.6,185,1,264,0
TX001113,C00578,2514.99,UPI,returning,yearly,success,none,0,0.83,299,1,1227,0
TX001114,C00877,1364.74,NETBANKING,new,yearly,success,none,0,0.76,75,1,1323,0
TX001115,C00584,826.71,UPI,returning,monthly,failed,card_declined,0,0.81,85,1,314,0
TX001116,C01471,459.64,UPI,returning,yearly,failed,card_declined,2,0.75,43,1,1399,0
TX001117,C02987,292.11,UPI,new,one_time,success,none,0,0.6,26,0,726,0
TX001118,C01760,1341.45,UPI,returning,monthly,success,none,0,0.66,164,1,270,0
TX001119,C02170,4684.89,UPI,returning,monthly,failed,network_error,2,0.68,55,1,780,0
TX001120,C01480,1316.66,UPI,new,yearly,failed,card_declined,1,0.85,231,1,327,0
TX001121,C00042,315.93,UPI,new,monthly,success,none,0,0.52,58,1,745,0
TX001122,C00253,1342.92,UPI,returning,one_time,success,none,0,0.94,318,1,454,0
TX001123,C00807,1045.23,CARD,new,monthly,success,none,0,0.74,89,1,1026,0
TX001124,C00732,2386.63,NETBANKING,returning,monthly,failed,card_declined,0,0.73,120,1,812,0
TX001125,C02522,1893.27,CARD,returning,one_time,failed,network_error,2,0.74,348,1,30,0
TX001126,C02531,100.0,CARD,returning,monthly,success,none,0,0.65,147,1,727,0
TX001127,C02563,1791.34,NETBANKING,new,monthly,failed,insufficient_funds,1,0.86,276,1,1363,0
TX001128,C01913,444.46,UPI,returning,monthly,success,none,0,0.9,317,1,569,0
TX001129,C01669,305.04,UPI,returning,yearly,success,none,0,0.73,199,1,191,0
TX001130,C01948,925.54,UPI,returning,monthly,failed,insufficient_funds,3,0.85,258,1,402,0
TX001131,C01221,1587.43,UPI,returning,yearly,failed,bank_timeout,1,0.63,31,1,774,0
TX001132,C02011,250.47,WALLET,returning,one_time,success,none,0,0.57,104,1,1278,0
TX001133,C02384,2067.55,UPI,new,one_time,failed,network_error,3,0.52,42,1,386,0
TX001134,C02289,2179.84,NETBANKING,returning,one_time,success,none,0,0.68,334,1,731,0
TX001135,C01842,1143.99,UPI,returning,monthly,success,none,0,0.65,320,1,887,0
TX001136,C00175,502.27,UPI,returning,monthly,success,none,0,0.81,18,1,178,0
TX001137,C02175,454.21,UPI,returning,monthly,success,none,0,0.62,193,1,1209,0
TX001138,C01100,2760.97,UPI,returning,one_time,success,none,0,0.9,235,1,1144,0
TX001139,C02232,281.43,UPI,returning,monthly,success,none,0,0.55,187,1,59,0
TX001140,C01619,2858.42,CARD,returning,yearly,success,none,0,0.87,354,1,477,0
TX001141,C02644,945.13,UPI,returning,one_time,success,none,0,0.78,8,1,715,0
TX001142,C01016,1006.01,NETBANKING,returning,one_time,success,none,0,0.79,22,1,1204,0
TX001143,C02795,235.74,NETBANKING,returning,monthly,success,none,0,0.44,363,1,1069,0
TX001144,C02534,960.98,UPI,returning,monthly,success,none,0,0.85,202,0,1104,0
TX001145,C00994,1904.98,WALLET,returning,one_time,success,none,0,0.83,214,1,416,0
TX001146,C01448,329.39,UPI,returning,one_time,success,none,0,0.79,135,1,182,0
TX001147,C01595,1717.75,UPI,returning,monthly,success,none,0,0.83,76,1,1060,0
TX001148,C02306,1188.1,UPI,returning,one_time,success,none,0,0.72,150,1,488,0
TX001149,C02068,614.38,CARD,returning,one_time,success,none,0,0.94,230,1,1442,0
TX001150,C02557,2366.59,UPI,returning,one_time,success,none,0,0.63,87,1,946,0
TX001151,C01110,151.1,CARD,returning,one_time,failed,insufficient_funds,0,0.45,40,1,1285,0
TX001152,C01515,1498.19,NETBANKING,returning,one_time,success,none,0,0.89,330,1,1119,0
TX001153,C01293,4710.23,UPI,returning,monthly,failed,card_declined,3,0.56,263,1,246,0
TX001154,C02729,4007.6,NETBANKING,returning,one_time,failed,card_declined,0,0.82,58,1,648,0
TX001155,C00915,1557.48,CARD,returning,monthly,failed,bank_timeout,0,0.92,38,1,623,0
TX001156,C01762,835.88,UPI,returning,monthly,failed,bank_timeout,0,0.58,30,1,844,0
TX001157,C00361,618.8,UPI,returning,one_time,failed,expired_card,1,0.7,323,1,691,0
TX001158,C02551,834.95,UPI,returning,monthly,success,none,0,0.86,37,1,135,0
TX001159,C01153,1789.03,UPI,returning,one_time,success,none,0,0.9,2,1,1225,0
TX001160,C01022,530.32,CARD,returning,yearly,success,none,0,0.65,15,1,6,0
TX001161,C01749,2168.26,UPI,returning,monthly,success,none,0,0.68,175,1,868,0
TX001162,C01497,7478.93,UPI,new,one_time,success,none,0,0.76,208,1,352,0
TX001163,C02544,1037.23,CARD,new,yearly,success,none,0,0.93,110,1,810,0
TX001164,C01595,327.03,CARD,returning,one_time,success,none,0,0.69,93,1,747,0
TX001165,C01551,326.92,NETBANKING,returning,one_time,failed,network_error,1,0.81,337,1,52,0
TX001166,C00315,2205.94,UPI,returning,one_time,failed,insufficient_funds,0,0.75,328,0,831,0
TX001167,C00066,1039.22,CARD,returning,monthly,success,none,0,0.77,78,1,764,0
TX001168,C01196,2414.26,UPI,returning,monthly,failed,bank_timeout,0,0.67,283,0,81,0
TX001169,C02995,678.39,CARD,new,monthly,success,none,0,0.82,204,0,906,0
TX001170,C02753,2315.92,UPI,returning,yearly,success,none,0,0.83,223,0,1389,0
TX001171,C01887,951.02,UPI,new,yearly,success,none,0,0.7,302,1,235,0
TX001172,C01893,567.22,WALLET,new,one_time,success,none,0,0.93,99,1,196,0
TX001173,C01175,764.41,CARD,returning,yearly,success,none,0,0.7,334,1,1031,0
TX001174,C00533,373.4,CARD,returning,one_time,failed,network_error,1,0.91,351,1,1309,1
TX001175,C00026,6571.02,UPI,new,yearly,success,none,0,0.79,241,0,1425,0
TX001176,C01017,1005.52,CARD,returning,one_time,success,none,0,0.62,61,1,1420,0
TX001177,C00950,1958.75,UPI,returning,one_time,success,none,0,0.53,155,1,318,0
TX001178,C00575,676.42,UPI,returning,one_time,failed,network_error,0,0.96,339,1,727,0
TX001179,C00778,425.5,UPI,new,one_time,success,none,0,0.96,284,0,1311,0
TX001180,C00075,888.48,UPI,returning,monthly,success,none,0,0.39,119,1,1215,0
TX001181,C01824,2954.47,UPI,returning,one_time,success,none,0,0.61,326,0,1021,0
TX001182,C02783,686.32,CARD,returning,one_time,success,none,0,0.82,257,1,821,0
TX001183,C02073,500.96,UPI,returning,yearly,success,none,0,0.69,298,0,1177,0
TX001184,C01345,1261.32,NETBANKING,returning,monthly,failed,expired_card,0,0.82,257,0,134,0
TX001185,C01261,1718.35,NETBANKING,returning,monthly,success,none,0,0.95,352,1,748,0
TX001186,C00923,4810.53,UPI,returning,yearly,failed,network_error,0,0.89,195,1,239,1
TX001187,C00428,1507.75,CARD,new,one_time,failed,bank_timeout,0,0.8,8,1,1452,1
TX001188,C01796,1957.83,UPI,new,one_time,success,none,0,0.64,122,1,741,0
TX001189,C01700,2095.08,NETBANKING,returning,one_time,failed,card_declined,1,0.7,200,1,886,0
TX001190,C00022,388.5,UPI,returning,one_time,success,none,0,0.74,94,0,510,0
TX001191,C01247,460.82,UPI,new,one_time,success,none,0,0.88,191,1,65,0
TX001192,C00835,413.43,UPI,new,monthly,success,none,0,0.81,159,1,1102,0
TX001193,C00511,330.65,NETBANKING,returning,one_time,success,none,0,0.67,63,0,127,0
TX001194,C02110,2243.77,UPI,returning,monthly,success,none,0,0.68,331,1,442,0
TX001195,C01578,1423.74,NETBANKING,new,monthly,success,none,0,0.55,173,1,777,0
TX001196,C01902,1177.97,UPI,returning,one_time,failed,network_error,1,0.37,116,1,111,0
TX001197,C02141,106.33,CARD,new,monthly,success,none,0,0.84,146,1,1231,0
TX001198,C02946,6973.9,UPI,returning,one_time,success,none,0,0.83,224,1,1195,0
TX001199,C02409,490.37,UPI,returning,monthly,failed,card_declined,0,0.76,86,0,414,1
TX001200,C01862,6950.94,UPI,returning,one_time,success,none,0,0.69,30,1,843,0
TX001201,C02638,297.58,UPI,returning,monthly,failed,bank_timeout,0,0.58,210,1,1117,1
TX001202,C01433,527.86,CARD,returning,monthly,failed,network_error,0,0.84,63,1,838,0
TX001203,C02955,151.02,CARD,returning,monthly,success,none,0,0.67,363,0,10,0
TX001204,C02285,1519.16,UPI,new,one_time,success,none,0,0.94,6,1,557,0
TX001205,C01953,407.02,UPI,new,one_time,success,none,0,0.81,305,1,571,0
TX001206,C02710,417.51,UPI,returning,one_time,success,none,0,0.5,333,1,707,0
TX001207,C01546,318.86,CARD,new,monthly,failed,bank_timeout,1,0.89,233,1,1386,1
TX001208,C02163,2207.51,CARD,returning,monthly,success,none,0,0.89,225,1,168,0
TX001209,C00855,2080.4,NETBANKING,returning,monthly,success,none,0,0.73,331,1,1153,0
TX001210,C02890,5601.73,NETBANKING,new,one_time,failed,bank_timeout,1,0.79,271,1,1070,0
TX001211,C01871,591.62,UPI,returning,yearly,success,none,0,0.74,14,1,641,0
TX001212,C02347,1335.33,UPI,returning,yearly,success,none,0,0.64,263,1,189,0
TX001213,C01383,343.64,NETBANKING,returning,one_time,success,none,0,0.77,165,1,1265,0
TX001214,C02601,811.16,UPI,new,one_time,success,none,0,0.64,8,1,1190,0
TX001215,C00223,687.48,UPI,returning,monthly,failed,network_error,0,0.83,82,1,1312,1
TX001216,C00343,1665.71,UPI,returning,one_time,success,none,0,0.83,172,1,659,0
TX001217,C01522,2738.92,CARD,returning,one_time,success,none,0,0.67,38,1,399,0
TX001218,C02198,2675.68,CARD,returning,monthly,success,none,0,0.73,327,1,60,0
TX001219,C02428,513.61,WALLET,returning,monthly,failed,bank_timeout,3,0.84,102,1,316,0
TX001220,C01321,2693.57,UPI,new,one_time,failed,insufficient_funds,0,0.87,267,1,1368,0
TX001221,C01950,1053.97,UPI,returning,yearly,success,none,0,0.74,91,1,150,0
TX001222,C01660,818.82,UPI,new,one_time,failed,expired_card,2,0.7,257,1,1333,0
TX001223,C02885,579.6,CARD,returning,one_time,success,none,0,0.92,331,1,880,0
TX001224,C01963,662.52,UPI,new,one_time,failed,expired_card,2,0.86,226,0,145,0
TX001225,C01251,5261.03,NETBANKING,returning,yearly,failed,insufficient_funds,1,0.72,335,1,1383,1
TX001226,C02910,1446.16,UPI,returning,yearly,failed,network_error,1,0.7,107,1,80,0
TX001227,C00322,1283.25,CARD,returning,one_time,success,none,0,0.84,66,1,258,0
TX001228,C02954,866.08,NETBANKING,returning,monthly,failed,card_declined,1,0.87,132,1,427,0
TX001229,C00463,9910.8,UPI,returning,one_time,success,none,0,0.86,256,1,421,0
TX001230,C00865,3549.31,CARD,returning,one_time,failed,insufficient_funds,3,0.83,1,1,604,0
TX001231,C02465,573.09,UPI,returning,one_time,success,none,0,0.93,145,1,226,0
TX001232,C02202,857.26,NETBANKING,returning,monthly,success,none,0,0.74,247,1,829,0
TX001233,C02912,904.32,NETBANKING,returning,one_time,failed,card_declined,0,0.61,243,1,889,0
TX001234,C02250,1250.48,CARD,returning,monthly,failed,insufficient_funds,1,0.58,95,1,1029,0
TX001235,C01912,583.41,UPI,new,one_time,failed,bank_timeout,0,0.62,88,0,148,0
TX001236,C01040,1627.72,WALLET,new,yearly,success,none,0,0.88,132,1,1462,0
TX001237,C00015,4051.65,NETBANKING,new,yearly,success,none,0,0.8,121,1,199,0
TX001238,C00372,336.21,CARD,returning,one_time,success,none,0,0.94,31,1,839,0
TX001239,C00894,397.29,WALLET,returning,monthly,success,none,0,0.86,118,1,1011,0
TX001240,C00123,709.92,UPI,new,monthly,success,none,0,0.84,319,1,848,0
TX001241,C01525,740.17,UPI,new,yearly,success,none,0,0.82,237,0,1345,0
TX001242,C02333,6625.09,UPI,new,monthly,success,none,0,0.88,64,1,1431,0
TX001243,C02890,2701.43,UPI,returning,one_time,success,none,0,0.51,342,0,572,0
TX001244,C01470,2565.45,UPI,new,one_time,failed,network_error,3,0.97,163,0,557,0
TX001245,C02626,864.43,CARD,returning,monthly,success,none,0,0.58,113,1,1075,0
TX001246,C02957,847.52,UPI,returning,monthly,success,none,0,0.87,132,1,1415,0
TX001247,C02580,296.92,UPI,returning,one_time,success,none,0,0.82,306,1,1484,0
TX001248,C01395,2216.24,CARD,returning,monthly,success,none,0,0.87,75,1,528,0
TX001249,C00976,1706.07,CARD,returning,yearly,failed,expired_card,0,0.64,346,1,33,1
TX001250,C02934,3489.09,WALLET,returning,monthly,failed,insufficient_funds,0,0.64,309,0,1110,0
TX001251,C00726,907.1,UPI,returning,monthly,success,none,0,0.75,50,0,1268,0
TX001252,C01235,965.26,NETBANKING,returning,monthly,success,none,0,0.76,94,1,1070,0
TX001253,C00223,1277.99,UPI,returning,monthly,failed,network_error,1,0.94,192,1,1383,1
TX001254,C02382,2447.22,UPI,returning,one_time,success,none,0,0.52,116,1,1271,0
TX001255,C01950,292.02,CARD,new,one_time,failed,bank_timeout,3,0.59,305,0,866,0
TX001256,C00255,2126.96,UPI,returning,one_time,success,none,0,0.77,302,1,271,0
TX001257,C00666,1076.59,CARD,returning,yearly,success,none,0,0.75,321,1,407,0
TX001258,C01667,422.94,UPI,returning,one_time,success,none,0,0.91,152,1,765,0
TX001259,C01622,167.98,UPI,returning,one_time,success,none,0,0.71,46,1,843,0
TX001260,C02407,969.88,UPI,returning,monthly,success,none,0,0.82,207,1,3,0
TX001261,C00799,4035.73,UPI,returning,monthly,success,none,0,0.85,324,1,1256,0
TX001262,C02775,4950.36,UPI,returning,monthly,success,none,0,0.78,281,1,1292,0
TX001263,C01334,1509.96,UPI,returning,one_time,success,none,0,0.93,97,1,1314,0
TX001264,C02468,6411.22,UPI,returning,monthly,success,none,0,0.73,129,0,378,0
TX001265,C00716,1055.06,CARD,returning,one_time,success,none,0,0.88,220,1,1066,0
TX001266,C00111,2586.27,UPI,returning,monthly,failed,network_error,1,0.81,166,1,1297,0
TX001267,C00166,730.62,CARD,new,monthly,success,none,0,0.92,249,0,691,0
TX001268,C01119,690.12,CARD,returning,monthly,failed,network_error,0,0.58,120,1,756,1
TX001269,C02860,596.0,UPI,new,monthly,failed,network_error,0,0.97,100,1,1151,1
TX001270,C00147,171.66,UPI,returning,one_time,failed,insufficient_funds,3,0.5,33,0,1003,0
TX001271,C01107,3492.53,CARD,returning,monthly,success,none,0,0.84,275,1,359,0
TX001272,C00328,615.56,NETBANKING,returning,yearly,failed,insufficient_funds,1,0.64,249,1,360,1
TX001273,C02795,533.1,UPI,returning,monthly,success,none,0,0.76,334,1,6,0
TX001274,C02026,379.19,NETBANKING,returning,monthly,success,none,0,0.69,135,1,815,0
TX001275,C02289,912.4,UPI,returning,monthly,success,none,0,0.7,251,1,443,0
TX001276,C02140,5362.27,UPI,new,monthly,success,none,0,0.94,20,1,1145,0
TX001277,C01972,7218.49,UPI,new,one_time,success,none,0,0.9,338,0,1025,0
TX001278,C02322,245.97,UPI,new,yearly,success,none,0,0.5,349,0,1017,0
TX001279,C00025,797.11,UPI,returning,one_time,success,none,0,0.75,153,0,1203,0
TX001280,C02597,432.28,UPI,returning,one_time,success,none,0,0.8,163,1,994,0
TX001281,C02220,2669.12,UPI,new,one_time,success,none,0,0.72,66,1,1438,0
TX001282,C02219,1419.32,CARD,returning,monthly,failed,expired_card,0,0.69,7,1,978,0
TX001283,C01181,618.37,UPI,new,monthly,failed,insufficient_funds,3,0.94,66,0,391,0
TX001284,C02403,1170.65,NETBANKING,new,monthly,failed,card_declined,1,0.77,132,1,59,0
TX001285,C01146,713.6,NETBANKING,returning,one_time,failed,expired_card,1,0.89,141,0,1426,1
TX001286,C00147,4688.28,UPI,returning,monthly,success,none,0,0.65,269,1,54,0
TX001287,C02724,1794.11,UPI,new,one_time,success,none,0,0.35,75,1,1477,0
TX001288,C00704,2003.88,UPI,returning,monthly,success,none,0,0.9,97,1,1330,0
TX001289,C00306,100.0,NETBANKING,returning,one_time,success,none,0,0.9,353,0,652,0
TX001290,C01866,1032.66,UPI,returning,one_time,failed,bank_timeout,0,0.33,12,1,907,0
TX001291,C00701,7150.16,UPI,new,one_time,success,none,0,0.72,315,1,134,0
TX001292,C02575,3617.42,WALLET,returning,one_time,success,none,0,0.68,360,1,1150,0
TX001293,C01332,208.02,UPI,returning,monthly,success,none,0,0.35,111,1,139,0
TX001294,C00014,827.09,UPI,returning,yearly,failed,bank_timeout,1,0.71,226,1,1166,0
TX001295,C02856,371.9,NETBANKING,new,monthly,failed,expired_card,2,0.88,49,1,1155,0
TX001296,C01544,5115.3,NETBANKING,returning,one_time,failed,bank_timeout,2,0.79,181,1,1284,0
TX001297,C00789,1366.28,UPI,returning,one_time,failed,bank_timeout,0,0.9,20,1,795,0
TX001298,C02032,549.49,UPI,new,monthly,failed,bank_timeout,1,0.9,286,1,1250,1
TX001299,C01592,1130.87,UPI,returning,monthly,success,none,0,0.87,272,1,639,0
TX001300,C00089,104.94,UPI,new,monthly,success,none,0,0.27,110,1,291,0
TX001301,C02279,413.04,UPI,returning,monthly,success,none,0,0.61,138,1,684,0
TX001302,C01205,1133.2,UPI,returning,one_time,failed,insufficient_funds,0,0.71,233,1,870,1
TX001303,C02100,2347.5,CARD,returning,yearly,success,none,0,0.8,330,0,438,0
TX001304,C02687,191.1,CARD,returning,one_time,success,none,0,0.85,13,1,748,0
TX001305,C01832,778.18,WALLET,returning,monthly,success,none,0,0.98,39,1,1309,0
TX001306,C02015,2720.9,NETBANKING,new,one_time,success,none,0,0.57,106,1,1090,0
TX001307,C00764,296.99,UPI,returning,one_time,failed,insufficient_funds,1,0.62,178,0,767,1
TX001308,C00713,1347.85,UPI,returning,one_time,success,none,0,0.66,17,1,1345,0
TX001309,C01246,1163.72,UPI,returning,monthly,success,none,0,0.61,311,1,1399,0
TX001310,C02559,5130.42,UPI,returning,one_time,success,none,0,0.8,79,1,1321,0
TX001311,C01573,891.48,UPI,returning,yearly,failed,bank_timeout,1,0.7,181,1,63,1
TX001312,C01045,939.7,CARD,returning,one_time,success,none,0,0.7,306,1,216,0
TX001313,C02339,2367.2,UPI,new,one_time,success,none,0,0.9,203,1,1186,0
TX001314,C02561,332.38,UPI,new,monthly,failed,insufficient_funds,0,0.78,137,0,1014,0
TX001315,C02708,898.93,UPI,new,one_time,failed,bank_timeout,3,0.66,228,1,374,0
TX001316,C00897,727.67,WALLET,returning,one_time,success,none,0,0.73,31,1,259,0
TX001317,C02129,967.76,CARD,new,one_time,success,none,0,0.56,126,1,1313,0
TX001318,C01771,2353.28,UPI,new,monthly,failed,card_declined,2,0.65,356,1,890,0
TX001319,C01347,1805.78,UPI,returning,one_time,failed,bank_timeout,0,0.8,357,1,237,1
TX001320,C01191,559.02,NETBANKING,new,monthly,failed,bank_timeout,0,0.64,162,1,345,0
TX001321,C00344,1240.2,UPI,new,monthly,success,none,0,0.31,274,0,255,0
TX001322,C00825,4193.95,CARD,returning,monthly,failed,insufficient_funds,0,0.57,68,0,31,0
TX001323,C01649,518.93,CARD,new,one_time,failed,insufficient_funds,0,0.68,363,1,349,0
TX001324,C02660,1249.69,CARD,new,monthly,success,none,0,0.46,131,1,88,0
TX001325,C02600,921.64,UPI,new,one_time,failed,insufficient_funds,0,0.86,136,0,721,0
TX001326,C00563,1036.18,NETBANKING,new,monthly,success,none,0,0.87,15,1,715,0
TX001327,C02038,252.75,UPI,returning,one_time,success,none,0,0.7,139,0,287,0
TX001328,C00255,3903.73,UPI,returning,monthly,failed,bank_timeout,2,0.86,151,1,482,0
TX001329,C02026,546.25,UPI,returning,one_time,success,none,0,0.69,356,1,1059,0
TX001330,C01026,2761.32,UPI,returning,one_time,failed,network_error,0,0.63,132,0,1391,0
TX001331,C01350,626.88,UPI,returning,one_time,success,none,0,0.72,326,1,706,0
TX001332,C02153,624.56,CARD,returning,one_time,success,none,0,0.76,334,1,350,0
TX001333,C01275,3267.6,NETBANKING,returning,one_time,failed,network_error,0,0.66,316,1,470,1
TX001334,C02423,2682.48,UPI,new,monthly,success,none,0,0.52,235,1,1325,0
TX001335,C01601,1323.19,NETBANKING,new,one_time,failed,expired_card,1,0.81,193,1,228,0
TX001336,C02997,2175.55,WALLET,new,monthly,failed,card_declined,2,0.84,229,1,968,0
TX001337,C01915,845.82,UPI,returning,one_time,success,none,0,0.61,352,1,1206,0
TX001338,C00890,1088.41,CARD,returning,one_time,failed,expired_card,0,0.75,345,1,716,0
TX001339,C02326,604.58,WALLET,new,one_time,failed,insufficient_funds,2,0.69,29,1,1103,0
TX001340,C01224,2474.17,CARD,new,monthly,success,none,0,0.67,53,1,336,0
TX001341,C01603,587.53,UPI,returning,monthly,success,none,0,0.77,186,1,62,0
TX001342,C00411,4174.04,NETBANKING,returning,monthly,success,none,0,0.93,193,1,22,0
TX001343,C00359,825.3,CARD,new,one_time,success,none,0,0.71,245,1,1401,0
TX001344,C01725,1117.06,UPI,returning,monthly,success,none,0,0.75,236,1,639,0
TX001345,C00561,2170.81,UPI,returning,monthly,failed,insufficient_funds,0,0.55,147,1,417,1
TX001346,C02993,1120.44,UPI,returning,monthly,success,none,0,0.79,172,1,643,0
TX001347,C02568,838.72,UPI,returning,monthly,failed,bank_timeout,0,0.79,302,1,541,0
TX001348,C02103,1067.4,UPI,returning,one_time,success,none,0,0.46,71,1,337,0
TX001349,C02205,2451.45,UPI,new,yearly,success,none,0,0.85,99,1,1340,0
TX001350,C01786,603.91,NETBANKING,returning,one_time,failed,bank_timeout,0,0.44,98,0,1077,0
TX001351,C00181,978.86,CARD,returning,yearly,success,none,0,0.8,109,0,234,0
TX001352,C01178,1106.83,UPI,returning,one_time,success,none,0,0.62,6,1,970,0
TX001353,C01488,2387.8,UPI,returning,monthly,failed,insufficient_funds,0,0.98,3,1,801,0
TX001354,C02746,1002.39,UPI,returning,monthly,failed,card_declined,0,0.54,94,1,479,0
TX001355,C00659,5582.93,UPI,new,one_time,success,none,0,0.69,362,1,306,0
TX001356,C01491,952.52,CARD,new,monthly,failed,insufficient_funds,2,0.84,204,1,1410,0
TX001357,C01033,885.44,UPI,returning,one_time,success,none,0,0.85,299,0,420,0
TX001358,C00404,940.18,WALLET,new,one_time,success,none,0,0.85,306,1,1215,0
TX001359,C00310,335.3,UPI,returning,one_time,success,none,0,0.49,99,1,123,0
TX001360,C01097,431.36,UPI,returning,yearly,success,none,0,0.78,253,1,834,0
TX001361,C00248,680.21,NETBANKING,new,yearly,success,none,0,0.5,224,1,1295,0
TX001362,C00202,3048.02,UPI,new,monthly,success,none,0,0.66,344,1,1220,0
TX001363,C01053,1064.42,UPI,returning,monthly,success,none,0,0.84,6,1,860,0
TX001364,C00606,708.97,UPI,new,one_time,success,none,0,0.8,362,1,1238,0
TX001365,C01665,3307.28,CARD,new,one_time,failed,expired_card,2,0.71,139,0,786,0
TX001366,C00054,4429.58,UPI,returning,yearly,failed,network_error,0,0.8,100,0,728,1
TX001367,C00906,3394.27,NETBANKING,new,monthly,success,none,0,0.87,194,1,719,0
TX001368,C01360,508.88,CARD,returning,monthly,failed,bank_timeout,1,0.95,237,1,1445,1
TX001369,C02890,702.24,NETBANKING,returning,one_time,success,none,0,0.87,174,0,18,0
TX001370,C01904,5610.32,CARD,returning,monthly,failed,bank_timeout,0,0.82,270,1,983,0
TX001371,C02643,1362.43,CARD,returning,yearly,success,none,0,0.89,123,1,233,0
TX001372,C01030,861.9,CARD,returning,yearly,success,none,0,0.7,19,1,39,0
TX001373,C01350,2093.33,UPI,returning,monthly,success,none,0,0.66,200,1,1469,0
TX001374,C01262,2715.06,CARD,returning,one_time,success,none,0,0.91,186,1,683,0
TX001375,C02663,655.69,CARD,returning,yearly,success,none,0,0.75,147,1,1401,0
TX001376,C02878,1336.08,UPI,new,monthly,success,none,0,0.73,282,1,1177,0
TX001377,C02888,2524.77,CARD,new,one_time,failed,bank_timeout,0,0.61,311,1,898,0
TX001378,C02256,385.96,UPI,new,one_time,success,none,0,0.74,171,1,659,0
TX001379,C01510,1108.89,UPI,new,monthly,success,none,0,0.69,88,1,1226,0
TX001380,C01623,402.24,UPI,new,monthly,success,none,0,0.83,152,1,1362,0
TX001381,C02942,452.5,UPI,returning,yearly,success,none,0,0.9,267,1,1326,0
TX001382,C00854,660.64,UPI,new,yearly,failed,insufficient_funds,0,0.77,200,1,1180,0
TX001383,C01041,1684.81,UPI,new,monthly,failed,network_error,1,0.73,290,1,150,1
TX001384,C02691,820.72,UPI,returning,yearly,success,none,0,0.98,40,1,814,0
TX001385,C01159,611.81,UPI,returning,one_time,success,none,0,0.9,346,1,636,0
TX001386,C00706,1148.71,CARD,new,one_time,success,none,0,0.86,28,1,527,0
TX001387,C01682,390.62,UPI,new,one_time,success,none,0,0.86,244,0,1300,0
TX001388,C00977,1613.12,WALLET,returning,monthly,success,none,0,0.41,4,1,243,0
TX001389,C02673,3035.85,NETBANKING,returning,yearly,success,none,0,0.51,152,1,1340,0
TX001390,C02728,1021.18,UPI,returning,monthly,success,none,0,0.94,151,1,1427,0
TX001391,C00919,913.8,UPI,returning,yearly,failed,network_error,0,0.74,181,0,927,1
TX001392,C01589,1534.71,UPI,returning,monthly,success,none,0,0.93,168,1,460,0
TX001393,C02952,176.69,UPI,returning,monthly,success,none,0,0.84,28,1,613,0
TX001394,C02227,1777.81,UPI,new,one_time,success,none,0,0.77,345,0,382,0
TX001395,C00647,17884.63,CARD,returning,monthly,success,none,0,0.42,208,0,878,0
TX001396,C01773,982.0,CARD,returning,monthly,success,none,0,0.64,332,1,690,0
TX001397,C01860,985.14,UPI,returning,one_time,failed,network_error,2,0.81,58,0,694,0
TX001398,C01961,2141.47,CARD,new,one_time,success,none,0,0.82,139,0,746,0
TX001399,C00076,4821.3,UPI,returning,one_time,success,none,0,0.75,95,1,1259,0
TX001400,C00899,2637.19,NETBANKING,returning,yearly,success,none,0,0.75,353,1,1496,0
TX001401,C02564,157.58,WALLET,new,monthly,failed,insufficient_funds,0,0.89,175,1,804,0
TX001402,C00725,1820.85,UPI,new,one_time,success,none,0,0.67,58,1,154,0
TX001403,C00900,11100.41,CARD,new,yearly,failed,network_error,1,0.74,175,1,1422,0
TX001404,C00968,1920.22,NETBANKING,returning,one_time,success,none,0,0.92,87,1,1311,0
TX001405,C00533,387.94,UPI,new,one_time,success,none,0,0.79,213,1,576,0
TX001406,C00467,1413.25,UPI,returning,monthly,failed,card_declined,2,0.54,189,0,209,0
TX001407,C01042,346.33,CARD,returning,one_time,failed,network_error,0,0.62,282,1,752,0
TX001408,C02623,3325.99,UPI,returning,one_time,success,none,0,0.74,136,1,724,0
TX001409,C00005,463.92,UPI,returning,monthly,failed,expired_card,0,0.78,78,1,1305,0
TX001410,C00850,1172.41,CARD,returning,one_time,success,none,0,0.85,194,1,1298,0
TX001411,C00182,506.74,UPI,returning,one_time,success,none,0,0.79,140,0,732,0
TX001412,C01685,670.62,UPI,returning,one_time,failed,insufficient_funds,1,0.59,3,1,1202,1
TX001413,C00752,4177.78,WALLET,new,yearly,success,none,0,0.46,132,1,1269,0
TX001414,C02376,1203.65,UPI,new,monthly,failed,network_error,0,0.62,246,1,1492,1
TX001415,C01756,662.96,UPI,returning,yearly,failed,card_declined,2,0.5,258,1,881,0
TX001416,C02352,391.23,CARD,new,monthly,success,none,0,0.69,101,1,936,0
TX001417,C01905,203.46,UPI,returning,one_time,success,none,0,0.83,255,1,142,0
TX001418,C01316,355.61,CARD,new,one_time,success,none,0,0.83,113,1,1130,0
TX001419,C02583,1212.89,CARD,returning,one_time,success,none,0,0.81,1,1,909,0
TX001420,C01429,2649.72,UPI,new,monthly,success,none,0,0.6,333,0,1430,0
TX001421,C02850,662.28,UPI,new,monthly,success,none,0,0.79,3,1,800,0
TX001422,C02985,4507.46,WALLET,returning,monthly,success,none,0,0.72,323,1,617,0
TX001423,C01768,574.93,NETBANKING,returning,monthly,success,none,0,0.9,43,1,173,0
TX001424,C02024,885.18,UPI,returning,one_time,success,none,0,0.48,148,0,619,0
TX001425,C00767,415.04,UPI,returning,yearly,success,none,0,0.7,213,1,253,0
TX001426,C02444,2674.95,UPI,returning,monthly,failed,network_error,0,0.87,138,0,953,1
TX001427,C02015,7242.77,NETBANKING,new,monthly,success,none,0,0.93,89,1,1142,0
TX001428,C02708,224.61,NETBANKING,new,one_time,success,none,0,0.88,288,1,1257,0
TX001429,C00802,803.08,UPI,returning,one_time,success,none,0,0.86,155,1,567,0
TX001430,C02363,3423.1,NETBANKING,new,monthly,success,none,0,0.69,266,1,404,0
TX001431,C01411,298.2,UPI,returning,one_time,success,none,0,0.57,1,1,1478,0
TX001432,C00556,1826.24,UPI,returning,yearly,success,none,0,0.82,51,1,1142,0
TX001433,C00514,3292.24,CARD,new,monthly,success,none,0,0.82,183,1,866,0
TX001434,C01687,1176.63,UPI,returning,monthly,success,none,0,0.87,146,1,1229,0
TX001435,C00959,1799.45,CARD,returning,one_time,success,none,0,0.81,319,1,994,0
TX001436,C00306,5349.79,UPI,new,yearly,failed,insufficient_funds,0,0.55,182,1,887,0
TX001437,C01282,6333.35,CARD,returning,yearly,failed,network_error,0,0.84,314,1,1430,1
TX001438,C01959,1037.15,WALLET,returning,one_time,success,none,0,0.77,173,1,313,0
TX001439,C00957,679.16,UPI,returning,monthly,success,none,0,0.97,228,1,917,0
TX001440,C02867,479.15,UPI,new,yearly,failed,card_declined,0,0.76,38,1,1194,0
TX001441,C02339,2641.94,CARD,returning,one_time,failed,insufficient_funds,0,0.65,133,1,752,0
TX001442,C01539,319.07,UPI,new,one_time,success,none,0,0.93,230,0,1380,0
TX001443,C02804,873.65,CARD,new,yearly,failed,network_error,3,0.63,107,1,947,1
TX001444,C01299,1202.82,CARD,returning,monthly,success,none,0,0.78,232,0,515,0
TX001445,C00420,697.36,UPI,returning,yearly,success,none,0,0.72,204,1,863,0
TX001446,C00108,1410.7,NETBANKING,returning,one_time,success,none,0,0.83,286,1,273,0
TX001447,C02815,11026.56,UPI,returning,monthly,success,none,0,0.95,250,1,1444,0
TX001448,C02880,982.95,UPI,new,monthly,success,none,0,0.69,221,1,1391,0
TX001449,C02218,741.1,UPI,returning,monthly,failed,card_declined,1,0.52,32,1,685,0
TX001450,C00310,2734.76,CARD,new,yearly,success,none,0,0.6,17,1,42,0
TX001451,C00881,1360.52,NETBANKING,returning,monthly,success,none,0,0.78,229,0,483,0
TX001452,C00124,4005.41,UPI,new,yearly,success,none,0,0.47,89,1,1365,0
TX001453,C00154,1271.84,UPI,new,one_time,failed,bank_timeout,1,0.81,242,1,1167,0
TX001454,C00739,876.92,UPI,returning,yearly,success,none,0,0.57,195,1,630,0
TX001455,C01717,220.22,CARD,returning,monthly,success,none,0,0.7,92,1,975,0
TX001456,C00197,255.25,UPI,returning,one_time,failed,network_error,3,0.91,152,1,1004,0
TX001457,C02954,210.16,UPI,returning,one_time,success,none,0,0.87,144,1,1186,0
TX001458,C01366,1542.88,UPI,returning,one_time,success,none,0,0.82,223,1,528,0
TX001459,C00792,321.81,UPI,returning,one_time,success,none,0,0.62,81,1,1183,0
TX001460,C01549,3394.87,CARD,returning,yearly,failed,network_error,0,0.61,26,1,468,1
TX001461,C02371,1126.9,UPI,returning,yearly,failed,card_declined,0,0.6,126,1,1054,0
TX001462,C00938,880.27,UPI,new,one_time,failed,card_declined,0,0.64,113,0,172,0
TX001463,C00143,513.13,UPI,returning,one_time,success,none,0,0.5,180,1,703,0
TX001464,C00153,1919.91,UPI,returning,one_time,success,none,0,0.88,80,1,896,0
TX001465,C02556,531.63,UPI,returning,monthly,success,none,0,0.78,127,1,943,0
TX001466,C00335,451.76,UPI,returning,monthly,success,none,0,0.79,213,1,1074,0
TX001467,C01907,3195.55,UPI,new,monthly,failed,card_declined,0,0.93,71,1,1474,1
TX001468,C01154,1508.93,UPI,returning,monthly,failed,bank_timeout,0,0.78,45,1,193,1
TX001469,C02333,887.64,UPI,new,yearly,failed,insufficient_funds,1,0.89,356,1,1349,0
TX001470,C00182,1953.33,CARD,returning,one_time,failed,bank_timeout,0,0.67,124,1,1181,1
TX001471,C02694,1105.48,UPI,returning,one_time,failed,expired_card,0,0.99,177,1,181,0
TX001472,C02095,1547.99,UPI,returning,monthly,success,none,0,0.74,310,1,338,0
TX001473,C01348,525.76,CARD,new,yearly,success,none,0,0.73,204,1,82,0
TX001474,C00622,7068.18,UPI,returning,monthly,success,none,0,0.87,258,1,532,0
TX001475,C02932,650.89,UPI,new,yearly,success,none,0,0.54,168,1,180,0
TX001476,C00907,4448.91,NETBANKING,returning,yearly,success,none,0,0.96,162,1,178,0
TX001477,C01472,925.21,UPI,returning,one_time,success,none,0,0.81,204,1,1326,0
TX001478,C01183,2267.4,NETBANKING,returning,monthly,success,none,0,0.61,183,1,1182,0
TX001479,C00692,2123.46,UPI,returning,yearly,failed,insufficient_funds,1,0.82,17,1,990,1
TX001480,C01250,3078.4,NETBANKING,returning,one_time,failed,card_declined,1,0.74,6,1,247,0
TX001481,C00455,514.63,NETBANKING,new,monthly,success,none,0,0.76,4,1,428,0
TX001482,C00005,2887.28,UPI,returning,one_time,success,none,0,0.75,297,0,370,0
TX001483,C00870,5777.9,UPI,returning,monthly,failed,insufficient_funds,1,0.85,265,1,1407,1
TX001484,C00337,868.86,CARD,new,one_time,success,none,0,0.67,116,1,150,0
TX001485,C01245,1131.43,UPI,returning,one_time,failed,network_error,0,0.83,317,1,81,1
TX001486,C02589,684.64,UPI,returning,monthly,failed,expired_card,1,0.36,91,0,1403,0
TX001487,C00488,802.88,NETBANKING,returning,monthly,failed,insufficient_funds,1,0.74,194,1,1107,1
TX001488,C00004,5116.78,CARD,returning,one_time,success,none,0,0.92,117,1,1001,0
TX001489,C00334,444.16,WALLET,returning,one_time,failed,bank_timeout,2,0.5,255,1,498,0
TX001490,C01525,469.7,NETBANKING,returning,yearly,success,none,0,0.9,73,1,1021,0
TX001491,C00825,4674.19,NETBANKING,new,yearly,success,none,0,0.91,101,1,495,0
TX001492,C01469,1923.87,CARD,returning,monthly,success,none,0,0.69,298,1,1442,0
TX001493,C00088,7393.33,CARD,returning,one_time,success,none,0,0.21,7,1,713,0
TX001494,C01000,731.14,NETBANKING,new,monthly,success,none,0,0.84,22,1,646,0
TX001495,C01231,1228.63,CARD,returning,monthly,failed,network_error,0,0.86,99,1,716,0
TX001496,C01294,605.1,UPI,returning,one_time,success,none,0,0.77,173,1,775,0
TX001497,C01654,1247.59,CARD,new,one_time,success,none,0,0.62,201,1,1182,0
TX001498,C02342,222.14,UPI,returning,one_time,success,none,0,0.7,240,1,270,0
TX001499,C01402,2031.36,NETBANKING,returning,one_time,success,none,0,0.65,254,1,797,0
TX001500,C02524,1467.22,CARD,new,monthly,success,none,0,0.6,19,1,748,0
TX001501,C01590,1041.27,CARD,new,one_time,success,none,0,0.46,174,0,535,0
TX001502,C00782,771.76,UPI,returning,monthly,success,none,0,0.76,192,1,1031,0
TX001503,C00688,490.15,UPI,returning,monthly,success,none,0,0.6,313,1,1234,0
TX001504,C00968,2111.05,UPI,returning,monthly,success,none,0,0.72,148,1,290,0
TX001505,C01793,382.23,CARD,returning,monthly,failed,expired_card,1,0.47,289,1,1382,0
TX001506,C00728,1738.38,CARD,new,monthly,failed,bank_timeout,1,0.69,265,1,64,0
TX001507,C02743,7094.01,UPI,returning,one_time,success,none,0,0.73,159,0,454,0
TX001508,C01440,4175.42,UPI,new,one_time,success,none,0,0.75,323,1,385,0
TX001509,C02590,282.98,UPI,returning,monthly,success,none,0,0.6,36,0,843,0
TX001510,C02050,676.5,UPI,returning,one_time,success,none,0,0.86,13,1,124,0
TX001511,C01001,1602.48,NETBANKING,new,one_time,success,none,0,0.53,239,1,290,0
TX001512,C00685,1029.42,NETBANKING,returning,one_time,success,none,0,0.89,98,0,1207,0
TX001513,C02232,311.23,CARD,returning,one_time,success,none,0,0.56,100,1,440,0
TX001514,C00993,1551.2,UPI,returning,one_time,success,none,0,0.69,236,1,1319,0
TX001515,C00741,1086.79,UPI,returning,monthly,success,none,0,0.42,196,1,279,0
TX001516,C02792,6141.92,NETBANKING,new,monthly,success,none,0,0.84,349,1,413,0
TX001517,C01448,873.14,WALLET,returning,monthly,success,none,0,0.91,142,1,327,0
TX001518,C00146,3137.57,UPI,returning,one_time,success,none,0,0.72,347,1,364,0
TX001519,C01485,350.59,CARD,returning,monthly,failed,bank_timeout,0,0.62,344,1,685,1
TX001520,C01383,434.76,UPI,new,one_time,success,none,0,0.77,363,0,993,0
TX001521,C02592,2099.59,UPI,returning,monthly,success,none,0,0.7,224,1,443,0
TX001522,C02135,2908.4,WALLET,returning,monthly,success,none,0,0.8,310,1,1178,0
TX001523,C00575,463.29,NETBANKING,new,monthly,success,none,0,0.68,16,1,188,0
TX001524,C00452,1120.66,WALLET,new,monthly,success,none,0,0.88,43,1,1043,0
TX001525,C01811,316.26,UPI,new,one_time,success,none,0,0.44,69,0,37,0
TX001526,C00143,931.6,UPI,returning,one_time,failed,bank_timeout,2,0.51,295,1,908,0
TX001527,C00958,2329.08,NETBANKING,new,one_time,success,none,0,0.7,352,1,378,0
TX001528,C00415,741.4,CARD,returning,yearly,success,none,0,0.62,61,1,523,0
TX001529,C00062,876.44,UPI,new,yearly,failed,insufficient_funds,2,0.74,76,1,1369,0
TX001530,C02757,396.7,UPI,new,monthly,success,none,0,0.7,186,1,999,0
TX001531,C00270,611.84,UPI,new,one_time,failed,card_declined,2,0.7,124,1,1430,0
TX001532,C00028,5336.36,CARD,returning,one_time,success,none,0,0.73,209,1,986,0
TX001533,C02799,1171.02,NETBANKING,returning,monthly,success,none,0,0.76,354,1,150,0
TX001534,C00565,444.93,UPI,returning,one_time,success,none,0,0.75,228,1,319,0
TX001535,C02450,826.09,UPI,returning,one_time,failed,bank_timeout,0,0.78,320,0,746,1
TX001536,C00094,260.43,UPI,returning,monthly,failed,card_declined,0,0.81,46,1,41,0
TX001537,C00461,440.21,CARD,returning,one_time,success,none,0,0.57,80,0,376,0
TX001538,C00332,3730.53,UPI,new,monthly,success,none,0,0.73,278,1,978,0
TX001539,C02119,964.65,UPI,returning,monthly,success,none,0,0.66,77,1,77,0
TX001540,C01861,6012.87,CARD,new,monthly,success,none,0,0.78,26,1,485,0
TX001541,C01427,1006.45,UPI,returning,monthly,success,none,0,0.75,219,1,718,0
TX001542,C00725,1061.69,CARD,returning,one_time,failed,bank_timeout,0,0.81,349,1,42,1
TX001543,C00267,1952.38,CARD,returning,monthly,failed,network_error,2,0.88,286,0,544,0
TX001544,C01708,100.0,UPI,returning,monthly,failed,card_declined,1,0.76,188,1,28,0
TX001545,C00693,1318.76,CARD,returning,monthly,success,none,0,0.9,248,0,753,0
TX001546,C01771,1049.34,CARD,new,yearly,success,none,0,0.82,119,1,214,0
TX001547,C02063,4177.36,CARD,returning,yearly,success,none,0,0.89,178,1,141,0
TX001548,C02549,2612.89,CARD,new,monthly,failed,expired_card,0,0.74,73,1,129,1
TX001549,C01482,395.31,UPI,new,yearly,success,none,0,0.86,219,1,765,0
TX001550,C00015,3354.05,UPI,new,one_time,success,none,0,0.92,337,1,1062,0
TX001551,C00843,866.03,UPI,returning,yearly,success,none,0,0.57,97,1,282,0
TX001552,C02561,485.89,UPI,returning,yearly,failed,expired_card,1,0.75,261,1,1396,0
TX001553,C01600,1309.49,UPI,new,one_time,success,none,0,0.63,122,1,229,0
TX001554,C01858,913.7,UPI,new,monthly,success,none,0,0.63,203,1,205,0
TX001555,C01374,4379.19,CARD,returning,monthly,success,none,0,0.87,170,1,854,0
TX001556,C00489,1490.04,UPI,new,monthly,success,none,0,0.63,264,1,1022,0
TX001557,C02691,1319.61,NETBANKING,new,one_time,failed,bank_timeout,0,0.87,30,1,608,1
TX001558,C02319,2466.57,CARD,returning,monthly,success,none,0,0.78,315,1,787,0
TX001559,C02986,2932.42,UPI,returning,monthly,success,none,0,0.6,70,1,1403,0
TX001560,C02567,2219.96,CARD,returning,one_time,failed,expired_card,1,0.82,172,1,1051,0
TX001561,C00874,3934.41,UPI,returning,yearly,success,none,0,0.91,143,1,1021,0
TX001562,C00763,1896.59,NETBANKING,returning,monthly,success,none,0,0.77,351,0,273,0
TX001563,C00746,1275.24,NETBANKING,returning,one_time,success,none,0,0.73,184,1,741,0
TX001564,C02757,3345.11,NETBANKING,new,yearly,success,none,0,0.76,84,0,191,0
TX001565,C01671,1010.49,CARD,new,one_time,success,none,0,0.87,303,0,758,0
TX001566,C01364,1129.94,NETBANKING,returning,one_time,failed,card_declined,2,0.97,285,1,1243,0
TX001567,C02905,5163.75,CARD,new,one_time,failed,insufficient_funds,0,0.82,311,1,964,1
TX001568,C01811,4720.79,NETBANKING,returning,yearly,success,none,0,0.88,232,1,1205,0
TX001569,C02729,1088.59,UPI,new,yearly,success,none,0,0.79,172,1,172,0
TX001570,C02954,729.09,NETBANKING,new,monthly,success,none,0,0.82,364,1,1395,0
TX001571,C00239,4092.27,CARD,returning,one_time,failed,insufficient_funds,1,0.65,275,1,1378,0
TX001572,C01085,2253.81,UPI,new,monthly,success,none,0,0.91,311,0,321,0
TX001573,C02203,1456.84,WALLET,returning,monthly,failed,insufficient_funds,0,0.79,354,1,1111,1
TX001574,C02440,820.83,CARD,returning,monthly,success,none,0,0.95,360,1,799,0
TX001575,C00446,1478.12,NETBANKING,returning,one_time,success,none,0,0.77,57,1,275,0
TX001576,C00956,1075.42,UPI,returning,one_time,success,none,0,0.88,253,1,571,0
TX001577,C01645,603.11,CARD,new,yearly,success,none,0,0.68,310,1,425,0
TX001578,C02398,1231.68,CARD,returning,monthly,success,none,0,0.66,210,1,1285,0
TX001579,C00339,1392.54,UPI,returning,one_time,success,none,0,0.68,355,1,34,0
TX001580,C01803,782.23,CARD,new,yearly,success,none,0,0.58,163,1,792,0
TX001581,C00890,2473.63,CARD,returning,one_time,success,none,0,0.7,329,0,1102,0
TX001582,C00650,3498.01,UPI,returning,monthly,success,none,0,0.52,157,1,253,0
TX001583,C01547,2625.19,CARD,returning,one_time,success,none,0,0.84,225,1,1162,0
TX001584,C01243,855.24,UPI,new,yearly,failed,card_declined,1,0.89,261,1,448,0
TX001585,C01908,2165.14,NETBANKING,new,one_time,success,none,0,0.77,355,0,580,0
TX001586,C00953,1176.34,NETBANKING,new,yearly,success,none,0,0.78,56,1,896,0
TX001587,C02470,360.62,UPI,new,monthly,success,none,0,0.7,362,1,1179,0
TX001588,C00235,2009.13,UPI,returning,one_time,success,none,0,0.84,99,1,829,0
TX001589,C02586,1250.77,UPI,returning,one_time,success,none,0,0.54,211,1,1129,0
TX001590,C00090,11318.49,UPI,returning,monthly,success,none,0,0.62,159,1,1132,0
TX001591,C02208,4070.59,NETBANKING,returning,one_time,success,none,0,0.85,5,1,1136,0
TX001592,C01040,2079.82,UPI,new,one_time,success,none,0,0.57,309,1,1498,0
TX001593,C01151,1372.31,UPI,returning,monthly,success,none,0,0.62,77,1,1294,0
TX001594,C00058,1270.73,UPI,returning,one_time,success,none,0,0.32,7,1,636,0
TX001595,C02107,444.38,CARD,returning,monthly,success,none,0,0.77,92,1,217,0
TX001596,C00497,229.27,NETBANKING,returning,monthly,success,none,0,0.82,63,1,730,0
TX001597,C01978,500.04,UPI,returning,one_time,success,none,0,0.9,197,0,1484,0
TX001598,C02176,1050.53,UPI,new,one_time,failed,network_error,1,0.57,312,1,834,1
TX001599,C02536,164.85,UPI,returning,one_time,success,none,0,0.8,104,1,834,0
TX001600,C02125,671.9,UPI,new,yearly,failed,card_declined,1,0.75,186,0,1043,0
TX001601,C00905,877.56,UPI,new,one_time,success,none,0,0.7,118,1,236,0
TX001602,C02216,903.36,CARD,returning,monthly,success,none,0,0.8,148,1,389,0
TX001603,C02478,604.53,UPI,new,monthly,success,none,0,0.56,77,1,1162,0
TX001604,C00952,806.45,UPI,new,monthly,success,none,0,0.8,14,1,887,0
TX001605,C00373,5174.53,CARD,returning,one_time,success,none,0,0.54,64,1,1418,0
TX001606,C02671,1990.08,CARD,new,one_time,success,none,0,0.95,213,1,371,0
TX001607,C00444,662.31,UPI,new,monthly,success,none,0,0.72,134,1,922,0
TX001608,C01782,1031.21,UPI,new,monthly,success,none,0,0.69,244,1,642,0
TX001609,C00709,1069.04,CARD,new,monthly,failed,card_declined,1,0.93,120,1,834,0
TX001610,C00379,549.41,UPI,returning,one_time,failed,bank_timeout,2,0.72,47,0,761,0
TX001611,C02330,548.83,NETBANKING,returning,monthly,failed,insufficient_funds,0,0.68,143,1,787,1
TX001612,C00432,2722.95,NETBANKING,returning,one_time,success,none,0,0.85,241,1,689,0
TX001613,C02011,751.59,NETBANKING,returning,monthly,success,none,0,0.84,80,0,1173,0
TX001614,C02080,409.43,UPI,returning,monthly,success,none,0,0.88,348,1,845,0
TX001615,C00181,1054.87,UPI,returning,one_time,success,none,0,0.76,298,1,469,0
TX001616,C00519,1219.52,NETBANKING,returning,yearly,failed,card_declined,3,0.78,200,1,474,0
TX001617,C02384,185.78,UPI,returning,monthly,success,none,0,0.7,330,1,753,0
TX001618,C01522,1057.15,UPI,returning,one_time,failed,expired_card,0,0.7,82,0,1482,0
TX001619,C00365,2395.1,CARD,returning,one_time,failed,bank_timeout,1,0.79,311,1,265,0
TX001620,C02976,1646.01,UPI,returning,monthly,success,none,0,0.85,281,1,945,0
TX001621,C00795,8158.5,CARD,returning,monthly,failed,expired_card,0,0.46,276,1,186,0
TX001622,C00013,3381.24,NETBANKING,new,one_time,failed,card_declined,1,0.66,55,1,265,0
TX001623,C02773,4040.16,CARD,returning,one_time,failed,insufficient_funds,1,0.89,261,0,1058,1
TX001624,C00050,13630.67,UPI,returning,monthly,failed,network_error,1,0.88,73,1,1162,1
TX001625,C01661,2169.69,WALLET,returning,one_time,success,none,0,0.86,258,1,909,0
TX001626,C02980,1269.99,CARD,returning,one_time,success,none,0,0.8,271,1,564,0
TX001627,C01734,2634.28,UPI,returning,one_time,failed,card_declined,1,0.69,124,1,19,0
TX001628,C01754,662.94,CARD,returning,monthly,success,none,0,0.86,317,1,466,0
TX001629,C01165,1208.24,UPI,new,one_time,success,none,0,0.72,30,1,473,0
TX001630,C00381,612.19,UPI,returning,one_time,failed,network_error,1,0.67,113,1,1201,0
TX001631,C01719,1568.99,CARD,new,one_time,success,none,0,0.84,259,1,423,0
TX001632,C02692,609.89,UPI,new,one_time,failed,bank_timeout,0,0.76,202,1,792,0
TX001633,C00274,590.97,UPI,new,yearly,success,none,0,0.76,300,1,582,0
TX001634,C02642,1591.01,CARD,returning,one_time,success,none,0,0.73,205,0,76,0
TX001635,C01246,968.8,UPI,returning,one_time,success,none,0,0.68,233,1,1338,0
TX001636,C01609,193.49,UPI,new,yearly,success,none,0,0.81,270,1,969,0
TX001637,C00497,295.89,UPI,returning,yearly,success,none,0,0.61,339,1,1054,0
TX001638,C01866,390.51,CARD,returning,monthly,success,none,0,0.86,62,1,243,0
TX001639,C00548,495.38,NETBANKING,returning,one_time,success,none,0,0.98,257,1,1104,0
TX001640,C00820,1592.37,UPI,returning,monthly,success,none,0,0.84,30,0,1012,0
TX001641,C02165,1335.48,CARD,returning,monthly,success,none,0,0.6,150,1,671,0
TX001642,C00152,2860.5,UPI,returning,monthly,success,none,0,0.83,267,1,829,0
TX001643,C01342,2159.26,UPI,new,one_time,success,none,0,0.64,237,1,367,0
TX001644,C01784,2877.6,UPI,new,one_time,success,none,0,0.89,346,1,478,0
TX001645,C00397,1896.1,UPI,returning,one_time,failed,bank_timeout,1,0.74,256,1,1153,1
TX001646,C00885,1324.4,UPI,returning,monthly,success,none,0,0.9,348,1,1334,0
TX001647,C01031,2949.58,CARD,returning,one_time,success,none,0,0.77,282,1,717,0
TX001648,C01991,2508.58,CARD,returning,monthly,failed,network_error,1,0.58,300,1,354,0
TX001649,C02931,1538.38,WALLET,new,monthly,success,none,0,0.72,334,1,665,0
TX001650,C02509,3442.54,NETBANKING,returning,yearly,failed,insufficient_funds,0,0.3,336,0,419,0
TX001651,C00570,132.79,UPI,returning,yearly,success,none,0,0.76,21,1,713,0
TX001652,C00055,844.36,UPI,returning,monthly,success,none,0,0.94,87,1,404,0
TX001653,C00156,832.8,UPI,returning,one_time,failed,bank_timeout,1,0.86,154,1,1285,0
TX001654,C01788,3094.6,UPI,new,yearly,failed,bank_timeout,1,0.49,11,1,784,1
TX001655,C00469,4510.92,NETBANKING,new,one_time,success,none,0,0.84,315,0,411,0
TX001656,C00694,297.33,UPI,new,one_time,failed,bank_timeout,1,0.87,66,1,546,1
TX001657,C02543,3905.15,UPI,returning,one_time,failed,card_declined,1,0.79,39,1,145,1
TX001658,C02622,382.11,UPI,returning,monthly,success,none,0,0.85,221,1,518,0
TX001659,C02518,392.65,NETBANKING,new,one_time,success,none,0,0.82,157,1,1086,0
TX001660,C00761,888.15,UPI,returning,one_time,failed,network_error,1,0.76,192,0,1104,0
TX001661,C01860,823.54,CARD,returning,one_time,success,none,0,0.7,30,1,107,0
TX001662,C01833,269.73,UPI,returning,monthly,success,none,0,0.7,352,1,1482,0
TX001663,C00556,1968.23,UPI,returning,monthly,success,none,0,0.76,233,1,806,0
TX001664,C01661,2021.23,UPI,returning,monthly,success,none,0,0.83,38,1,707,0
TX001665,C01576,2831.71,CARD,new,one_time,success,none,0,0.57,302,1,682,0
TX001666,C01189,742.4,CARD,returning,monthly,success,none,0,0.67,79,1,972,0
TX001667,C02255,1058.25,UPI,returning,one_time,success,none,0,0.75,14,1,833,0
TX001668,C02033,1067.01,UPI,new,one_time,success,none,0,0.65,7,0,1104,0
TX001669,C01598,5010.02,UPI,new,monthly,success,none,0,0.64,19,1,188,0
TX001670,C02178,100.0,UPI,returning,monthly,success,none,0,0.78,90,1,1035,0
TX001671,C02290,463.47,UPI,returning,monthly,failed,insufficient_funds,1,0.59,102,1,259,0
TX001672,C01701,1102.12,UPI,returning,one_time,success,none,0,0.62,147,1,1170,0
TX001673,C00804,412.81,CARD,returning,yearly,success,none,0,0.81,302,1,668,0
TX001674,C02276,869.15,NETBANKING,new,monthly,success,none,0,0.68,135,1,1072,0
TX001675,C02153,979.0,CARD,returning,yearly,failed,network_error,2,0.59,311,1,91,0
TX001676,C02951,606.73,CARD,new,monthly,failed,bank_timeout,3,0.83,18,1,1447,1
TX001677,C00450,1162.14,WALLET,returning,monthly,success,none,0,0.63,364,1,279,0
TX001678,C01258,1930.11,WALLET,returning,one_time,failed,bank_timeout,1,0.73,211,1,1362,0
TX001679,C02773,886.57,UPI,new,monthly,success,none,0,0.59,205,0,880,0
TX001680,C01544,729.33,UPI,returning,monthly,success,none,0,0.81,101,1,913,0
TX001681,C02828,944.65,UPI,returning,yearly,success,none,0,0.66,296,0,834,0
TX001682,C00038,1089.32,NETBANKING,returning,yearly,success,none,0,0.95,21,1,581,0
TX001683,C00106,229.0,UPI,returning,monthly,failed,bank_timeout,1,0.75,215,1,810,0
TX001684,C02389,1661.37,UPI,returning,yearly,success,none,0,0.57,146,0,1477,0
TX001685,C01076,730.77,UPI,new,yearly,success,none,0,0.91,183,1,522,0
TX001686,C01561,3413.12,CARD,new,yearly,success,none,0,0.67,338,1,550,0
TX001687,C01285,1866.74,CARD,returning,one_time,success,none,0,0.7,243,1,1418,0
TX001688,C01224,3143.4,CARD,returning,one_time,success,none,0,0.88,333,1,452,0
TX001689,C02819,441.46,CARD,returning,yearly,success,none,0,0.84,40,1,1227,0
TX001690,C00283,785.05,NETBANKING,returning,monthly,success,none,0,0.92,75,1,60,0
TX001691,C02317,358.45,UPI,returning,monthly,success,none,0,0.62,174,1,243,0
TX001692,C02669,581.34,NETBANKING,new,one_time,success,none,0,0.67,67,1,1451,0
TX001693,C01973,3384.27,CARD,new,one_time,success,none,0,0.83,329,1,593,0
TX001694,C01186,4182.82,UPI,new,one_time,success,none,0,0.69,240,1,1293,0
TX001695,C00481,390.21,WALLET,returning,one_time,failed,insufficient_funds,0,0.87,212,1,177,1
TX001696,C02048,726.0,NETBANKING,returning,monthly,failed,bank_timeout,1,0.51,325,1,357,0
TX001697,C01407,1023.95,NETBANKING,returning,monthly,success,none,0,0.85,119,1,261,0
TX001698,C00449,1857.61,NETBANKING,returning,monthly,success,none,0,0.46,196,1,583,0
TX001699,C01079,225.02,UPI,returning,one_time,success,none,0,0.8,217,0,930,0
TX001700,C02885,259.12,UPI,new,one_time,success,none,0,0.66,215,1,339,0
TX001701,C00797,1703.88,UPI,returning,monthly,success,none,0,0.7,183,0,1118,0
TX001702,C00536,189.78,NETBANKING,returning,one_time,failed,expired_card,1,0.61,220,0,1482,0
TX001703,C02046,733.54,NETBANKING,new,yearly,failed,network_error,0,0.94,321,1,1102,1
TX001704,C00599,1268.87,WALLET,returning,one_time,success,none,0,0.76,239,1,41,0
TX001705,C02760,1594.16,NETBANKING,new,one_time,failed,card_declined,1,0.74,333,1,1337,0
TX001706,C02577,965.31,CARD,new,monthly,success,none,0,0.77,331,1,33,0
TX001707,C02951,789.04,UPI,returning,monthly,success,none,0,0.6,234,1,914,0
TX001708,C02738,2345.17,UPI,returning,one_time,failed,bank_timeout,0,0.68,236,1,1055,0
TX001709,C00732,1417.55,UPI,returning,monthly,success,none,0,0.75,228,1,909,0
TX001710,C00637,612.58,CARD,returning,one_time,success,none,0,0.8,46,1,298,0
TX001711,C01028,1134.5,UPI,returning,one_time,success,none,0,0.94,216,1,1239,0
TX001712,C01410,1548.21,NETBANKING,returning,one_time,success,none,0,0.78,335,1,3,0
TX001713,C02640,5148.26,CARD,new,monthly,success,none,0,0.93,260,1,1420,0
TX001714,C02201,2225.4,UPI,returning,monthly,failed,bank_timeout,0,0.82,150,1,917,1
TX001715,C01934,3271.82,NETBANKING,returning,monthly,success,none,0,0.89,123,1,202,0
TX001716,C02636,632.99,CARD,returning,monthly,failed,insufficient_funds,1,0.61,3,1,700,0
TX001717,C01938,684.19,CARD,returning,one_time,failed,card_declined,3,0.7,217,1,173,0
TX001718,C01138,887.28,UPI,returning,monthly,success,none,0,0.54,219,1,557,0
TX001719,C01240,963.7,UPI,new,monthly,success,none,0,0.8,222,1,498,0
TX001720,C01552,442.65,UPI,new,monthly,success,none,0,0.72,319,1,19,0
TX001721,C00267,3426.66,UPI,returning,one_time,success,none,0,0.58,188,1,664,0
TX001722,C02226,2428.47,CARD,returning,one_time,failed,card_declined,1,0.75,234,1,126,1
TX001723,C01959,832.88,WALLET,returning,monthly,success,none,0,0.71,193,1,408,0
TX001724,C02194,1953.82,NETBANKING,returning,monthly,success,none,0,0.95,9,1,1268,0
TX001725,C01602,1340.25,UPI,returning,yearly,success,none,0,0.6,251,1,546,0
TX001726,C02349,2096.12,WALLET,new,monthly,failed,bank_timeout,0,0.69,192,1,1410,0
TX001727,C02850,327.05,UPI,returning,monthly,success,none,0,0.78,241,1,212,0
TX001728,C01710,961.89,UPI,returning,one_time,failed,network_error,0,0.9,279,1,504,0
TX001729,C01334,1040.82,CARD,returning,one_time,failed,insufficient_funds,3,0.49,41,1,949,0
TX001730,C00314,1922.3,NETBANKING,returning,one_time,success,none,0,0.69,159,1,1244,0
TX001731,C02337,622.91,NETBANKING,returning,one_time,success,none,0,0.66,173,1,878,0
TX001732,C02712,115.59,NETBANKING,new,one_time,failed,network_error,0,0.9,83,1,1306,0
TX001733,C02099,414.25,UPI,new,monthly,failed,bank_timeout,2,0.8,92,1,814,0
TX001734,C02597,1038.01,UPI,new,one_time,success,none,0,0.62,347,0,1205,0
TX001735,C02584,1161.53,UPI,returning,one_time,failed,network_error,1,0.84,130,1,810,1
TX001736,C02395,4990.91,CARD,returning,one_time,success,none,0,0.71,21,1,1387,0
TX001737,C01509,1852.83,UPI,new,monthly,success,none,0,0.99,263,1,108,0
TX001738,C00300,1180.13,UPI,new,one_time,success,none,0,0.64,18,1,1493,0
TX001739,C00010,1065.13,UPI,returning,yearly,success,none,0,0.87,174,1,271,0
TX001740,C00614,2962.43,CARD,returning,yearly,success,none,0,0.61,233,0,423,0
TX001741,C01294,644.77,CARD,returning,yearly,failed,insufficient_funds,3,0.85,156,1,1047,0
TX001742,C02231,966.56,UPI,returning,monthly,success,none,0,0.81,115,1,10,0
TX001743,C01368,411.44,UPI,returning,monthly,success,none,0,0.87,339,0,958,0
TX001744,C00070,3932.44,CARD,returning,one_time,success,none,0,0.9,334,1,608,0
TX001745,C00632,1561.26,CARD,returning,monthly,success,none,0,0.76,58,1,306,0
TX001746,C02938,580.12,UPI,new,one_time,success,none,0,0.86,295,1,1065,0
TX001747,C02965,989.29,UPI,returning,one_time,success,none,0,0.9,245,1,941,0
TX001748,C01132,1734.87,NETBANKING,returning,yearly,failed,bank_timeout,1,0.62,176,1,513,0
TX001749,C02415,875.11,CARD,returning,monthly,success,none,0,0.72,93,1,1048,0
TX001750,C02158,677.88,UPI,new,one_time,success,none,0,0.64,173,1,776,0
TX001751,C02794,608.6,CARD,returning,one_time,success,none,0,0.8,106,1,554,0
TX001752,C02663,1487.82,CARD,returning,monthly,success,none,0,0.72,297,1,514,0
TX001753,C01887,794.53,UPI,returning,monthly,success,none,0,0.86,300,1,1038,0
TX001754,C01184,728.96,UPI,returning,yearly,failed,network_error,2,0.68,277,1,607,0
TX001755,C01880,329.49,WALLET,new,one_time,success,none,0,0.6,249,1,619,0
TX001756,C00958,1176.0,UPI,new,one_time,success,none,0,0.76,231,1,710,0
TX001757,C01045,931.6,UPI,new,one_time,success,none,0,0.89,80,0,672,0
TX001758,C01827,820.99,CARD,new,monthly,success,none,0,0.51,249,1,1305,0
TX001759,C01715,1311.46,UPI,returning,monthly,success,none,0,0.61,166,1,1089,0
TX001760,C01743,2149.95,CARD,returning,monthly,failed,bank_timeout,1,0.97,327,1,1221,1
TX001761,C01155,2061.95,UPI,returning,monthly,success,none,0,0.62,56,1,1117,0
TX001762,C01228,1803.45,UPI,returning,one_time,success,none,0,0.77,33,1,1427,0
TX001763,C00031,883.06,UPI,new,one_time,failed,insufficient_funds,0,0.75,36,1,589,1
TX001764,C01806,658.33,WALLET,returning,one_time,success,none,0,0.66,75,0,375,0
TX001765,C01728,428.58,CARD,returning,monthly,failed,card_declined,1,0.79,312,0,1048,0
TX001766,C02807,643.01,NETBANKING,returning,monthly,success,none,0,0.88,116,0,695,0
TX001767,C01513,1116.2,UPI,new,yearly,success,none,0,0.62,206,1,416,0
TX001768,C01403,540.42,CARD,returning,one_time,failed,bank_timeout,1,0.74,135,1,1024,1
TX001769,C00204,1195.66,UPI,returning,yearly,success,none,0,0.67,56,1,97,0
TX001770,C00591,459.94,CARD,returning,one_time,success,none,0,0.78,47,0,766,0
TX001771,C01015,245.94,UPI,returning,one_time,success,none,0,0.7,222,1,268,0
TX001772,C01132,2292.65,CARD,returning,one_time,failed,expired_card,2,0.74,237,1,615,0
TX001773,C01089,715.53,UPI,returning,one_time,failed,bank_timeout,3,0.74,150,1,253,0
TX001774,C01183,516.29,UPI,returning,one_time,success,none,0,0.86,151,1,238,0
TX001775,C02307,409.75,CARD,returning,one_time,success,none,0,0.71,198,1,775,0
TX001776,C00394,1604.76,UPI,returning,monthly,success,none,0,0.73,89,1,855,0
TX001777,C00997,3779.76,UPI,returning,monthly,success,none,0,0.66,17,1,1167,0
TX001778,C00489,762.98,NETBANKING,returning,monthly,success,none,0,0.9,313,1,1414,0
TX001779,C00924,903.24,UPI,new,monthly,success,none,0,0.78,48,1,118,0
TX001780,C02054,2876.9,CARD,returning,monthly,success,none,0,0.62,195,0,1130,0
TX001781,C00141,214.99,NETBANKING,returning,yearly,success,none,0,0.8,143,1,921,0
TX001782,C01019,6439.34,CARD,returning,one_time,failed,expired_card,1,0.63,117,1,721,0
TX001783,C00072,9894.06,UPI,returning,yearly,success,none,0,0.94,13,1,635,0
TX001784,C02865,100.0,CARD,returning,one_time,success,none,0,0.7,302,1,889,0
TX001785,C02182,1004.5,UPI,returning,monthly,success,none,0,0.77,339,1,834,0
TX001786,C00731,574.18,UPI,returning,monthly,success,none,0,0.75,173,1,219,0
TX001787,C00595,864.11,CARD,new,one_time,success,none,0,0.77,318,1,657,0
TX001788,C00297,752.54,WALLET,returning,one_time,success,none,0,0.73,153,0,1032,0
TX001789,C01419,2276.93,UPI,returning,one_time,success,none,0,0.9,286,1,1436,0
TX001790,C02261,990.97,UPI,new,monthly,success,none,0,0.83,263,0,931,0
TX001791,C01753,483.08,CARD,returning,yearly,success,none,0,0.54,148,1,1412,0
TX001792,C02644,939.2,UPI,returning,one_time,failed,expired_card,0,0.73,341,1,440,1
TX001793,C01032,1742.9,CARD,new,one_time,success,none,0,0.92,211,1,196,0
TX001794,C00835,377.91,UPI,returning,monthly,failed,insufficient_funds,0,0.88,261,1,1463,0
TX001795,C01435,249.23,UPI,returning,one_time,success,none,0,0.77,77,1,465,0
TX001796,C00607,6591.05,CARD,returning,one_time,failed,insufficient_funds,0,0.6,333,1,358,0
TX001797,C02927,615.12,WALLET,returning,one_time,success,none,0,0.73,193,0,140,0
TX001798,C00558,969.11,UPI,returning,monthly,failed,card_declined,0,0.86,362,1,552,0
TX001799,C01437,766.61,NETBANKING,returning,one_time,success,none,0,0.77,308,1,410,0
TX001800,C01567,1795.93,UPI,returning,one_time,success,none,0,0.86,305,1,730,0
TX001801,C00172,5407.33,UPI,new,one_time,success,none,0,0.77,333,1,54,0
TX001802,C01406,1848.15,UPI,returning,monthly,success,none,0,0.68,258,1,1402,0
TX001803,C01365,279.63,UPI,returning,one_time,failed,bank_timeout,0,0.89,348,1,707,1
TX001804,C00779,315.54,CARD,new,monthly,success,none,0,0.84,178,1,530,0
TX001805,C00384,765.81,UPI,returning,yearly,failed,network_error,0,0.81,81,1,1322,1
TX001806,C00136,861.43,UPI,returning,one_time,failed,network_error,1,0.82,140,1,862,0
TX001807,C00026,232.81,UPI,new,one_time,success,none,0,0.78,257,1,1309,0
TX001808,C01445,2292.52,NETBANKING,new,one_time,success,none,0,0.67,252,1,459,0
TX001809,C00270,412.53,NETBANKING,new,yearly,failed,network_error,3,0.72,274,1,488,1
TX001810,C02878,4204.76,UPI,returning,monthly,success,none,0,0.82,171,1,153,0
TX001811,C00735,5645.25,UPI,returning,monthly,success,none,0,0.42,182,1,8,0
TX001812,C01958,877.06,WALLET,returning,yearly,success,none,0,0.83,185,1,562,0
TX001813,C02021,1627.95,UPI,returning,yearly,success,none,0,0.56,327,1,1196,0
TX001814,C01487,361.86,NETBANKING,returning,yearly,success,none,0,0.9,290,0,1229,0
TX001815,C02651,1922.36,CARD,returning,one_time,success,none,0,0.61,222,0,1455,0
TX001816,C00333,700.38,NETBANKING,returning,monthly,success,none,0,0.76,296,0,580,0
TX001817,C00703,412.19,UPI,new,yearly,success,none,0,0.8,327,0,827,0
TX001818,C00758,845.22,UPI,returning,monthly,failed,network_error,1,0.87,82,1,881,0
TX001819,C00407,721.14,UPI,returning,monthly,success,none,0,0.93,295,1,1353,0
TX001820,C00885,818.4,UPI,returning,yearly,failed,insufficient_funds,3,0.86,222,1,1082,0
TX001821,C00939,2577.85,UPI,new,monthly,failed,network_error,1,0.74,161,1,634,0
TX001822,C02295,540.89,WALLET,new,monthly,failed,network_error,1,0.73,354,1,792,0
TX001823,C00905,5226.62,UPI,returning,monthly,success,none,0,0.37,124,0,1485,0
TX001824,C02631,332.77,UPI,returning,one_time,failed,card_declined,0,0.7,326,0,444,0
TX001825,C02319,4693.28,UPI,returning,one_time,success,none,0,0.61,363,1,176,0
TX001826,C02705,439.28,UPI,returning,monthly,success,none,0,0.71,13,1,1486,0
TX001827,C00316,1095.63,UPI,new,yearly,success,none,0,0.7,239,1,1484,0
TX001828,C02954,705.44,UPI,returning,yearly,success,none,0,0.85,310,1,402,0
TX001829,C01842,804.84,CARD,returning,one_time,success,none,0,0.73,64,1,772,0
TX001830,C02948,2255.71,NETBANKING,returning,monthly,success,none,0,0.75,319,1,261,0
TX001831,C01065,4229.52,UPI,new,one_time,success,none,0,0.64,155,1,1318,0
TX001832,C02859,3201.81,CARD,new,monthly,success,none,0,0.94,99,1,1164,0
TX001833,C01766,761.76,UPI,returning,yearly,success,none,0,0.78,238,1,202,0
TX001834,C00216,1294.44,UPI,new,yearly,success,none,0,0.65,353,1,4,0
TX001835,C01231,542.47,NETBANKING,new,monthly,success,none,0,0.77,361,1,1442,0
TX001836,C00414,449.26,NETBANKING,new,monthly,success,none,0,0.93,156,1,719,0
TX001837,C02824,390.85,UPI,returning,one_time,success,none,0,0.34,117,0,318,0
TX001838,C00914,739.66,UPI,returning,monthly,success,none,0,0.68,273,1,557,0
TX001839,C00668,1372.85,UPI,new,one_time,failed,card_declined,0,0.53,359,1,456,0
TX001840,C01659,196.25,UPI,new,one_time,success,none,0,0.61,16,1,388,0
TX001841,C01276,1051.82,CARD,returning,monthly,failed,bank_timeout,0,0.62,61,1,1228,0
TX001842,C00291,4291.63,UPI,returning,one_time,success,none,0,0.38,60,1,682,0
TX001843,C02450,3010.07,NETBANKING,returning,monthly,success,none,0,0.83,89,0,252,0
TX001844,C02538,647.64,CARD,returning,one_time,success,none,0,0.67,150,1,760,0
TX001845,C02229,311.94,UPI,new,one_time,success,none,0,0.98,242,1,1291,0
TX001846,C01851,1658.8,NETBANKING,returning,one_time,success,none,0,0.83,36,1,635,0
TX001847,C01208,136.23,CARD,returning,one_time,success,none,0,0.88,336,1,1072,0
TX001848,C01628,2978.39,UPI,returning,one_time,success,none,0,0.79,215,1,1366,0
TX001849,C01563,904.85,UPI,returning,monthly,success,none,0,0.91,236,1,891,0
TX001850,C00496,5699.71,NETBANKING,returning,monthly,success,none,0,0.84,95,1,1473,0
TX001851,C00246,231.77,WALLET,new,one_time,success,none,0,0.72,69,1,919,0
TX001852,C00760,2505.72,UPI,new,monthly,success,none,0,0.99,104,1,108,0
TX001853,C01364,1001.79,CARD,new,monthly,success,none,0,0.55,159,1,1028,0
TX001854,C00481,814.08,NETBANKING,returning,monthly,failed,insufficient_funds,0,0.72,244,1,1309,0
TX001855,C00321,319.62,WALLET,returning,monthly,failed,network_error,3,0.64,153,1,530,0
TX001856,C02556,1874.64,UPI,new,monthly,failed,insufficient_funds,0,0.75,183,1,826,0
TX001857,C01125,2015.3,UPI,returning,one_time,success,none,0,0.79,60,1,470,0
TX001858,C01753,5467.71,NETBANKING,returning,one_time,success,none,0,0.82,80,1,686,0
TX001859,C01573,2716.9,UPI,new,one_time,success,none,0,0.7,229,1,729,0
TX001860,C02206,642.58,UPI,returning,monthly,failed,network_error,0,0.78,77,1,1128,0
TX001861,C02220,444.31,CARD,returning,one_time,success,none,0,0.71,184,1,952,0
TX001862,C00889,320.01,UPI,returning,yearly,success,none,0,0.9,121,1,1095,0
TX001863,C02544,4129.46,CARD,returning,one_time,success,none,0,0.64,289,1,639,0
TX001864,C01114,544.38,UPI,new,one_time,failed,insufficient_funds,0,0.69,116,1,1215,1
TX001865,C02506,4155.58,CARD,returning,one_time,success,none,0,0.73,87,1,281,0
TX001866,C01215,1759.11,UPI,returning,monthly,failed,card_declined,1,0.93,337,1,157,0
TX001867,C00333,1475.74,NETBANKING,new,monthly,success,none,0,0.75,69,1,408,0
TX001868,C02281,831.99,UPI,new,monthly,success,none,0,0.94,272,1,79,0
TX001869,C00091,1987.45,UPI,returning,monthly,success,none,0,0.83,224,1,333,0
TX001870,C02318,1081.47,WALLET,returning,one_time,success,none,0,0.78,98,1,1036,0
TX001871,C00130,786.59,CARD,returning,monthly,success,none,0,0.72,279,1,502,0
TX001872,C00621,2051.66,UPI,new,monthly,failed,network_error,1,0.69,346,0,976,0
TX001873,C01811,963.36,UPI,returning,monthly,success,none,0,0.78,113,1,105,0
TX001874,C02825,534.59,CARD,returning,one_time,success,none,0,0.75,334,1,1263,0
TX001875,C01226,1881.54,WALLET,new,monthly,success,none,0,0.7,63,1,934,0
TX001876,C00362,1035.27,UPI,new,monthly,success,none,0,0.84,312,1,1247,0
TX001877,C00699,1702.78,NETBANKING,returning,yearly,failed,insufficient_funds,2,0.54,160,0,1112,0
TX001878,C02689,728.89,UPI,returning,one_time,failed,network_error,2,0.72,267,1,718,0
TX001879,C02181,369.37,CARD,new,yearly,success,none,0,0.89,119,1,689,0
TX001880,C00302,5226.86,UPI,returning,yearly,failed,bank_timeout,0,0.72,281,1,538,0
TX001881,C01155,4411.41,UPI,new,one_time,success,none,0,0.94,115,0,730,0
TX001882,C00794,2429.42,NETBANKING,returning,monthly,failed,bank_timeout,1,0.69,173,1,715,0
TX001883,C00534,773.53,UPI,new,one_time,success,none,0,0.9,11,1,484,0
TX001884,C02540,836.91,NETBANKING,returning,one_time,success,none,0,0.69,107,1,350,0
TX001885,C01854,3805.09,UPI,returning,monthly,success,none,0,0.8,130,0,185,0
TX001886,C00539,797.56,UPI,returning,one_time,success,none,0,0.75,191,1,258,0
TX001887,C01953,620.61,NETBANKING,returning,one_time,failed,bank_timeout,0,0.65,139,1,249,1
TX001888,C01241,5913.61,CARD,new,monthly,success,none,0,0.72,278,1,1210,0
TX001889,C00185,1050.57,UPI,new,yearly,failed,insufficient_funds,1,0.7,260,1,732,0
TX001890,C01350,5386.13,CARD,new,one_time,success,none,0,0.63,139,1,300,0
TX001891,C00556,311.51,UPI,returning,one_time,success,none,0,0.4,38,1,1346,0
TX001892,C00736,1748.24,NETBANKING,returning,one_time,success,none,0,0.65,120,1,307,0
TX001893,C02637,7072.54,UPI,new,one_time,success,none,0,0.87,55,1,272,0
TX001894,C02131,1126.39,UPI,returning,yearly,success,none,0,0.68,55,1,171,0
TX001895,C00403,864.71,UPI,returning,monthly,failed,insufficient_funds,1,0.91,314,1,629,0
TX001896,C02555,383.38,CARD,returning,monthly,success,none,0,0.68,279,1,409,0
TX001897,C01723,2904.77,NETBANKING,returning,one_time,success,none,0,0.75,37,1,1479,0
TX001898,C02624,548.33,NETBANKING,returning,yearly,success,none,0,0.58,242,1,45,0
TX001899,C02242,1006.94,UPI,returning,monthly,success,none,0,0.68,191,1,736,0
TX001900,C01018,361.03,UPI,returning,yearly,failed,network_error,0,0.87,198,1,181,1
TX001901,C01605,4452.43,UPI,returning,monthly,success,none,0,0.64,327,1,715,0
TX001902,C01593,3100.74,NETBANKING,new,yearly,failed,insufficient_funds,0,0.96,112,1,775,0
TX001903,C02160,1065.9,UPI,returning,monthly,failed,insufficient_funds,0,0.66,161,1,219,1
TX001904,C00746,388.1,CARD,returning,yearly,failed,network_error,0,0.93,202,1,1296,0
TX001905,C01000,4369.12,UPI,new,one_time,success,none,0,0.61,364,1,1458,0
TX001906,C00735,788.92,WALLET,returning,monthly,success,none,0,0.76,20,0,1449,0
TX001907,C00889,405.58,UPI,returning,monthly,success,none,0,0.67,62,1,1359,0
TX001908,C00484,224.55,UPI,returning,monthly,failed,card_declined,2,0.9,56,1,450,1
TX001909,C00110,613.16,NETBANKING,new,monthly,success,none,0,0.66,228,1,656,0
TX001910,C02821,296.14,WALLET,returning,one_time,failed,insufficient_funds,3,0.85,108,0,594,0
TX001911,C00223,626.07,CARD,returning,yearly,success,none,0,0.64,356,0,228,0
TX001912,C02664,2143.01,CARD,new,monthly,failed,insufficient_funds,0,0.73,36,1,333,1
TX001913,C00010,782.22,CARD,new,one_time,success,none,0,0.81,270,1,951,0
TX001914,C02333,1510.39,UPI,new,monthly,success,none,0,0.74,11,0,737,0
TX001915,C00986,571.92,UPI,returning,monthly,success,none,0,0.79,294,1,108,0
TX001916,C01553,1162.88,CARD,new,one_time,success,none,0,0.33,83,1,970,0
TX001917,C00847,6178.38,CARD,new,one_time,success,none,0,0.56,360,1,1420,0
TX001918,C01472,801.4,UPI,returning,monthly,success,none,0,0.74,321,1,1259,0
TX001919,C01355,1549.96,UPI,returning,monthly,success,none,0,0.82,23,1,545,0
TX001920,C01590,268.01,CARD,returning,one_time,success,none,0,0.49,3,1,416,0
TX001921,C01180,4307.42,UPI,returning,one_time,success,none,0,0.44,137,1,1066,0
TX001922,C01610,713.74,CARD,returning,monthly,success,none,0,0.8,292,1,1289,0
TX001923,C02477,2822.79,CARD,new,one_time,failed,insufficient_funds,0,0.68,363,1,862,0
TX001924,C01304,981.55,UPI,returning,yearly,failed,network_error,2,0.58,208,1,967,0
TX001925,C01085,1901.54,UPI,new,monthly,success,none,0,0.46,359,1,689,0
TX001926,C00396,2006.03,UPI,new,yearly,failed,bank_timeout,0,0.73,18,1,1338,1
TX001927,C01080,729.82,UPI,returning,one_time,success,none,0,0.75,182,1,565,0
TX001928,C00377,2929.88,CARD,new,one_time,success,none,0,0.65,153,0,359,0
TX001929,C00548,553.86,CARD,new,monthly,success,none,0,0.88,276,1,22,0
TX001930,C02857,2208.66,NETBANKING,returning,one_time,success,none,0,0.85,231,1,494,0
TX001931,C00269,771.87,UPI,returning,one_time,success,none,0,0.7,163,1,118,0
TX001932,C01447,1502.07,CARD,new,one_time,success,none,0,0.54,30,0,29,0
TX001933,C02503,723.58,UPI,returning,monthly,failed,network_error,1,0.57,264,1,762,0
TX001934,C02860,1147.08,NETBANKING,returning,one_time,success,none,0,0.95,40,1,719,0
TX001935,C00441,416.87,UPI,returning,one_time,success,none,0,0.69,350,1,508,0
TX001936,C00491,1370.32,CARD,new,one_time,success,none,0,0.89,40,1,565,0
TX001937,C01118,1141.12,UPI,returning,monthly,failed,card_declined,1,0.64,32,1,770,1
TX001938,C01664,674.43,UPI,returning,one_time,success,none,0,0.75,275,1,1421,0
TX001939,C02880,1043.65,WALLET,returning,monthly,failed,expired_card,0,0.68,77,1,288,0
TX001940,C00624,1237.2,UPI,new,monthly,failed,card_declined,2,0.8,32,1,1174,0
TX001941,C00494,629.72,UPI,returning,monthly,success,none,0,0.91,218,1,101,0
TX001942,C00760,976.64,CARD,new,yearly,failed,network_error,2,0.81,228,1,1403,0
TX001943,C02623,443.64,UPI,returning,yearly,success,none,0,0.71,196,1,508,0
TX001944,C00091,9055.79,UPI,returning,one_time,success,none,0,0.94,110,1,1158,0
TX001945,C01141,2844.68,UPI,new,one_time,failed,bank_timeout,1,0.83,21,1,909,1
TX001946,C00357,1402.18,UPI,new,monthly,success,none,0,0.72,218,1,502,0
TX001947,C00472,3149.19,NETBANKING,returning,monthly,success,none,0,0.91,61,1,364,0
TX001948,C02751,184.69,CARD,returning,one_time,success,none,0,0.95,9,1,870,0
TX001949,C00005,109.74,UPI,returning,yearly,success,none,0,0.6,341,1,192,0
TX001950,C00965,765.58,UPI,returning,yearly,failed,card_declined,1,0.9,192,1,1025,0
TX001951,C02747,317.12,NETBANKING,new,yearly,success,none,0,0.42,310,1,73,0
TX001952,C01825,886.3,NETBANKING,returning,one_time,success,none,0,0.76,299,1,1113,0
TX001953,C00216,1319.61,UPI,returning,monthly,success,none,0,0.77,34,0,1082,0
TX001954,C01396,2510.84,CARD,new,one_time,failed,insufficient_funds,0,0.91,284,1,1045,0
TX001955,C02913,393.69,UPI,new,one_time,failed,card_declined,2,0.55,44,1,1343,0
TX001956,C01202,1571.31,UPI,returning,one_time,success,none,0,0.7,194,1,219,0
TX001957,C01586,1110.93,NETBANKING,new,one_time,success,none,0,0.93,185,1,399,0
TX001958,C01596,1499.31,NETBANKING,new,yearly,success,none,0,0.73,78,1,582,0
TX001959,C01982,686.91,UPI,returning,monthly,success,none,0,0.47,162,1,1375,0
TX001960,C00562,3807.86,NETBANKING,returning,monthly,success,none,0,0.81,278,1,54,0
TX001961,C02520,999.09,CARD,returning,one_time,success,none,0,0.9,253,1,258,0
TX001962,C02966,5414.11,CARD,new,yearly,success,none,0,0.78,198,1,457,0
TX001963,C00428,538.43,CARD,returning,yearly,success,none,0,0.81,56,1,530,0
TX001964,C02455,2139.96,UPI,returning,monthly,success,none,0,0.8,106,1,1156,0
TX001965,C02451,1039.3,NETBANKING,returning,one_time,failed,bank_timeout,1,0.79,48,1,303,0
TX001966,C02225,816.5,UPI,returning,one_time,success,none,0,0.82,338,1,550,0
TX001967,C01113,1937.36,UPI,new,monthly,failed,network_error,1,0.89,89,0,555,1
TX001968,C01407,837.77,UPI,returning,monthly,success,none,0,0.66,194,1,72,0
TX001969,C02518,100.0,NETBANKING,returning,yearly,success,none,0,0.79,79,1,680,0
TX001970,C00459,100.0,UPI,returning,one_time,success,none,0,0.95,330,1,1484,0
TX001971,C02487,3446.73,UPI,returning,one_time,success,none,0,0.95,150,0,453,0
TX001972,C02762,3318.38,CARD,new,one_time,success,none,0,0.85,157,1,280,0
TX001973,C02046,5994.56,UPI,returning,one_time,success,none,0,0.39,360,1,388,0
TX001974,C01025,1079.47,UPI,returning,monthly,success,none,0,0.85,166,1,488,0
TX001975,C01678,342.62,UPI,returning,monthly,success,none,0,0.79,208,1,522,0
TX001976,C00151,751.73,CARD,new,yearly,success,none,0,0.63,131,1,110,0
TX001977,C02796,1107.97,UPI,new,one_time,success,none,0,0.67,253,1,1431,0
TX001978,C01028,443.04,UPI,new,one_time,failed,insufficient_funds,0,0.78,139,1,1315,0
TX001979,C00172,4835.39,UPI,new,monthly,success,none,0,0.68,160,1,192,0
TX001980,C02384,8230.09,NETBANKING,new,monthly,success,none,0,0.65,125,0,486,0
TX001981,C01973,1686.57,CARD,new,monthly,failed,network_error,3,0.68,246,1,700,1
TX001982,C01869,1085.96,UPI,new,yearly,success,none,0,0.87,276,1,376,0
TX001983,C00163,341.9,NETBANKING,new,monthly,success,none,0,0.86,279,1,1082,0
TX001984,C02253,4410.71,NETBANKING,returning,one_time,success,none,0,0.67,102,1,1210,0
TX001985,C01912,1174.59,CARD,returning,monthly,success,none,0,0.53,3,1,353,0
TX001986,C02381,845.35,UPI,new,yearly,success,none,0,0.36,82,1,845,0
TX001987,C02482,1690.97,UPI,returning,one_time,success,none,0,0.73,193,1,381,0
TX001988,C00636,647.33,CARD,returning,one_time,success,none,0,0.71,320,1,1394,0
TX001989,C00632,1251.61,UPI,new,one_time,success,none,0,0.6,270,1,444,0
TX001990,C02772,299.4,UPI,returning,monthly,failed,network_error,2,0.92,357,1,1137,1
TX001991,C01594,2917.2,UPI,new,monthly,success,none,0,0.82,186,1,886,0
TX001992,C01314,998.28,UPI,returning,one_time,success,none,0,0.93,188,0,340,0
TX001993,C00862,3111.69,CARD,new,one_time,success,none,0,0.69,23,1,22,0
TX001994,C01918,915.05,UPI,returning,monthly,success,none,0,0.66,60,1,375,0
TX001995,C02262,970.12,CARD,new,one_time,success,none,0,0.87,188,1,1456,0
TX001996,C00007,368.31,NETBANKING,new,one_time,failed,expired_card,0,0.75,37,1,735,0
TX001997,C01658,2172.82,UPI,returning,monthly,failed,network_error,1,0.83,103,1,947,0
TX001998,C02981,498.57,UPI,new,one_time,success,none,0,0.66,224,1,828,0
TX001999,C00842,707.84,UPI,returning,one_time,success,none,0,0.84,175,1,655,0
TX002000,C00843,1097.67,UPI,new,one_time,failed,card_declined,1,0.72,285,1,709,0
TX002001,C02635,1223.05,NETBANKING,returning,one_time,success,none,0,0.71,235,1,398,0
TX002002,C00187,236.16,CARD,returning,one_time,success,none,0,0.88,261,0,804,0
TX002003,C01193,890.94,NETBANKING,returning,one_time,failed,card_declined,2,0.92,160,1,613,1
TX002004,C01375,2243.31,WALLET,returning,one_time,failed,insufficient_funds,0,0.87,326,1,1489,0
TX002005,C02394,780.16,UPI,returning,monthly,success,none,0,0.67,82,1,577,0
TX002006,C00388,895.82,CARD,new,monthly,success,none,0,0.77,152,0,625,0
TX002007,C01303,1269.23,UPI,returning,one_time,success,none,0,0.95,183,1,954,0
TX002008,C00457,979.1,UPI,returning,monthly,failed,expired_card,1,0.68,342,1,597,0
TX002009,C02363,433.78,UPI,returning,one_time,success,none,0,0.85,152,1,621,0
TX002010,C01897,1061.34,UPI,returning,yearly,success,none,0,0.61,249,0,1174,0
TX002011,C01491,2682.93,CARD,returning,one_time,success,none,0,0.55,122,1,542,0
TX002012,C01179,425.79,CARD,returning,one_time,failed,network_error,1,0.62,273,1,1316,0
TX002013,C00460,782.87,UPI,new,one_time,success,none,0,0.69,234,1,168,0
TX002014,C02766,316.25,UPI,returning,one_time,success,none,0,0.95,232,1,447,0
TX002015,C01943,2558.67,CARD,new,one_time,failed,network_error,0,0.82,116,1,403,0
TX002016,C00958,1009.16,CARD,returning,one_time,success,none,0,0.51,30,1,1318,0
TX002017,C01242,510.21,CARD,returning,monthly,success,none,0,0.86,200,1,857,0
TX002018,C02179,1191.58,UPI,new,one_time,failed,bank_timeout,2,0.67,319,1,1271,0
TX002019,C02159,371.21,UPI,new,one_time,failed,insufficient_funds,0,0.65,252,1,475,1
TX002020,C01384,432.62,CARD,returning,yearly,failed,network_error,0,0.78,97,1,427,0
TX002021,C00909,294.68,CARD,new,one_time,success,none,0,0.68,149,0,1216,0
TX002022,C01980,419.85,UPI,new,one_time,failed,network_error,1,0.81,36,1,365,1
TX002023,C01975,3720.46,UPI,new,monthly,success,none,0,0.81,90,1,255,0
TX002024,C01800,566.91,UPI,returning,one_time,success,none,0,0.6,331,1,1049,0
TX002025,C00219,1668.37,CARD,new,monthly,success,none,0,0.87,247,1,1269,0
TX002026,C01419,516.63,UPI,returning,one_time,success,none,0,0.6,101,1,1100,0
TX002027,C01842,2172.38,CARD,new,one_time,success,none,0,0.62,152,1,36,0
TX002028,C02851,435.51,NETBANKING,new,monthly,failed,card_declined,2,0.68,360,1,1090,1
TX002029,C01577,1136.04,UPI,new,monthly,success,none,0,0.53,160,0,448,0
TX002030,C01029,1150.06,UPI,new,monthly,success,none,0,0.94,313,1,53,0
TX002031,C01668,8910.85,UPI,returning,one_time,success,none,0,0.68,74,1,1497,0
TX002032,C00532,1934.07,UPI,new,monthly,failed,card_declined,0,0.77,241,1,1037,1
TX002033,C00273,643.16,NETBANKING,returning,yearly,success,none,0,0.89,151,1,1308,0
TX002034,C02035,2031.53,WALLET,returning,monthly,success,none,0,0.65,324,1,1413,0
TX002035,C02959,7512.75,UPI,new,yearly,failed,bank_timeout,1,0.61,308,1,1017,1
TX002036,C02539,252.98,NETBANKING,new,monthly,success,none,0,0.79,297,1,534,0
TX002037,C01751,513.77,UPI,returning,monthly,success,none,0,0.63,191,1,336,0
TX002038,C00121,886.07,CARD,returning,one_time,success,none,0,0.88,239,1,224,0
TX002039,C02964,753.42,CARD,returning,yearly,success,none,0,0.82,177,1,993,0
TX002040,C01349,812.83,UPI,returning,yearly,failed,card_declined,1,0.72,213,1,925,0
TX002041,C00869,339.06,UPI,new,monthly,failed,insufficient_funds,0,0.85,210,1,1488,0
TX002042,C02678,3879.88,CARD,returning,yearly,success,none,0,0.71,269,1,252,0
TX002043,C02240,304.8,UPI,returning,monthly,success,none,0,0.88,93,1,1472,0
TX002044,C02249,915.81,WALLET,new,monthly,success,none,0,0.78,69,1,323,0
TX002045,C00834,2810.86,UPI,returning,monthly,success,none,0,0.72,43,0,707,0
TX002046,C02976,1067.24,UPI,returning,monthly,success,none,0,0.32,241,1,87,0
TX002047,C01359,454.2,NETBANKING,returning,monthly,failed,card_declined,1,0.63,139,0,207,0
TX002048,C01595,325.77,UPI,returning,monthly,failed,bank_timeout,1,0.91,22,0,395,1
TX002049,C02253,891.58,UPI,new,monthly,success,none,0,0.65,303,1,1269,0
TX002050,C01980,554.84,UPI,returning,yearly,success,none,0,0.83,318,1,946,0
TX002051,C00517,1319.1,UPI,returning,one_time,success,none,0,0.57,151,1,47,0
TX002052,C00908,310.66,UPI,returning,monthly,success,none,0,0.52,257,1,343,0
TX002053,C01084,2279.55,UPI,returning,monthly,success,none,0,0.62,89,1,751,0
TX002054,C02843,1216.82,UPI,returning,monthly,success,none,0,0.94,46,1,823,0
TX002055,C02144,1300.95,UPI,returning,one_time,failed,insufficient_funds,2,0.72,149,1,744,0
TX002056,C01100,4011.69,NETBANKING,new,monthly,failed,bank_timeout,2,0.75,351,1,1159,0
TX002057,C02205,739.51,NETBANKING,returning,one_time,success,none,0,0.66,314,1,614,0
TX002058,C02216,570.64,UPI,returning,monthly,success,none,0,0.58,350,1,692,0
TX002059,C01183,669.82,WALLET,new,monthly,success,none,0,0.68,65,0,740,0
TX002060,C01210,922.17,NETBANKING,new,monthly,success,none,0,0.81,207,1,1304,0
TX002061,C02683,1010.43,NETBANKING,new,monthly,success,none,0,0.49,102,1,1176,0
TX002062,C01686,519.24,CARD,returning,one_time,success,none,0,0.94,3,1,315,0
TX002063,C00449,177.54,UPI,new,monthly,success,none,0,0.82,169,1,1122,0
TX002064,C02160,661.93,UPI,returning,yearly,success,none,0,0.87,316,0,1462,0
TX002065,C01769,1516.02,NETBANKING,returning,monthly,failed,insufficient_funds,0,0.79,78,0,1025,0
TX002066,C01527,1239.71,UPI,returning,one_time,success,none,0,0.85,328,1,319,0
TX002067,C02176,3227.94,NETBANKING,new,monthly,success,none,0,0.89,198,1,360,0
TX002068,C02722,6373.72,CARD,returning,monthly,success,none,0,0.7,51,1,981,0
TX002069,C00992,2171.99,UPI,returning,monthly,success,none,0,0.77,308,1,154,0
TX002070,C01258,3805.75,UPI,returning,monthly,success,none,0,0.53,175,0,810,0
TX002071,C00569,2186.59,WALLET,new,yearly,success,none,0,0.8,95,1,1399,0
TX002072,C01942,5109.77,UPI,returning,yearly,success,none,0,0.79,340,1,423,0
TX002073,C01209,5800.9,CARD,returning,one_time,success,none,0,0.9,82,1,568,0
TX002074,C01028,2581.3,WALLET,returning,monthly,success,none,0,0.67,308,0,312,0
TX002075,C02090,2070.91,UPI,returning,monthly,success,none,0,0.77,5,1,1342,0
TX002076,C01225,911.68,UPI,returning,yearly,success,none,0,0.75,348,1,125,0
TX002077,C01394,1056.58,UPI,returning,one_time,success,none,0,0.86,313,1,3,0
TX002078,C01321,809.12,NETBANKING,new,one_time,success,none,0,0.85,260,1,1188,0
TX002079,C00776,1918.17,UPI,returning,monthly,success,none,0,0.79,254,1,824,0
TX002080,C00378,573.46,UPI,returning,monthly,success,none,0,0.68,93,1,247,0
TX002081,C02482,923.35,UPI,returning,one_time,success,none,0,0.78,26,1,1191,0
TX002082,C00276,131.68,UPI,returning,yearly,success,none,0,0.84,260,1,948,0
TX002083,C00975,5170.79,UPI,returning,one_time,success,none,0,0.9,348,1,893,0
TX002084,C02003,899.26,UPI,returning,one_time,failed,bank_timeout,0,0.66,158,1,283,1
TX002085,C00394,1652.46,NETBANKING,returning,one_time,success,none,0,0.69,272,1,5,0
TX002086,C01967,4072.48,UPI,returning,one_time,success,none,0,0.65,257,1,829,0
TX002087,C02200,1436.93,NETBANKING,returning,one_time,success,none,0,0.72,65,1,1224,0
TX002088,C01989,4023.51,NETBANKING,returning,one_time,success,none,0,0.83,173,1,151,0
TX002089,C00916,358.68,CARD,returning,one_time,failed,bank_timeout,1,0.8,342,1,971,1
TX002090,C00060,9486.63,CARD,returning,monthly,failed,bank_timeout,1,0.52,311,1,558,0
TX002091,C02663,2917.26,UPI,new,one_time,success,none,0,0.57,169,1,1095,0
TX002092,C00980,1323.83,CARD,returning,monthly,success,none,0,0.59,223,1,981,0
TX002093,C02416,3954.35,UPI,returning,yearly,success,none,0,0.88,35,1,1347,0
TX002094,C00594,383.07,UPI,returning,yearly,success,none,0,0.76,138,1,1218,0
TX002095,C00488,845.77,CARD,returning,one_time,success,none,0,0.86,362,0,498,0
TX002096,C02335,4023.17,UPI,returning,one_time,failed,insufficient_funds,1,0.92,98,1,1407,0
TX002097,C02820,204.31,UPI,returning,monthly,success,none,0,0.75,178,1,855,0
TX002098,C02582,1816.04,CARD,returning,one_time,failed,insufficient_funds,2,0.81,265,0,1308,0
TX002099,C02254,1770.4,UPI,returning,monthly,failed,insufficient_funds,2,0.53,119,1,623,0
TX002100,C00741,6453.02,UPI,returning,monthly,success,none,0,0.9,320,1,358,0
TX002101,C02740,263.84,UPI,returning,one_time,failed,network_error,1,0.78,3,1,161,1
TX002102,C02004,4668.85,UPI,returning,one_time,success,none,0,0.76,343,1,294,0
TX002103,C00517,662.8,UPI,new,yearly,success,none,0,0.82,64,1,1091,0
TX002104,C00389,733.4,UPI,new,monthly,success,none,0,0.73,328,1,388,0
TX002105,C02614,365.11,UPI,returning,monthly,success,none,0,0.72,17,0,1364,0
TX002106,C00826,411.96,CARD,returning,monthly,failed,insufficient_funds,2,0.42,10,1,1460,0
TX002107,C02298,1576.83,WALLET,returning,monthly,success,none,0,0.77,253,0,1005,0
TX002108,C00416,402.99,CARD,returning,one_time,failed,network_error,1,0.45,222,1,1473,1
TX002109,C00842,2135.07,UPI,returning,monthly,success,none,0,0.54,242,1,960,0
TX002110,C00851,603.85,CARD,new,one_time,success,none,0,0.79,262,1,1479,0
TX002111,C00844,368.07,NETBANKING,new,monthly,success,none,0,0.63,175,1,425,0
TX002112,C02025,681.96,NETBANKING,returning,one_time,failed,insufficient_funds,3,0.55,80,1,1039,0
TX002113,C02744,1484.8,UPI,new,yearly,failed,card_declined,0,0.47,247,0,239,0
TX002114,C02731,854.39,UPI,returning,monthly,success,none,0,0.77,112,1,637,0
TX002115,C02225,1130.92,UPI,returning,one_time,success,none,0,0.74,184,1,502,0
TX002116,C00608,2052.03,CARD,returning,monthly,failed,network_error,0,0.67,264,1,1244,1
TX002117,C02882,2904.97,UPI,returning,monthly,success,none,0,0.78,208,1,589,0
TX002118,C01627,829.58,NETBANKING,returning,monthly,failed,insufficient_funds,2,0.89,341,1,1300,0
TX002119,C01638,428.46,UPI,returning,one_time,success,none,0,0.6,238,1,1253,0
TX002120,C02105,1174.37,CARD,returning,monthly,success,none,0,0.49,72,0,444,0
TX002121,C02308,1675.03,UPI,returning,monthly,success,none,0,0.82,10,1,493,0
TX002122,C02859,294.52,UPI,returning,one_time,success,none,0,0.42,272,1,433,0
TX002123,C01748,491.99,UPI,new,monthly,success,none,0,0.75,332,1,807,0
TX002124,C01831,574.06,CARD,returning,one_time,success,none,0,0.8,155,1,1475,0
TX002125,C02237,909.56,UPI,returning,yearly,success,none,0,0.68,256,1,1295,0
TX002126,C00766,552.84,UPI,returning,yearly,success,none,0,0.73,114,0,905,0
TX002127,C00924,2072.14,CARD,new,one_time,failed,bank_timeout,0,0.66,47,1,898,0
TX002128,C01877,258.63,NETBANKING,returning,one_time,failed,card_declined,2,0.75,108,1,1496,0
TX002129,C00193,264.61,CARD,returning,one_time,success,none,0,0.7,320,1,489,0
TX002130,C00962,812.0,CARD,returning,yearly,success,none,0,0.96,300,1,956,0
TX002131,C02154,936.28,UPI,returning,one_time,success,none,0,0.95,247,0,532,0
TX002132,C02929,296.14,NETBANKING,new,monthly,failed,bank_timeout,2,0.95,22,1,1489,0
TX002133,C01559,635.19,UPI,returning,monthly,failed,card_declined,2,0.52,5,1,757,0
TX002134,C01200,764.38,NETBANKING,returning,one_time,success,none,0,0.89,273,1,781,0
TX002135,C01322,769.72,NETBANKING,returning,monthly,success,none,0,0.88,5,1,1238,0
TX002136,C02057,1257.26,UPI,returning,monthly,failed,bank_timeout,0,0.58,95,1,1221,0
TX002137,C01634,604.61,UPI,new,one_time,failed,network_error,1,0.6,118,1,590,0
TX002138,C00070,4146.64,CARD,returning,yearly,success,none,0,0.86,116,1,752,0
TX002139,C01618,1701.7,CARD,returning,monthly,success,none,0,0.86,144,1,509,0
TX002140,C01201,530.38,CARD,returning,one_time,success,none,0,0.74,260,1,1369,0
TX002141,C02103,1194.0,WALLET,new,monthly,failed,insufficient_funds,3,0.85,100,1,74,0
TX002142,C02626,1226.12,UPI,returning,monthly,success,none,0,0.51,179,1,518,0
TX002143,C02888,3272.3,UPI,new,monthly,failed,bank_timeout,0,0.77,176,1,1213,0
TX002144,C01831,638.84,CARD,new,one_time,success,none,0,0.62,22,1,791,0
TX002145,C01088,2187.7,UPI,returning,monthly,failed,expired_card,0,0.81,158,1,1006,0
TX002146,C01332,1138.73,CARD,new,one_time,success,none,0,0.65,288,1,270,0
TX002147,C00530,4198.19,NETBANKING,new,monthly,success,none,0,0.77,8,1,1195,0
TX002148,C02808,3504.5,UPI,returning,one_time,success,none,0,0.83,166,1,1210,0
TX002149,C02542,1309.34,NETBANKING,returning,monthly,success,none,0,0.87,277,1,297,0
TX002150,C02562,866.05,NETBANKING,returning,monthly,failed,insufficient_funds,2,0.77,144,1,479,0
TX002151,C00985,1730.12,UPI,returning,one_time,success,none,0,0.52,259,0,801,0
TX002152,C00967,932.24,NETBANKING,returning,one_time,success,none,0,0.61,202,0,15,0
TX002153,C02570,4975.48,CARD,new,monthly,success,none,0,0.59,252,1,402,0
TX002154,C01634,1176.88,UPI,returning,one_time,success,none,0,0.62,246,1,319,0
TX002155,C02114,761.22,UPI,returning,one_time,success,none,0,0.75,126,1,741,0
TX002156,C01470,725.13,UPI,new,monthly,failed,network_error,1,0.84,345,1,1357,0
TX002157,C01329,368.07,CARD,returning,monthly,success,none,0,0.61,219,0,1017,0
TX002158,C01897,1809.68,UPI,returning,one_time,success,none,0,0.66,24,1,648,0
TX002159,C02439,524.26,UPI,new,monthly,success,none,0,0.8,332,0,1341,0
TX002160,C01003,2946.38,NETBANKING,new,one_time,success,none,0,0.74,246,0,191,0
TX002161,C02428,342.53,CARD,returning,monthly,success,none,0,0.71,10,1,237,0
TX002162,C00733,1229.69,CARD,new,monthly,success,none,0,0.92,57,1,919,0
TX002163,C01209,3087.76,WALLET,new,one_time,success,none,0,0.56,5,1,899,0
TX002164,C02739,158.06,UPI,returning,monthly,success,none,0,0.71,2,1,1410,0
TX002165,C02864,6744.21,UPI,returning,monthly,failed,insufficient_funds,0,0.74,301,0,1323,0
TX002166,C02772,747.88,CARD,returning,yearly,success,none,0,0.7,302,1,1103,0
TX002167,C00949,1245.12,UPI,returning,monthly,success,none,0,0.74,119,1,673,0
TX002168,C02530,1834.09,UPI,returning,one_time,success,none,0,0.79,347,1,959,0
TX002169,C02809,2108.04,CARD,returning,monthly,success,none,0,0.74,11,1,491,0
TX002170,C02935,1403.18,UPI,new,monthly,success,none,0,0.22,112,1,929,0
TX002171,C00063,2690.94,UPI,new,monthly,failed,card_declined,1,0.86,252,1,595,0
TX002172,C02235,1749.64,CARD,new,monthly,failed,network_error,0,0.65,168,1,762,0
TX002173,C02991,5349.69,CARD,returning,monthly,success,none,0,0.72,31,1,645,0
TX002174,C02295,1754.77,UPI,returning,one_time,failed,network_error,2,0.52,215,1,632,1
TX002175,C00700,6426.41,UPI,returning,yearly,success,none,0,0.77,137,1,937,0
TX002176,C02288,2467.53,NETBANKING,new,one_time,failed,bank_timeout,1,0.86,220,1,413,1
TX002177,C00316,215.9,NETBANKING,returning,one_time,success,none,0,0.62,179,1,1473,0
TX002178,C01442,11498.74,UPI,new,one_time,success,none,0,0.62,304,1,815,0
TX002179,C01879,653.99,UPI,new,yearly,success,none,0,0.85,229,1,1031,0
TX002180,C01370,4213.25,CARD,returning,monthly,success,none,0,0.72,126,1,138,0
TX002181,C02100,1123.4,UPI,returning,one_time,success,none,0,0.74,29,1,1151,0
TX002182,C00721,2849.73,UPI,returning,yearly,success,none,0,0.78,222,1,35,0
TX002183,C01819,590.15,UPI,returning,one_time,success,none,0,0.7,240,1,421,0
TX002184,C01935,1925.94,UPI,returning,one_time,success,none,0,0.84,32,1,894,0
TX002185,C01902,873.17,UPI,returning,one_time,success,none,0,0.77,344,0,801,0
TX002186,C00868,4541.91,UPI,returning,one_time,success,none,0,0.87,300,1,505,0
TX002187,C00917,1627.5,NETBANKING,returning,monthly,failed,expired_card,1,0.58,62,1,45,0
TX002188,C00774,2546.18,UPI,new,one_time,success,none,0,0.66,242,0,1197,0
TX002189,C01386,156.39,UPI,returning,one_time,success,none,0,0.89,304,1,1037,0
TX002190,C01758,1015.35,UPI,returning,one_time,success,none,0,0.95,219,1,1157,0
TX002191,C01088,1586.83,NETBANKING,new,one_time,success,none,0,0.71,36,1,478,0
TX002192,C01230,1341.11,UPI,returning,monthly,success,none,0,0.36,21,1,1293,0
TX002193,C00860,2604.62,UPI,returning,monthly,success,none,0,0.57,68,1,269,0
TX002194,C00657,788.94,CARD,new,one_time,success,none,0,0.6,19,1,728,0
TX002195,C01973,1145.86,CARD,returning,one_time,success,none,0,0.52,209,0,41,0
TX002196,C02449,3175.13,NETBANKING,new,monthly,success,none,0,0.95,31,1,1278,0
TX002197,C00873,141.06,UPI,returning,monthly,success,none,0,0.78,13,0,414,0
TX002198,C02582,1863.88,UPI,returning,monthly,success,none,0,0.68,85,1,990,0
TX002199,C01713,812.0,UPI,new,monthly,success,none,0,0.79,274,1,779,0
TX002200,C00504,482.47,CARD,new,yearly,failed,expired_card,0,0.69,156,1,1384,0
TX002201,C01098,1484.58,UPI,returning,monthly,success,none,0,0.71,21,1,142,0
TX002202,C00023,3310.01,UPI,returning,one_time,success,none,0,0.85,160,1,698,0
TX002203,C00118,2794.0,UPI,returning,yearly,success,none,0,0.84,174,1,511,0
TX002204,C01009,971.07,NETBANKING,returning,monthly,failed,network_error,1,0.86,58,1,1010,0
TX002205,C01364,2411.89,UPI,new,monthly,success,none,0,0.62,315,1,270,0
TX002206,C02393,2395.29,UPI,returning,monthly,success,none,0,0.58,162,1,374,0
TX002207,C00403,1013.7,NETBANKING,returning,one_time,failed,insufficient_funds,3,0.79,29,1,584,0
TX002208,C02518,587.71,CARD,returning,yearly,failed,card_declined,0,0.76,188,1,1208,0
TX002209,C00704,619.11,CARD,returning,one_time,success,none,0,0.53,265,1,201,0
TX002210,C00415,2331.04,CARD,returning,one_time,failed,network_error,1,0.79,37,1,1100,1
TX002211,C02100,1055.81,UPI,returning,one_time,success,none,0,0.75,313,1,855,0
TX002212,C02324,427.71,NETBANKING,returning,monthly,success,none,0,0.78,46,1,964,0
TX002213,C01815,240.72,UPI,new,one_time,success,none,0,0.79,42,1,778,0
TX002214,C00348,2318.44,WALLET,new,one_time,success,none,0,0.77,271,1,221,0
TX002215,C00347,670.42,UPI,returning,yearly,success,none,0,0.87,98,1,505,0
TX002216,C01171,1476.38,CARD,returning,one_time,success,none,0,0.71,364,1,698,0
TX002217,C01352,3346.72,UPI,returning,one_time,success,none,0,0.56,147,1,390,0
TX002218,C02996,337.64,UPI,new,monthly,success,none,0,0.75,68,1,1473,0
TX002219,C00860,1052.98,UPI,new,one_time,success,none,0,0.71,254,1,659,0
TX002220,C00578,940.47,CARD,returning,one_time,success,none,0,0.57,169,1,1487,0
TX002221,C02838,1543.44,UPI,returning,one_time,success,none,0,0.77,302,1,47,0
TX002222,C00462,3345.07,WALLET,new,one_time,success,none,0,0.86,69,1,1431,0
TX002223,C00080,331.46,UPI,new,one_time,success,none,0,0.86,322,1,461,0
TX002224,C01269,1831.37,CARD,returning,monthly,success,none,0,0.96,22,1,1432,0
TX002225,C01204,2774.9,CARD,new,one_time,success,none,0,0.94,346,1,672,0
TX002226,C01860,927.28,UPI,returning,monthly,success,none,0,0.84,66,1,1031,0
TX002227,C02634,969.03,CARD,returning,one_time,success,none,0,0.65,80,0,402,0
TX002228,C02799,1598.15,CARD,new,yearly,success,none,0,0.86,132,1,970,0
TX002229,C00869,1495.68,CARD,returning,monthly,success,none,0,0.83,195,1,1343,0
TX002230,C02943,1852.18,CARD,new,one_time,success,none,0,0.86,200,1,1314,0
TX002231,C01898,1817.38,CARD,new,monthly,success,none,0,0.7,356,1,1113,0
TX002232,C00209,453.15,UPI,returning,one_time,success,none,0,0.62,191,0,687,0
TX002233,C02816,2673.76,UPI,returning,one_time,failed,expired_card,0,0.81,358,1,392,0
TX002234,C00414,3134.12,UPI,new,one_time,failed,insufficient_funds,3,0.48,164,1,478,0
TX002235,C01766,1296.57,CARD,new,monthly,success,none,0,0.71,45,1,371,0
TX002236,C02373,285.79,NETBANKING,new,one_time,failed,card_declined,0,0.9,131,1,1309,0
TX002237,C00749,989.03,UPI,returning,one_time,failed,insufficient_funds,0,0.7,319,0,11,0
TX002238,C00812,1306.31,UPI,returning,monthly,success,none,0,0.55,140,1,145,0
TX002239,C01429,391.45,UPI,returning,yearly,failed,card_declined,3,0.77,213,1,395,0
TX002240,C02655,793.04,CARD,new,yearly,success,none,0,0.58,1,1,594,0
TX002241,C00671,308.45,CARD,returning,monthly,success,none,0,0.87,150,0,1488,0
TX002242,C01991,1894.22,CARD,returning,monthly,success,none,0,0.7,82,1,1287,0
TX002243,C01358,1273.29,CARD,new,monthly,failed,network_error,1,0.76,300,1,301,0
TX002244,C00336,249.33,CARD,returning,one_time,failed,insufficient_funds,2,0.62,64,0,1208,0
TX002245,C02133,1504.65,UPI,returning,monthly,success,none,0,0.8,35,1,1003,0
TX002246,C02498,1042.26,UPI,returning,one_time,failed,expired_card,3,0.64,213,0,591,0
TX002247,C01727,1745.46,UPI,returning,yearly,success,none,0,0.63,111,1,613,0
TX002248,C00530,770.95,NETBANKING,new,one_time,success,none,0,0.47,163,1,632,0
TX002249,C00468,533.08,CARD,returning,one_time,failed,insufficient_funds,0,0.65,203,1,1230,0
TX002250,C01271,547.98,UPI,returning,one_time,success,none,0,0.79,80,1,582,0
TX002251,C01520,675.63,UPI,returning,monthly,failed,network_error,2,0.76,36,1,1483,1
TX002252,C01657,1115.37,UPI,returning,one_time,success,none,0,0.73,48,1,1138,0
TX002253,C00731,1252.83,WALLET,new,monthly,success,none,0,0.93,348,1,623,0
TX002254,C01503,923.67,UPI,returning,one_time,failed,card_declined,2,0.67,247,1,446,0
TX002255,C00886,749.2,CARD,returning,monthly,success,none,0,0.84,178,1,612,0
TX002256,C02059,799.3,UPI,returning,monthly,success,none,0,0.95,328,1,749,0
TX002257,C02390,10477.15,CARD,returning,yearly,failed,card_declined,0,0.85,71,1,1446,0
TX002258,C01959,548.04,CARD,returning,one_time,failed,card_declined,1,0.82,94,1,411,0
TX002259,C00004,663.7,UPI,returning,one_time,success,none,0,0.77,47,1,185,0
TX002260,C02977,21257.58,CARD,returning,one_time,success,none,0,0.75,224,0,1224,0
TX002261,C00072,1601.85,UPI,new,monthly,success,none,0,0.81,346,1,612,0
TX002262,C02999,316.72,NETBANKING,returning,monthly,success,none,0,0.67,59,1,1462,0
TX002263,C00096,2341.2,UPI,returning,one_time,success,none,0,0.76,360,1,832,0
TX002264,C01550,483.46,CARD,returning,yearly,success,none,0,0.72,88,1,133,0
TX002265,C00318,2485.32,UPI,returning,one_time,success,none,0,0.54,322,1,709,0
TX002266,C00286,906.99,CARD,returning,monthly,success,none,0,0.76,67,1,673,0
TX002267,C02051,738.18,UPI,new,monthly,success,none,0,0.65,18,1,1265,0
TX002268,C02184,4666.89,CARD,returning,yearly,success,none,0,0.71,198,1,957,0
TX002269,C00355,1825.78,UPI,returning,monthly,success,none,0,0.85,304,1,366,0
TX002270,C02930,2632.5,UPI,returning,monthly,success,none,0,0.82,16,1,499,0
TX002271,C00962,1622.02,NETBANKING,returning,one_time,failed,insufficient_funds,1,0.81,301,1,53,0
TX002272,C00955,735.1,UPI,returning,one_time,success,none,0,0.68,170,1,339,0
TX002273,C00891,1901.16,UPI,returning,monthly,failed,network_error,0,0.65,283,1,595,0
TX002274,C01384,3256.13,CARD,new,one_time,success,none,0,0.45,328,1,112,0
TX002275,C00534,1238.01,UPI,returning,monthly,failed,insufficient_funds,1,0.63,15,1,355,0
TX002276,C01275,5549.58,NETBANKING,returning,one_time,success,none,0,0.58,51,1,728,0
TX002277,C00630,2357.69,UPI,returning,one_time,failed,network_error,0,0.56,70,1,1353,1
TX002278,C00155,1327.14,NETBANKING,returning,monthly,failed,insufficient_funds,2,0.86,216,1,493,0
TX002279,C01107,1375.18,NETBANKING,returning,one_time,success,none,0,0.72,216,1,888,0
TX002280,C02017,1240.8,UPI,new,monthly,failed,bank_timeout,0,0.81,16,0,39,1
TX002281,C02290,355.63,UPI,returning,yearly,failed,network_error,2,0.82,88,1,536,1
TX002282,C01061,1011.24,CARD,returning,one_time,success,none,0,0.91,201,1,816,0
TX002283,C00972,1338.18,CARD,new,one_time,success,none,0,0.68,143,1,380,0
TX002284,C02363,754.1,UPI,returning,one_time,failed,card_declined,0,0.78,289,1,968,0
TX002285,C02044,1486.1,UPI,new,monthly,success,none,0,0.83,265,1,254,0
TX002286,C02497,1117.87,UPI,returning,monthly,success,none,0,0.78,71,0,1436,0
TX002287,C02719,2200.24,CARD,new,yearly,success,none,0,0.42,17,1,180,0
TX002288,C02464,1991.81,CARD,new,one_time,success,none,0,0.73,140,1,684,0
TX002289,C02810,1274.66,UPI,returning,one_time,success,none,0,0.82,218,1,833,0
TX002290,C01250,320.38,UPI,returning,one_time,success,none,0,0.94,152,1,543,0
TX002291,C01185,5495.31,CARD,new,one_time,success,none,0,0.84,94,1,655,0
TX002292,C00965,965.16,NETBANKING,returning,monthly,success,none,0,0.81,314,1,243,0
TX002293,C00706,1019.64,UPI,new,yearly,failed,insufficient_funds,2,0.75,167,1,428,0
TX002294,C02247,805.72,UPI,returning,one_time,success,none,0,0.79,16,1,1100,0
TX002295,C02144,706.58,UPI,returning,monthly,success,none,0,0.8,13,1,1144,0
TX002296,C02405,4401.29,CARD,new,monthly,success,none,0,0.71,116,1,10,0
TX002297,C00503,3817.84,UPI,returning,yearly,success,none,0,0.84,173,1,464,0
TX002298,C01474,1635.91,UPI,returning,yearly,success,none,0,0.53,36,1,1392,0
TX002299,C00666,995.5,CARD,new,yearly,success,none,0,0.77,223,1,1068,0
TX002300,C02680,1914.49,UPI,returning,one_time,success,none,0,0.8,240,1,362,0
TX002301,C00803,1171.94,UPI,returning,one_time,success,none,0,0.63,105,1,892,0
TX002302,C00432,924.08,UPI,new,one_time,success,none,0,0.78,187,1,189,0
TX002303,C01710,1486.67,UPI,new,one_time,success,none,0,0.96,295,0,146,0
TX002304,C02638,737.27,UPI,returning,monthly,success,none,0,0.67,195,1,842,0
TX002305,C02748,1376.14,UPI,returning,yearly,success,none,0,0.8,50,0,731,0
TX002306,C00289,1317.91,UPI,new,monthly,failed,insufficient_funds,2,0.65,64,1,914,0
TX002307,C00978,1886.81,UPI,returning,one_time,failed,card_declined,2,0.92,176,1,1147,0
TX002308,C00461,628.15,NETBANKING,new,one_time,failed,network_error,0,0.72,135,1,936,0
TX002309,C00924,2077.92,NETBANKING,new,monthly,success,none,0,0.83,304,1,774,0
TX002310,C01602,485.08,UPI,returning,one_time,success,none,0,0.62,319,1,346,0
TX002311,C00842,655.04,CARD,new,one_time,success,none,0,0.88,303,1,1191,0
TX002312,C00203,681.28,UPI,new,one_time,success,none,0,0.79,226,0,1233,0
TX002313,C01531,417.86,NETBANKING,new,yearly,success,none,0,0.86,216,1,730,0
TX002314,C00159,2735.57,NETBANKING,returning,one_time,success,none,0,0.47,314,1,101,0
TX002315,C00681,458.45,CARD,returning,yearly,success,none,0,0.57,179,1,1162,0
TX002316,C00002,584.63,CARD,returning,monthly,failed,bank_timeout,0,0.56,230,1,1478,1
TX002317,C00261,3394.35,UPI,returning,monthly,success,none,0,0.76,92,1,210,0
TX002318,C01309,656.21,UPI,returning,monthly,success,none,0,0.78,209,1,716,0
TX002319,C02553,925.81,UPI,new,yearly,success,none,0,0.7,120,1,355,0
TX002320,C02324,441.06,UPI,new,one_time,success,none,0,0.88,328,1,359,0
TX002321,C00297,2320.77,CARD,new,one_time,failed,bank_timeout,2,0.91,192,1,376,0
TX002322,C00105,2349.75,UPI,returning,one_time,success,none,0,0.84,183,1,903,0
TX002323,C01015,2132.5,UPI,new,one_time,success,none,0,0.65,254,1,580,0
TX002324,C01957,1778.95,CARD,new,one_time,success,none,0,0.91,262,0,596,0
TX002325,C02241,1171.72,CARD,returning,monthly,success,none,0,0.66,340,1,1011,0
TX002326,C02470,684.07,CARD,returning,one_time,success,none,0,0.69,44,1,140,0
TX002327,C01027,526.65,UPI,returning,yearly,success,none,0,0.86,322,1,387,0
TX002328,C00505,3501.39,NETBANKING,returning,monthly,failed,bank_timeout,0,0.57,68,1,350,1
TX002329,C00080,2182.71,UPI,new,monthly,failed,bank_timeout,2,0.74,354,1,478,1
TX002330,C00441,587.59,CARD,returning,monthly,success,none,0,0.65,166,1,1056,0
TX002331,C00196,1136.66,UPI,returning,one_time,success,none,0,0.79,355,1,380,0
TX002332,C02583,837.06,UPI,returning,one_time,success,none,0,0.62,125,1,1202,0
TX002333,C00806,397.27,WALLET,returning,one_time,failed,bank_timeout,0,0.61,72,1,319,0
TX002334,C02470,1286.76,UPI,returning,yearly,success,none,0,0.82,85,1,708,0
TX002335,C01660,754.5,UPI,new,one_time,failed,card_declined,0,0.54,43,1,1497,0
TX002336,C01617,465.32,UPI,returning,one_time,success,none,0,0.75,121,1,809,0
TX002337,C01365,289.68,WALLET,returning,monthly,success,none,0,0.69,232,1,15,0
TX002338,C02458,268.43,NETBANKING,new,one_time,failed,network_error,1,0.82,249,1,667,0
TX002339,C00131,785.03,UPI,returning,yearly,success,none,0,0.56,335,0,958,0
TX002340,C00279,1015.78,CARD,returning,yearly,failed,expired_card,1,0.86,234,1,252,0
TX002341,C01271,498.81,UPI,new,one_time,failed,network_error,1,0.75,322,1,410,0
TX002342,C01184,1969.76,CARD,returning,monthly,success,none,0,0.41,43,0,651,0
TX002343,C01637,1033.81,UPI,returning,one_time,failed,insufficient_funds,1,0.78,165,1,286,0
TX002344,C02214,1843.09,UPI,new,one_time,failed,network_error,1,0.86,359,1,650,0
TX002345,C01763,930.18,CARD,returning,yearly,success,none,0,0.38,127,1,286,0
TX002346,C00773,540.01,NETBANKING,returning,one_time,success,none,0,0.69,255,1,1112,0
TX002347,C00982,1215.25,UPI,new,yearly,success,none,0,0.57,304,1,296,0
TX002348,C02257,351.99,UPI,returning,yearly,success,none,0,0.84,82,1,95,0
TX002349,C00605,1782.01,NETBANKING,returning,monthly,success,none,0,0.91,166,1,1446,0
TX002350,C01513,471.8,UPI,returning,one_time,success,none,0,0.8,32,1,377,0
TX002351,C01617,2505.92,UPI,returning,one_time,success,none,0,0.74,67,1,262,0
TX002352,C02251,808.67,UPI,new,one_time,failed,insufficient_funds,3,0.77,324,0,855,0
TX002353,C02144,2853.44,UPI,returning,one_time,success,none,0,0.89,32,1,1106,0
TX002354,C01395,399.27,UPI,returning,one_time,failed,bank_timeout,1,0.54,133,1,328,0
TX002355,C00928,595.86,UPI,new,one_time,failed,bank_timeout,0,0.85,236,0,1111,0
TX002356,C01104,1545.1,UPI,returning,monthly,success,none,0,0.79,84,1,665,0
TX002357,C01235,3144.62,UPI,new,one_time,success,none,0,0.87,63,1,226,0
TX002358,C00658,4914.51,NETBANKING,new,one_time,success,none,0,0.65,103,1,740,0
TX002359,C01877,1138.23,UPI,new,monthly,failed,network_error,3,0.6,354,1,1440,0
TX002360,C00626,5732.87,CARD,new,one_time,success,none,0,0.9,98,1,238,0
TX002361,C01947,844.97,UPI,new,one_time,success,none,0,0.59,48,1,573,0
TX002362,C02255,2948.03,UPI,returning,one_time,success,none,0,0.94,283,1,470,0
TX002363,C02886,469.67,UPI,new,one_time,success,none,0,0.76,174,1,1353,0
TX002364,C00357,1600.67,UPI,new,one_time,success,none,0,0.66,235,1,886,0
TX002365,C02280,133.28,CARD,new,one_time,success,none,0,0.72,293,0,1065,0
TX002366,C00258,399.64,UPI,returning,monthly,failed,insufficient_funds,0,0.69,127,1,1154,1
TX002367,C01012,1669.05,CARD,new,one_time,success,none,0,0.83,26,0,853,0
TX002368,C00529,336.57,NETBANKING,returning,one_time,success,none,0,0.86,121,1,710,0
TX002369,C00487,1610.43,UPI,new,monthly,failed,expired_card,3,0.79,115,0,724,0
TX002370,C00527,2479.5,NETBANKING,new,monthly,success,none,0,0.83,349,1,20,0
TX002371,C00132,698.41,UPI,returning,one_time,failed,card_declined,0,0.65,189,1,1384,0
TX002372,C02470,458.49,UPI,returning,yearly,failed,card_declined,1,0.58,235,1,1007,0
TX002373,C00184,715.68,UPI,returning,monthly,success,none,0,0.95,133,1,1218,0
TX002374,C01196,459.79,NETBANKING,returning,monthly,failed,insufficient_funds,1,0.66,264,1,545,0
TX002375,C02098,1001.15,CARD,new,one_time,success,none,0,0.85,21,0,1491,0
TX002376,C02972,1202.17,WALLET,new,one_time,success,none,0,0.73,109,1,684,0
TX002377,C02562,832.63,CARD,returning,one_time,success,none,0,0.67,148,1,211,0
TX002378,C00412,4948.91,UPI,new,monthly,success,none,0,0.78,361,1,1365,0
TX002379,C02964,573.95,NETBANKING,returning,yearly,success,none,0,0.62,309,1,956,0
TX002380,C01961,3836.4,WALLET,returning,yearly,success,none,0,0.91,272,1,632,0
TX002381,C00539,429.61,CARD,new,one_time,success,none,0,0.91,91,1,494,0
TX002382,C01347,1170.87,CARD,new,yearly,success,none,0,0.82,88,1,1370,0
TX002383,C02754,3180.5,NETBANKING,returning,monthly,success,none,0,0.69,325,0,777,0
TX002384,C01179,3035.77,UPI,returning,monthly,success,none,0,0.65,336,0,408,0
TX002385,C00551,751.27,NETBANKING,returning,yearly,success,none,0,0.63,193,1,617,0
TX002386,C02626,1807.25,WALLET,new,one_time,success,none,0,0.89,142,1,1039,0
TX002387,C02859,1602.08,CARD,returning,one_time,failed,network_error,0,0.86,209,1,1341,1
TX002388,C02927,674.56,UPI,new,yearly,success,none,0,0.78,25,1,651,0
TX002389,C02868,1909.04,UPI,new,one_time,success,none,0,0.62,152,1,848,0
TX002390,C02619,5861.98,WALLET,returning,monthly,success,none,0,0.84,137,1,1409,0
TX002391,C01364,1676.61,NETBANKING,returning,monthly,success,none,0,0.76,170,1,667,0
TX002392,C00577,1825.7,CARD,returning,yearly,success,none,0,0.81,295,1,1110,0
TX002393,C01852,2008.09,NETBANKING,returning,one_time,failed,expired_card,0,0.67,291,1,1162,0
TX002394,C00663,294.45,UPI,returning,monthly,success,none,0,0.63,158,1,382,0
TX002395,C01420,1659.38,NETBANKING,returning,one_time,success,none,0,0.79,282,1,223,0
TX002396,C01969,439.18,UPI,returning,yearly,success,none,0,0.92,190,1,685,0
TX002397,C02840,644.9,UPI,returning,monthly,failed,bank_timeout,0,0.67,352,0,885,1
TX002398,C00868,7675.18,UPI,returning,monthly,failed,bank_timeout,0,0.65,176,0,1378,0
TX002399,C00756,873.11,UPI,returning,yearly,success,none,0,0.59,11,1,545,0
TX002400,C02205,563.32,UPI,returning,monthly,success,none,0,0.88,348,1,998,0
TX002401,C00020,3094.32,CARD,returning,monthly,success,none,0,0.89,199,1,673,0
TX002402,C01700,467.36,UPI,new,monthly,success,none,0,0.61,16,1,1295,0
TX002403,C02238,733.13,CARD,returning,monthly,success,none,0,0.49,232,0,486,0
TX002404,C01653,3374.99,UPI,returning,monthly,failed,card_declined,0,0.55,101,1,477,0
TX002405,C01152,1139.67,NETBANKING,returning,monthly,success,none,0,0.87,18,0,696,0
TX002406,C02486,268.96,UPI,returning,one_time,failed,card_declined,0,0.92,284,1,1142,0
TX002407,C01114,1789.32,CARD,new,one_time,failed,bank_timeout,1,0.87,356,1,317,0
TX002408,C02132,767.53,CARD,returning,one_time,success,none,0,0.7,22,1,205,0
TX002409,C01393,4384.66,UPI,new,one_time,failed,insufficient_funds,0,0.64,195,1,819,0
TX002410,C00080,635.51,UPI,returning,monthly,success,none,0,0.83,126,1,1279,0
TX002411,C01592,2824.55,UPI,returning,monthly,success,none,0,0.63,362,1,1286,0
TX002412,C00149,5421.5,UPI,returning,one_time,failed,network_error,2,0.79,316,1,820,0
TX002413,C02793,509.87,UPI,new,monthly,success,none,0,0.89,274,1,817,0
TX002414,C01805,921.6,UPI,returning,one_time,success,none,0,0.76,37,1,82,0
TX002415,C01117,1555.83,CARD,returning,monthly,success,none,0,0.94,81,1,418,0
TX002416,C01459,506.94,UPI,returning,one_time,success,none,0,0.83,60,1,404,0
TX002417,C01858,1398.65,UPI,returning,one_time,failed,network_error,2,0.83,347,1,1424,0
TX002418,C00781,895.67,UPI,returning,one_time,success,none,0,0.72,119,1,746,0
TX002419,C00866,879.58,UPI,returning,one_time,success,none,0,0.65,11,1,533,0
TX002420,C01256,1146.01,UPI,returning,monthly,success,none,0,0.83,263,0,774,0
TX002421,C00776,1169.27,CARD,new,monthly,failed,insufficient_funds,3,0.33,270,1,1158,0
TX002422,C02274,1270.92,CARD,returning,one_time,success,none,0,0.78,134,1,1113,0
TX002423,C00312,639.74,UPI,returning,monthly,success,none,0,0.92,351,1,757,0
TX002424,C02480,665.37,UPI,returning,monthly,success,none,0,0.68,302,1,829,0
TX002425,C01046,985.62,UPI,returning,monthly,failed,card_declined,0,0.8,205,1,963,0
TX002426,C01684,1053.34,CARD,new,one_time,success,none,0,0.58,2,0,1179,0
TX002427,C00474,738.81,UPI,returning,monthly,success,none,0,0.88,323,0,286,0
TX002428,C01157,1467.84,NETBANKING,returning,monthly,success,none,0,0.81,24,1,1219,0
TX002429,C02264,214.16,CARD,returning,monthly,success,none,0,0.91,155,1,1145,0
TX002430,C00813,568.26,CARD,new,one_time,failed,bank_timeout,2,0.86,307,1,911,1
TX002431,C00397,852.41,UPI,new,one_time,success,none,0,0.74,144,1,850,0
TX002432,C01566,507.5,NETBANKING,new,one_time,failed,insufficient_funds,0,0.62,140,1,324,0
TX002433,C00488,4751.8,UPI,new,monthly,failed,bank_timeout,0,0.92,343,1,780,0
TX002434,C00945,1115.41,UPI,returning,monthly,success,none,0,0.82,184,1,983,0
TX002435,C01352,1285.74,NETBANKING,returning,monthly,success,none,0,0.54,340,1,191,0
TX002436,C01693,709.88,CARD,new,monthly,success,none,0,0.86,330,1,657,0
TX002437,C01919,1081.17,UPI,returning,one_time,failed,expired_card,0,0.67,282,0,390,0
TX002438,C02030,367.33,UPI,returning,one_time,success,none,0,0.71,49,1,115,0
TX002439,C02533,941.21,UPI,returning,monthly,success,none,0,0.7,84,1,1372,0
TX002440,C00199,471.86,NETBANKING,returning,one_time,success,none,0,0.82,229,1,715,0
TX002441,C01087,854.35,UPI,returning,yearly,success,none,0,0.82,128,0,429,0
TX002442,C00004,109.52,UPI,new,one_time,failed,insufficient_funds,1,0.6,272,1,1215,0
TX002443,C00029,397.34,UPI,returning,monthly,success,none,0,0.75,288,1,140,0
TX002444,C00637,4095.05,WALLET,new,one_time,success,none,0,0.78,168,1,654,0
TX002445,C01795,2315.45,CARD,returning,yearly,success,none,0,0.77,198,1,907,0
TX002446,C02684,3594.41,UPI,returning,monthly,success,none,0,0.73,91,1,549,0
TX002447,C02321,3823.61,NETBANKING,returning,one_time,success,none,0,0.74,265,1,932,0
TX002448,C01939,2009.6,UPI,new,monthly,success,none,0,0.7,8,1,292,0
TX002449,C02335,729.54,CARD,returning,yearly,success,none,0,0.92,47,1,445,0
TX002450,C00516,431.16,CARD,returning,monthly,failed,insufficient_funds,0,0.59,209,0,834,0
TX002451,C02520,3078.11,UPI,returning,one_time,success,none,0,0.73,5,1,96,0
TX002452,C02671,1162.25,CARD,returning,monthly,failed,insufficient_funds,3,0.67,69,1,384,0
TX002453,C00286,10348.74,WALLET,new,one_time,success,none,0,0.52,103,1,728,0
TX002454,C01410,789.51,UPI,returning,one_time,failed,expired_card,0,0.74,89,1,930,0
TX002455,C02491,6474.37,UPI,returning,monthly,failed,bank_timeout,0,0.63,275,1,1088,0
TX002456,C01429,952.31,NETBANKING,new,yearly,failed,insufficient_funds,1,0.44,123,1,10,0
TX002457,C02522,3649.86,UPI,returning,one_time,success,none,0,0.56,325,1,121,0
TX002458,C02807,5049.39,UPI,returning,one_time,failed,network_error,0,0.6,214,1,543,1
TX002459,C01424,436.74,UPI,returning,one_time,failed,card_declined,0,0.72,283,1,1352,0
TX002460,C00179,708.75,NETBANKING,new,yearly,success,none,0,0.63,323,1,1139,0
TX002461,C01021,432.82,CARD,returning,yearly,success,none,0,0.81,166,1,1063,0
TX002462,C00646,362.51,WALLET,returning,yearly,success,none,0,0.88,271,0,44,0
TX002463,C01423,1998.92,UPI,returning,one_time,failed,insufficient_funds,1,0.59,299,1,750,0
TX002464,C01758,918.77,WALLET,returning,one_time,failed,insufficient_funds,0,0.88,203,1,151,0
TX002465,C01392,1149.55,UPI,returning,monthly,success,none,0,0.75,210,1,1196,0
TX002466,C00587,1809.16,CARD,new,one_time,failed,insufficient_funds,0,0.54,38,0,1454,0
TX002467,C00904,206.1,CARD,returning,one_time,success,none,0,0.71,184,1,579,0
TX002468,C02039,3491.51,UPI,returning,one_time,success,none,0,0.8,67,0,14,0
TX002469,C00081,800.96,CARD,returning,monthly,success,none,0,0.88,155,1,991,0
TX002470,C00643,1770.75,UPI,new,monthly,success,none,0,0.9,98,1,1142,0
TX002471,C02678,1917.24,UPI,returning,monthly,failed,bank_timeout,0,0.82,264,1,66,0
TX002472,C00298,3765.8,CARD,returning,one_time,success,none,0,0.88,217,1,541,0
TX002473,C01245,997.88,UPI,returning,monthly,failed,expired_card,0,0.73,363,1,1209,0
TX002474,C00621,162.18,CARD,new,monthly,success,none,0,0.94,248,0,434,0
TX002475,C00314,1154.49,UPI,new,one_time,success,none,0,0.62,324,1,636,0
TX002476,C01269,1313.74,UPI,returning,monthly,success,none,0,0.82,106,1,1068,0
TX002477,C01565,432.32,CARD,returning,monthly,success,none,0,0.16,258,1,137,0
TX002478,C00529,1252.31,UPI,returning,one_time,failed,insufficient_funds,1,0.75,204,0,1270,0
TX002479,C00234,792.41,WALLET,returning,monthly,success,none,0,0.67,309,1,921,0
TX002480,C00405,327.51,WALLET,returning,monthly,failed,insufficient_funds,1,0.81,269,1,654,1
TX002481,C01955,2006.88,UPI,new,monthly,failed,expired_card,1,0.8,273,1,601,0
TX002482,C02581,660.27,UPI,returning,yearly,success,none,0,0.86,210,1,1,0
TX002483,C00541,760.71,UPI,returning,monthly,failed,bank_timeout,0,0.78,297,1,889,1
TX002484,C00962,723.2,CARD,returning,monthly,success,none,0,0.74,354,1,1326,0
TX002485,C01032,3334.01,UPI,new,one_time,success,none,0,0.69,112,1,544,0
TX002486,C01083,1056.98,NETBANKING,returning,monthly,success,none,0,0.68,73,1,1350,0
TX002487,C00733,1177.55,WALLET,returning,monthly,success,none,0,0.92,49,1,875,0
TX002488,C00166,737.62,UPI,returning,yearly,success,none,0,0.79,243,1,889,0
TX002489,C01576,1663.34,CARD,returning,monthly,success,none,0,0.79,174,1,981,0
TX002490,C01073,3693.71,UPI,returning,monthly,success,none,0,0.82,18,1,361,0
TX002491,C01027,1964.66,UPI,returning,monthly,failed,network_error,1,0.5,184,1,1076,1
TX002492,C00795,2034.86,UPI,returning,monthly,success,none,0,0.66,25,1,1452,0
TX002493,C02789,1892.41,CARD,returning,one_time,success,none,0,0.5,159,1,1234,0
TX002494,C01832,316.65,UPI,new,one_time,success,none,0,0.7,2,1,654,0
TX002495,C01257,498.44,NETBANKING,returning,monthly,success,none,0,0.79,63,1,1143,0
TX002496,C00617,911.88,UPI,returning,monthly,success,none,0,0.65,116,1,1363,0
TX002497,C02404,570.62,CARD,returning,monthly,success,none,0,0.7,332,1,1243,0
TX002498,C02666,420.7,NETBANKING,new,yearly,failed,network_error,3,0.9,11,1,364,0
TX002499,C00097,203.37,CARD,new,yearly,failed,card_declined,1,0.35,83,1,71,1
TX002500,C02789,326.4,UPI,new,monthly,failed,network_error,2,0.43,315,1,1369,0
TX002501,C02099,870.55,UPI,returning,monthly,success,none,0,0.83,354,1,269,0
TX002502,C00300,1030.21,UPI,returning,monthly,success,none,0,0.69,184,1,1127,0
TX002503,C02260,537.14,UPI,returning,monthly,success,none,0,0.68,351,1,242,0
TX002504,C00323,1177.36,NETBANKING,new,one_time,success,none,0,0.81,259,1,666,0
TX002505,C00153,742.15,UPI,new,yearly,success,none,0,0.74,133,0,390,0
TX002506,C00346,2926.36,UPI,returning,one_time,success,none,0,0.87,254,1,70,0
TX002507,C01380,948.17,CARD,new,monthly,success,none,0,0.79,295,1,1064,0
TX002508,C01859,2052.26,UPI,new,one_time,failed,card_declined,3,0.86,325,1,572,0
TX002509,C01222,1316.71,NETBANKING,returning,monthly,failed,network_error,0,0.66,153,1,1157,0
TX002510,C00366,310.49,UPI,returning,one_time,success,none,0,0.51,38,1,1293,0
TX002511,C00598,1010.71,UPI,returning,monthly,success,none,0,0.77,255,0,297,0
TX002512,C02558,360.66,CARD,new,yearly,success,none,0,0.67,16,1,1010,0
TX002513,C02888,994.95,UPI,new,one_time,success,none,0,0.8,206,1,807,0
TX002514,C02263,560.81,NETBANKING,returning,one_time,success,none,0,0.7,260,1,447,0
TX002515,C00311,1546.53,UPI,returning,yearly,success,none,0,0.72,192,1,547,0
TX002516,C02460,327.63,UPI,returning,one_time,success,none,0,0.93,300,1,901,0
TX002517,C02076,1111.24,UPI,returning,monthly,success,none,0,0.79,297,1,1462,0
TX002518,C01579,1835.69,UPI,new,monthly,success,none,0,0.76,5,1,1399,0
TX002519,C00430,2482.04,CARD,returning,monthly,failed,card_declined,0,0.83,257,1,516,0
TX002520,C02991,551.28,UPI,new,one_time,success,none,0,0.85,197,1,594,0
TX002521,C01328,1114.29,CARD,new,monthly,success,none,0,0.76,140,0,1482,0
TX002522,C00133,1294.31,NETBANKING,returning,yearly,success,none,0,0.93,146,0,340,0
TX002523,C00630,4413.46,UPI,new,one_time,success,none,0,0.97,311,1,1097,0
TX002524,C01204,289.11,CARD,new,monthly,success,none,0,0.73,332,1,1269,0
TX002525,C00187,483.0,UPI,new,one_time,success,none,0,0.96,230,1,91,0
TX002526,C00972,13684.46,NETBANKING,new,yearly,success,none,0,0.62,254,0,809,0
TX002527,C01406,857.66,UPI,returning,one_time,success,none,0,0.62,178,1,192,0
TX002528,C02846,199.96,CARD,returning,one_time,success,none,0,0.78,358,1,857,0
TX002529,C00260,649.18,UPI,new,one_time,success,none,0,0.88,261,1,729,0
TX002530,C01731,100.0,UPI,new,yearly,failed,insufficient_funds,1,0.91,129,1,1388,0
TX002531,C02748,1362.16,UPI,returning,monthly,success,none,0,0.92,315,1,82,0
TX002532,C02419,2272.89,UPI,new,one_time,success,none,0,0.6,52,1,605,0
TX002533,C02775,482.75,NETBANKING,returning,one_time,success,none,0,0.93,26,1,951,0
TX002534,C00512,717.91,UPI,new,yearly,success,none,0,0.87,272,1,1098,0
TX002535,C02405,2518.17,WALLET,returning,one_time,success,none,0,0.58,246,0,812,0
TX002536,C02936,226.97,UPI,new,monthly,success,none,0,0.8,274,0,1298,0
TX002537,C00979,333.81,UPI,returning,monthly,failed,bank_timeout,1,0.65,42,1,280,0
TX002538,C01496,893.1,UPI,returning,monthly,success,none,0,0.6,154,0,895,0
TX002539,C01593,557.19,UPI,new,monthly,success,none,0,0.8,250,1,701,0
TX002540,C01482,841.78,NETBANKING,returning,monthly,failed,insufficient_funds,0,0.76,70,1,909,0
TX002541,C00870,351.65,UPI,returning,one_time,failed,bank_timeout,1,0.59,276,1,865,0
TX002542,C02913,1329.93,NETBANKING,returning,one_time,success,none,0,0.63,29,1,742,0
TX002543,C02870,958.81,UPI,returning,one_time,success,none,0,0.6,184,1,44,0
TX002544,C01143,1797.71,UPI,new,one_time,success,none,0,0.73,234,1,136,0
TX002545,C02416,1313.38,UPI,returning,monthly,failed,network_error,1,0.74,299,1,1316,0
TX002546,C01193,1320.84,CARD,new,monthly,success,none,0,0.85,73,1,427,0
TX002547,C02385,298.37,UPI,returning,yearly,success,none,0,0.84,306,1,697,0
TX002548,C01755,1708.43,NETBANKING,returning,yearly,success,none,0,0.55,28,1,574,0
TX002549,C01411,814.21,UPI,new,one_time,success,none,0,0.79,163,0,439,0
TX002550,C00385,943.94,UPI,returning,monthly,success,none,0,0.9,232,1,380,0
TX002551,C01964,2817.03,CARD,returning,monthly,success,none,0,0.81,144,0,843,0
TX002552,C00964,573.93,CARD,new,yearly,success,none,0,0.77,228,1,410,0
TX002553,C00651,3699.92,NETBANKING,returning,one_time,failed,network_error,2,0.94,61,1,1387,1
TX002554,C00580,4023.98,UPI,returning,monthly,failed,expired_card,3,0.74,194,1,1308,0
TX002555,C02946,2159.23,CARD,returning,one_time,success,none,0,0.82,341,1,500,0
TX002556,C00310,453.7,UPI,returning,one_time,success,none,0,0.8,276,1,885,0
TX002557,C02396,153.29,WALLET,returning,monthly,success,none,0,0.64,331,1,1426,0
TX002558,C02599,2895.61,UPI,returning,one_time,success,none,0,0.87,131,1,1412,0
TX002559,C00094,1212.27,NETBANKING,returning,one_time,success,none,0,0.55,64,1,550,0
TX002560,C01768,560.78,UPI,returning,monthly,failed,card_declined,0,0.74,189,1,679,1
TX002561,C01733,3153.3,CARD,returning,one_time,failed,bank_timeout,0,0.68,18,0,1121,0
TX002562,C01077,505.02,NETBANKING,returning,one_time,success,none,0,0.94,348,1,944,0
TX002563,C02001,748.64,NETBANKING,new,monthly,success,none,0,0.77,237,1,706,0
TX002564,C01227,1758.83,UPI,returning,monthly,success,none,0,0.76,99,1,857,0
TX002565,C01320,402.53,UPI,returning,monthly,success,none,0,0.53,138,1,89,0
TX002566,C01295,993.73,NETBANKING,new,yearly,failed,card_declined,0,0.78,46,1,1411,0
TX002567,C02403,2922.58,CARD,new,one_time,failed,bank_timeout,2,0.72,319,1,1148,0
TX002568,C01900,1326.1,CARD,returning,one_time,success,none,0,0.74,140,1,177,0
TX002569,C01138,3370.05,UPI,new,one_time,success,none,0,0.86,336,1,170,0
TX002570,C02781,3041.91,UPI,returning,monthly,failed,insufficient_funds,3,0.86,184,1,468,0
TX002571,C02407,1104.3,UPI,returning,one_time,success,none,0,0.87,50,1,1482,0
TX002572,C02799,133.88,CARD,returning,yearly,success,none,0,0.85,294,1,1128,0
TX002573,C02192,405.37,UPI,returning,monthly,success,none,0,0.8,77,1,1406,0
TX002574,C01175,2179.83,UPI,returning,monthly,success,none,0,0.55,178,1,1162,0
TX002575,C02319,271.72,NETBANKING,returning,yearly,success,none,0,0.57,21,1,1133,0
TX002576,C00988,817.28,UPI,returning,monthly,failed,network_error,1,0.84,240,1,164,0
TX002577,C00813,1487.17,NETBANKING,new,monthly,success,none,0,0.82,304,1,239,0
TX002578,C01354,4115.9,UPI,new,monthly,success,none,0,0.71,219,0,831,0
TX002579,C02908,653.59,UPI,new,one_time,success,none,0,0.79,226,1,621,0
TX002580,C01704,614.53,UPI,new,monthly,failed,insufficient_funds,2,0.63,165,1,372,0
TX002581,C01152,1046.07,UPI,returning,one_time,success,none,0,0.67,345,1,597,0
TX002582,C01386,1503.91,CARD,returning,monthly,success,none,0,0.43,291,1,1271,0
TX002583,C00874,954.49,UPI,returning,yearly,success,none,0,0.6,83,1,131,0
TX002584,C01977,2819.58,UPI,returning,monthly,failed,card_declined,0,0.83,44,1,1139,1
TX002585,C01052,534.2,UPI,returning,one_time,failed,network_error,0,0.68,215,0,954,0
TX002586,C01664,1221.88,CARD,returning,one_time,success,none,0,0.79,275,1,834,0
TX002587,C01110,1637.12,NETBANKING,new,yearly,success,none,0,0.84,143,1,407,0
TX002588,C00963,764.93,UPI,returning,one_time,success,none,0,0.81,228,1,940,0
TX002589,C02911,2334.93,UPI,returning,monthly,success,none,0,0.66,202,1,918,0
TX002590,C01038,1253.96,UPI,returning,monthly,success,none,0,0.46,345,0,1389,0
TX002591,C00212,2230.46,CARD,new,one_time,success,none,0,0.67,107,1,903,0
TX002592,C01136,1305.96,UPI,returning,monthly,failed,bank_timeout,0,0.82,106,1,6,0
TX002593,C01597,1538.81,UPI,returning,one_time,success,none,0,0.78,243,1,1224,0
TX002594,C00284,620.7,CARD,returning,monthly,success,none,0,0.86,63,1,947,0
TX002595,C00918,621.61,UPI,returning,one_time,success,none,0,0.68,282,1,127,0
TX002596,C00499,3300.92,CARD,returning,one_time,failed,insufficient_funds,0,0.91,106,0,110,0
TX002597,C01502,1942.94,UPI,returning,one_time,failed,insufficient_funds,0,0.91,165,1,635,0
TX002598,C02170,436.74,NETBANKING,returning,yearly,success,none,0,0.79,89,1,1426,0
TX002599,C02906,1290.49,UPI,returning,monthly,success,none,0,0.84,260,1,104,0
TX002600,C01168,129.49,UPI,returning,monthly,failed,bank_timeout,0,0.77,314,1,538,1
TX002601,C02590,654.23,UPI,returning,monthly,failed,bank_timeout,0,0.89,253,1,1207,1
TX002602,C00644,2604.31,UPI,new,monthly,success,none,0,0.85,234,1,390,0
TX002603,C02342,979.82,CARD,returning,monthly,success,none,0,0.76,359,1,526,0
TX002604,C01689,1219.41,UPI,returning,one_time,success,none,0,0.8,185,1,8,0
TX002605,C02275,100.0,UPI,new,monthly,success,none,0,0.73,93,1,1188,0
TX002606,C02267,770.45,CARD,returning,one_time,success,none,0,0.79,272,1,17,0
TX002607,C01598,1486.89,UPI,returning,yearly,success,none,0,0.85,154,1,1169,0
TX002608,C00773,1666.97,CARD,returning,yearly,success,none,0,0.75,23,1,1454,0
TX002609,C01579,2607.43,CARD,returning,one_time,success,none,0,0.81,220,1,350,0
TX002610,C02481,907.57,UPI,new,yearly,failed,card_declined,2,0.65,138,0,1166,1
TX002611,C02912,944.74,CARD,new,one_time,success,none,0,0.93,3,1,1253,0
TX002612,C02783,330.66,NETBANKING,returning,monthly,success,none,0,0.63,127,1,1410,0
TX002613,C00545,912.27,NETBANKING,new,monthly,failed,network_error,1,0.85,264,1,262,1
TX002614,C01793,352.34,UPI,returning,one_time,success,none,0,0.82,336,1,583,0
TX002615,C00314,207.87,UPI,returning,one_time,failed,insufficient_funds,0,0.93,334,1,1445,1
TX002616,C02007,412.95,NETBANKING,new,monthly,success,none,0,0.87,119,0,459,0
TX002617,C02978,4263.38,CARD,new,one_time,failed,network_error,0,0.88,322,1,835,0
TX002618,C00158,859.62,UPI,returning,monthly,failed,bank_timeout,0,0.52,110,1,1103,0
TX002619,C01970,1336.61,UPI,returning,monthly,success,none,0,0.89,31,1,832,0
TX002620,C02837,690.8,CARD,returning,one_time,success,none,0,0.88,343,1,1030,0
TX002621,C02542,218.88,CARD,returning,one_time,success,none,0,0.85,152,1,698,0
TX002622,C01178,2546.57,NETBANKING,new,yearly,success,none,0,0.82,301,1,1428,0
TX002623,C00312,155.25,NETBANKING,returning,monthly,failed,bank_timeout,0,0.91,317,1,204,0
TX002624,C02772,665.6,UPI,returning,monthly,failed,expired_card,0,0.62,269,1,320,0
TX002625,C02764,1044.03,CARD,returning,one_time,failed,card_declined,2,0.82,140,1,614,0
TX002626,C01737,1349.43,UPI,returning,yearly,success,none,0,0.93,21,1,853,0
TX002627,C02937,570.31,UPI,returning,one_time,failed,bank_timeout,3,0.64,302,1,1112,0
TX002628,C00014,209.73,UPI,new,one_time,success,none,0,0.51,91,1,882,0
TX002629,C01850,533.26,NETBANKING,returning,one_time,success,none,0,0.62,333,1,623,0
TX002630,C00116,558.98,UPI,returning,monthly,success,none,0,0.83,73,1,1067,0
TX002631,C02808,546.87,UPI,new,one_time,failed,bank_timeout,1,0.83,31,1,544,0
TX002632,C02042,2625.57,UPI,returning,one_time,failed,bank_timeout,2,0.81,310,1,1451,0
TX002633,C02741,367.88,UPI,returning,monthly,success,none,0,0.6,38,1,1098,0
TX002634,C01689,1437.82,UPI,new,monthly,success,none,0,0.76,341,1,1378,0
TX002635,C00250,1264.54,UPI,new,one_time,success,none,0,0.75,74,0,1262,0
TX002636,C00080,2602.97,UPI,returning,monthly,success,none,0,0.67,247,1,1117,0
TX002637,C01007,972.8,UPI,returning,one_time,failed,insufficient_funds,0,0.64,121,1,725,0
TX002638,C02231,2235.05,NETBANKING,returning,one_time,success,none,0,0.83,312,1,575,0
TX002639,C00454,939.18,CARD,new,one_time,success,none,0,0.55,97,1,801,0
TX002640,C02557,1621.25,NETBANKING,new,yearly,success,none,0,0.73,175,1,565,0
TX002641,C00719,283.54,UPI,returning,monthly,success,none,0,0.65,236,1,910,0
TX002642,C01490,102.06,UPI,returning,one_time,success,none,0,0.54,50,1,1014,0
TX002643,C00610,1540.39,UPI,returning,one_time,failed,insufficient_funds,3,0.65,144,1,540,0
TX002644,C01398,1616.57,WALLET,returning,one_time,success,none,0,0.68,269,1,557,0
TX002645,C01357,1682.36,UPI,returning,monthly,failed,insufficient_funds,2,0.72,363,1,901,0
TX002646,C00017,683.73,UPI,returning,monthly,success,none,0,0.8,322,1,1120,0
TX002647,C01704,4191.23,NETBANKING,returning,one_time,failed,insufficient_funds,2,0.81,356,0,157,0
TX002648,C02360,724.96,NETBANKING,returning,yearly,success,none,0,0.79,316,0,1400,0
TX002649,C02809,1601.65,UPI,new,one_time,success,none,0,0.8,267,1,1434,0
TX002650,C00993,1872.77,CARD,returning,one_time,success,none,0,0.45,75,1,914,0
TX002651,C02642,5150.59,UPI,new,one_time,success,none,0,0.68,64,1,1015,0
TX002652,C02637,824.41,UPI,returning,one_time,failed,card_declined,0,0.34,350,1,986,0
TX002653,C02966,609.19,UPI,returning,monthly,failed,network_error,1,0.8,45,1,1272,1
TX002654,C01120,284.77,WALLET,returning,monthly,success,none,0,0.85,161,1,1021,0
TX002655,C02553,4434.32,UPI,returning,monthly,success,none,0,0.59,65,1,1151,0
TX002656,C01696,1602.42,CARD,returning,one_time,success,none,0,0.88,180,1,920,0
TX002657,C00175,1648.72,UPI,new,one_time,failed,card_declined,3,0.81,121,1,508,0
TX002658,C00812,18124.75,CARD,returning,one_time,success,none,0,0.89,181,1,770,0
TX002659,C02017,1469.3,CARD,returning,monthly,success,none,0,0.72,310,1,223,0
TX002660,C00482,339.65,CARD,returning,one_time,success,none,0,0.95,82,0,1208,0
TX002661,C01305,919.37,NETBANKING,new,one_time,failed,insufficient_funds,2,0.61,349,1,433,0
TX002662,C02325,456.09,CARD,returning,yearly,success,none,0,0.82,179,1,133,0
TX002663,C00450,767.95,CARD,returning,monthly,success,none,0,0.66,133,1,1075,0
TX002664,C01490,763.31,UPI,returning,one_time,failed,bank_timeout,3,0.78,211,1,1065,0
TX002665,C00645,646.57,WALLET,returning,monthly,success,none,0,0.24,292,1,1097,0
TX002666,C01610,312.95,UPI,returning,one_time,success,none,0,0.91,341,1,276,0
TX002667,C00723,4597.42,UPI,returning,monthly,success,none,0,0.63,79,1,1157,0
TX002668,C02897,1435.06,UPI,returning,yearly,success,none,0,0.63,350,1,1193,0
TX002669,C00231,895.23,UPI,new,one_time,success,none,0,0.92,241,1,873,0
TX002670,C02891,2168.68,CARD,returning,yearly,success,none,0,0.67,82,0,922,0
TX002671,C02376,1675.66,UPI,new,one_time,success,none,0,0.6,37,1,183,0
TX002672,C02567,1405.46,UPI,new,one_time,success,none,0,0.93,51,0,615,0
TX002673,C02555,2031.44,NETBANKING,returning,monthly,failed,expired_card,3,0.56,32,1,1228,0
TX002674,C00563,1237.12,NETBANKING,returning,monthly,failed,card_declined,0,0.6,77,1,635,1
TX002675,C02794,2004.6,UPI,returning,one_time,failed,bank_timeout,0,0.64,285,1,1284,0
TX002676,C01783,2159.87,WALLET,returning,one_time,success,none,0,0.86,113,1,335,0
TX002677,C02887,1269.59,UPI,new,one_time,success,none,0,0.82,125,1,478,0
TX002678,C02635,899.33,UPI,new,one_time,failed,insufficient_funds,0,0.89,197,1,519,0
TX002679,C01739,4347.51,NETBANKING,new,one_time,success,none,0,0.97,73,1,874,0
TX002680,C01124,713.29,CARD,returning,one_time,failed,insufficient_funds,1,0.8,165,1,237,0
TX002681,C00352,1559.6,CARD,returning,yearly,failed,expired_card,2,0.74,141,1,102,0
TX002682,C00304,1591.64,UPI,returning,monthly,failed,network_error,0,0.63,4,1,504,1
TX002683,C01170,633.59,UPI,new,yearly,failed,network_error,0,0.87,303,0,281,0
TX002684,C02433,530.04,UPI,new,one_time,success,none,0,0.93,18,1,694,0
TX002685,C01517,797.54,WALLET,new,one_time,failed,bank_timeout,0,0.96,275,1,43,0
TX002686,C01446,704.16,UPI,returning,monthly,success,none,0,0.84,266,0,335,0
TX002687,C00734,295.21,UPI,new,monthly,failed,network_error,0,0.78,136,0,389,1
TX002688,C01694,610.12,UPI,new,monthly,success,none,0,0.81,300,1,12,0
TX002689,C01915,1393.54,CARD,returning,one_time,success,none,0,0.66,196,1,720,0
TX002690,C02947,3426.69,UPI,new,monthly,failed,card_declined,0,0.71,287,1,1222,0
TX002691,C02189,1806.15,CARD,returning,monthly,success,none,0,0.9,290,1,1452,0
TX002692,C01822,105.68,UPI,returning,one_time,success,none,0,0.44,2,1,1202,0
TX002693,C02731,1953.1,UPI,new,monthly,success,none,0,0.61,246,1,1221,0
TX002694,C01275,663.59,UPI,new,one_time,success,none,0,0.83,169,1,1361,0
TX002695,C02805,1648.75,UPI,new,one_time,success,none,0,0.63,54,1,560,0
TX002696,C01110,1082.77,CARD,new,yearly,failed,network_error,3,0.67,341,1,241,0
TX002697,C00384,922.03,NETBANKING,returning,monthly,success,none,0,0.79,122,1,1370,0
TX002698,C01253,1000.23,UPI,returning,one_time,failed,expired_card,2,0.75,362,0,196,0
TX002699,C00387,1074.72,UPI,returning,one_time,success,none,0,0.73,200,1,981,0
TX002700,C00356,3677.41,UPI,returning,one_time,success,none,0,0.74,357,1,335,0
TX002701,C02644,1077.4,NETBANKING,new,yearly,success,none,0,0.72,242,1,994,0
TX002702,C02385,2913.13,WALLET,returning,monthly,failed,expired_card,0,0.78,320,1,110,1
TX002703,C00664,2555.28,CARD,new,monthly,success,none,0,0.77,34,1,762,0
TX002704,C02514,1998.88,UPI,returning,yearly,success,none,0,0.74,233,1,967,0
TX002705,C00207,219.65,UPI,returning,one_time,success,none,0,0.84,270,1,1264,0
TX002706,C00854,2995.81,WALLET,new,yearly,failed,card_declined,0,0.77,319,1,1009,0
TX002707,C02119,726.25,UPI,returning,monthly,success,none,0,0.73,358,1,825,0
TX002708,C00912,2088.4,CARD,new,monthly,success,none,0,0.74,332,0,399,0
TX002709,C02192,457.02,NETBANKING,new,yearly,success,none,0,0.97,189,1,1257,0
TX002710,C02624,377.45,CARD,new,monthly,success,none,0,0.91,211,1,1063,0
TX002711,C00199,6494.75,CARD,new,one_time,success,none,0,0.82,362,1,547,0
TX002712,C00072,463.46,UPI,new,one_time,success,none,0,0.84,49,1,423,0
TX002713,C02821,3076.34,NETBANKING,returning,one_time,failed,insufficient_funds,0,0.72,165,1,288,0
TX002714,C01562,1219.97,UPI,new,one_time,success,none,0,0.78,64,1,1155,0
TX002715,C01520,751.37,NETBANKING,returning,one_time,success,none,0,0.25,206,1,1344,0
TX002716,C01392,1053.27,UPI,new,monthly,success,none,0,0.53,250,1,462,0
TX002717,C01301,340.02,CARD,new,one_time,success,none,0,0.42,11,1,290,0
TX002718,C02071,1083.14,NETBANKING,new,yearly,failed,network_error,0,0.79,232,1,653,0
TX002719,C01740,413.86,CARD,new,one_time,success,none,0,0.94,322,1,1202,0
TX002720,C00491,768.24,UPI,new,one_time,failed,network_error,0,0.79,153,0,1321,0
TX002721,C01880,2521.9,UPI,new,one_time,failed,card_declined,0,0.96,336,0,1462,0
TX002722,C02005,1378.53,NETBANKING,new,yearly,failed,network_error,0,0.95,41,1,1142,1
TX002723,C00341,288.89,CARD,returning,one_time,success,none,0,0.55,17,1,890,0
TX002724,C01131,2359.82,UPI,returning,one_time,success,none,0,0.84,81,1,222,0
TX002725,C02372,1089.65,NETBANKING,new,one_time,success,none,0,0.88,328,0,1250,0
TX002726,C01857,673.19,NETBANKING,returning,one_time,success,none,0,0.64,364,1,568,0
TX002727,C00410,2147.39,NETBANKING,returning,yearly,success,none,0,0.7,70,1,352,0
TX002728,C00121,943.42,CARD,returning,monthly,failed,expired_card,2,0.83,4,1,428,0
TX002729,C01744,384.1,WALLET,returning,one_time,failed,insufficient_funds,0,0.42,251,1,730,0
TX002730,C01386,5785.03,NETBANKING,returning,one_time,success,none,0,0.83,303,1,657,0
TX002731,C02884,1079.7,UPI,returning,one_time,success,none,0,0.71,143,1,1458,0
TX002732,C01567,1019.18,WALLET,new,monthly,success,none,0,0.73,224,1,354,0
TX002733,C02795,761.59,UPI,returning,one_time,failed,card_declined,2,0.65,315,0,627,0
TX002734,C00643,3171.53,NETBANKING,returning,monthly,success,none,0,0.8,16,0,62,0
TX002735,C01343,683.76,CARD,returning,one_time,success,none,0,0.83,320,1,303,0
TX002736,C00419,273.01,CARD,returning,one_time,success,none,0,0.82,155,1,1400,0
TX002737,C01723,595.37,UPI,returning,monthly,success,none,0,0.6,337,1,1472,0
TX002738,C00566,3619.52,UPI,returning,monthly,success,none,0,0.51,297,1,1424,0
TX002739,C01477,2319.06,UPI,returning,monthly,success,none,0,0.81,53,1,149,0
TX002740,C01033,871.74,CARD,returning,monthly,failed,card_declined,3,0.71,225,1,516,0
TX002741,C00558,3774.15,NETBANKING,returning,monthly,success,none,0,0.79,102,1,1454,0
TX002742,C00291,2149.84,UPI,returning,yearly,success,none,0,0.87,337,1,774,0
TX002743,C01537,862.7,UPI,returning,one_time,success,none,0,0.3,351,1,645,0
TX002744,C02842,944.52,CARD,new,yearly,success,none,0,0.72,351,1,937,0
TX002745,C00597,1474.96,UPI,returning,monthly,failed,card_declined,1,0.63,95,1,1040,0
TX002746,C01215,518.69,UPI,returning,monthly,success,none,0,0.72,302,1,331,0
TX002747,C00674,1101.09,UPI,returning,monthly,success,none,0,0.71,40,0,1133,0
TX002748,C02427,1447.6,CARD,new,one_time,success,none,0,0.81,265,1,1230,0
TX002749,C01245,240.26,CARD,new,monthly,success,none,0,0.87,41,1,710,0
TX002750,C02924,924.83,NETBANKING,new,monthly,success,none,0,0.56,40,1,370,0
TX002751,C00736,834.85,UPI,new,yearly,success,none,0,0.8,342,1,1229,0
TX002752,C00243,2766.29,UPI,returning,one_time,failed,insufficient_funds,1,0.68,279,1,484,0
TX002753,C01748,208.5,CARD,returning,yearly,failed,network_error,0,0.34,21,0,926,1
TX002754,C01956,777.94,WALLET,returning,one_time,failed,card_declined,0,0.93,232,1,200,1
TX002755,C02973,710.82,UPI,returning,yearly,success,none,0,0.57,284,1,1450,0
TX002756,C02615,2602.07,NETBANKING,returning,monthly,success,none,0,0.77,139,1,231,0
TX002757,C02653,1054.49,CARD,returning,monthly,failed,insufficient_funds,1,0.54,294,1,1297,0
TX002758,C01903,5521.94,NETBANKING,returning,monthly,success,none,0,0.75,287,0,888,0
TX002759,C01080,1990.2,UPI,returning,yearly,success,none,0,0.59,121,1,608,0
TX002760,C01288,758.09,UPI,returning,one_time,success,none,0,0.97,162,1,1459,0
TX002761,C00402,1360.62,UPI,returning,one_time,failed,bank_timeout,2,0.81,118,1,437,1
TX002762,C01294,797.39,CARD,new,yearly,success,none,0,0.61,256,0,111,0
TX002763,C01094,2376.67,NETBANKING,returning,one_time,success,none,0,0.75,302,0,1135,0
TX002764,C00108,330.64,UPI,returning,monthly,failed,insufficient_funds,0,0.85,259,1,211,0
TX002765,C00614,522.53,UPI,new,monthly,failed,network_error,0,0.83,144,1,113,1
TX002766,C01604,1652.63,UPI,returning,monthly,success,none,0,0.64,278,1,657,0
TX002767,C01109,3304.96,CARD,returning,yearly,success,none,0,0.66,332,0,1175,0
TX002768,C02981,151.14,NETBANKING,returning,one_time,success,none,0,0.76,127,1,854,0
TX002769,C01436,3778.28,UPI,new,monthly,failed,bank_timeout,3,0.51,331,1,1463,0
TX002770,C02877,966.69,CARD,new,monthly,success,none,0,0.84,68,1,516,0
TX002771,C01983,201.24,UPI,returning,monthly,success,none,0,0.87,328,1,286,0
TX002772,C00122,100.0,NETBANKING,returning,one_time,success,none,0,0.9,265,1,158,0
TX002773,C00611,276.87,NETBANKING,returning,one_time,failed,card_declined,1,0.65,215,1,79,0
TX002774,C02118,1077.36,UPI,new,monthly,failed,bank_timeout,1,0.94,145,1,1313,1
TX002775,C01636,1033.48,CARD,new,one_time,success,none,0,0.46,271,1,470,0
TX002776,C00906,1938.91,NETBANKING,new,monthly,success,none,0,0.74,355,1,924,0
TX002777,C01567,668.78,NETBANKING,returning,one_time,success,none,0,0.66,320,1,936,0
TX002778,C02709,404.55,CARD,returning,yearly,success,none,0,0.93,363,1,1343,0
TX002779,C01167,756.14,UPI,new,yearly,success,none,0,0.78,361,1,704,0
TX002780,C00136,1130.31,CARD,returning,monthly,success,none,0,0.73,344,1,925,0
TX002781,C00933,1349.78,CARD,returning,yearly,failed,network_error,1,0.68,206,1,315,0
TX002782,C02808,539.02,UPI,returning,yearly,success,none,0,0.58,172,1,647,0
TX002783,C02286,2468.34,WALLET,new,monthly,failed,bank_timeout,1,0.73,145,1,253,1
TX002784,C02513,626.87,UPI,returning,monthly,success,none,0,0.77,345,1,716,0
TX002785,C02735,501.32,NETBANKING,returning,one_time,success,none,0,0.35,145,1,454,0
TX002786,C00353,673.07,UPI,new,monthly,success,none,0,0.82,14,1,882,0
TX002787,C00849,2885.22,UPI,new,monthly,failed,bank_timeout,1,0.46,72,1,1454,0
TX002788,C00180,973.1,UPI,returning,monthly,failed,bank_timeout,0,0.86,236,0,124,0
TX002789,C00015,586.95,CARD,new,monthly,success,none,0,0.59,215,1,1455,0
TX002790,C02505,2523.74,NETBANKING,returning,one_time,success,none,0,0.6,356,1,412,0
TX002791,C02811,7543.74,UPI,returning,monthly,success,none,0,0.53,352,1,262,0
TX002792,C00468,1324.4,UPI,new,yearly,failed,insufficient_funds,0,0.67,5,1,1307,1
TX002793,C02167,3329.1,NETBANKING,returning,one_time,success,none,0,0.57,298,1,182,0
TX002794,C01605,2786.3,CARD,returning,one_time,success,none,0,0.85,278,1,1498,0
TX002795,C00208,635.83,UPI,returning,yearly,success,none,0,0.95,309,1,906,0
TX002796,C02748,1123.24,NETBANKING,new,one_time,failed,card_declined,2,0.79,217,1,814,0
TX002797,C02614,345.75,UPI,returning,monthly,success,none,0,0.58,232,0,116,0
TX002798,C01703,911.92,UPI,returning,monthly,failed,network_error,1,0.83,25,1,973,0
TX002799,C02124,624.17,UPI,new,monthly,success,none,0,0.65,194,1,888,0
TX002800,C01192,763.11,CARD,returning,one_time,success,none,0,0.86,77,1,1158,0
TX002801,C02379,558.41,UPI,returning,one_time,success,none,0,0.76,76,1,1338,0
TX002802,C01336,846.93,NETBANKING,returning,monthly,success,none,0,0.83,50,1,1397,0
TX002803,C02968,1770.49,UPI,new,one_time,success,none,0,0.9,191,0,1124,0
TX002804,C00190,984.82,WALLET,new,monthly,success,none,0,0.72,271,1,15,0
TX002805,C00517,204.81,UPI,returning,yearly,failed,insufficient_funds,1,0.48,33,0,1144,0
TX002806,C02907,560.31,UPI,returning,monthly,success,none,0,0.71,285,1,1048,0
TX002807,C00867,279.37,UPI,new,one_time,success,none,0,0.83,352,1,1356,0
TX002808,C00932,1366.02,UPI,new,monthly,success,none,0,0.69,355,1,828,0
TX002809,C02374,1725.01,UPI,returning,one_time,failed,network_error,3,0.82,247,1,659,0
TX002810,C00569,1381.46,NETBANKING,returning,monthly,failed,insufficient_funds,0,0.74,282,0,243,0
TX002811,C01541,539.87,NETBANKING,new,one_time,success,none,0,0.82,20,1,816,0
TX002812,C00859,1369.46,CARD,returning,yearly,failed,insufficient_funds,3,0.55,285,1,1382,0
TX002813,C00594,718.31,UPI,returning,monthly,success,none,0,0.91,225,1,202,0
TX002814,C02894,393.7,NETBANKING,new,one_time,failed,insufficient_funds,0,0.88,160,0,1013,0
TX002815,C00600,2138.24,UPI,new,one_time,success,none,0,0.95,310,1,768,0
TX002816,C00283,2289.81,CARD,returning,monthly,success,none,0,0.82,57,1,568,0
TX002817,C02022,2576.03,CARD,returning,yearly,success,none,0,0.87,257,1,524,0
TX002818,C02602,634.28,UPI,new,one_time,success,none,0,0.69,155,1,44,0
TX002819,C00383,3169.81,UPI,returning,monthly,success,none,0,0.69,299,1,490,0
TX002820,C02124,703.29,NETBANKING,returning,one_time,success,none,0,0.77,39,1,805,0
TX002821,C01623,1974.66,UPI,returning,yearly,success,none,0,0.72,58,1,882,0
TX002822,C02491,692.41,CARD,returning,monthly,success,none,0,0.66,309,0,1273,0
TX002823,C00381,896.43,WALLET,returning,monthly,failed,bank_timeout,0,0.65,224,1,1363,1
TX002824,C02928,124.08,UPI,returning,one_time,failed,bank_timeout,0,0.47,162,1,1286,0
TX002825,C01858,835.71,UPI,new,yearly,failed,network_error,1,0.77,263,1,467,0
TX002826,C02527,1190.32,UPI,returning,monthly,failed,card_declined,1,0.85,290,1,1460,0
TX002827,C01086,758.21,NETBANKING,returning,one_time,success,none,0,0.71,181,1,621,0
TX002828,C02831,5327.14,UPI,returning,monthly,success,none,0,0.69,347,1,291,0
TX002829,C01880,385.21,UPI,new,one_time,failed,network_error,3,0.74,324,1,15,0
TX002830,C00381,660.35,UPI,returning,monthly,success,none,0,0.92,129,1,1223,0
TX002831,C02769,485.71,WALLET,returning,monthly,success,none,0,0.56,174,0,968,0
TX002832,C02388,660.24,NETBANKING,new,monthly,failed,insufficient_funds,0,0.95,76,1,1179,0
TX002833,C00901,2774.63,CARD,returning,one_time,failed,expired_card,0,0.52,76,1,241,0
TX002834,C01638,4147.37,WALLET,returning,yearly,success,none,0,0.82,90,0,1166,0
TX002835,C01165,583.64,CARD,returning,yearly,success,none,0,0.72,9,1,805,0
TX002836,C01631,572.09,WALLET,returning,monthly,failed,expired_card,0,0.7,271,1,566,0
TX002837,C02897,387.06,UPI,returning,monthly,success,none,0,0.54,44,1,835,0
TX002838,C02697,3553.39,UPI,new,one_time,failed,network_error,0,0.86,88,0,825,0
TX002839,C00647,3007.62,NETBANKING,returning,one_time,failed,network_error,0,0.86,154,1,1119,0
TX002840,C02916,996.87,UPI,returning,yearly,success,none,0,0.6,122,0,1103,0
TX002841,C01314,312.16,UPI,new,monthly,success,none,0,0.89,291,0,164,0
TX002842,C02115,338.32,CARD,returning,one_time,success,none,0,0.71,223,0,104,0
TX002843,C02293,1278.66,CARD,returning,monthly,failed,expired_card,0,0.84,31,1,681,0
TX002844,C01449,1797.95,UPI,returning,one_time,success,none,0,0.72,163,0,909,0
TX002845,C01370,170.8,UPI,returning,one_time,success,none,0,0.55,272,1,1358,0
TX002846,C01370,821.24,UPI,returning,yearly,success,none,0,0.32,78,1,1018,0
TX002847,C02588,4705.4,UPI,returning,one_time,success,none,0,0.83,46,1,968,0
TX002848,C01160,901.66,UPI,returning,one_time,failed,insufficient_funds,0,0.48,176,0,744,0
TX002849,C00840,4190.91,UPI,new,monthly,success,none,0,0.76,173,1,239,0
TX002850,C01085,1966.76,CARD,returning,one_time,success,none,0,0.73,162,1,1338,0
TX002851,C00585,413.29,UPI,returning,one_time,success,none,0,0.75,230,0,262,0
TX002852,C01175,842.69,UPI,returning,monthly,success,none,0,0.75,239,1,1250,0
TX002853,C00343,976.7,CARD,returning,one_time,failed,insufficient_funds,2,0.71,127,1,716,0
TX002854,C00270,465.33,UPI,returning,one_time,success,none,0,0.79,148,0,1353,0
TX002855,C02172,458.11,UPI,new,monthly,success,none,0,0.61,308,0,184,0
TX002856,C00233,4256.03,UPI,new,yearly,success,none,0,0.94,295,1,1209,0
TX002857,C01705,455.04,CARD,new,yearly,success,none,0,0.87,62,1,493,0
TX002858,C02340,2894.57,UPI,returning,one_time,success,none,0,0.55,86,1,1018,0
TX002859,C02174,740.38,UPI,new,monthly,failed,network_error,0,0.58,213,1,605,1
TX002860,C01339,1071.62,CARD,returning,monthly,success,none,0,0.78,184,1,1444,0
TX002861,C00581,1818.3,NETBANKING,returning,one_time,failed,bank_timeout,1,0.77,226,1,1261,0
TX002862,C02793,639.89,CARD,new,one_time,success,none,0,0.63,292,1,486,0
TX002863,C02506,1828.25,NETBANKING,returning,monthly,success,none,0,0.86,131,1,543,0
TX002864,C01837,173.85,CARD,new,one_time,success,none,0,0.91,98,1,1462,0
TX002865,C00261,1629.02,UPI,returning,yearly,success,none,0,0.86,1,1,284,0
TX002866,C00106,118.9,UPI,new,one_time,success,none,0,0.73,87,1,405,0
TX002867,C00946,894.12,UPI,new,one_time,success,none,0,0.68,352,1,1429,0
TX002868,C00473,2365.68,UPI,new,yearly,failed,bank_timeout,0,0.72,209,0,290,0
TX002869,C02582,1919.97,UPI,returning,yearly,success,none,0,0.92,319,1,609,0
TX002870,C00618,340.85,UPI,new,one_time,success,none,0,0.83,197,1,1309,0
TX002871,C00848,382.72,CARD,returning,monthly,success,none,0,0.55,341,1,282,0
TX002872,C02928,590.04,CARD,returning,monthly,success,none,0,0.81,347,1,1292,0
TX002873,C02455,1296.72,UPI,returning,one_time,success,none,0,0.81,120,1,1429,0
TX002874,C00657,176.14,UPI,new,monthly,success,none,0,0.6,294,1,369,0
TX002875,C01151,1083.66,UPI,returning,monthly,success,none,0,0.92,46,1,1209,0
TX002876,C01548,1451.4,UPI,new,one_time,success,none,0,0.84,112,1,550,0
TX002877,C01993,850.03,UPI,returning,yearly,failed,insufficient_funds,1,0.79,156,1,825,0
TX002878,C02809,1759.51,UPI,returning,yearly,failed,network_error,0,0.67,52,1,213,0
TX002879,C02614,1341.24,UPI,returning,monthly,success,none,0,0.74,21,1,935,0
TX002880,C02932,673.52,WALLET,new,one_time,success,none,0,0.61,92,1,292,0
TX002881,C00122,191.99,UPI,returning,yearly,failed,insufficient_funds,1,0.87,122,1,1048,0
TX002882,C00710,1236.54,CARD,returning,monthly,success,none,0,0.82,148,1,542,0
TX002883,C01690,465.09,UPI,new,one_time,success,none,0,0.87,208,1,1328,0
TX002884,C00148,651.64,UPI,returning,monthly,success,none,0,0.75,33,1,241,0
TX002885,C01067,1687.85,UPI,new,monthly,failed,expired_card,0,0.84,241,1,639,0
TX002886,C00461,3926.88,WALLET,returning,one_time,failed,expired_card,0,0.82,98,1,216,0
TX002887,C02799,1059.71,UPI,returning,one_time,failed,bank_timeout,0,0.78,298,1,59,0
TX002888,C00190,1805.62,UPI,new,yearly,success,none,0,0.8,293,1,502,0
TX002889,C00446,298.86,WALLET,new,yearly,failed,expired_card,0,0.73,218,1,1444,1
TX002890,C00586,1367.82,UPI,returning,one_time,success,none,0,0.59,211,1,1201,0
TX002891,C00446,1039.07,UPI,returning,one_time,success,none,0,0.64,136,1,1142,0
TX002892,C01706,3315.3,CARD,new,one_time,success,none,0,0.87,15,1,1313,0
TX002893,C01094,674.24,UPI,new,monthly,success,none,0,0.58,216,0,290,0
TX002894,C02738,882.29,WALLET,returning,one_time,success,none,0,0.63,4,1,419,0
TX002895,C00783,2843.9,UPI,new,monthly,failed,bank_timeout,0,0.66,310,1,440,0
TX002896,C01612,1009.46,CARD,new,one_time,failed,insufficient_funds,1,0.94,141,0,1387,0
TX002897,C01981,404.25,UPI,returning,monthly,success,none,0,0.75,200,1,1453,0
TX002898,C01878,10899.48,NETBANKING,returning,monthly,success,none,0,0.65,16,0,10,0
TX002899,C02390,415.41,NETBANKING,returning,monthly,failed,bank_timeout,1,0.54,123,1,967,1
TX002900,C00606,1034.6,NETBANKING,new,one_time,success,none,0,0.94,112,1,449,0
TX002901,C01523,1498.2,NETBANKING,returning,monthly,success,none,0,0.71,205,1,354,0
TX002902,C02402,1395.29,CARD,returning,one_time,failed,bank_timeout,1,0.54,84,0,879,0
TX002903,C02590,924.48,UPI,returning,one_time,success,none,0,0.73,97,1,171,0
TX002904,C01854,928.63,UPI,returning,monthly,failed,network_error,0,0.85,176,0,1343,1
TX002905,C01956,887.64,UPI,new,monthly,success,none,0,0.6,208,1,490,0
TX002906,C02593,401.68,UPI,returning,monthly,success,none,0,0.84,203,1,1331,0
TX002907,C01875,7594.63,UPI,returning,one_time,success,none,0,0.69,120,1,163,0
TX002908,C02847,899.65,CARD,new,monthly,failed,bank_timeout,0,0.57,249,0,1164,1
TX002909,C00383,1876.64,CARD,returning,one_time,failed,card_declined,1,0.76,48,1,70,0
TX002910,C01044,811.44,WALLET,returning,monthly,success,none,0,0.93,155,1,635,0
TX002911,C00337,796.89,UPI,new,one_time,success,none,0,0.73,355,1,295,0
TX002912,C00272,727.85,CARD,new,monthly,success,none,0,0.6,219,1,1339,0
TX002913,C01416,271.82,CARD,new,yearly,success,none,0,0.73,55,1,466,0
TX002914,C00678,949.03,WALLET,returning,one_time,failed,bank_timeout,2,0.75,225,1,34,0
TX002915,C01222,760.28,CARD,returning,yearly,success,none,0,0.76,297,1,1054,0
TX002916,C01314,3147.53,UPI,returning,monthly,failed,expired_card,0,0.75,121,1,61,0
TX002917,C01863,373.52,UPI,new,monthly,success,none,0,0.81,71,0,1110,0
TX002918,C02838,652.34,WALLET,returning,monthly,failed,card_declined,1,0.82,107,1,1031,1
TX002919,C02549,488.53,CARD,returning,one_time,failed,insufficient_funds,0,0.7,275,1,1078,0
TX002920,C01135,4016.95,NETBANKING,new,one_time,failed,bank_timeout,1,0.67,243,1,288,1
TX002921,C00977,501.46,CARD,new,one_time,success,none,0,0.76,236,1,1027,0
TX002922,C02313,1819.05,CARD,returning,monthly,success,none,0,0.94,83,1,1493,0
TX002923,C00371,2625.81,CARD,returning,one_time,success,none,0,0.75,22,1,268,0
TX002924,C01622,961.5,NETBANKING,returning,monthly,failed,card_declined,0,0.69,23,1,794,0
TX002925,C01270,317.62,NETBANKING,returning,yearly,success,none,0,0.81,180,1,499,0
TX002926,C00549,321.26,UPI,new,monthly,success,none,0,0.56,20,1,215,0
TX002927,C01850,2377.46,UPI,new,one_time,success,none,0,0.55,343,0,138,0
TX002928,C00963,352.65,UPI,returning,monthly,success,none,0,0.77,122,0,1431,0
TX002929,C00557,1560.6,UPI,returning,one_time,failed,insufficient_funds,2,0.77,198,0,1172,1
TX002930,C01960,1215.5,NETBANKING,new,monthly,success,none,0,0.64,356,1,464,0
TX002931,C00523,1539.82,NETBANKING,returning,one_time,success,none,0,0.81,180,1,351,0
TX002932,C02019,1676.44,UPI,returning,one_time,success,none,0,0.75,180,1,422,0
TX002933,C00487,473.28,UPI,new,yearly,success,none,0,0.74,29,1,434,0
TX002934,C01305,455.79,UPI,new,one_time,success,none,0,0.82,115,1,198,0
TX002935,C02424,2086.9,NETBANKING,returning,one_time,success,none,0,0.75,28,1,828,0
TX002936,C00686,622.4,CARD,returning,one_time,success,none,0,0.75,244,1,1347,0
TX002937,C02303,100.0,UPI,new,one_time,success,none,0,0.49,175,1,1106,0
TX002938,C02166,1966.24,UPI,returning,monthly,success,none,0,0.77,52,1,1146,0
TX002939,C02708,431.54,CARD,new,one_time,failed,bank_timeout,2,0.83,361,0,1325,0
TX002940,C00507,1669.74,UPI,returning,one_time,success,none,0,0.72,317,1,1187,0
TX002941,C02146,3841.2,NETBANKING,returning,yearly,success,none,0,0.71,16,1,268,0
TX002942,C02811,1113.3,NETBANKING,returning,one_time,success,none,0,0.78,363,1,609,0
TX002943,C02290,2687.02,UPI,returning,one_time,failed,bank_timeout,0,0.84,237,1,382,0
TX002944,C00564,1259.43,UPI,returning,one_time,success,none,0,0.9,228,1,940,0
TX002945,C02467,4576.48,UPI,new,yearly,success,none,0,0.86,321,1,1471,0
TX002946,C00322,421.62,UPI,returning,monthly,success,none,0,0.8,44,0,1041,0
TX002947,C01767,1088.56,UPI,new,monthly,success,none,0,0.56,334,1,255,0
TX002948,C01493,2009.91,UPI,new,monthly,success,none,0,0.75,337,1,1477,0
TX002949,C01594,923.92,UPI,returning,monthly,failed,expired_card,2,0.6,266,1,887,0
TX002950,C01559,3093.31,NETBANKING,returning,monthly,failed,insufficient_funds,1,0.88,41,1,833,1
TX002951,C00095,743.35,UPI,returning,yearly,success,none,0,0.56,200,0,310,0
TX002952,C01525,7061.65,NETBANKING,returning,monthly,success,none,0,0.64,49,1,407,0
TX002953,C02811,7405.5,UPI,new,monthly,success,none,0,0.59,107,1,1234,0
TX002954,C01311,1413.56,UPI,returning,one_time,success,none,0,0.85,262,1,180,0
TX002955,C00831,1803.24,UPI,new,monthly,failed,insufficient_funds,0,0.43,142,1,310,0
TX002956,C02985,3205.12,UPI,new,monthly,success,none,0,0.76,264,1,364,0
TX002957,C00297,376.73,UPI,returning,one_time,success,none,0,0.89,174,1,1311,0
TX002958,C01459,336.7,NETBANKING,returning,one_time,success,none,0,0.74,83,1,39,0
TX002959,C01538,3397.44,NETBANKING,returning,one_time,failed,network_error,0,0.65,149,1,174,0
TX002960,C01434,1403.31,UPI,returning,one_time,success,none,0,0.92,250,1,216,0
TX002961,C02766,894.39,UPI,returning,monthly,success,none,0,0.61,297,1,230,0
TX002962,C01266,1107.67,UPI,new,one_time,failed,network_error,3,0.77,338,0,767,0
TX002963,C02920,128.07,CARD,new,monthly,success,none,0,0.73,337,1,1336,0
TX002964,C00201,923.8,UPI,returning,one_time,success,none,0,0.71,304,1,8,0
TX002965,C02202,556.83,UPI,new,monthly,success,none,0,0.78,137,0,1400,0
TX002966,C01779,2505.55,NETBANKING,returning,one_time,failed,network_error,1,0.78,97,1,144,1
TX002967,C00722,2685.25,NETBANKING,returning,one_time,failed,bank_timeout,2,0.69,174,1,397,0
TX002968,C00684,1842.75,CARD,returning,monthly,success,none,0,0.63,126,1,75,0
TX002969,C02160,1565.43,UPI,returning,one_time,failed,insufficient_funds,1,0.79,257,1,1442,0
TX002970,C01913,284.97,UPI,returning,one_time,success,none,0,0.79,356,1,791,0
TX002971,C01834,1866.05,UPI,returning,monthly,success,none,0,0.77,350,1,1076,0
TX002972,C00153,1932.28,CARD,returning,yearly,failed,card_declined,1,0.72,169,0,37,0
TX002973,C01794,3363.28,CARD,new,monthly,success,none,0,0.91,169,1,899,0
TX002974,C02945,7378.97,UPI,returning,monthly,success,none,0,0.87,313,1,762,0
TX002975,C00052,239.06,NETBANKING,returning,monthly,success,none,0,0.65,242,0,537,0
TX002976,C01408,773.07,UPI,new,monthly,success,none,0,0.63,12,1,918,0
TX002977,C01484,562.26,CARD,returning,monthly,failed,insufficient_funds,2,0.76,81,1,473,0
TX002978,C02691,1280.82,UPI,returning,monthly,success,none,0,0.78,12,1,337,0
TX002979,C00849,1109.94,UPI,new,monthly,success,none,0,0.76,22,1,1129,0
TX002980,C01427,888.31,UPI,returning,monthly,failed,expired_card,0,0.86,61,0,1383,0
TX002981,C02152,2765.13,CARD,new,one_time,success,none,0,0.68,166,1,1221,0
TX002982,C00181,406.97,UPI,returning,one_time,success,none,0,0.91,100,1,1468,0
TX002983,C02404,429.66,UPI,returning,monthly,success,none,0,0.96,216,0,649,0
TX002984,C02467,436.24,CARD,new,monthly,success,none,0,0.51,322,1,1386,0
TX002985,C02159,792.91,CARD,returning,monthly,success,none,0,0.7,34,1,1353,0
TX002986,C01945,362.95,CARD,returning,one_time,success,none,0,0.71,53,1,1356,0
TX002987,C02243,1049.73,CARD,new,monthly,success,none,0,0.79,211,0,234,0
TX002988,C02346,944.88,CARD,returning,yearly,success,none,0,0.65,299,1,121,0
TX002989,C02711,540.31,CARD,returning,one_time,failed,insufficient_funds,3,0.78,235,1,856,1
TX002990,C01285,2407.61,UPI,returning,monthly,failed,network_error,1,0.77,252,1,489,0
TX002991,C01369,1039.45,UPI,returning,one_time,success,none,0,0.5,338,1,620,0
TX002992,C01914,2853.73,UPI,new,monthly,failed,network_error,1,0.82,171,0,388,0
TX002993,C00580,920.07,UPI,new,one_time,success,none,0,0.78,105,0,279,0
TX002994,C02569,1073.01,UPI,new,monthly,success,none,0,0.76,191,1,292,0
TX002995,C02312,660.83,UPI,returning,one_time,success,none,0,0.7,301,1,1321,0
TX002996,C01894,1089.7,UPI,returning,one_time,failed,insufficient_funds,2,0.86,212,1,875,0
TX002997,C00905,2081.84,CARD,returning,one_time,success,none,0,0.75,352,1,992,0
TX002998,C01044,757.33,CARD,returning,one_time,failed,card_declined,0,0.65,111,1,1253,0
TX002999,C01305,1748.6,CARD,new,monthly,failed,expired_card,0,0.66,241,1,1474,0
TX003000,C01988,527.7,NETBANKING,returning,one_time,success,none,0,0.81,291,1,1295,0
TX003001,C02335,2171.44,UPI,new,one_time,success,none,0,0.62,180,1,1337,0
TX003002,C02016,650.72,UPI,new,yearly,success,none,0,0.79,62,1,332,0
TX003003,C02790,2360.22,UPI,returning,one_time,failed,bank_timeout,0,0.62,334,1,20,0
TX003004,C02882,1158.5,UPI,new,monthly,success,none,0,0.72,61,1,560,0
TX003005,C02115,4310.71,UPI,new,one_time,failed,insufficient_funds,0,0.73,195,1,663,0
TX003006,C01113,388.13,NETBANKING,returning,yearly,failed,bank_timeout,0,0.71,225,1,1197,0
TX003007,C01798,290.45,UPI,returning,monthly,success,none,0,0.75,76,1,234,0
TX003008,C01276,629.8,UPI,returning,one_time,success,none,0,0.43,117,1,1158,0
TX003009,C01888,315.4,UPI,new,monthly,failed,bank_timeout,0,0.68,227,1,1058,0
TX003010,C02437,315.94,UPI,new,one_time,success,none,0,0.68,6,1,1306,0
TX003011,C01108,1918.69,CARD,new,one_time,success,none,0,0.55,277,1,834,0
TX003012,C01518,1092.52,CARD,new,one_time,success,none,0,0.81,234,1,144,0
TX003013,C00137,712.15,CARD,returning,monthly,failed,insufficient_funds,2,0.83,273,1,1186,0
TX003014,C02210,774.13,CARD,new,monthly,success,none,0,0.9,294,1,172,0
TX003015,C01470,640.65,UPI,returning,one_time,success,none,0,0.9,289,0,313,0
TX003016,C01380,4843.21,UPI,new,monthly,success,none,0,0.67,242,0,1138,0
TX003017,C01598,565.69,CARD,returning,one_time,success,none,0,0.56,162,1,557,0
TX003018,C00647,333.65,UPI,new,monthly,success,none,0,0.89,173,1,1088,0
TX003019,C01794,2244.97,UPI,new,one_time,success,none,0,0.75,260,1,1169,0
TX003020,C02236,903.09,UPI,new,one_time,failed,bank_timeout,0,0.87,252,1,1240,1
TX003021,C01050,6869.84,CARD,returning,monthly,success,none,0,0.67,33,1,532,0
TX003022,C00394,682.95,UPI,returning,monthly,failed,insufficient_funds,0,0.9,161,1,1420,1
TX003023,C01161,2348.16,WALLET,returning,monthly,success,none,0,0.74,272,1,469,0
TX003024,C00596,2904.39,UPI,new,monthly,success,none,0,0.74,235,0,1466,0
TX003025,C01122,685.95,UPI,returning,yearly,success,none,0,0.83,20,0,1143,0
TX003026,C01881,561.93,UPI,returning,yearly,success,none,0,0.57,152,1,754,0
TX003027,C00341,2137.15,UPI,returning,yearly,success,none,0,0.68,301,1,1332,0
TX003028,C02242,1839.78,UPI,returning,one_time,failed,card_declined,2,0.61,267,1,1234,0
TX003029,C00674,308.11,CARD,returning,one_time,success,none,0,0.48,41,1,883,0
TX003030,C02685,397.19,UPI,returning,monthly,success,none,0,0.74,348,0,580,0
TX003031,C02198,111.86,UPI,returning,one_time,success,none,0,0.87,73,1,1353,0
TX003032,C00818,1874.03,UPI,returning,monthly,success,none,0,0.92,272,1,1279,0
TX003033,C01690,866.41,UPI,new,one_time,success,none,0,0.77,311,1,1428,0
TX003034,C00333,947.73,NETBANKING,new,monthly,success,none,0,0.61,218,0,1097,0
TX003035,C00300,239.3,UPI,new,one_time,failed,bank_timeout,0,0.92,35,0,1051,1
TX003036,C02869,408.18,CARD,new,yearly,success,none,0,0.75,54,1,825,0
TX003037,C02408,713.25,UPI,returning,monthly,failed,network_error,0,0.3,71,1,1332,1
TX003038,C00464,598.79,UPI,returning,one_time,success,none,0,0.6,33,1,531,0
TX003039,C00849,1219.32,NETBANKING,returning,monthly,success,none,0,0.89,9,1,394,0
TX003040,C00594,1854.04,UPI,returning,monthly,success,none,0,0.79,7,1,1259,0
TX003041,C01186,8456.17,NETBANKING,returning,yearly,success,none,0,0.65,173,0,741,0
TX003042,C00874,1077.05,UPI,new,monthly,success,none,0,0.65,180,1,1127,0
TX003043,C00985,2992.49,UPI,new,monthly,success,none,0,0.49,129,1,627,0
TX003044,C01589,519.58,NETBANKING,returning,one_time,success,none,0,0.79,99,0,897,0
TX003045,C00568,242.88,UPI,returning,monthly,success,none,0,0.72,57,1,295,0
TX003046,C02649,798.65,WALLET,returning,one_time,failed,network_error,1,0.93,62,1,865,0
TX003047,C02183,260.36,NETBANKING,returning,yearly,success,none,0,0.84,167,1,873,0
TX003048,C02282,1111.21,UPI,new,monthly,failed,bank_timeout,0,0.59,95,1,240,1
TX003049,C00509,543.26,UPI,returning,monthly,success,none,0,0.7,195,1,428,0
TX003050,C02125,188.89,NETBANKING,returning,monthly,failed,insufficient_funds,2,0.71,352,1,821,0
TX003051,C02509,5231.34,UPI,returning,one_time,success,none,0,0.89,356,1,1270,0
TX003052,C00526,676.0,CARD,returning,one_time,success,none,0,0.73,81,1,270,0
TX003053,C02254,251.17,UPI,new,one_time,failed,insufficient_funds,2,0.66,169,1,535,0
TX003054,C01074,2461.08,UPI,new,one_time,failed,network_error,0,0.82,193,1,279,1
TX003055,C02363,569.21,UPI,new,one_time,failed,network_error,2,0.91,104,0,983,1
TX003056,C01436,2925.29,CARD,returning,monthly,failed,network_error,0,0.72,358,1,629,0
TX003057,C02407,566.77,CARD,returning,monthly,success,none,0,0.81,76,1,1168,0
TX003058,C00443,673.97,CARD,returning,monthly,success,none,0,0.61,50,1,1370,0
TX003059,C01168,1495.7,UPI,returning,monthly,failed,card_declined,0,0.7,50,1,903,0
TX003060,C00821,1870.38,UPI,new,one_time,failed,card_declined,0,0.87,89,0,834,0
TX003061,C00746,2189.95,UPI,returning,one_time,success,none,0,0.67,3,1,1216,0
TX003062,C00925,1011.54,UPI,new,one_time,success,none,0,0.39,215,0,941,0
TX003063,C01148,1764.73,UPI,returning,yearly,success,none,0,0.71,342,1,1487,0
TX003064,C00382,2145.37,CARD,new,monthly,failed,network_error,0,0.67,265,1,781,1
TX003065,C02122,1313.58,UPI,returning,one_time,success,none,0,0.88,276,0,158,0
TX003066,C01651,964.5,UPI,returning,monthly,success,none,0,0.75,311,1,452,0
TX003067,C02488,298.64,CARD,new,monthly,success,none,0,0.66,207,1,639,0
TX003068,C02116,1880.43,UPI,returning,one_time,success,none,0,0.59,241,1,266,0
TX003069,C00448,1139.06,WALLET,returning,one_time,failed,expired_card,0,0.54,286,1,899,0
TX003070,C00210,755.78,UPI,new,one_time,failed,bank_timeout,0,0.87,11,1,1430,0
TX003071,C01269,3463.34,UPI,new,monthly,success,none,0,0.84,106,1,853,0
TX003072,C01444,303.37,NETBANKING,returning,monthly,success,none,0,0.87,79,1,623,0
TX003073,C00721,4815.68,CARD,new,monthly,success,none,0,0.95,214,1,589,0
TX003074,C02347,1074.87,NETBANKING,new,one_time,success,none,0,0.82,200,1,774,0
TX003075,C01745,1459.38,UPI,returning,one_time,success,none,0,0.86,65,1,1194,0
TX003076,C02244,768.52,UPI,returning,one_time,success,none,0,0.78,46,1,483,0
TX003077,C00328,244.6,CARD,new,one_time,failed,bank_timeout,1,0.83,307,0,591,0
TX003078,C02446,967.15,UPI,returning,monthly,failed,insufficient_funds,0,0.88,50,1,781,0
TX003079,C00619,1482.18,CARD,returning,one_time,success,none,0,0.58,297,1,1499,0
TX003080,C01345,2015.46,UPI,returning,one_time,success,none,0,0.68,296,1,1406,0
TX003081,C01319,917.61,UPI,returning,monthly,success,none,0,0.48,301,1,184,0
TX003082,C02462,152.43,UPI,new,one_time,success,none,0,0.94,274,1,1078,0
TX003083,C00831,273.83,CARD,new,monthly,success,none,0,0.72,292,1,227,0
TX003084,C00723,6952.23,UPI,returning,monthly,failed,network_error,1,0.78,74,1,1132,0
TX003085,C01019,410.23,WALLET,returning,monthly,success,none,0,0.8,128,1,782,0
TX003086,C01083,3961.37,UPI,returning,yearly,success,none,0,0.93,180,1,1290,0
TX003087,C00546,473.11,UPI,returning,monthly,failed,network_error,1,0.71,322,1,323,0
TX003088,C00530,930.56,UPI,returning,monthly,success,none,0,0.88,357,1,1372,0
TX003089,C00695,1925.01,CARD,returning,monthly,failed,insufficient_funds,1,0.85,136,1,1390,0
TX003090,C01403,524.17,NETBANKING,new,monthly,failed,card_declined,0,0.53,216,0,1142,1
TX003091,C01031,4596.24,UPI,returning,one_time,success,none,0,0.81,346,1,529,0
TX003092,C01177,1173.98,UPI,returning,one_time,success,none,0,0.73,264,1,1081,0
TX003093,C02158,1660.32,CARD,returning,one_time,failed,card_declined,2,0.84,179,1,1213,0
TX003094,C00723,861.91,UPI,returning,monthly,success,none,0,0.65,239,1,1437,0
TX003095,C02730,1983.96,CARD,returning,one_time,failed,card_declined,0,0.83,331,1,493,0
TX003096,C02256,4541.05,CARD,new,yearly,success,none,0,0.77,153,1,376,0
TX003097,C00525,974.42,UPI,new,monthly,success,none,0,0.74,243,0,645,0
TX003098,C00942,5201.7,CARD,new,one_time,success,none,0,0.53,298,1,986,0
TX003099,C00551,632.43,CARD,new,monthly,success,none,0,0.92,170,1,1372,0
TX003100,C00819,2181.32,UPI,new,monthly,success,none,0,0.76,29,1,445,0
TX003101,C01097,1703.1,UPI,returning,monthly,failed,insufficient_funds,1,0.62,32,1,334,0
TX003102,C00393,419.17,UPI,returning,monthly,success,none,0,0.77,221,1,339,0
TX003103,C00044,1329.33,CARD,returning,one_time,success,none,0,0.86,14,1,641,0
TX003104,C01317,1103.93,CARD,returning,yearly,failed,network_error,0,0.52,150,1,221,0
TX003105,C02103,508.84,UPI,returning,yearly,success,none,0,0.71,9,1,1233,0
TX003106,C00909,1513.53,UPI,new,yearly,success,none,0,0.88,319,1,806,0
TX003107,C02582,1250.95,UPI,returning,monthly,failed,network_error,2,0.56,298,1,1045,1
TX003108,C01108,1027.28,UPI,new,one_time,failed,insufficient_funds,3,0.85,226,1,1025,0
TX003109,C02703,1031.0,UPI,new,yearly,success,none,0,0.85,323,0,1228,0
TX003110,C00708,1011.3,UPI,returning,one_time,success,none,0,0.71,100,0,550,0
TX003111,C01619,787.66,UPI,returning,one_time,success,none,0,0.59,339,1,707,0
TX003112,C02290,1243.71,CARD,new,monthly,success,none,0,0.91,278,1,365,0
TX003113,C00178,614.3,CARD,returning,monthly,success,none,0,0.56,326,0,62,0
TX003114,C02791,11981.61,UPI,new,monthly,failed,card_declined,1,0.8,144,1,807,0
TX003115,C01095,308.46,CARD,new,monthly,success,none,0,0.66,90,1,1055,0
TX003116,C01494,647.9,UPI,returning,one_time,success,none,0,0.76,283,1,512,0
TX003117,C01886,695.64,UPI,returning,monthly,success,none,0,0.74,172,1,574,0
TX003118,C01929,6880.48,WALLET,returning,yearly,success,none,0,0.9,42,1,308,0
TX003119,C00072,334.25,UPI,returning,yearly,success,none,0,0.93,361,1,146,0
TX003120,C02602,1608.94,UPI,returning,one_time,success,none,0,0.85,134,1,237,0
TX003121,C01871,1371.36,UPI,new,one_time,success,none,0,0.84,72,0,1066,0
TX003122,C02997,1480.66,CARD,returning,one_time,failed,insufficient_funds,0,0.84,207,1,737,1
TX003123,C01415,3336.6,UPI,returning,monthly,success,none,0,0.91,171,1,35,0
TX003124,C01841,3275.57,WALLET,returning,monthly,success,none,0,0.8,46,1,622,0
TX003125,C01324,730.8,UPI,returning,monthly,success,none,0,0.91,154,1,493,0
TX003126,C02670,1305.86,UPI,returning,one_time,success,none,0,0.78,184,1,411,0
TX003127,C02498,204.86,UPI,new,monthly,success,none,0,0.65,130,1,927,0
TX003128,C02726,1198.93,CARD,returning,monthly,failed,bank_timeout,1,0.74,321,1,466,1
TX003129,C01513,536.68,UPI,new,monthly,success,none,0,0.51,228,1,43,0
TX003130,C02375,927.28,NETBANKING,new,one_time,failed,insufficient_funds,1,0.64,24,1,675,1
TX003131,C01077,240.61,NETBANKING,returning,monthly,failed,insufficient_funds,1,0.92,198,1,136,0
TX003132,C01383,1578.74,UPI,returning,yearly,success,none,0,0.57,160,1,345,0
TX003133,C02281,238.19,UPI,returning,monthly,success,none,0,0.76,332,1,1484,0
TX003134,C00244,1253.2,UPI,returning,monthly,success,none,0,0.97,289,1,657,0
TX003135,C02132,363.63,CARD,returning,one_time,success,none,0,0.84,123,1,129,0
TX003136,C00048,510.47,CARD,new,one_time,success,none,0,0.61,44,1,318,0
TX003137,C01742,3100.31,UPI,returning,one_time,success,none,0,0.47,242,0,280,0
TX003138,C01432,1861.48,WALLET,new,one_time,failed,insufficient_funds,0,0.97,19,1,929,0
TX003139,C01407,3084.93,UPI,returning,one_time,failed,expired_card,2,0.72,81,0,351,0
TX003140,C01483,4463.79,NETBANKING,returning,monthly,success,none,0,0.6,177,0,1317,0
TX003141,C01476,547.0,NETBANKING,new,one_time,failed,card_declined,1,0.71,335,0,741,0
TX003142,C01223,4226.27,UPI,returning,monthly,success,none,0,0.68,345,1,764,0
TX003143,C01355,293.26,UPI,returning,one_time,success,none,0,0.82,28,0,1150,0
TX003144,C01705,2146.28,UPI,returning,one_time,success,none,0,0.81,240,1,1332,0
TX003145,C02291,703.45,NETBANKING,returning,one_time,failed,bank_timeout,1,0.77,143,0,1067,0
TX003146,C01657,474.72,UPI,returning,one_time,success,none,0,0.71,314,1,1386,0
TX003147,C01928,1906.5,NETBANKING,returning,monthly,success,none,0,0.83,323,1,749,0
TX003148,C02510,2566.91,UPI,new,monthly,success,none,0,0.74,342,1,719,0
TX003149,C02969,2499.24,UPI,returning,monthly,failed,network_error,2,0.73,264,1,624,0
TX003150,C00326,1330.58,NETBANKING,returning,yearly,failed,expired_card,0,0.47,187,1,231,0
TX003151,C02139,1234.92,UPI,returning,one_time,success,none,0,0.61,36,1,992,0
TX003152,C00676,1761.96,CARD,returning,monthly,failed,bank_timeout,3,0.7,27,1,549,0
TX003153,C00591,1441.43,UPI,new,one_time,success,none,0,0.76,171,1,548,0
TX003154,C02380,1785.08,UPI,returning,one_time,success,none,0,0.74,38,0,283,0
TX003155,C00207,1317.64,UPI,returning,one_time,success,none,0,0.5,194,1,1487,0
TX003156,C02544,2341.4,UPI,returning,monthly,failed,bank_timeout,0,0.91,261,1,54,0
TX003157,C02312,253.54,CARD,new,monthly,failed,bank_timeout,0,0.87,204,1,560,0
TX003158,C02985,974.43,UPI,returning,one_time,failed,card_declined,2,0.8,241,0,185,0
TX003159,C02004,315.62,UPI,returning,one_time,success,none,0,0.61,264,1,876,0
TX003160,C02619,1406.74,UPI,returning,yearly,success,none,0,0.76,84,1,1026,0
TX003161,C00356,4806.56,CARD,returning,monthly,failed,insufficient_funds,2,0.7,168,1,410,0
TX003162,C02670,715.74,NETBANKING,returning,monthly,success,none,0,0.82,276,1,1196,0
TX003163,C00481,1229.7,CARD,returning,one_time,success,none,0,0.84,206,1,1457,0
TX003164,C00944,2166.43,WALLET,new,one_time,success,none,0,0.66,88,1,959,0
TX003165,C00385,170.55,UPI,returning,monthly,success,none,0,0.88,133,1,121,0
TX003166,C01205,685.47,UPI,returning,one_time,failed,bank_timeout,0,0.8,205,1,516,0
TX003167,C02247,1522.43,UPI,new,monthly,success,none,0,0.74,43,1,1191,0
TX003168,C00805,100.0,UPI,returning,one_time,failed,card_declined,0,0.78,136,0,296,0
TX003169,C02467,455.26,CARD,new,monthly,success,none,0,0.5,170,1,1324,0
TX003170,C01819,2953.58,CARD,returning,monthly,success,none,0,0.76,256,1,592,0
TX003171,C01887,2704.57,UPI,returning,one_time,success,none,0,0.76,177,1,847,0
TX003172,C02817,1535.92,NETBANKING,returning,one_time,success,none,0,0.34,249,1,432,0
TX003173,C01296,2425.95,UPI,new,one_time,success,none,0,0.73,311,1,1062,0
TX003174,C01034,1330.88,CARD,new,monthly,failed,card_declined,1,0.91,301,1,1343,0
TX003175,C02984,1807.78,UPI,returning,yearly,success,none,0,0.79,96,1,882,0
TX003176,C01672,825.44,CARD,returning,one_time,failed,card_declined,1,0.87,103,1,1249,0
TX003177,C01844,1217.11,UPI,new,one_time,success,none,0,0.56,361,1,266,0
TX003178,C00889,620.71,NETBANKING,returning,yearly,success,none,0,0.88,147,1,158,0
TX003179,C00647,3419.11,NETBANKING,returning,monthly,success,none,0,0.52,48,0,1359,0
TX003180,C00510,4313.06,UPI,returning,monthly,success,none,0,0.67,83,1,953,0
TX003181,C00671,3796.83,UPI,new,one_time,success,none,0,0.64,76,0,1432,0
TX003182,C00586,759.53,CARD,new,one_time,success,none,0,0.83,192,1,678,0
TX003183,C02241,464.8,CARD,returning,yearly,success,none,0,0.55,254,0,1432,0
TX003184,C00174,3460.87,UPI,returning,monthly,success,none,0,0.68,17,1,921,0
TX003185,C01889,1789.19,CARD,returning,one_time,success,none,0,0.83,254,1,559,0
TX003186,C02848,1473.99,NETBANKING,new,monthly,success,none,0,0.84,326,1,733,0
TX003187,C02297,620.01,CARD,returning,monthly,success,none,0,0.56,123,1,400,0
TX003188,C01209,1608.56,UPI,returning,one_time,failed,network_error,2,0.82,124,1,300,0
TX003189,C00179,412.92,NETBANKING,new,yearly,success,none,0,0.79,317,1,269,0
TX003190,C02503,1940.41,UPI,returning,monthly,success,none,0,0.86,120,1,596,0
TX003191,C00010,3793.32,UPI,returning,one_time,success,none,0,0.6,292,1,1185,0
TX003192,C02044,4759.71,WALLET,returning,one_time,failed,network_error,0,0.89,151,1,1444,0
TX003193,C02013,2074.91,UPI,returning,monthly,success,none,0,0.54,42,1,1383,0
TX003194,C00576,316.14,UPI,returning,monthly,success,none,0,0.87,120,1,1065,0
TX003195,C02220,1309.76,CARD,returning,one_time,success,none,0,0.56,355,1,104,0
TX003196,C00527,7522.95,NETBANKING,new,monthly,failed,bank_timeout,0,0.52,241,1,86,0
TX003197,C00677,501.82,UPI,returning,one_time,success,none,0,0.43,261,1,1275,0
TX003198,C02436,1039.75,UPI,new,one_time,success,none,0,0.82,341,1,882,0
TX003199,C02938,3913.44,UPI,new,yearly,failed,network_error,2,0.53,157,1,554,1
TX003200,C00795,1911.07,UPI,returning,one_time,success,none,0,0.53,186,1,299,0
TX003201,C02765,10220.4,UPI,returning,yearly,success,none,0,0.66,271,1,1284,0
TX003202,C02740,567.03,UPI,returning,one_time,success,none,0,0.82,295,1,1052,0
TX003203,C02309,449.99,NETBANKING,new,one_time,success,none,0,0.92,148,1,892,0
TX003204,C00421,3300.12,CARD,new,one_time,success,none,0,0.55,120,1,457,0
TX003205,C00899,373.8,NETBANKING,new,yearly,success,none,0,0.8,125,1,1076,0
TX003206,C02034,918.65,NETBANKING,new,one_time,success,none,0,0.86,152,0,1347,0
TX003207,C02998,1033.72,NETBANKING,new,one_time,success,none,0,0.67,22,1,1329,0
TX003208,C02444,2786.08,CARD,returning,one_time,success,none,0,0.77,328,1,251,0
TX003209,C01261,1906.15,UPI,new,monthly,failed,bank_timeout,2,0.58,165,0,508,0
TX003210,C00706,1654.67,NETBANKING,returning,one_time,success,none,0,0.62,20,0,1210,0
TX003211,C02882,763.42,UPI,new,one_time,success,none,0,0.74,360,1,296,0
TX003212,C00829,3273.14,UPI,returning,monthly,failed,insufficient_funds,1,0.69,185,0,123,0
TX003213,C01027,41078.56,UPI,new,yearly,failed,bank_timeout,0,0.88,338,1,356,0
TX003214,C02894,2042.96,UPI,new,yearly,failed,insufficient_funds,1,0.59,303,0,652,0
TX003215,C01685,1199.55,UPI,returning,yearly,failed,bank_timeout,2,0.73,304,1,417,1
TX003216,C00794,341.01,CARD,new,one_time,success,none,0,0.71,222,1,953,0
TX003217,C00017,617.86,UPI,new,one_time,failed,network_error,0,0.83,233,1,528,0
TX003218,C01290,904.75,UPI,returning,one_time,success,none,0,0.8,37,1,731,0
TX003219,C02959,677.81,UPI,returning,yearly,success,none,0,0.9,29,1,1480,0
TX003220,C01298,1080.88,NETBANKING,returning,monthly,success,none,0,0.85,22,1,450,0
TX003221,C02099,5432.82,UPI,new,monthly,failed,bank_timeout,0,0.78,211,1,704,1
TX003222,C00760,3369.27,UPI,new,monthly,success,none,0,0.8,321,1,368,0
TX003223,C02327,950.56,CARD,returning,monthly,success,none,0,0.61,150,1,465,0
TX003224,C02328,369.65,NETBANKING,returning,monthly,success,none,0,0.58,148,1,1486,0
TX003225,C01825,3654.19,UPI,new,one_time,failed,network_error,2,0.43,233,0,939,0
TX003226,C02316,1049.27,CARD,new,monthly,failed,network_error,0,0.85,169,1,577,0
TX003227,C01737,231.86,UPI,returning,one_time,success,none,0,0.79,294,1,462,0
TX003228,C01135,2082.21,NETBANKING,returning,one_time,success,none,0,0.9,66,1,819,0
TX003229,C02214,2760.36,CARD,new,one_time,success,none,0,0.81,293,1,400,0
TX003230,C02506,123.55,CARD,returning,yearly,success,none,0,0.87,171,1,1414,0
TX003231,C02524,522.12,UPI,returning,yearly,failed,network_error,0,0.83,55,1,1036,1
TX003232,C00640,992.86,CARD,new,monthly,success,none,0,0.52,152,0,252,0
TX003233,C02030,2124.01,UPI,returning,monthly,success,none,0,0.64,267,0,887,0
TX003234,C00013,689.4,UPI,returning,one_time,success,none,0,0.69,285,1,789,0
TX003235,C01716,518.57,CARD,new,one_time,success,none,0,0.78,291,1,810,0
TX003236,C01714,2110.02,CARD,new,one_time,success,none,0,0.74,34,1,1249,0
TX003237,C01091,719.47,UPI,new,one_time,failed,bank_timeout,1,0.64,74,1,398,0
TX003238,C02983,1786.21,NETBANKING,new,monthly,failed,card_declined,2,0.88,233,1,925,0
TX003239,C02649,403.28,UPI,returning,one_time,success,none,0,0.92,320,0,358,0
TX003240,C00116,324.7,CARD,returning,yearly,failed,card_declined,0,0.57,354,1,490,0
TX003241,C00627,2164.06,UPI,returning,monthly,success,none,0,0.84,56,1,791,0
TX003242,C00624,1376.46,UPI,returning,one_time,success,none,0,0.8,106,1,1280,0
TX003243,C02693,2515.46,NETBANKING,returning,monthly,success,none,0,0.84,303,1,727,0
TX003244,C01557,679.03,UPI,new,monthly,success,none,0,0.82,264,1,1146,0
TX003245,C02187,536.15,NETBANKING,returning,monthly,success,none,0,0.6,125,1,1380,0
TX003246,C02430,3731.8,UPI,new,one_time,success,none,0,0.76,35,1,472,0
TX003247,C02303,278.48,CARD,new,one_time,success,none,0,0.93,25,1,17,0
TX003248,C00268,3382.31,UPI,returning,monthly,success,none,0,0.66,176,1,143,0
TX003249,C00422,3599.15,CARD,returning,monthly,failed,card_declined,1,0.78,40,1,737,0
TX003250,C01186,2378.16,NETBANKING,new,one_time,success,none,0,0.92,132,1,944,0
TX003251,C01016,590.5,CARD,returning,yearly,failed,insufficient_funds,1,0.76,89,1,1170,1
TX003252,C02242,525.91,UPI,new,one_time,success,none,0,0.9,263,1,1428,0
TX003253,C00469,907.73,CARD,returning,yearly,success,none,0,0.8,249,1,575,0
TX003254,C01115,341.88,CARD,returning,one_time,success,none,0,0.79,349,1,1464,0
TX003255,C00710,461.5,UPI,returning,monthly,failed,insufficient_funds,0,0.9,115,1,958,1
TX003256,C00567,1959.14,CARD,new,one_time,success,none,0,0.66,279,1,1280,0
TX003257,C00519,1967.29,CARD,returning,monthly,success,none,0,0.9,17,1,1423,0
TX003258,C00587,426.4,CARD,new,yearly,success,none,0,0.89,70,1,654,0
TX003259,C01694,2015.27,UPI,returning,one_time,success,none,0,0.89,268,1,1324,0
TX003260,C01231,1650.57,UPI,returning,one_time,success,none,0,0.68,298,1,887,0
TX003261,C01306,4267.99,WALLET,new,yearly,failed,network_error,0,0.8,234,1,1007,1
TX003262,C01439,1830.28,CARD,returning,yearly,failed,network_error,1,0.79,12,1,953,1
TX003263,C02224,2843.31,UPI,new,monthly,failed,card_declined,2,0.84,13,1,28,0
TX003264,C02586,1684.75,WALLET,returning,one_time,success,none,0,0.83,249,1,145,0
TX003265,C01580,2649.0,UPI,returning,one_time,success,none,0,0.71,21,1,108,0
TX003266,C01927,344.33,UPI,returning,one_time,success,none,0,0.73,18,1,748,0
TX003267,C02216,982.82,CARD,returning,monthly,success,none,0,0.66,295,1,39,0
TX003268,C02072,1058.83,CARD,returning,one_time,success,none,0,0.88,306,0,232,0
TX003269,C00403,880.62,WALLET,returning,one_time,success,none,0,0.75,142,1,816,0
TX003270,C02949,1635.16,CARD,returning,yearly,success,none,0,0.63,325,1,1324,0
TX003271,C00495,1940.97,UPI,new,monthly,failed,insufficient_funds,0,0.86,69,1,1396,0
TX003272,C01236,1560.92,UPI,returning,monthly,success,none,0,0.97,237,1,1084,0
TX003273,C01958,935.19,UPI,new,yearly,success,none,0,0.87,217,1,840,0
TX003274,C01211,565.58,NETBANKING,new,monthly,failed,card_declined,0,0.67,89,0,131,0
TX003275,C00730,2943.83,UPI,returning,one_time,failed,network_error,2,0.44,283,1,978,1
TX003276,C02771,1502.31,UPI,new,yearly,success,none,0,0.68,73,1,235,0
TX003277,C00215,438.45,UPI,returning,yearly,failed,expired_card,3,0.59,256,1,1303,0
TX003278,C00738,921.2,UPI,new,one_time,success,none,0,0.71,81,1,1002,0
TX003279,C02979,228.38,UPI,returning,one_time,success,none,0,0.61,72,1,487,0
TX003280,C02190,1132.1,CARD,new,one_time,success,none,0,0.87,114,1,1306,0
TX003281,C00261,917.32,UPI,new,one_time,success,none,0,0.66,143,1,817,0
TX003282,C02264,653.92,WALLET,returning,one_time,success,none,0,0.79,183,1,844,0
TX003283,C02909,4564.85,NETBANKING,returning,one_time,success,none,0,0.88,95,0,173,0
TX003284,C00294,387.4,UPI,new,monthly,success,none,0,0.8,20,1,1291,0
TX003285,C01243,2070.93,NETBANKING,returning,one_time,success,none,0,0.7,80,1,15,0
TX003286,C01405,7848.18,UPI,returning,yearly,success,none,0,0.92,283,1,508,0
TX003287,C00394,2891.53,UPI,returning,monthly,failed,network_error,0,0.9,86,1,393,1
TX003288,C00602,1065.94,UPI,new,one_time,success,none,0,0.8,182,1,323,0
TX003289,C00522,395.18,NETBANKING,returning,monthly,failed,card_declined,3,0.86,192,1,750,0
TX003290,C00557,321.87,CARD,returning,monthly,failed,bank_timeout,1,0.84,204,1,1419,1
TX003291,C01211,757.18,UPI,new,monthly,success,none,0,0.75,78,1,946,0
TX003292,C01392,590.93,CARD,new,yearly,failed,bank_timeout,3,0.76,236,1,199,0
TX003293,C00714,573.87,CARD,new,monthly,success,none,0,0.84,110,0,69,0
TX003294,C00869,817.55,CARD,returning,monthly,failed,card_declined,0,0.78,59,1,454,1
TX003295,C00577,1000.22,UPI,returning,monthly,success,none,0,0.77,1,1,487,0
TX003296,C02389,1697.12,NETBANKING,returning,one_time,success,none,0,0.71,220,1,568,0
TX003297,C00636,359.96,CARD,returning,monthly,success,none,0,0.99,48,1,291,0
TX003298,C02723,593.47,UPI,returning,monthly,success,none,0,0.74,147,1,769,0
TX003299,C01617,949.84,NETBANKING,returning,yearly,failed,insufficient_funds,3,0.88,65,1,1174,0
TX003300,C02409,919.71,UPI,returning,monthly,failed,bank_timeout,0,0.81,171,1,462,1
TX003301,C01910,5726.05,CARD,returning,one_time,success,none,0,0.85,293,0,1403,0
TX003302,C00799,1351.57,CARD,new,monthly,success,none,0,0.55,220,1,385,0
TX003303,C01805,256.66,UPI,new,one_time,success,none,0,0.53,251,0,238,0
TX003304,C00823,1597.77,UPI,returning,monthly,success,none,0,0.95,89,1,377,0
TX003305,C00356,1792.02,CARD,returning,monthly,success,none,0,0.71,102,0,639,0
TX003306,C00765,979.84,NETBANKING,new,yearly,success,none,0,0.61,32,1,665,0
TX003307,C00827,367.95,NETBANKING,new,one_time,failed,bank_timeout,0,0.72,290,1,516,1
TX003308,C00406,5336.09,CARD,returning,yearly,success,none,0,0.83,151,1,1409,0
TX003309,C00071,418.68,UPI,returning,monthly,failed,insufficient_funds,2,0.49,353,1,590,0
TX003310,C02832,1987.62,UPI,returning,one_time,success,none,0,0.62,56,1,1453,0
TX003311,C01541,1312.97,CARD,returning,one_time,success,none,0,0.37,319,1,1206,0
TX003312,C01207,1883.2,UPI,returning,yearly,success,none,0,0.82,29,1,803,0
TX003313,C02790,5095.8,CARD,returning,monthly,failed,card_declined,2,0.86,163,0,766,0
TX003314,C00675,1817.97,UPI,returning,one_time,failed,bank_timeout,0,0.67,264,1,224,0
TX003315,C01209,663.28,UPI,new,monthly,success,none,0,0.36,236,1,302,0
TX003316,C02541,2967.26,CARD,returning,one_time,success,none,0,0.5,224,1,1175,0
TX003317,C01897,621.42,CARD,returning,monthly,success,none,0,0.76,278,0,954,0
TX003318,C01198,1270.55,CARD,returning,one_time,success,none,0,0.55,58,1,497,0
TX003319,C00768,342.48,UPI,returning,one_time,success,none,0,0.69,113,1,569,0
TX003320,C00106,432.7,NETBANKING,new,one_time,success,none,0,0.9,179,1,192,0
TX003321,C00256,1148.54,UPI,returning,monthly,success,none,0,0.7,188,1,874,0
TX003322,C00486,1527.33,CARD,returning,one_time,failed,network_error,2,0.83,333,1,1280,0
TX003323,C02360,236.95,CARD,new,monthly,success,none,0,0.52,312,1,1393,0
TX003324,C01918,1715.67,UPI,returning,monthly,failed,network_error,2,0.78,332,1,39,1
TX003325,C01301,524.54,CARD,returning,monthly,success,none,0,0.52,95,1,913,0
TX003326,C02349,3469.34,CARD,returning,yearly,failed,insufficient_funds,0,0.83,162,1,81,1
TX003327,C00483,798.9,UPI,returning,monthly,success,none,0,0.86,283,1,788,0
TX003328,C00633,398.91,CARD,returning,one_time,failed,expired_card,0,0.94,334,0,542,0
TX003329,C01179,1174.06,UPI,returning,one_time,success,none,0,0.94,142,1,936,0
TX003330,C02753,480.77,NETBANKING,returning,monthly,success,none,0,0.6,309,1,324,0
TX003331,C01843,3435.96,UPI,returning,monthly,success,none,0,0.38,86,1,270,0
TX003332,C02553,1097.16,UPI,returning,yearly,success,none,0,0.73,45,1,1055,0
TX003333,C00745,956.7,CARD,returning,one_time,success,none,0,0.78,237,1,528,0
TX003334,C02546,1867.99,UPI,new,one_time,success,none,0,0.54,102,1,1479,0
TX003335,C00218,443.88,WALLET,returning,monthly,success,none,0,0.89,190,1,1193,0
TX003336,C00683,343.7,UPI,returning,yearly,success,none,0,0.76,97,1,708,0
TX003337,C01570,1583.7,UPI,returning,monthly,failed,network_error,1,0.66,113,0,774,0
TX003338,C00152,407.6,UPI,returning,monthly,success,none,0,0.63,15,1,1370,0
TX003339,C02575,407.48,UPI,new,yearly,success,none,0,0.58,238,1,158,0
TX003340,C02603,2328.73,UPI,returning,monthly,failed,insufficient_funds,0,0.58,200,1,1016,0
TX003341,C01625,1759.1,UPI,returning,monthly,success,none,0,0.45,148,1,1103,0
TX003342,C00918,354.8,UPI,returning,yearly,success,none,0,0.62,223,1,222,0
TX003343,C00297,628.15,UPI,returning,one_time,failed,card_declined,1,0.86,153,1,1214,1
TX003344,C01857,486.21,UPI,returning,one_time,success,none,0,0.69,19,1,1315,0
TX003345,C01614,5424.53,UPI,returning,yearly,success,none,0,0.71,197,1,612,0
TX003346,C02280,2478.5,UPI,returning,one_time,success,none,0,0.76,219,1,1188,0
TX003347,C01808,750.88,UPI,returning,one_time,success,none,0,0.73,239,1,78,0
TX003348,C00385,1841.94,UPI,returning,monthly,success,none,0,0.68,79,1,461,0
TX003349,C00366,323.58,UPI,returning,monthly,success,none,0,0.47,126,1,1073,0
TX003350,C02343,598.61,UPI,returning,one_time,success,none,0,0.9,96,1,804,0
TX003351,C00478,1205.17,UPI,returning,monthly,success,none,0,0.29,195,1,1052,0
TX003352,C02816,1647.49,NETBANKING,new,one_time,success,none,0,0.71,11,1,288,0
TX003353,C00318,1004.54,UPI,returning,one_time,success,none,0,0.79,15,1,748,0
TX003354,C02186,1370.89,UPI,returning,one_time,success,none,0,0.72,5,1,145,0
TX003355,C02926,1176.74,CARD,new,monthly,success,none,0,0.8,302,1,797,0
TX003356,C01324,946.51,UPI,new,yearly,success,none,0,0.64,241,1,419,0
TX003357,C00171,840.06,UPI,returning,monthly,failed,card_declined,0,0.89,138,0,31,0
TX003358,C02631,747.22,CARD,returning,monthly,success,none,0,0.62,79,1,1089,0
TX003359,C00562,1351.19,CARD,returning,one_time,success,none,0,0.7,285,0,786,0
TX003360,C01583,1587.21,WALLET,returning,one_time,success,none,0,0.64,350,0,40,0
TX003361,C02954,1310.97,NETBANKING,returning,one_time,success,none,0,0.89,308,0,1173,0
TX003362,C02235,379.65,CARD,new,monthly,success,none,0,0.79,329,1,692,0
TX003363,C00139,446.29,CARD,returning,monthly,success,none,0,0.98,60,1,257,0
TX003364,C02462,1570.26,UPI,returning,monthly,success,none,0,0.61,15,1,843,0
TX003365,C00484,4123.7,NETBANKING,new,one_time,success,none,0,0.57,111,1,129,0
TX003366,C02249,1257.87,CARD,returning,yearly,failed,card_declined,1,0.92,302,0,758,0
TX003367,C01863,757.1,UPI,returning,monthly,success,none,0,0.83,320,1,354,0
TX003368,C00864,1341.99,UPI,new,yearly,failed,bank_timeout,2,0.57,247,1,1099,0
TX003369,C01271,394.2,CARD,new,one_time,success,none,0,0.79,201,1,914,0
TX003370,C00354,3561.9,UPI,returning,one_time,failed,insufficient_funds,1,0.43,149,1,304,0
TX003371,C02961,1297.16,NETBANKING,new,monthly,success,none,0,0.79,237,1,550,0
TX003372,C00716,600.34,UPI,returning,monthly,success,none,0,0.68,85,1,1463,0
TX003373,C00927,943.77,NETBANKING,new,monthly,failed,expired_card,0,0.83,81,1,877,0
TX003374,C01509,682.44,UPI,returning,one_time,success,none,0,0.84,207,1,745,0
TX003375,C02018,3570.65,CARD,new,monthly,success,none,0,0.52,164,0,58,0
TX003376,C01516,914.14,UPI,returning,one_time,success,none,0,0.73,332,1,1138,0
TX003377,C01516,1261.21,UPI,new,monthly,failed,network_error,2,0.89,50,1,81,0
TX003378,C01748,1837.85,UPI,returning,one_time,success,none,0,0.52,42,0,1375,0
TX003379,C02574,563.02,UPI,returning,yearly,success,none,0,0.66,251,1,1157,0
TX003380,C01186,1305.5,UPI,new,one_time,success,none,0,0.68,335,1,376,0
TX003381,C02497,1403.88,NETBANKING,returning,monthly,failed,network_error,1,0.86,205,0,371,1
TX003382,C02361,270.79,UPI,new,one_time,success,none,0,0.85,248,1,1481,0
TX003383,C02884,1376.68,CARD,returning,one_time,success,none,0,0.83,33,0,94,0
TX003384,C02740,1052.38,CARD,new,monthly,success,none,0,0.89,27,1,976,0
TX003385,C02395,1232.71,UPI,returning,one_time,success,none,0,0.4,24,0,424,0
TX003386,C00741,1132.37,NETBANKING,returning,monthly,success,none,0,0.85,180,1,402,0
TX003387,C02323,1384.72,CARD,returning,one_time,success,none,0,0.71,167,0,197,0
TX003388,C02210,3654.11,CARD,returning,monthly,success,none,0,0.64,22,1,768,0
TX003389,C00869,379.34,NETBANKING,new,yearly,failed,bank_timeout,0,0.85,358,1,511,0
TX003390,C02034,805.98,CARD,new,monthly,success,none,0,0.73,252,1,439,0
TX003391,C00759,1998.11,WALLET,new,one_time,failed,insufficient_funds,3,0.73,196,1,196,0
TX003392,C01570,1690.59,UPI,returning,monthly,failed,insufficient_funds,0,0.83,26,1,1136,0
TX003393,C02391,1658.16,UPI,new,one_time,success,none,0,0.77,3,1,1311,0
TX003394,C00566,13071.89,CARD,returning,one_time,failed,card_declined,1,0.73,143,1,1199,0
TX003395,C01011,1905.92,UPI,returning,monthly,success,none,0,0.87,108,1,898,0
TX003396,C02386,3034.63,CARD,new,one_time,success,none,0,0.93,38,1,582,0
TX003397,C01362,831.84,UPI,new,one_time,failed,insufficient_funds,3,0.53,121,0,97,0
TX003398,C02882,448.71,UPI,returning,monthly,success,none,0,0.55,350,1,1029,0
TX003399,C00024,826.43,NETBANKING,returning,one_time,failed,insufficient_funds,3,0.66,264,0,117,0
TX003400,C02166,2081.33,UPI,returning,one_time,success,none,0,0.66,103,1,317,0
TX003401,C02443,1581.53,UPI,new,yearly,failed,insufficient_funds,0,0.68,268,0,196,0
TX003402,C02754,1576.44,CARD,returning,one_time,failed,insufficient_funds,2,0.73,181,1,477,0
TX003403,C00471,904.24,CARD,returning,monthly,success,none,0,0.91,255,1,1248,0
TX003404,C02953,783.35,NETBANKING,new,one_time,success,none,0,0.67,87,1,963,0
TX003405,C01177,932.74,UPI,new,yearly,success,none,0,0.84,11,1,876,0
TX003406,C01057,2104.91,NETBANKING,returning,monthly,success,none,0,0.68,205,1,381,0
TX003407,C01067,2337.07,CARD,new,one_time,success,none,0,0.82,348,1,139,0
TX003408,C01915,443.36,NETBANKING,returning,yearly,success,none,0,0.8,40,1,1005,0
TX003409,C01978,2177.88,UPI,returning,one_time,success,none,0,0.74,165,1,841,0
TX003410,C01422,610.54,UPI,returning,yearly,success,none,0,0.79,255,1,220,0
TX003411,C00214,1672.42,UPI,returning,monthly,success,none,0,0.69,329,1,668,0
TX003412,C02960,922.63,CARD,returning,one_time,failed,expired_card,0,0.59,63,1,1005,1
TX003413,C00667,4488.21,UPI,returning,monthly,failed,bank_timeout,2,0.77,310,0,267,0
TX003414,C00282,752.75,UPI,returning,one_time,success,none,0,0.85,348,1,420,0
TX003415,C01793,1287.88,CARD,new,monthly,success,none,0,0.52,58,0,391,0
TX003416,C01238,1893.03,UPI,returning,monthly,success,none,0,0.77,212,1,665,0
TX003417,C01847,499.41,UPI,returning,one_time,success,none,0,0.88,142,1,411,0
TX003418,C02627,1027.03,UPI,returning,monthly,failed,network_error,0,0.7,331,1,854,0
TX003419,C00292,862.71,NETBANKING,returning,yearly,failed,card_declined,0,0.61,265,1,1478,0
TX003420,C00853,690.6,CARD,new,monthly,failed,insufficient_funds,0,0.96,31,1,150,0
TX003421,C01550,738.23,CARD,returning,monthly,success,none,0,0.83,336,1,279,0
TX003422,C02364,2983.38,NETBANKING,new,one_time,success,none,0,0.79,113,1,895,0
TX003423,C01802,639.9,CARD,returning,yearly,success,none,0,0.66,248,1,930,0
TX003424,C01149,1825.79,UPI,returning,yearly,failed,network_error,1,0.73,202,0,1255,0
TX003425,C01831,1455.54,CARD,returning,yearly,success,none,0,0.84,126,0,1315,0
TX003426,C02940,311.91,WALLET,returning,monthly,success,none,0,0.9,215,0,1415,0
TX003427,C01441,1749.79,UPI,returning,one_time,success,none,0,0.58,332,1,302,0
TX003428,C02651,307.3,CARD,returning,one_time,success,none,0,0.86,293,1,1026,0
TX003429,C02340,1930.01,UPI,new,monthly,failed,bank_timeout,3,0.81,352,0,1193,0
TX003430,C00904,694.73,NETBANKING,returning,one_time,success,none,0,0.97,6,1,1090,0
TX003431,C00749,1104.92,CARD,new,monthly,success,none,0,0.73,201,1,795,0
TX003432,C02311,342.12,NETBANKING,returning,one_time,success,none,0,0.79,258,0,1398,0
TX003433,C00623,1224.32,CARD,returning,monthly,success,none,0,0.76,112,1,1121,0
TX003434,C01011,2525.65,UPI,new,monthly,success,none,0,0.77,202,1,1395,0
TX003435,C00707,530.45,UPI,new,one_time,failed,network_error,2,0.86,292,0,459,0
TX003436,C01820,634.95,NETBANKING,returning,monthly,success,none,0,0.64,350,1,929,0
TX003437,C00883,1651.04,UPI,new,one_time,failed,expired_card,0,0.43,96,1,833,0
TX003438,C01976,1688.6,UPI,returning,one_time,success,none,0,0.77,293,1,185,0
TX003439,C02805,122.64,CARD,returning,one_time,success,none,0,0.6,174,1,271,0
TX003440,C02489,6726.87,UPI,new,one_time,failed,insufficient_funds,0,0.81,110,0,867,0
TX003441,C02844,1764.63,UPI,returning,one_time,success,none,0,0.75,155,1,491,0
TX003442,C00074,2053.35,UPI,returning,one_time,success,none,0,0.83,7,1,522,0
TX003443,C01367,963.73,UPI,new,one_time,failed,card_declined,2,0.68,88,1,441,0
TX003444,C00661,206.48,CARD,new,one_time,success,none,0,0.83,203,1,1438,0
TX003445,C02754,2012.74,UPI,new,monthly,failed,network_error,1,0.63,277,1,82,0
TX003446,C02136,659.4,UPI,returning,monthly,failed,insufficient_funds,1,0.58,189,1,1112,0
TX003447,C00961,1789.23,NETBANKING,returning,one_time,success,none,0,0.63,278,1,185,0
TX003448,C01691,900.62,UPI,returning,one_time,failed,bank_timeout,0,0.94,318,1,926,1
TX003449,C01817,1358.63,CARD,returning,one_time,success,none,0,0.4,191,0,314,0
TX003450,C01487,545.94,UPI,new,one_time,success,none,0,0.66,37,1,399,0
TX003451,C01424,2387.38,UPI,new,one_time,success,none,0,0.92,310,1,129,0
TX003452,C00166,376.33,CARD,new,monthly,failed,insufficient_funds,0,0.83,214,1,497,0
TX003453,C01358,8275.15,CARD,returning,monthly,success,none,0,0.88,144,0,1381,0
TX003454,C01045,8218.59,NETBANKING,returning,monthly,success,none,0,0.8,363,1,420,0
TX003455,C02455,4766.8,UPI,returning,yearly,success,none,0,0.94,241,1,682,0
TX003456,C02596,3456.22,UPI,new,yearly,success,none,0,0.71,10,1,741,0
TX003457,C02252,1016.28,UPI,returning,one_time,success,none,0,0.72,345,0,1445,0
TX003458,C00093,3133.46,UPI,returning,one_time,success,none,0,0.68,20,1,663,0
TX003459,C02524,1005.7,UPI,returning,monthly,success,none,0,0.59,317,1,175,0
TX003460,C01190,270.92,NETBANKING,new,monthly,success,none,0,0.71,2,1,806,0
TX003461,C01250,4242.39,CARD,returning,monthly,success,none,0,0.8,245,1,1044,0
TX003462,C02836,3028.86,UPI,new,monthly,success,none,0,0.6,22,1,213,0
TX003463,C02602,1066.13,UPI,new,yearly,success,none,0,0.82,19,0,261,0
TX003464,C00153,364.07,UPI,returning,monthly,success,none,0,0.82,83,1,666,0
TX003465,C01080,647.05,UPI,returning,yearly,failed,bank_timeout,1,0.7,88,1,1096,1
TX003466,C02250,212.93,CARD,returning,yearly,failed,card_declined,2,0.77,240,0,1297,0
TX003467,C01617,2567.2,NETBANKING,new,one_time,success,none,0,0.55,36,1,925,0
TX003468,C00773,259.05,UPI,new,one_time,failed,bank_timeout,1,0.84,184,1,163,0
TX003469,C01575,1419.62,UPI,returning,one_time,failed,card_declined,1,0.92,363,1,71,0
TX003470,C02600,513.21,UPI,returning,one_time,failed,bank_timeout,2,0.68,32,0,2,0
TX003471,C00670,303.68,UPI,returning,yearly,success,none,0,0.68,338,1,1071,0
TX003472,C02239,1359.02,NETBANKING,returning,yearly,success,none,0,0.66,130,1,911,0
TX003473,C02205,812.07,CARD,new,one_time,success,none,0,0.87,88,1,872,0
TX003474,C02658,2331.74,NETBANKING,returning,one_time,success,none,0,0.59,148,1,376,0
TX003475,C00894,350.43,NETBANKING,returning,monthly,failed,expired_card,0,0.82,73,1,388,0
TX003476,C00648,554.69,UPI,new,monthly,failed,card_declined,0,0.56,231,1,798,1
TX003477,C01643,127.88,CARD,returning,monthly,failed,insufficient_funds,0,0.89,70,1,1288,0
TX003478,C01594,153.56,CARD,new,one_time,success,none,0,0.68,96,1,195,0
TX003479,C01229,5532.38,UPI,new,one_time,failed,insufficient_funds,0,0.71,172,1,891,0
TX003480,C02338,7152.65,UPI,returning,one_time,success,none,0,0.64,2,1,1441,0
TX003481,C02398,1192.08,CARD,returning,one_time,failed,network_error,0,0.89,8,1,1398,0
TX003482,C00738,522.46,NETBANKING,new,one_time,success,none,0,0.3,24,1,997,0
TX003483,C02387,838.32,UPI,returning,one_time,failed,expired_card,0,0.79,29,1,1079,1
TX003484,C00693,2407.19,NETBANKING,new,monthly,success,none,0,0.8,19,0,509,0
TX003485,C01223,690.25,NETBANKING,returning,monthly,success,none,0,0.74,90,1,1393,0
TX003486,C00082,1358.14,NETBANKING,returning,one_time,failed,bank_timeout,0,0.77,300,1,1314,1
TX003487,C01022,1084.12,UPI,new,yearly,failed,bank_timeout,0,0.43,218,1,1160,1
TX003488,C02876,657.25,UPI,returning,one_time,success,none,0,0.93,7,1,1134,0
TX003489,C01328,682.95,CARD,returning,monthly,success,none,0,0.76,8,1,268,0
TX003490,C02131,1427.94,UPI,returning,one_time,success,none,0,0.84,103,1,243,0
TX003491,C00324,455.23,UPI,new,monthly,failed,card_declined,0,0.75,12,1,330,0
TX003492,C01907,1646.75,CARD,returning,one_time,success,none,0,0.63,128,1,1413,0
TX003493,C01115,717.36,UPI,new,one_time,success,none,0,0.91,246,0,804,0
TX003494,C02232,1229.83,UPI,new,yearly,success,none,0,0.49,296,1,93,0
TX003495,C02785,3810.69,NETBANKING,new,one_time,success,none,0,0.73,191,1,1163,0
TX003496,C01595,942.59,UPI,returning,monthly,success,none,0,0.66,283,1,1452,0
TX003497,C00309,2509.46,NETBANKING,new,monthly,success,none,0,0.66,221,1,1248,0
TX003498,C01429,218.58,UPI,returning,one_time,failed,insufficient_funds,1,0.66,261,1,300,1
TX003499,C00370,718.15,UPI,returning,one_time,success,none,0,0.78,84,1,379,0
TX003500,C01349,1124.3,UPI,returning,monthly,success,none,0,0.87,236,1,115,0
TX003501,C00184,6191.9,UPI,new,yearly,success,none,0,0.97,346,0,1301,0
TX003502,C01922,187.93,UPI,new,one_time,success,none,0,0.94,216,1,851,0
TX003503,C00932,1005.67,NETBANKING,returning,monthly,failed,network_error,1,0.73,331,0,63,1
TX003504,C00605,4068.46,NETBANKING,returning,monthly,success,none,0,0.63,348,0,656,0
TX003505,C00052,541.03,UPI,returning,monthly,success,none,0,0.83,241,1,656,0
TX003506,C02665,905.46,UPI,returning,monthly,failed,network_error,0,0.85,2,1,593,0
TX003507,C02512,1478.18,CARD,returning,one_time,failed,insufficient_funds,1,0.79,170,1,12,0
TX003508,C02436,1294.73,UPI,returning,monthly,success,none,0,0.83,181,1,1349,0
TX003509,C00175,4488.14,UPI,new,yearly,success,none,0,0.5,76,1,335,0
TX003510,C01049,1641.93,UPI,returning,monthly,failed,network_error,0,0.89,242,1,13,0
TX003511,C02915,3622.78,UPI,returning,one_time,success,none,0,0.63,83,1,1453,0
TX003512,C01736,793.13,UPI,returning,monthly,success,none,0,0.65,230,1,425,0
TX003513,C00386,563.14,UPI,returning,one_time,failed,bank_timeout,1,0.53,109,1,1108,0
TX003514,C00424,895.02,CARD,returning,one_time,failed,bank_timeout,0,0.57,357,1,370,0
TX003515,C00790,386.37,UPI,returning,one_time,success,none,0,0.61,327,1,1162,0
TX003516,C02918,1694.53,UPI,new,one_time,success,none,0,0.93,274,0,271,0
TX003517,C00509,774.88,UPI,new,monthly,success,none,0,0.95,130,1,435,0
TX003518,C02709,599.08,UPI,new,one_time,failed,network_error,0,0.93,217,1,246,1
TX003519,C02035,1717.79,NETBANKING,new,monthly,failed,insufficient_funds,1,0.81,304,1,238,0
TX003520,C02766,391.76,CARD,returning,yearly,success,none,0,0.84,100,0,391,0
TX003521,C02479,2193.93,NETBANKING,returning,monthly,failed,insufficient_funds,1,0.85,100,1,390,0
TX003522,C00997,713.01,UPI,new,one_time,success,none,0,0.57,327,1,236,0
TX003523,C02484,3112.52,UPI,returning,yearly,success,none,0,0.23,160,1,1369,0
TX003524,C00508,770.11,UPI,returning,one_time,success,none,0,0.85,118,1,318,0
TX003525,C00873,1936.66,UPI,returning,monthly,failed,expired_card,1,0.59,193,1,640,0
TX003526,C00636,1288.98,CARD,returning,one_time,success,none,0,0.89,260,1,849,0
TX003527,C00400,2142.04,UPI,new,yearly,failed,bank_timeout,1,0.77,2,1,1362,0
TX003528,C00271,1210.7,UPI,returning,one_time,success,none,0,0.68,123,1,258,0
TX003529,C00563,245.41,UPI,returning,yearly,failed,network_error,0,0.45,300,1,699,0
TX003530,C00361,2718.71,UPI,new,yearly,failed,insufficient_funds,0,0.74,218,1,1416,1
TX003531,C01142,1013.42,UPI,returning,yearly,failed,network_error,1,0.57,219,1,644,0
TX003532,C00214,2231.8,CARD,returning,monthly,failed,network_error,0,0.8,157,0,459,0
TX003533,C00184,2041.05,WALLET,new,monthly,success,none,0,0.53,30,1,1147,0
TX003534,C02970,546.77,UPI,returning,yearly,failed,network_error,3,0.28,170,1,835,0
TX003535,C00264,481.39,UPI,returning,one_time,success,none,0,0.55,8,0,615,0
TX003536,C00223,1977.96,UPI,new,monthly,failed,bank_timeout,0,0.63,150,1,1202,1
TX003537,C00091,834.7,UPI,new,one_time,failed,insufficient_funds,3,0.71,38,1,1260,0
TX003538,C00398,2547.29,CARD,new,one_time,success,none,0,0.8,288,0,1119,0
TX003539,C01584,934.13,UPI,returning,one_time,failed,insufficient_funds,3,0.71,277,1,1099,0
TX003540,C02482,2754.71,WALLET,returning,yearly,success,none,0,0.68,215,1,50,0
TX003541,C02205,1605.15,NETBANKING,new,one_time,success,none,0,0.85,295,1,640,0
TX003542,C01741,1421.09,UPI,returning,monthly,success,none,0,0.49,184,1,615,0
TX003543,C00256,783.2,NETBANKING,returning,monthly,success,none,0,0.61,338,1,157,0
TX003544,C02324,1351.79,CARD,returning,monthly,failed,card_declined,3,0.83,180,1,1179,1
TX003545,C00112,3208.53,WALLET,returning,one_time,failed,bank_timeout,2,0.71,16,1,451,1
TX003546,C01893,1044.41,UPI,returning,monthly,success,none,0,0.61,171,1,1388,0
TX003547,C01228,1768.8,WALLET,new,monthly,success,none,0,0.98,35,0,112,0
TX003548,C02647,1143.36,UPI,returning,yearly,success,none,0,0.83,296,1,1048,0
TX003549,C00923,1226.77,UPI,new,yearly,failed,bank_timeout,1,0.81,202,1,277,0
TX003550,C01916,5172.28,NETBANKING,returning,one_time,success,none,0,0.77,182,1,580,0
TX003551,C01320,3234.27,UPI,returning,one_time,success,none,0,0.61,114,1,732,0
TX003552,C01567,1177.87,UPI,returning,monthly,failed,expired_card,0,0.74,180,1,856,0
TX003553,C02817,1330.1,UPI,new,monthly,success,none,0,0.37,360,1,638,0
TX003554,C02139,583.08,UPI,new,monthly,failed,bank_timeout,0,0.77,49,0,1142,1
TX003555,C01244,938.54,UPI,returning,monthly,success,none,0,0.77,98,1,5,0
TX003556,C01343,1448.75,UPI,new,one_time,success,none,0,0.95,90,1,659,0
TX003557,C02114,2357.96,UPI,returning,yearly,success,none,0,0.88,49,1,573,0
TX003558,C01039,2152.31,NETBANKING,new,one_time,success,none,0,0.82,295,0,1341,0
TX003559,C00504,404.1,UPI,returning,yearly,failed,insufficient_funds,2,0.81,296,1,1362,0
TX003560,C01403,2641.98,NETBANKING,new,one_time,failed,bank_timeout,0,0.85,301,1,468,1
TX003561,C00205,1012.42,CARD,new,yearly,success,none,0,0.69,160,1,1427,0
TX003562,C00510,451.11,CARD,new,one_time,success,none,0,0.87,128,1,1416,0
TX003563,C01263,3650.96,CARD,new,monthly,failed,card_declined,0,0.91,103,1,1046,0
TX003564,C02390,4092.66,NETBANKING,new,one_time,success,none,0,0.81,72,1,1054,0
TX003565,C02345,1390.44,UPI,new,monthly,success,none,0,0.59,138,0,1137,0
TX003566,C00783,2075.41,CARD,returning,yearly,success,none,0,0.9,288,1,1329,0
TX003567,C01266,2187.91,NETBANKING,returning,monthly,success,none,0,0.75,27,0,765,0
TX003568,C00461,3851.41,CARD,new,monthly,failed,bank_timeout,0,0.8,334,1,1442,1
TX003569,C02266,2111.73,UPI,returning,one_time,success,none,0,0.75,129,1,79,0
TX003570,C00740,331.98,CARD,returning,yearly,success,none,0,0.76,255,1,36,0
TX003571,C02399,6693.06,CARD,returning,one_time,success,none,0,0.72,203,0,524,0
TX003572,C02527,2861.47,UPI,returning,monthly,failed,network_error,2,0.63,138,0,1219,1
TX003573,C02068,693.28,CARD,returning,one_time,success,none,0,0.56,210,1,73,0
TX003574,C00991,434.13,NETBANKING,returning,monthly,success,none,0,0.59,180,1,587,0
TX003575,C02859,1727.33,UPI,returning,one_time,success,none,0,0.82,80,1,848,0
TX003576,C02059,853.69,UPI,returning,one_time,success,none,0,0.64,320,0,281,0
TX003577,C01938,1475.86,UPI,returning,one_time,success,none,0,0.5,192,1,932,0
TX003578,C02570,2141.08,CARD,returning,monthly,success,none,0,0.62,56,1,736,0
TX003579,C02645,658.66,UPI,returning,one_time,success,none,0,0.83,235,1,1461,0
TX003580,C00234,401.62,CARD,returning,yearly,failed,bank_timeout,1,0.84,18,1,985,0
TX003581,C02645,1551.9,UPI,new,monthly,failed,network_error,3,0.96,158,1,910,1
TX003582,C02296,678.55,NETBANKING,returning,yearly,success,none,0,0.78,331,1,221,0
TX003583,C00620,1250.73,CARD,returning,one_time,success,none,0,0.72,151,1,1033,0
TX003584,C00923,327.34,NETBANKING,new,monthly,success,none,0,0.58,209,1,1432,0
TX003585,C02258,873.96,UPI,new,monthly,success,none,0,0.91,18,0,987,0
TX003586,C00650,2086.95,UPI,returning,yearly,success,none,0,0.65,233,1,1331,0
TX003587,C01358,1891.9,CARD,new,one_time,success,none,0,0.44,198,1,693,0
TX003588,C02067,539.41,UPI,returning,one_time,success,none,0,0.53,51,1,1462,0
TX003589,C01952,383.2,UPI,new,one_time,failed,expired_card,1,0.75,274,1,618,0
TX003590,C02730,1112.3,UPI,new,monthly,success,none,0,0.7,265,1,431,0
TX003591,C00335,1816.98,UPI,returning,yearly,failed,network_error,0,0.56,149,1,191,1
TX003592,C00886,1579.17,CARD,returning,one_time,success,none,0,0.84,206,0,714,0
TX003593,C02955,691.63,UPI,returning,monthly,failed,bank_timeout,0,0.74,156,1,49,0
TX003594,C01707,1433.74,UPI,new,one_time,success,none,0,0.7,123,1,1296,0
TX003595,C00747,4239.16,UPI,new,one_time,success,none,0,0.89,27,1,1061,0
TX003596,C00870,1319.0,UPI,new,yearly,success,none,0,0.81,244,1,882,0
TX003597,C01018,252.19,UPI,returning,monthly,success,none,0,0.69,73,0,1324,0
TX003598,C01663,1316.7,NETBANKING,returning,yearly,failed,bank_timeout,0,0.77,335,1,1259,1
TX003599,C00854,6901.96,NETBANKING,returning,one_time,failed,bank_timeout,0,0.81,358,1,1043,0
TX003600,C01866,344.24,WALLET,returning,monthly,failed,card_declined,0,0.74,335,1,1,0
TX003601,C01336,1126.37,UPI,returning,monthly,failed,bank_timeout,0,0.8,214,1,1158,0
TX003602,C01832,894.53,UPI,new,monthly,failed,expired_card,0,0.47,13,0,781,0
TX003603,C00466,1195.47,UPI,returning,one_time,failed,network_error,1,0.64,271,1,250,0
TX003604,C01871,1306.13,CARD,new,one_time,failed,bank_timeout,1,0.67,34,1,1361,0
TX003605,C02775,3059.4,CARD,returning,one_time,success,none,0,0.5,296,1,428,0
TX003606,C00406,1183.59,CARD,returning,monthly,failed,card_declined,0,0.66,199,1,1147,0
TX003607,C00983,3461.76,UPI,new,monthly,success,none,0,0.6,213,1,350,0
TX003608,C02081,986.45,CARD,returning,monthly,success,none,0,0.69,229,1,136,0
TX003609,C01853,800.21,WALLET,returning,one_time,success,none,0,0.5,275,1,1399,0
TX003610,C02025,600.48,UPI,returning,monthly,success,none,0,0.77,340,0,1199,0
TX003611,C01679,213.71,NETBANKING,returning,one_time,failed,insufficient_funds,0,0.63,191,1,1334,1
TX003612,C02048,1405.58,CARD,new,yearly,success,none,0,0.62,225,1,449,0
TX003613,C01829,6964.63,UPI,returning,one_time,success,none,0,0.79,299,1,162,0
TX003614,C00223,1656.42,NETBANKING,returning,monthly,success,none,0,0.63,291,0,954,0
TX003615,C02254,2034.64,NETBANKING,returning,one_time,success,none,0,0.62,164,1,955,0
TX003616,C01341,756.17,CARD,returning,one_time,success,none,0,0.7,258,1,551,0
TX003617,C00155,880.16,UPI,returning,monthly,success,none,0,0.75,39,1,861,0
TX003618,C01228,2660.26,UPI,returning,monthly,success,none,0,0.67,158,1,1305,0
TX003619,C01306,6686.36,CARD,returning,one_time,success,none,0,0.96,33,0,333,0
TX003620,C00261,4184.54,UPI,new,monthly,success,none,0,0.86,123,1,1279,0
TX003621,C02989,2263.62,UPI,new,one_time,success,none,0,0.55,180,1,1399,0
TX003622,C00668,1131.88,UPI,returning,yearly,failed,insufficient_funds,0,0.92,233,1,1394,1
TX003623,C00992,1324.44,UPI,returning,one_time,success,none,0,0.83,145,1,471,0
TX003624,C01323,556.6,CARD,returning,one_time,success,none,0,0.87,235,0,811,0
TX003625,C02498,297.87,UPI,returning,monthly,success,none,0,0.96,22,1,669,0
TX003626,C02229,397.77,UPI,new,monthly,failed,bank_timeout,1,0.73,130,1,838,0
TX003627,C02313,1146.9,UPI,returning,one_time,success,none,0,0.56,28,1,732,0
TX003628,C00712,843.2,UPI,returning,monthly,failed,card_declined,1,0.68,112,0,188,0
TX003629,C02537,292.22,UPI,returning,yearly,success,none,0,0.74,107,1,576,0
TX003630,C02490,1060.41,UPI,returning,one_time,success,none,0,0.58,41,0,963,0
TX003631,C01392,823.38,UPI,returning,one_time,success,none,0,0.89,154,1,1268,0
TX003632,C01638,381.62,UPI,returning,one_time,success,none,0,0.84,35,1,1449,0
TX003633,C00112,785.91,CARD,returning,yearly,success,none,0,0.71,249,1,923,0
TX003634,C02282,821.51,UPI,new,one_time,success,none,0,0.77,32,1,1286,0
TX003635,C02883,629.56,CARD,returning,one_time,success,none,0,0.83,322,1,848,0
TX003636,C01418,2525.02,UPI,new,yearly,success,none,0,0.75,255,1,570,0
TX003637,C01622,197.83,CARD,returning,yearly,success,none,0,0.83,128,1,852,0
TX003638,C01498,183.6,CARD,returning,monthly,success,none,0,0.9,194,1,375,0
TX003639,C00248,1099.88,UPI,new,one_time,success,none,0,0.7,185,1,393,0
TX003640,C01860,1195.73,CARD,returning,monthly,success,none,0,0.69,319,0,524,0
TX003641,C02165,1577.81,CARD,returning,monthly,success,none,0,0.92,73,1,1307,0
TX003642,C02784,675.14,UPI,returning,one_time,success,none,0,0.81,42,1,1238,0
TX003643,C02790,480.04,CARD,returning,one_time,success,none,0,0.43,157,1,640,0
TX003644,C01476,1089.44,CARD,new,yearly,success,none,0,0.52,364,1,826,0
TX003645,C02877,736.99,UPI,new,monthly,success,none,0,0.6,107,1,421,0
TX003646,C01586,4429.16,NETBANKING,returning,one_time,success,none,0,0.84,165,1,361,0
TX003647,C01927,819.09,UPI,returning,yearly,success,none,0,0.85,306,1,1336,0
TX003648,C01806,1045.38,CARD,returning,monthly,success,none,0,0.54,287,1,901,0
TX003649,C02997,10176.91,NETBANKING,new,yearly,success,none,0,0.59,70,1,673,0
TX003650,C02213,920.31,WALLET,new,one_time,success,none,0,0.64,84,1,501,0
TX003651,C00361,1809.02,CARD,returning,one_time,success,none,0,0.95,62,1,1039,0
TX003652,C00216,1961.92,CARD,returning,monthly,success,none,0,0.86,116,1,907,0
TX003653,C01230,2118.07,UPI,returning,one_time,success,none,0,0.73,89,1,521,0
TX003654,C01548,1423.02,UPI,returning,one_time,success,none,0,0.96,45,1,532,0
TX003655,C02006,1305.65,NETBANKING,returning,monthly,failed,insufficient_funds,1,0.66,22,1,545,1
TX003656,C01445,1200.27,UPI,returning,monthly,success,none,0,0.78,129,1,1131,0
TX003657,C01544,653.02,NETBANKING,returning,one_time,success,none,0,0.88,97,1,733,0
TX003658,C02766,1469.93,UPI,new,one_time,success,none,0,0.73,136,1,748,0
TX003659,C01005,6807.51,UPI,returning,monthly,success,none,0,0.86,105,0,1440,0
TX003660,C01481,3260.43,UPI,new,monthly,failed,expired_card,1,0.8,119,1,810,0
TX003661,C01673,1441.62,UPI,new,monthly,failed,expired_card,0,0.64,37,1,1497,0
TX003662,C01405,2369.06,UPI,new,one_time,success,none,0,0.96,331,1,60,0
TX003663,C02905,501.57,UPI,new,one_time,success,none,0,0.64,88,1,189,0
TX003664,C02887,867.43,WALLET,new,monthly,failed,insufficient_funds,3,0.88,310,1,1411,0
TX003665,C01540,2573.61,CARD,new,monthly,failed,network_error,0,0.44,267,0,415,0
TX003666,C01352,4181.61,CARD,new,monthly,success,none,0,0.91,39,1,79,0
TX003667,C01767,547.97,UPI,new,monthly,success,none,0,0.91,166,1,201,0
TX003668,C00543,709.65,UPI,new,one_time,success,none,0,0.89,143,1,192,0
TX003669,C01278,7810.61,CARD,new,one_time,success,none,0,0.78,179,1,1016,0
TX003670,C00651,1195.88,UPI,returning,monthly,failed,card_declined,0,0.82,116,1,149,0
TX003671,C00433,5659.13,UPI,returning,monthly,success,none,0,0.75,232,1,657,0
TX003672,C00286,1321.04,NETBANKING,new,one_time,failed,bank_timeout,1,0.96,339,1,306,1
TX003673,C01762,1368.63,UPI,returning,one_time,success,none,0,0.58,114,1,784,0
TX003674,C00002,833.02,NETBANKING,returning,yearly,success,none,0,0.67,220,1,645,0
TX003675,C01939,2561.38,UPI,new,monthly,success,none,0,0.67,116,1,1233,0
TX003676,C01296,3721.94,UPI,returning,yearly,failed,insufficient_funds,1,0.46,325,1,71,0
TX003677,C01100,432.03,UPI,new,monthly,failed,bank_timeout,1,0.87,114,1,293,0
TX003678,C02308,798.55,NETBANKING,returning,monthly,success,none,0,0.86,151,1,485,0
TX003679,C01617,2498.81,CARD,returning,one_time,success,none,0,0.52,118,1,653,0
TX003680,C02201,975.94,CARD,returning,one_time,success,none,0,0.6,226,1,1139,0
TX003681,C02129,703.42,UPI,new,monthly,failed,insufficient_funds,0,0.61,342,1,338,0
TX003682,C00097,2720.55,NETBANKING,new,monthly,success,none,0,0.65,51,0,1025,0
TX003683,C00647,2960.48,CARD,returning,one_time,success,none,0,0.75,120,1,728,0
TX003684,C01710,731.66,CARD,returning,monthly,success,none,0,0.89,43,1,87,0
TX003685,C02927,1327.6,CARD,returning,one_time,success,none,0,0.42,200,1,1471,0
TX003686,C00463,369.58,CARD,returning,one_time,failed,bank_timeout,3,0.75,224,1,1221,0
TX003687,C00317,489.83,CARD,returning,yearly,failed,expired_card,0,0.77,252,1,1083,0
TX003688,C02824,1226.29,UPI,new,monthly,success,none,0,0.53,206,1,576,0
TX003689,C02901,1128.07,NETBANKING,returning,one_time,failed,bank_timeout,1,0.97,276,1,1190,0
TX003690,C00503,459.35,UPI,new,one_time,success,none,0,0.78,326,1,1231,0
TX003691,C01206,575.72,WALLET,returning,yearly,success,none,0,0.83,15,1,902,0
TX003692,C01880,420.51,UPI,returning,yearly,failed,insufficient_funds,0,0.56,251,1,614,1
TX003693,C00586,1651.69,UPI,new,one_time,failed,network_error,0,0.74,297,1,184,0
TX003694,C00979,186.63,UPI,new,one_time,success,none,0,0.85,78,1,1382,0
TX003695,C01186,441.24,CARD,returning,monthly,failed,expired_card,0,0.75,32,1,325,1
TX003696,C01925,205.07,UPI,returning,one_time,success,none,0,0.79,190,0,1301,0
TX003697,C00925,1598.98,NETBANKING,new,monthly,success,none,0,0.74,189,1,433,0
TX003698,C01237,216.49,CARD,new,one_time,success,none,0,0.4,16,1,467,0
TX003699,C00869,1128.4,UPI,returning,one_time,failed,expired_card,0,0.83,127,0,648,0
TX003700,C02279,4796.16,UPI,returning,monthly,success,none,0,0.82,239,1,904,0
TX003701,C00460,4944.79,CARD,returning,one_time,success,none,0,0.79,36,1,577,0
TX003702,C00693,215.87,NETBANKING,returning,monthly,success,none,0,0.67,45,1,663,0
TX003703,C00750,1434.5,UPI,returning,one_time,success,none,0,0.78,93,1,290,0
TX003704,C02718,450.31,NETBANKING,returning,monthly,success,none,0,0.66,152,1,684,0
TX003705,C02834,374.72,UPI,new,yearly,failed,card_declined,0,0.93,161,1,1040,1
TX003706,C01501,990.17,CARD,new,monthly,success,none,0,0.69,15,1,661,0
TX003707,C00470,3312.51,CARD,new,monthly,success,none,0,0.74,125,1,654,0
TX003708,C02269,1881.25,UPI,returning,monthly,success,none,0,0.71,243,1,969,0
TX003709,C01477,576.15,UPI,returning,yearly,success,none,0,0.64,169,1,1080,0
TX003710,C02550,2068.4,CARD,new,monthly,success,none,0,0.92,249,1,615,0
TX003711,C01080,145.57,UPI,returning,one_time,failed,insufficient_funds,1,0.8,195,1,904,1
TX003712,C02997,556.88,UPI,new,one_time,success,none,0,0.68,54,1,975,0
TX003713,C02422,522.43,UPI,returning,monthly,failed,network_error,2,0.67,84,0,486,0
TX003714,C00672,1176.72,CARD,returning,monthly,success,none,0,0.8,64,1,451,0
TX003715,C02177,913.66,UPI,returning,one_time,success,none,0,0.75,234,0,1184,0
TX003716,C00861,965.53,UPI,returning,monthly,success,none,0,0.85,118,1,1345,0
TX003717,C01050,937.06,WALLET,returning,monthly,success,none,0,0.56,183,1,945,0
TX003718,C00752,1118.97,CARD,new,one_time,success,none,0,0.58,363,1,1369,0
TX003719,C02047,1783.12,UPI,returning,monthly,success,none,0,0.88,44,1,1194,0
TX003720,C00789,1254.38,UPI,returning,one_time,success,none,0,0.81,323,0,1032,0
TX003721,C01917,849.02,UPI,new,monthly,success,none,0,0.88,213,0,1150,0
TX003722,C01748,1574.31,UPI,returning,monthly,failed,insufficient_funds,1,0.64,169,1,867,0
TX003723,C02253,2306.56,UPI,returning,yearly,failed,bank_timeout,2,0.77,238,1,149,0
TX003724,C02981,664.86,UPI,returning,monthly,success,none,0,0.68,294,1,959,0
TX003725,C00027,1039.54,UPI,new,one_time,failed,bank_timeout,0,0.74,239,1,876,1
TX003726,C02971,3120.4,CARD,new,monthly,success,none,0,0.9,2,0,572,0
TX003727,C00329,406.47,UPI,returning,monthly,success,none,0,0.6,330,1,1185,0
TX003728,C01581,5564.89,UPI,returning,one_time,failed,insufficient_funds,0,0.89,43,1,630,1
TX003729,C01023,328.57,NETBANKING,new,one_time,success,none,0,0.91,173,1,530,0
TX003730,C01918,803.66,UPI,new,one_time,success,none,0,0.64,266,1,764,0
TX003731,C02166,466.3,CARD,new,monthly,success,none,0,0.67,294,1,1376,0
TX003732,C02580,7856.8,UPI,returning,one_time,failed,network_error,0,0.65,326,1,461,0
TX003733,C01206,697.14,CARD,returning,one_time,success,none,0,0.56,230,1,704,0
TX003734,C02799,698.72,UPI,returning,monthly,success,none,0,0.69,42,1,415,0
TX003735,C00968,785.5,UPI,returning,yearly,success,none,0,0.61,135,1,1128,0
TX003736,C00612,1195.17,NETBANKING,returning,one_time,success,none,0,0.83,286,0,793,0
TX003737,C01138,815.99,UPI,returning,monthly,failed,card_declined,1,0.88,303,0,230,0
TX003738,C01586,973.02,UPI,returning,yearly,failed,card_declined,0,0.65,22,1,988,0
TX003739,C02005,100.0,UPI,new,yearly,success,none,0,0.56,138,0,1465,0
TX003740,C02499,1154.52,UPI,new,one_time,success,none,0,0.92,127,1,737,0
TX003741,C00675,1114.35,UPI,returning,one_time,success,none,0,0.69,316,1,170,0
TX003742,C00910,2792.55,UPI,returning,one_time,success,none,0,0.7,280,0,317,0
TX003743,C02817,3562.28,UPI,new,one_time,success,none,0,0.66,244,0,823,0
TX003744,C01320,926.17,CARD,returning,monthly,success,none,0,0.71,175,1,563,0
TX003745,C00725,2286.11,NETBANKING,returning,monthly,success,none,0,0.45,29,1,1422,0
TX003746,C02957,406.91,UPI,new,monthly,failed,expired_card,0,0.94,272,1,1059,0
TX003747,C01347,2187.7,NETBANKING,returning,monthly,success,none,0,0.77,235,1,248,0
TX003748,C02956,655.09,UPI,new,yearly,failed,bank_timeout,2,0.54,104,1,1175,0
TX003749,C02758,377.58,UPI,returning,monthly,success,none,0,0.62,123,1,829,0
TX003750,C02719,927.94,CARD,returning,monthly,failed,card_declined,2,0.68,244,1,1137,0
TX003751,C01746,3867.74,CARD,returning,one_time,success,none,0,0.6,15,1,1073,0
TX003752,C02396,1290.65,UPI,returning,monthly,failed,insufficient_funds,1,0.85,288,0,996,0
TX003753,C02882,4216.83,WALLET,returning,monthly,success,none,0,0.77,216,1,822,0
TX003754,C00808,559.0,NETBANKING,new,one_time,failed,bank_timeout,0,0.34,73,1,350,0
TX003755,C00114,2815.98,UPI,new,one_time,success,none,0,0.85,196,1,547,0
TX003756,C00963,609.75,CARD,returning,monthly,success,none,0,0.91,68,1,611,0
TX003757,C01911,1343.18,CARD,returning,one_time,success,none,0,0.7,109,1,316,0
TX003758,C01642,1332.77,NETBANKING,returning,monthly,success,none,0,0.5,17,1,835,0
TX003759,C00242,1988.91,CARD,returning,one_time,success,none,0,0.76,303,1,129,0
TX003760,C01683,1374.25,UPI,returning,monthly,success,none,0,0.47,140,1,1439,0
TX003761,C00524,563.82,CARD,returning,one_time,success,none,0,0.64,248,1,322,0
TX003762,C01517,2421.82,UPI,returning,monthly,success,none,0,0.8,6,1,270,0
TX003763,C01728,5210.81,CARD,new,monthly,success,none,0,0.96,314,1,1188,0
TX003764,C01911,648.44,CARD,returning,one_time,success,none,0,0.53,192,1,903,0
TX003765,C01238,210.25,CARD,returning,one_time,failed,bank_timeout,0,0.85,60,1,89,0
TX003766,C01225,1718.81,UPI,returning,one_time,success,none,0,0.84,101,0,605,0
TX003767,C02036,813.98,UPI,returning,one_time,success,none,0,0.81,148,1,1220,0
TX003768,C02248,974.58,CARD,returning,monthly,success,none,0,0.55,361,1,627,0
TX003769,C02424,1809.06,UPI,returning,one_time,success,none,0,0.36,329,1,960,0
TX003770,C01001,727.23,UPI,new,one_time,success,none,0,0.79,318,1,1126,0
TX003771,C01273,860.95,UPI,new,monthly,success,none,0,0.6,68,0,1389,0
TX003772,C00993,1002.14,NETBANKING,returning,yearly,success,none,0,0.65,201,1,990,0
TX003773,C01583,4116.58,UPI,returning,one_time,success,none,0,0.89,12,1,926,0
TX003774,C00382,1126.72,CARD,returning,yearly,success,none,0,0.83,328,1,796,0
TX003775,C01291,360.64,UPI,returning,yearly,success,none,0,0.46,22,1,744,0
TX003776,C00567,373.8,NETBANKING,new,monthly,failed,expired_card,0,0.42,351,1,94,0
TX003777,C01598,1243.03,UPI,returning,monthly,success,none,0,0.66,69,1,418,0
TX003778,C02552,396.83,UPI,returning,monthly,success,none,0,0.89,219,0,138,0
TX003779,C02957,268.79,UPI,returning,one_time,success,none,0,0.83,299,0,383,0
TX003780,C01339,1942.99,UPI,returning,yearly,failed,bank_timeout,1,0.65,131,1,784,0
TX003781,C00169,2030.52,NETBANKING,returning,yearly,success,none,0,0.74,107,0,1294,0
TX003782,C00684,787.35,CARD,returning,one_time,success,none,0,0.69,322,1,1264,0
TX003783,C00315,1428.38,CARD,returning,one_time,success,none,0,0.72,247,1,82,0
TX003784,C02279,1298.95,CARD,returning,one_time,failed,bank_timeout,1,0.76,98,1,747,1
TX003785,C02955,1885.93,NETBANKING,returning,monthly,failed,insufficient_funds,2,0.7,2,0,521,0
TX003786,C01662,1889.89,WALLET,returning,yearly,success,none,0,0.8,120,1,846,0
TX003787,C00531,105.09,CARD,returning,one_time,failed,bank_timeout,2,0.92,93,1,139,0
TX003788,C00064,883.2,UPI,returning,monthly,success,none,0,0.72,237,1,1490,0
TX003789,C02929,1747.8,UPI,new,monthly,failed,insufficient_funds,0,0.69,143,1,396,1
TX003790,C00950,757.93,CARD,new,one_time,success,none,0,0.49,12,1,366,0
TX003791,C00337,1132.95,CARD,returning,monthly,failed,network_error,0,0.73,238,1,1024,0
TX003792,C00532,2155.18,CARD,returning,one_time,failed,card_declined,1,0.87,43,0,791,0
TX003793,C00766,1179.48,UPI,returning,one_time,success,none,0,0.79,44,1,703,0
TX003794,C01968,4260.44,CARD,returning,monthly,success,none,0,0.78,202,1,1147,0
TX003795,C02676,3023.85,UPI,returning,one_time,success,none,0,0.75,115,1,147,0
TX003796,C00826,985.64,UPI,new,monthly,success,none,0,0.85,51,0,1427,0
TX003797,C02062,917.6,NETBANKING,returning,one_time,success,none,0,0.67,237,1,94,0
TX003798,C00195,100.0,CARD,returning,monthly,success,none,0,0.72,312,1,1236,0
TX003799,C00031,817.42,UPI,returning,monthly,success,none,0,0.77,58,1,851,0
TX003800,C00165,324.43,UPI,returning,yearly,success,none,0,0.68,319,1,797,0
TX003801,C02770,1338.23,CARD,returning,monthly,success,none,0,0.86,26,1,759,0
TX003802,C01746,1258.38,UPI,new,monthly,success,none,0,0.82,187,1,974,0
TX003803,C02416,2051.38,UPI,new,one_time,success,none,0,0.88,263,1,248,0
TX003804,C00066,3854.53,CARD,new,one_time,success,none,0,0.86,34,1,1215,0
TX003805,C00067,1071.01,CARD,returning,monthly,success,none,0,0.8,340,1,822,0
TX003806,C02547,8538.79,UPI,returning,monthly,success,none,0,0.79,102,1,536,0
TX003807,C00308,1351.82,UPI,returning,monthly,success,none,0,0.91,281,1,439,0
TX003808,C00467,337.24,CARD,returning,one_time,success,none,0,0.67,213,0,1195,0
TX003809,C01557,661.25,UPI,new,one_time,success,none,0,0.63,132,1,1239,0
TX003810,C01820,784.09,UPI,new,one_time,success,none,0,0.61,21,1,815,0
TX003811,C00687,1868.54,UPI,new,one_time,failed,insufficient_funds,1,0.7,317,0,349,0
TX003812,C01335,467.54,UPI,returning,monthly,success,none,0,0.4,129,1,484,0
TX003813,C02025,838.67,NETBANKING,new,monthly,success,none,0,0.53,184,1,1180,0
TX003814,C01329,948.67,UPI,new,monthly,success,none,0,0.55,66,1,664,0
TX003815,C01148,732.67,WALLET,new,one_time,success,none,0,0.79,149,0,457,0
TX003816,C00216,2276.23,UPI,returning,monthly,success,none,0,0.83,210,1,1378,0
TX003817,C01356,1953.13,CARD,returning,one_time,success,none,0,0.87,357,1,1264,0
TX003818,C02409,3133.51,UPI,new,one_time,failed,card_declined,0,0.78,318,1,875,1
TX003819,C01881,814.1,CARD,returning,monthly,failed,insufficient_funds,3,0.89,345,1,17,0
TX003820,C02680,3236.59,NETBANKING,returning,monthly,success,none,0,0.45,328,1,1383,0
TX003821,C00379,321.31,UPI,new,one_time,success,none,0,0.54,93,1,1402,0
TX003822,C00034,314.33,UPI,returning,one_time,success,none,0,0.43,36,1,1405,0
TX003823,C01645,367.81,NETBANKING,returning,one_time,failed,card_declined,1,0.8,165,1,181,0
TX003824,C00536,1105.76,NETBANKING,returning,monthly,success,none,0,0.73,35,1,990,0
TX003825,C01782,3236.15,WALLET,new,one_time,failed,card_declined,3,0.82,247,1,919,0
TX003826,C02712,637.83,UPI,returning,monthly,success,none,0,0.82,265,1,95,0
TX003827,C01012,714.07,UPI,returning,one_time,success,none,0,0.63,271,0,212,0
TX003828,C01649,902.87,UPI,new,monthly,success,none,0,0.86,3,1,1385,0
TX003829,C02046,1836.37,CARD,returning,monthly,failed,insufficient_funds,2,0.77,3,0,162,0
TX003830,C00451,713.47,UPI,new,monthly,failed,network_error,1,0.75,181,1,1126,0
TX003831,C02693,678.53,UPI,returning,one_time,failed,insufficient_funds,2,0.69,153,0,1305,0
TX003832,C00609,326.73,CARD,returning,one_time,success,none,0,0.67,241,1,617,0
TX003833,C02425,655.53,UPI,returning,one_time,failed,network_error,1,0.88,260,1,652,1
TX003834,C01980,3164.39,CARD,new,one_time,success,none,0,0.69,142,1,683,0
TX003835,C00423,1190.15,UPI,returning,one_time,failed,network_error,2,0.7,295,0,774,0
TX003836,C02175,563.48,NETBANKING,new,one_time,failed,bank_timeout,1,0.33,156,1,39,0
TX003837,C00590,3336.01,UPI,returning,monthly,success,none,0,0.81,249,1,116,0
TX003838,C01799,647.62,CARD,returning,monthly,success,none,0,0.73,161,1,1307,0
TX003839,C02880,3936.16,UPI,new,monthly,success,none,0,0.45,29,1,527,0
TX003840,C02860,3878.66,UPI,returning,one_time,failed,insufficient_funds,2,0.83,108,1,1389,1
TX003841,C02614,1153.33,UPI,returning,monthly,failed,network_error,1,0.84,353,1,114,0
TX003842,C01483,284.66,NETBANKING,returning,monthly,failed,bank_timeout,0,0.48,154,1,166,0
TX003843,C01679,8608.89,UPI,new,monthly,success,none,0,0.93,212,1,646,0
TX003844,C00901,1553.94,UPI,new,one_time,success,none,0,0.77,293,1,1144,0
TX003845,C02763,819.34,CARD,new,yearly,failed,insufficient_funds,0,0.81,200,1,190,0
TX003846,C01432,2592.86,UPI,returning,one_time,success,none,0,0.81,305,1,800,0
TX003847,C02315,2063.32,UPI,new,one_time,failed,expired_card,2,0.7,50,0,415,0
TX003848,C01079,3568.3,UPI,new,one_time,success,none,0,0.81,218,1,228,0
TX003849,C02222,604.19,UPI,returning,one_time,success,none,0,0.84,144,0,376,0
TX003850,C00674,1460.63,UPI,returning,yearly,failed,bank_timeout,3,0.87,111,1,1007,1
TX003851,C02202,377.18,UPI,new,monthly,success,none,0,0.84,140,1,1334,0
TX003852,C00138,1997.6,UPI,returning,yearly,failed,expired_card,0,0.76,148,1,1178,0
TX003853,C00315,1074.22,UPI,new,yearly,success,none,0,0.78,152,1,138,0
TX003854,C01057,1412.21,CARD,returning,monthly,success,none,0,0.67,257,1,817,0
TX003855,C01447,961.3,CARD,returning,monthly,success,none,0,0.68,322,1,330,0
TX003856,C02135,874.9,UPI,returning,yearly,success,none,0,0.95,173,1,254,0
TX003857,C01078,502.0,UPI,returning,one_time,success,none,0,0.71,206,1,1102,0
TX003858,C00056,2233.64,CARD,new,one_time,failed,card_declined,2,0.78,45,1,1448,0
TX003859,C00977,4191.16,UPI,returning,one_time,success,none,0,0.75,154,1,269,0
TX003860,C01318,664.48,NETBANKING,new,monthly,success,none,0,0.42,242,1,727,0
TX003861,C01632,1804.77,UPI,new,monthly,success,none,0,0.72,290,0,1400,0
TX003862,C01933,1618.03,UPI,returning,one_time,failed,network_error,1,0.9,35,0,1424,0
TX003863,C00743,1104.65,UPI,returning,monthly,success,none,0,0.65,195,0,268,0
TX003864,C01832,277.57,CARD,returning,monthly,success,none,0,0.8,360,1,565,0
TX003865,C01895,339.87,UPI,new,one_time,failed,card_declined,2,0.97,154,1,419,0
TX003866,C02330,543.0,UPI,returning,monthly,success,none,0,0.76,117,1,828,0
TX003867,C01567,159.96,UPI,returning,yearly,failed,expired_card,3,0.63,257,1,1384,0
TX003868,C02432,3894.14,CARD,returning,one_time,success,none,0,0.87,58,0,799,0
TX003869,C00665,1526.81,UPI,new,one_time,failed,insufficient_funds,2,0.74,223,1,1250,0
TX003870,C02136,1067.46,CARD,returning,monthly,failed,bank_timeout,0,0.5,217,0,232,1
TX003871,C00138,152.75,UPI,returning,one_time,failed,bank_timeout,1,0.8,141,0,1194,0
TX003872,C00309,212.41,UPI,new,one_time,success,none,0,0.5,276,1,1396,0
TX003873,C02595,1094.32,UPI,returning,yearly,success,none,0,0.79,99,1,869,0
TX003874,C01426,6460.36,WALLET,returning,one_time,failed,expired_card,3,0.75,262,1,970,0
TX003875,C01863,584.77,UPI,new,one_time,success,none,0,0.92,196,1,46,0
TX003876,C01811,2386.11,UPI,returning,yearly,success,none,0,0.92,98,1,1252,0
TX003877,C02085,712.01,NETBANKING,new,monthly,success,none,0,0.79,357,1,497,0
TX003878,C00737,1152.53,UPI,returning,one_time,failed,expired_card,1,0.7,197,1,57,0
TX003879,C00535,3272.19,UPI,returning,one_time,failed,insufficient_funds,0,0.78,259,1,957,1
TX003880,C00128,803.23,UPI,returning,one_time,failed,card_declined,1,0.65,252,1,95,0
TX003881,C02595,589.28,CARD,new,one_time,failed,expired_card,3,0.8,333,0,1090,0
TX003882,C00671,3929.48,UPI,returning,yearly,success,none,0,0.62,297,0,601,0
TX003883,C01726,1142.53,NETBANKING,returning,one_time,success,none,0,0.83,68,1,939,0
TX003884,C01365,2928.03,CARD,returning,one_time,success,none,0,0.82,177,1,1448,0
TX003885,C00488,591.86,UPI,returning,monthly,failed,insufficient_funds,1,0.91,250,0,772,0
TX003886,C01242,3889.39,UPI,returning,yearly,success,none,0,0.48,3,1,1299,0
TX003887,C00250,1402.85,CARD,new,monthly,success,none,0,0.57,101,1,827,0
TX003888,C00531,1621.83,NETBANKING,new,one_time,success,none,0,0.61,154,1,1221,0
TX003889,C00420,1234.56,NETBANKING,returning,one_time,failed,bank_timeout,2,0.57,67,1,608,0
TX003890,C02474,695.81,UPI,new,yearly,success,none,0,0.8,224,0,1146,0
TX003891,C01703,1094.97,CARD,returning,monthly,success,none,0,0.74,110,1,505,0
TX003892,C02778,736.32,CARD,returning,monthly,failed,network_error,0,0.89,52,0,948,0
TX003893,C01308,2600.84,NETBANKING,returning,one_time,success,none,0,0.91,177,0,1361,0
TX003894,C00605,913.47,UPI,returning,monthly,success,none,0,0.78,338,1,1035,0
TX003895,C01826,285.19,CARD,new,yearly,success,none,0,0.69,55,1,307,0
TX003896,C02789,241.9,CARD,returning,one_time,success,none,0,0.59,66,0,586,0
TX003897,C01598,231.82,NETBANKING,returning,one_time,success,none,0,0.85,42,0,197,0
TX003898,C00054,1912.51,CARD,returning,one_time,success,none,0,0.81,56,1,1324,0
TX003899,C00911,389.03,NETBANKING,new,monthly,success,none,0,0.89,157,0,1076,0
TX003900,C02775,1436.66,UPI,returning,one_time,success,none,0,0.8,1,1,513,0
TX003901,C01556,1240.06,UPI,returning,one_time,failed,bank_timeout,1,0.79,47,1,1429,0
TX003902,C02856,1034.59,UPI,returning,monthly,success,none,0,0.74,91,1,578,0
TX003903,C01528,1627.12,NETBANKING,returning,monthly,success,none,0,0.77,1,1,1035,0
TX003904,C00037,1264.55,UPI,new,one_time,success,none,0,0.78,305,1,251,0
TX003905,C02620,100.0,CARD,new,yearly,success,none,0,0.69,111,0,791,0
TX003906,C02290,819.54,WALLET,returning,one_time,success,none,0,0.82,262,1,62,0
TX003907,C02146,1607.75,NETBANKING,returning,monthly,success,none,0,0.77,247,1,1210,0
TX003908,C02911,4799.44,CARD,new,monthly,success,none,0,0.84,55,1,330,0
TX003909,C00589,5003.09,CARD,returning,monthly,failed,insufficient_funds,3,0.87,53,0,184,0
TX003910,C02718,321.55,UPI,returning,monthly,failed,insufficient_funds,0,0.72,340,1,160,0
TX003911,C00698,800.51,UPI,returning,monthly,failed,expired_card,1,0.77,180,0,264,0
TX003912,C02913,267.87,UPI,returning,monthly,success,none,0,0.74,233,1,794,0
TX003913,C00575,4306.57,CARD,returning,monthly,failed,expired_card,0,0.89,255,1,718,1
TX003914,C01651,2728.67,UPI,returning,yearly,failed,bank_timeout,0,0.7,185,0,463,0
TX003915,C02369,1503.47,UPI,returning,yearly,success,none,0,0.75,237,1,1202,0
TX003916,C00235,1273.45,CARD,new,monthly,success,none,0,0.79,46,1,599,0
TX003917,C00201,3799.28,UPI,new,monthly,success,none,0,0.83,331,0,1454,0
TX003918,C02550,3262.32,NETBANKING,new,one_time,success,none,0,0.8,324,1,697,0
TX003919,C00182,3109.57,UPI,returning,monthly,success,none,0,0.75,278,1,1157,0
TX003920,C01842,1654.1,NETBANKING,returning,one_time,success,none,0,0.48,219,1,473,0
TX003921,C02815,800.87,UPI,returning,one_time,failed,card_declined,1,0.87,157,0,852,1
TX003922,C01845,2187.28,CARD,returning,yearly,failed,insufficient_funds,2,0.88,51,1,265,1
TX003923,C01444,2285.72,CARD,new,monthly,success,none,0,0.33,130,1,614,0
TX003924,C01252,923.74,UPI,returning,one_time,failed,card_declined,2,0.9,176,1,163,0
TX003925,C01915,799.41,UPI,new,monthly,success,none,0,0.64,283,1,1044,0
TX003926,C01716,3041.12,NETBANKING,returning,one_time,failed,bank_timeout,2,0.64,14,1,1330,1
TX003927,C01506,4903.5,UPI,new,monthly,success,none,0,0.73,158,1,932,0
TX003928,C00461,558.66,CARD,new,one_time,success,none,0,0.65,28,1,515,0
TX003929,C01989,865.2,UPI,returning,monthly,success,none,0,0.85,228,1,339,0
TX003930,C02220,1503.93,CARD,returning,monthly,success,none,0,0.73,68,1,598,0
TX003931,C02127,1699.24,UPI,returning,monthly,success,none,0,0.32,183,1,658,0
TX003932,C00226,685.31,CARD,new,one_time,failed,insufficient_funds,2,0.75,156,0,1260,0
TX003933,C02109,5973.98,CARD,returning,monthly,success,none,0,0.82,193,1,908,0
TX003934,C02190,1603.41,UPI,new,monthly,success,none,0,0.79,298,1,543,0
TX003935,C00551,1769.13,UPI,returning,one_time,success,none,0,0.56,67,0,498,0
TX003936,C02547,5340.08,NETBANKING,returning,one_time,success,none,0,0.91,245,1,1140,0
TX003937,C01572,732.05,CARD,new,monthly,success,none,0,0.68,136,1,1146,0
TX003938,C01418,1012.74,WALLET,returning,one_time,success,none,0,0.77,250,1,323,0
TX003939,C02169,354.96,CARD,new,one_time,failed,network_error,1,0.81,110,1,715,0
TX003940,C01530,939.06,CARD,new,monthly,success,none,0,0.83,28,1,109,0
TX003941,C01635,287.14,CARD,returning,monthly,success,none,0,0.82,119,0,1132,0
TX003942,C00937,2149.66,NETBANKING,new,monthly,success,none,0,0.82,73,1,1173,0
TX003943,C02784,1600.38,UPI,new,yearly,success,none,0,0.66,191,0,396,0
TX003944,C02909,854.6,UPI,returning,monthly,success,none,0,0.58,162,1,860,0
TX003945,C00392,1001.87,NETBANKING,returning,one_time,failed,insufficient_funds,2,0.56,319,0,159,0
TX003946,C02200,2176.17,NETBANKING,returning,one_time,success,none,0,0.8,342,1,221,0
TX003947,C00071,394.56,UPI,returning,one_time,success,none,0,0.63,63,1,878,0
TX003948,C01107,1317.84,UPI,returning,monthly,success,none,0,0.47,229,1,713,0
TX003949,C02910,2058.14,CARD,returning,monthly,success,none,0,0.7,51,1,78,0
TX003950,C00525,220.51,CARD,returning,yearly,success,none,0,0.85,77,1,1179,0
TX003951,C01131,2031.33,UPI,returning,one_time,success,none,0,0.86,88,1,583,0
TX003952,C00659,243.07,CARD,returning,one_time,success,none,0,0.82,3,1,1491,0
TX003953,C02185,986.5,UPI,returning,monthly,success,none,0,0.56,167,1,1384,0
TX003954,C01392,384.89,UPI,returning,one_time,success,none,0,0.8,24,0,554,0
TX003955,C01780,3976.36,CARD,new,one_time,failed,card_declined,2,0.92,134,1,97,0
TX003956,C02828,387.06,UPI,returning,one_time,success,none,0,0.39,65,1,623,0
TX003957,C01564,248.35,CARD,new,one_time,success,none,0,0.82,361,1,593,0
TX003958,C02203,1236.47,UPI,returning,one_time,success,none,0,0.91,229,1,1187,0
TX003959,C00294,755.72,NETBANKING,new,monthly,success,none,0,0.74,25,1,1150,0
TX003960,C00646,283.12,UPI,returning,monthly,success,none,0,0.9,53,1,77,0
TX003961,C02841,1760.29,WALLET,returning,yearly,failed,card_declined,1,0.63,316,1,165,0
TX003962,C02579,182.66,CARD,new,one_time,success,none,0,0.89,16,1,871,0
TX003963,C01971,431.55,UPI,returning,one_time,success,none,0,0.72,207,1,322,0
TX003964,C01135,653.47,WALLET,new,monthly,success,none,0,0.92,210,1,777,0
TX003965,C00600,2257.47,UPI,returning,yearly,failed,bank_timeout,0,0.77,259,0,213,0
TX003966,C02556,3518.96,UPI,new,monthly,success,none,0,0.75,65,1,261,0
TX003967,C02356,2958.7,NETBANKING,returning,monthly,success,none,0,0.77,361,0,691,0
TX003968,C00726,955.33,NETBANKING,returning,yearly,failed,bank_timeout,0,0.64,82,1,711,1
TX003969,C01770,123.4,CARD,new,monthly,failed,insufficient_funds,1,0.68,36,1,1057,0
TX003970,C01856,1558.95,WALLET,returning,one_time,success,none,0,0.89,352,1,1483,0
TX003971,C01433,4119.62,UPI,returning,one_time,success,none,0,0.56,285,1,1276,0
TX003972,C02781,3328.95,UPI,new,yearly,success,none,0,0.84,297,1,1197,0
TX003973,C00373,1663.46,UPI,returning,yearly,failed,card_declined,1,0.77,328,1,93,0
TX003974,C00774,375.95,UPI,new,monthly,failed,expired_card,0,0.8,305,1,746,0
TX003975,C00286,683.5,CARD,returning,monthly,success,none,0,0.93,356,1,471,0
TX003976,C02079,6250.6,UPI,returning,one_time,success,none,0,0.77,12,1,1144,0
TX003977,C01933,306.42,CARD,returning,monthly,success,none,0,0.82,97,1,1446,0
TX003978,C02962,390.31,UPI,new,one_time,success,none,0,0.64,354,1,520,0
TX003979,C01627,2561.37,UPI,returning,one_time,success,none,0,0.66,182,1,1489,0
TX003980,C00452,743.94,CARD,returning,one_time,failed,bank_timeout,0,0.58,176,1,199,1
TX003981,C01353,378.58,UPI,returning,monthly,success,none,0,0.59,170,1,23,0
TX003982,C00266,4338.02,CARD,returning,yearly,failed,network_error,0,0.97,32,1,526,1
TX003983,C02013,1660.63,CARD,returning,yearly,success,none,0,0.81,200,1,1333,0
TX003984,C02023,777.73,CARD,returning,one_time,success,none,0,0.59,115,1,251,0
TX003985,C02573,391.04,NETBANKING,new,one_time,success,none,0,0.86,113,1,474,0
TX003986,C01020,6923.43,WALLET,new,one_time,failed,card_declined,0,0.82,38,0,721,0
TX003987,C00931,1072.76,UPI,new,one_time,failed,insufficient_funds,0,0.77,283,1,880,0
TX003988,C00214,3856.81,CARD,new,monthly,failed,bank_timeout,1,0.76,120,1,1464,0
TX003989,C01246,2451.05,UPI,returning,monthly,failed,bank_timeout,3,0.72,187,1,1019,0
TX003990,C01426,686.21,UPI,returning,one_time,success,none,0,0.58,47,1,1182,0
TX003991,C02264,691.15,CARD,returning,yearly,failed,network_error,2,0.59,34,1,1198,1
TX003992,C02262,4030.65,CARD,new,monthly,success,none,0,0.79,92,1,1044,0
TX003993,C00421,4089.86,NETBANKING,returning,one_time,success,none,0,0.78,64,1,1114,0
TX003994,C00856,202.51,CARD,new,monthly,failed,expired_card,2,0.83,25,1,558,0
TX003995,C01535,1798.67,CARD,new,one_time,success,none,0,0.89,231,1,374,0
TX003996,C01006,983.29,CARD,returning,monthly,success,none,0,0.88,94,1,235,0
TX003997,C00077,432.68,UPI,new,monthly,success,none,0,0.91,213,1,873,0
TX003998,C02538,1387.93,UPI,returning,one_time,success,none,0,0.91,125,1,1020,0
TX003999,C02194,325.5,UPI,returning,monthly,success,none,0,0.53,275,1,942,0
TX004000,C01561,720.68,CARD,returning,yearly,failed,insufficient_funds,0,0.63,333,0,189,1
TX004001,C00953,534.52,UPI,new,monthly,success,none,0,0.72,348,1,1111,0
TX004002,C02529,699.38,UPI,new,monthly,success,none,0,0.88,69,1,798,0
TX004003,C00106,1028.31,UPI,returning,monthly,success,none,0,0.67,238,1,303,0
TX004004,C01340,439.65,CARD,returning,monthly,success,none,0,0.57,302,1,1267,0
TX004005,C02403,4518.16,UPI,returning,yearly,failed,network_error,2,0.73,244,1,1427,0
TX004006,C02859,1709.5,UPI,new,one_time,success,none,0,0.59,298,1,1326,0
TX004007,C00755,5514.34,UPI,returning,one_time,success,none,0,0.87,70,1,364,0
TX004008,C01953,949.49,UPI,new,monthly,success,none,0,0.72,205,1,699,0
TX004009,C00570,669.2,UPI,returning,yearly,success,none,0,0.73,7,1,389,0
TX004010,C00348,5337.83,NETBANKING,returning,monthly,failed,insufficient_funds,1,0.91,160,1,44,0
TX004011,C01060,651.81,UPI,new,yearly,success,none,0,0.54,41,1,797,0
TX004012,C02656,934.06,UPI,new,monthly,success,none,0,0.74,146,1,1399,0
TX004013,C02069,2096.54,CARD,returning,one_time,success,none,0,0.77,250,1,97,0
TX004014,C01468,359.98,CARD,returning,yearly,failed,network_error,0,0.72,332,1,812,0
TX004015,C00849,2080.09,UPI,returning,monthly,success,none,0,0.89,71,1,532,0
TX004016,C00425,1853.84,UPI,returning,monthly,success,none,0,0.55,348,1,1003,0
TX004017,C00813,3437.13,NETBANKING,returning,monthly,success,none,0,0.81,36,1,188,0
TX004018,C00459,2443.14,WALLET,new,one_time,failed,network_error,0,0.83,256,1,1453,0
TX004019,C00562,3533.28,UPI,returning,monthly,success,none,0,0.88,333,1,256,0
TX004020,C02063,992.89,CARD,returning,one_time,failed,bank_timeout,2,0.77,315,1,167,0
TX004021,C00399,504.51,UPI,returning,monthly,success,none,0,0.65,136,1,509,0
TX004022,C00143,7324.55,UPI,returning,monthly,failed,insufficient_funds,0,0.69,286,1,1218,0
TX004023,C01628,277.54,UPI,returning,one_time,success,none,0,0.85,245,1,1135,0
TX004024,C00860,303.73,CARD,new,one_time,success,none,0,0.66,261,1,1400,0
TX004025,C01365,1823.69,UPI,returning,one_time,success,none,0,0.87,277,1,1099,0
TX004026,C00420,4733.82,UPI,new,monthly,success,none,0,0.39,88,1,193,0
TX004027,C00630,1300.62,UPI,returning,one_time,failed,card_declined,1,0.74,139,1,419,0
TX004028,C01324,2695.59,UPI,returning,monthly,failed,insufficient_funds,1,0.72,151,0,1483,0
TX004029,C02071,181.96,UPI,new,monthly,failed,expired_card,0,0.71,229,1,383,0
TX004030,C01244,699.53,UPI,returning,one_time,success,none,0,0.7,91,1,1472,0
TX004031,C01626,203.05,CARD,returning,monthly,failed,insufficient_funds,0,0.41,49,0,741,0
TX004032,C01566,2213.59,UPI,new,monthly,success,none,0,0.63,275,1,337,0
TX004033,C00807,272.46,UPI,returning,monthly,success,none,0,0.9,134,1,113,0
TX004034,C00839,347.22,CARD,new,one_time,success,none,0,0.5,110,1,883,0
TX004035,C01278,1741.71,UPI,returning,monthly,success,none,0,0.97,363,0,1499,0
TX004036,C00097,2851.62,UPI,returning,monthly,success,none,0,0.81,257,1,649,0
TX004037,C02057,950.44,NETBANKING,returning,monthly,failed,insufficient_funds,1,0.64,257,1,653,0
TX004038,C01844,1831.98,CARD,returning,one_time,failed,insufficient_funds,1,0.84,121,1,1160,1
TX004039,C00919,1779.36,UPI,returning,monthly,success,none,0,0.69,48,1,411,0
TX004040,C01122,903.36,UPI,new,yearly,success,none,0,0.67,23,0,1453,0
TX004041,C00987,409.43,UPI,returning,yearly,success,none,0,0.85,282,1,1124,0
TX004042,C01955,1823.3,UPI,returning,yearly,success,none,0,0.7,325,1,1486,0
TX004043,C02280,1904.14,NETBANKING,new,one_time,success,none,0,0.57,308,1,209,0
TX004044,C00327,2451.91,CARD,returning,monthly,failed,bank_timeout,0,0.77,152,1,840,0
TX004045,C01240,1452.24,UPI,new,one_time,success,none,0,0.79,139,0,229,0
TX004046,C00042,383.12,UPI,returning,monthly,success,none,0,0.81,84,1,1097,0
TX004047,C01357,2041.23,UPI,new,monthly,success,none,0,0.82,318,1,286,0
TX004048,C00745,1095.27,UPI,returning,monthly,success,none,0,0.9,195,1,1484,0
TX004049,C01008,710.19,UPI,new,yearly,success,none,0,0.86,42,1,723,0
TX004050,C01370,841.2,UPI,returning,yearly,failed,expired_card,2,0.79,49,1,4,0
TX004051,C00972,589.2,NETBANKING,returning,one_time,success,none,0,0.5,21,1,1310,0
TX004052,C01183,2440.5,CARD,new,yearly,success,none,0,0.86,5,1,212,0
TX004053,C02295,306.03,NETBANKING,new,yearly,success,none,0,0.53,257,1,623,0
TX004054,C02431,448.48,NETBANKING,returning,monthly,success,none,0,0.85,9,1,672,0
TX004055,C00018,815.75,NETBANKING,new,one_time,success,none,0,0.59,268,1,298,0
TX004056,C01134,4686.19,WALLET,new,one_time,success,none,0,0.85,361,1,1170,0
TX004057,C02541,2832.32,UPI,returning,one_time,failed,card_declined,1,0.84,303,1,1008,0
TX004058,C01592,250.45,UPI,returning,one_time,failed,bank_timeout,0,0.7,290,1,521,0
TX004059,C00616,3700.46,UPI,new,one_time,success,none,0,0.73,286,1,148,0
TX004060,C01781,3694.05,CARD,returning,one_time,failed,expired_card,1,0.85,308,1,604,0
TX004061,C00435,381.23,CARD,new,monthly,failed,bank_timeout,1,0.69,25,1,615,0
TX004062,C00066,113.37,UPI,returning,monthly,failed,bank_timeout,0,0.44,180,1,1374,0
TX004063,C01898,1027.62,NETBANKING,new,one_time,failed,insufficient_funds,1,0.9,120,1,245,1
TX004064,C01546,3011.47,CARD,returning,yearly,failed,bank_timeout,0,0.78,194,1,24,0
TX004065,C02270,4592.3,CARD,new,one_time,success,none,0,0.63,139,0,288,0
TX004066,C01035,500.82,UPI,returning,one_time,success,none,0,0.69,68,1,360,0
TX004067,C02563,5307.0,UPI,new,monthly,failed,bank_timeout,1,0.81,222,0,427,1
TX004068,C01264,147.65,UPI,returning,monthly,success,none,0,0.86,182,1,1490,0
TX004069,C02215,787.41,UPI,returning,one_time,success,none,0,0.75,78,1,254,0
TX004070,C00301,753.34,CARD,returning,monthly,success,none,0,0.49,212,1,323,0
TX004071,C00292,3093.64,UPI,new,one_time,success,none,0,0.64,55,1,927,0
TX004072,C02349,3527.95,UPI,returning,one_time,failed,network_error,2,0.9,300,1,1121,1
TX004073,C02502,2588.42,UPI,returning,monthly,success,none,0,0.61,220,1,1090,0
TX004074,C02828,325.22,CARD,new,one_time,success,none,0,0.82,311,1,130,0
TX004075,C00974,2383.58,UPI,new,yearly,success,none,0,0.77,172,1,1423,0
TX004076,C00067,1733.92,WALLET,returning,monthly,failed,network_error,0,0.7,299,1,116,1
TX004077,C02940,243.69,UPI,returning,one_time,success,none,0,0.69,88,1,1322,0
TX004078,C01805,170.66,NETBANKING,returning,monthly,success,none,0,0.88,347,1,518,0
TX004079,C00742,2791.1,UPI,returning,monthly,success,none,0,0.78,357,1,1116,0
TX004080,C02292,932.54,UPI,new,one_time,failed,insufficient_funds,3,0.73,330,1,852,0
TX004081,C02712,344.93,WALLET,new,yearly,success,none,0,0.91,272,1,69,0
TX004082,C00855,909.27,CARD,returning,monthly,failed,expired_card,0,0.79,102,1,991,0
TX004083,C02310,1521.78,CARD,returning,one_time,success,none,0,0.9,229,1,1288,0
TX004084,C02363,1017.84,CARD,returning,monthly,success,none,0,0.91,72,1,411,0
TX004085,C01506,271.3,UPI,returning,yearly,success,none,0,0.74,136,1,1270,0
TX004086,C01898,5984.94,CARD,returning,one_time,success,none,0,0.59,137,1,601,0
TX004087,C00809,2707.54,UPI,returning,one_time,failed,insufficient_funds,1,0.54,54,1,1450,0
TX004088,C02788,810.91,CARD,new,monthly,success,none,0,0.76,31,1,1429,0
TX004089,C02950,840.85,NETBANKING,returning,monthly,success,none,0,0.86,81,1,413,0
TX004090,C02944,1515.56,NETBANKING,new,one_time,success,none,0,0.69,303,1,201,0
TX004091,C02212,396.76,CARD,new,yearly,success,none,0,0.58,201,1,204,0
TX004092,C00128,1466.17,CARD,new,one_time,success,none,0,0.78,170,1,1,0
TX004093,C01100,331.07,UPI,returning,monthly,success,none,0,0.7,341,0,272,0
TX004094,C01335,1029.18,UPI,returning,yearly,failed,expired_card,0,0.9,44,1,688,0
TX004095,C02880,383.1,NETBANKING,new,one_time,success,none,0,0.71,52,0,1194,0
TX004096,C01641,400.9,CARD,returning,monthly,success,none,0,0.71,166,1,1445,0
TX004097,C01609,4822.99,UPI,returning,one_time,success,none,0,0.44,253,1,217,0
TX004098,C00441,1156.67,CARD,returning,monthly,success,none,0,0.76,201,1,1294,0
TX004099,C02382,1321.69,UPI,new,monthly,success,none,0,0.54,314,1,910,0
TX004100,C01009,179.43,NETBANKING,new,monthly,success,none,0,0.56,132,1,395,0
TX004101,C00276,640.79,NETBANKING,new,monthly,success,none,0,0.76,253,0,46,0
TX004102,C02963,1660.86,UPI,returning,one_time,success,none,0,0.86,115,1,222,0
TX004103,C00571,1306.0,UPI,new,one_time,success,none,0,0.74,94,1,43,0
TX004104,C00049,157.81,CARD,returning,one_time,success,none,0,0.74,162,1,675,0
TX004105,C00234,1321.37,UPI,returning,monthly,failed,insufficient_funds,0,0.85,213,1,1435,0
TX004106,C01358,1525.23,WALLET,new,yearly,success,none,0,0.88,92,1,1478,0
TX004107,C00309,3482.08,UPI,new,monthly,success,none,0,0.59,349,1,53,0
TX004108,C02528,608.07,UPI,returning,one_time,success,none,0,0.5,138,1,1134,0
TX004109,C01538,145.79,UPI,returning,yearly,success,none,0,0.78,180,1,1315,0
TX004110,C00972,447.16,CARD,returning,one_time,failed,card_declined,0,0.77,257,1,1237,1
TX004111,C00010,408.56,CARD,returning,yearly,failed,insufficient_funds,0,0.75,116,1,394,0
TX004112,C01440,2128.21,NETBANKING,returning,one_time,success,none,0,0.92,329,1,512,0
TX004113,C00454,100.0,WALLET,returning,one_time,success,none,0,0.79,277,1,309,0
TX004114,C02935,732.51,CARD,returning,yearly,failed,network_error,3,0.46,20,1,460,1
TX004115,C00874,3956.9,UPI,returning,monthly,success,none,0,0.85,146,0,196,0
TX004116,C01425,1103.77,UPI,returning,yearly,success,none,0,0.9,354,0,24,0
TX004117,C00056,2456.97,NETBANKING,new,monthly,success,none,0,0.69,278,0,1021,0
TX004118,C00393,250.23,UPI,returning,one_time,failed,expired_card,1,0.64,154,1,802,0
TX004119,C00623,259.36,NETBANKING,new,one_time,success,none,0,0.82,349,1,209,0
TX004120,C00156,3997.87,NETBANKING,returning,one_time,failed,insufficient_funds,0,0.68,308,1,719,1
TX004121,C02178,1201.22,CARD,new,monthly,success,none,0,0.52,187,1,1056,0
TX004122,C02837,1203.45,CARD,returning,one_time,failed,expired_card,0,0.81,240,0,321,0
TX004123,C02957,400.88,WALLET,returning,one_time,failed,insufficient_funds,1,0.83,259,1,1253,0
TX004124,C00798,1200.75,CARD,returning,one_time,failed,bank_timeout,3,0.75,300,1,175,0
TX004125,C02367,390.98,CARD,returning,monthly,success,none,0,0.83,59,1,1156,0
TX004126,C01513,3191.3,UPI,new,one_time,success,none,0,0.71,57,1,972,0
TX004127,C00138,12772.47,UPI,new,one_time,success,none,0,0.88,137,0,593,0
TX004128,C00273,1695.18,UPI,returning,one_time,success,none,0,0.75,46,1,714,0
TX004129,C01644,619.27,NETBANKING,returning,yearly,success,none,0,0.66,77,1,1283,0
TX004130,C01271,112.14,CARD,returning,monthly,success,none,0,0.54,18,1,1036,0
TX004131,C00026,240.8,CARD,returning,one_time,failed,card_declined,0,0.56,340,0,791,0
TX004132,C02791,4444.29,UPI,returning,monthly,success,none,0,0.92,80,1,270,0
TX004133,C02192,434.3,NETBANKING,returning,monthly,failed,expired_card,3,0.67,96,0,792,0
TX004134,C01508,785.44,UPI,returning,monthly,failed,insufficient_funds,0,0.74,235,1,96,1
TX004135,C02961,1977.9,CARD,new,one_time,success,none,0,0.7,125,1,22,0
TX004136,C02914,4163.29,UPI,returning,one_time,success,none,0,0.72,184,1,252,0
TX004137,C02922,916.33,NETBANKING,returning,yearly,failed,insufficient_funds,1,0.68,6,1,433,1
TX004138,C00777,761.89,CARD,returning,one_time,success,none,0,0.64,243,1,1057,0
TX004139,C02643,1169.65,UPI,new,monthly,success,none,0,0.61,344,1,421,0
TX004140,C01514,623.36,UPI,returning,one_time,success,none,0,0.75,354,1,5,0
TX004141,C02179,654.3,UPI,new,one_time,success,none,0,0.9,335,1,831,0
TX004142,C02579,1588.73,UPI,returning,monthly,success,none,0,0.46,59,0,985,0
TX004143,C00490,1295.64,UPI,returning,one_time,failed,bank_timeout,2,0.51,87,1,1190,0
TX004144,C01345,7468.47,UPI,returning,one_time,success,none,0,0.84,81,1,631,0
TX004145,C00387,1627.77,UPI,returning,monthly,success,none,0,0.84,292,1,923,0
TX004146,C00839,3090.32,UPI,returning,one_time,success,none,0,0.85,82,1,1341,0
TX004147,C01241,418.15,CARD,returning,yearly,success,none,0,0.82,257,1,1478,0
TX004148,C02567,1759.25,UPI,returning,monthly,failed,card_declined,3,0.73,264,1,814,0
TX004149,C02588,572.1,UPI,returning,yearly,success,none,0,0.41,343,1,654,0
TX004150,C01170,1565.42,NETBANKING,returning,yearly,failed,bank_timeout,0,0.9,12,1,1143,1
TX004151,C00988,2037.88,UPI,new,one_time,success,none,0,0.86,46,1,1228,0
TX004152,C01593,1146.97,CARD,new,yearly,failed,card_declined,2,0.74,123,0,844,0
TX004153,C02736,9571.96,NETBANKING,new,yearly,success,none,0,0.86,268,1,1432,0
TX004154,C02930,3964.69,CARD,returning,monthly,success,none,0,0.91,200,1,894,0
TX004155,C00681,3163.77,UPI,returning,monthly,failed,network_error,0,0.95,117,1,375,1
TX004156,C00560,2181.7,UPI,returning,one_time,success,none,0,0.88,5,1,348,0
TX004157,C02121,5361.64,NETBANKING,returning,one_time,success,none,0,0.83,8,0,139,0
TX004158,C00905,300.88,NETBANKING,returning,one_time,failed,bank_timeout,2,0.76,340,0,545,0
TX004159,C00600,3764.07,UPI,returning,one_time,success,none,0,0.84,364,0,229,0
TX004160,C00094,449.39,CARD,returning,monthly,failed,card_declined,3,0.78,351,1,1227,0
TX004161,C01210,659.9,NETBANKING,returning,monthly,failed,network_error,1,0.57,268,1,193,0
TX004162,C01176,1817.57,NETBANKING,new,one_time,success,none,0,0.89,300,1,1473,0
TX004163,C01690,3327.24,UPI,returning,one_time,success,none,0,0.64,185,1,1369,0
TX004164,C00601,388.3,UPI,returning,one_time,success,none,0,0.76,172,1,588,0
TX004165,C02144,691.39,UPI,new,yearly,failed,network_error,3,0.49,352,0,538,0
TX004166,C02041,1197.25,UPI,returning,monthly,failed,network_error,1,0.63,213,0,774,0
TX004167,C01388,927.29,CARD,returning,one_time,success,none,0,0.69,280,1,18,0
TX004168,C00544,2365.23,UPI,returning,monthly,failed,insufficient_funds,0,0.53,10,1,388,0
TX004169,C01521,24157.13,UPI,returning,monthly,success,none,0,0.85,72,1,855,0
TX004170,C02025,1599.41,UPI,new,monthly,failed,card_declined,0,0.6,293,1,306,0
TX004171,C01119,565.85,NETBANKING,returning,yearly,failed,card_declined,0,0.59,167,1,767,0
TX004172,C00791,341.43,NETBANKING,new,monthly,success,none,0,0.69,5,1,852,0
TX004173,C01520,818.33,NETBANKING,returning,one_time,failed,insufficient_funds,1,0.67,225,0,521,0
TX004174,C01066,470.49,NETBANKING,returning,yearly,success,none,0,0.5,229,1,107,0
TX004175,C01202,1670.36,WALLET,returning,monthly,failed,card_declined,0,0.76,104,1,148,1
TX004176,C01047,1647.18,UPI,returning,one_time,success,none,0,0.91,33,1,1099,0
TX004177,C00911,722.81,UPI,new,monthly,success,none,0,0.87,150,1,596,0
TX004178,C02151,6545.02,NETBANKING,returning,monthly,success,none,0,0.8,289,1,163,0
TX004179,C01381,565.72,CARD,returning,monthly,success,none,0,0.66,3,1,907,0
TX004180,C01400,984.87,UPI,returning,monthly,success,none,0,0.63,193,1,93,0
TX004181,C01960,1949.34,WALLET,new,one_time,failed,bank_timeout,1,0.9,202,1,1456,0
TX004182,C01084,2447.57,UPI,new,monthly,failed,expired_card,3,0.79,58,1,313,0
TX004183,C00304,3462.75,NETBANKING,returning,one_time,success,none,0,0.91,167,1,606,0
TX004184,C02558,1612.67,CARD,returning,one_time,success,none,0,0.78,25,1,1341,0
TX004185,C00168,2823.75,UPI,new,monthly,failed,network_error,1,0.88,129,1,913,0
TX004186,C01716,602.69,NETBANKING,returning,one_time,success,none,0,0.49,90,1,178,0
TX004187,C00798,2505.58,CARD,returning,one_time,failed,bank_timeout,0,0.68,183,1,672,0
TX004188,C00642,2475.64,CARD,returning,one_time,success,none,0,0.96,353,0,889,0
TX004189,C00126,4279.53,CARD,returning,monthly,success,none,0,0.75,81,1,959,0
TX004190,C02701,244.3,UPI,returning,one_time,failed,expired_card,1,0.69,45,0,681,0
TX004191,C01288,484.7,UPI,returning,one_time,failed,network_error,1,0.84,203,0,482,1
TX004192,C01028,2300.37,UPI,new,monthly,failed,bank_timeout,1,0.83,166,0,934,0
TX004193,C02224,100.86,UPI,new,monthly,failed,expired_card,0,0.81,13,1,327,0
TX004194,C00117,1707.53,UPI,returning,monthly,success,none,0,0.76,100,1,602,0
TX004195,C01694,2846.44,UPI,new,monthly,success,none,0,0.62,233,1,1011,0
TX004196,C01484,652.79,UPI,new,one_time,failed,bank_timeout,0,0.67,242,1,706,1
TX004197,C01661,744.59,CARD,new,one_time,success,none,0,0.96,299,1,1,0
TX004198,C00372,417.08,UPI,returning,one_time,success,none,0,0.87,280,1,1468,0
TX004199,C02858,685.81,UPI,returning,monthly,failed,insufficient_funds,1,0.85,142,0,399,0
TX004200,C00716,703.94,NETBANKING,returning,monthly,success,none,0,0.71,342,1,462,0
TX004201,C02036,593.15,WALLET,returning,monthly,success,none,0,0.81,150,0,17,0
TX004202,C02242,564.58,NETBANKING,returning,yearly,failed,network_error,2,0.85,170,1,268,0
TX004203,C01032,859.28,UPI,returning,one_time,failed,card_declined,0,0.56,52,1,168,0
TX004204,C00393,849.97,CARD,returning,yearly,failed,bank_timeout,0,0.71,169,1,49,0
TX004205,C00891,5923.71,UPI,new,monthly,success,none,0,0.95,343,0,25,0
TX004206,C02421,769.11,CARD,returning,monthly,success,none,0,0.9,102,1,950,0
TX004207,C02720,1494.78,NETBANKING,new,monthly,success,none,0,0.69,361,1,101,0
TX004208,C02811,652.5,UPI,returning,monthly,success,none,0,0.56,273,1,188,0
TX004209,C00679,645.07,NETBANKING,returning,one_time,success,none,0,0.95,78,1,436,0
TX004210,C01820,236.53,CARD,new,one_time,success,none,0,0.78,362,1,1293,0
TX004211,C00454,266.61,UPI,new,one_time,failed,network_error,0,0.59,305,1,31,1
TX004212,C02132,370.07,UPI,returning,one_time,success,none,0,0.83,130,1,917,0
TX004213,C01248,1293.78,NETBANKING,returning,one_time,failed,bank_timeout,1,0.71,323,1,572,1
TX004214,C02141,2888.68,UPI,returning,one_time,failed,bank_timeout,2,0.53,256,1,1189,1
TX004215,C02056,219.64,UPI,new,yearly,failed,insufficient_funds,1,0.79,6,1,1300,0
TX004216,C02979,669.03,UPI,returning,one_time,failed,network_error,0,0.86,281,0,1064,0
TX004217,C01466,320.47,WALLET,returning,yearly,failed,network_error,1,0.37,320,1,1387,0
TX004218,C01025,864.5,UPI,returning,monthly,success,none,0,0.93,297,1,1128,0
TX004219,C01581,2887.63,WALLET,returning,one_time,success,none,0,0.93,168,1,925,0
TX004220,C00489,733.48,CARD,returning,one_time,failed,insufficient_funds,2,0.72,221,1,1474,0
TX004221,C00336,1050.72,UPI,new,one_time,success,none,0,0.52,275,1,97,0
TX004222,C01558,4063.12,UPI,returning,one_time,success,none,0,0.94,148,1,890,0
TX004223,C02477,1655.92,CARD,new,one_time,success,none,0,0.95,145,1,328,0
TX004224,C01600,553.31,UPI,new,monthly,success,none,0,0.9,216,1,464,0
TX004225,C02346,1265.25,UPI,returning,one_time,success,none,0,0.74,7,1,924,0
TX004226,C00534,520.72,UPI,returning,monthly,failed,bank_timeout,0,0.53,37,1,904,0
TX004227,C01349,1601.08,NETBANKING,returning,monthly,success,none,0,0.48,314,0,805,0
TX004228,C01840,1743.77,CARD,new,monthly,success,none,0,0.74,354,0,792,0
TX004229,C01044,320.4,UPI,new,yearly,success,none,0,0.8,163,1,789,0
TX004230,C00043,1283.87,UPI,new,one_time,success,none,0,0.87,57,1,312,0
TX004231,C00221,986.52,UPI,returning,one_time,failed,card_declined,1,0.82,45,1,763,0
TX004232,C02784,1790.43,CARD,new,yearly,success,none,0,0.78,80,0,462,0
TX004233,C01816,2317.43,UPI,returning,yearly,success,none,0,0.94,142,1,470,0
TX004234,C00794,1685.31,WALLET,returning,monthly,success,none,0,0.81,218,1,985,0
TX004235,C00777,834.74,NETBANKING,returning,monthly,success,none,0,0.51,104,1,462,0
TX004236,C00119,2540.2,UPI,returning,one_time,success,none,0,0.94,197,1,705,0
TX004237,C02835,499.82,NETBANKING,returning,monthly,success,none,0,0.8,248,1,595,0
TX004238,C00325,334.13,CARD,returning,one_time,success,none,0,0.44,24,1,473,0
TX004239,C02279,100.0,CARD,returning,monthly,success,none,0,0.83,205,1,1497,0
TX004240,C00721,1029.55,UPI,returning,monthly,success,none,0,0.7,204,1,874,0
TX004241,C01007,523.54,NETBANKING,new,one_time,failed,network_error,0,0.4,262,1,226,0
TX004242,C00822,1568.66,UPI,returning,monthly,failed,network_error,0,0.59,243,1,413,0
TX004243,C02474,186.03,NETBANKING,new,monthly,success,none,0,0.98,353,1,247,0
TX004244,C00099,612.49,UPI,returning,one_time,success,none,0,0.87,175,1,1473,0
TX004245,C01057,1674.45,UPI,returning,monthly,failed,card_declined,1,0.7,88,1,1197,0
TX004246,C00839,434.04,WALLET,returning,monthly,success,none,0,0.74,211,1,1142,0
TX004247,C00819,1584.99,UPI,new,one_time,failed,bank_timeout,1,0.46,66,1,462,0
TX004248,C00579,664.26,UPI,new,one_time,success,none,0,0.52,43,0,229,0
TX004249,C02738,1064.73,NETBANKING,returning,one_time,success,none,0,0.47,243,1,1421,0
TX004250,C01136,1873.65,UPI,new,one_time,failed,insufficient_funds,3,0.54,327,1,516,0
TX004251,C01255,2585.09,NETBANKING,returning,monthly,failed,bank_timeout,0,0.87,206,1,1084,0
TX004252,C01156,1191.83,NETBANKING,returning,monthly,success,none,0,0.75,362,1,394,0
TX004253,C02941,527.1,UPI,returning,one_time,success,none,0,0.69,204,1,640,0
TX004254,C01018,726.16,CARD,returning,monthly,success,none,0,0.8,224,1,382,0
TX004255,C01026,1945.47,WALLET,returning,one_time,success,none,0,0.77,231,1,340,0
TX004256,C00984,437.41,NETBANKING,new,monthly,failed,insufficient_funds,2,0.48,201,1,356,0
TX004257,C00981,934.25,UPI,returning,one_time,failed,network_error,3,0.43,97,1,637,0
TX004258,C00270,774.88,CARD,returning,monthly,failed,card_declined,0,0.69,256,1,146,0
TX004259,C01813,999.22,CARD,new,one_time,success,none,0,0.84,196,0,24,0
TX004260,C00076,442.15,UPI,returning,monthly,success,none,0,0.8,323,1,488,0
TX004261,C00678,207.11,CARD,returning,monthly,success,none,0,0.84,52,1,1270,0
TX004262,C00607,1752.27,UPI,new,yearly,success,none,0,0.66,68,0,82,0
TX004263,C00875,2611.6,UPI,returning,one_time,failed,network_error,0,0.77,232,1,1056,0
TX004264,C02270,218.56,UPI,new,yearly,failed,insufficient_funds,3,0.84,181,0,1145,0
TX004265,C01799,1528.49,NETBANKING,returning,one_time,failed,expired_card,0,0.92,147,1,1443,0
TX004266,C02973,2906.96,UPI,new,one_time,failed,bank_timeout,1,0.8,148,0,278,0
TX004267,C01054,1874.92,UPI,returning,monthly,failed,bank_timeout,0,0.93,240,1,1052,1
TX004268,C02786,753.7,UPI,returning,one_time,success,none,0,0.81,59,1,155,0
TX004269,C00135,469.12,UPI,new,monthly,success,none,0,0.54,176,1,1194,0
TX004270,C01513,1179.54,WALLET,new,one_time,success,none,0,0.68,150,1,1132,0
TX004271,C02397,1370.6,UPI,returning,monthly,success,none,0,0.96,205,1,1167,0
TX004272,C01596,1195.39,UPI,returning,monthly,failed,insufficient_funds,3,0.9,320,1,1128,0
TX004273,C02800,932.51,WALLET,returning,monthly,success,none,0,0.83,16,1,893,0
TX004274,C00944,413.9,UPI,returning,monthly,success,none,0,0.75,42,1,630,0
TX004275,C00100,1604.26,UPI,new,monthly,success,none,0,0.72,174,0,630,0
TX004276,C02322,1675.34,NETBANKING,returning,monthly,failed,bank_timeout,0,0.8,66,1,1309,0
TX004277,C00205,1313.88,CARD,returning,monthly,success,none,0,0.86,204,1,809,0
TX004278,C02295,1211.84,UPI,returning,monthly,success,none,0,0.88,234,1,620,0
TX004279,C02201,4970.74,CARD,returning,monthly,success,none,0,0.8,354,1,1207,0
TX004280,C02533,625.19,CARD,returning,one_time,success,none,0,0.57,78,1,765,0
TX004281,C01437,3474.8,CARD,returning,one_time,success,none,0,0.56,62,1,210,0
TX004282,C02687,566.44,UPI,returning,monthly,success,none,0,0.79,64,1,1187,0
TX004283,C00510,2975.17,NETBANKING,new,monthly,failed,bank_timeout,0,0.86,272,1,939,0
TX004284,C01304,3327.68,CARD,returning,yearly,success,none,0,0.7,337,1,198,0
TX004285,C00366,842.4,CARD,new,yearly,success,none,0,0.88,114,1,1005,0
TX004286,C02301,4889.6,NETBANKING,returning,yearly,success,none,0,0.93,161,1,77,0
TX004287,C02143,1672.6,NETBANKING,new,monthly,success,none,0,0.73,360,1,1464,0
TX004288,C02420,497.93,CARD,returning,monthly,failed,expired_card,0,0.64,78,1,928,0
TX004289,C02294,783.1,UPI,new,one_time,success,none,0,0.64,19,1,501,0
TX004290,C00926,3039.61,UPI,new,one_time,success,none,0,0.71,185,1,540,0
TX004291,C00205,2516.84,CARD,new,monthly,failed,network_error,2,0.9,205,0,1389,1
TX004292,C02788,423.17,UPI,returning,monthly,success,none,0,0.76,25,1,353,0
TX004293,C01479,967.45,CARD,new,one_time,success,none,0,0.91,210,1,113,0
TX004294,C00284,1317.08,CARD,returning,yearly,success,none,0,0.89,85,1,1225,0
TX004295,C02782,694.47,CARD,returning,yearly,failed,expired_card,0,0.84,50,1,767,0
TX004296,C02983,9154.67,UPI,returning,one_time,success,none,0,0.69,208,1,893,0
TX004297,C01337,1353.29,NETBANKING,returning,one_time,failed,bank_timeout,0,0.9,314,1,294,1
TX004298,C02311,1037.29,CARD,returning,yearly,failed,expired_card,0,0.56,67,1,1334,0
TX004299,C00109,3202.75,UPI,returning,one_time,success,none,0,0.91,54,1,835,0
TX004300,C00280,789.43,CARD,new,one_time,success,none,0,0.83,337,1,671,0
TX004301,C00830,2715.37,UPI,returning,monthly,success,none,0,0.79,294,1,887,0
TX004302,C01969,244.46,CARD,returning,monthly,success,none,0,0.92,90,1,879,0
TX004303,C00401,729.03,UPI,new,monthly,success,none,0,0.85,107,1,821,0
TX004304,C00103,2819.07,CARD,new,monthly,success,none,0,0.75,105,1,1297,0
TX004305,C02007,4506.06,UPI,returning,monthly,success,none,0,0.81,159,1,909,0
TX004306,C02311,546.77,UPI,returning,monthly,success,none,0,0.56,258,1,649,0
TX004307,C02218,492.34,UPI,new,monthly,success,none,0,0.54,286,1,1239,0
TX004308,C02398,1827.5,UPI,returning,one_time,success,none,0,0.87,316,1,1104,0
TX004309,C02409,625.95,NETBANKING,new,one_time,failed,bank_timeout,1,0.68,362,1,175,0
TX004310,C01808,861.16,NETBANKING,returning,monthly,success,none,0,0.65,31,1,364,0
TX004311,C01559,2413.33,UPI,returning,one_time,success,none,0,0.88,240,0,1325,0
TX004312,C02571,672.03,UPI,returning,one_time,success,none,0,0.87,203,1,23,0
TX004313,C01045,187.0,CARD,returning,one_time,failed,insufficient_funds,1,0.87,326,0,1261,0
TX004314,C00294,340.03,UPI,returning,one_time,success,none,0,0.54,268,0,932,0
TX004315,C02256,1106.5,UPI,new,monthly,success,none,0,0.9,303,1,35,0
TX004316,C00828,204.98,UPI,new,one_time,success,none,0,0.9,315,1,476,0
TX004317,C02937,839.29,CARD,returning,one_time,success,none,0,0.83,294,1,805,0
TX004318,C01243,313.28,WALLET,returning,monthly,success,none,0,0.72,32,0,316,0
TX004319,C02556,4797.96,UPI,returning,monthly,success,none,0,0.96,227,0,559,0
TX004320,C00128,7697.33,WALLET,returning,monthly,success,none,0,0.7,363,1,1457,0
TX004321,C01978,423.11,NETBANKING,returning,one_time,success,none,0,0.64,169,1,1346,0
TX004322,C01345,1381.72,WALLET,returning,monthly,failed,card_declined,0,0.65,37,0,353,0
TX004323,C01388,462.03,CARD,returning,monthly,success,none,0,0.9,18,1,902,0
TX004324,C00796,830.16,NETBANKING,new,one_time,failed,insufficient_funds,1,0.9,293,1,1375,0
TX004325,C02914,5558.72,CARD,returning,one_time,success,none,0,0.76,311,1,867,0
TX004326,C01179,720.53,NETBANKING,returning,one_time,success,none,0,0.61,54,1,960,0
TX004327,C02552,847.73,UPI,returning,one_time,failed,card_declined,0,0.77,349,1,364,0
TX004328,C01276,469.53,CARD,returning,one_time,success,none,0,0.88,225,1,204,0
TX004329,C00145,3076.57,CARD,returning,one_time,failed,card_declined,0,0.73,119,1,905,1
TX004330,C02639,100.0,UPI,new,monthly,success,none,0,0.91,124,1,1315,0
TX004331,C00556,736.19,UPI,returning,monthly,failed,network_error,1,0.8,85,1,885,1
TX004332,C00812,1052.27,UPI,new,monthly,success,none,0,0.94,124,1,158,0
TX004333,C02584,604.88,UPI,returning,yearly,failed,insufficient_funds,1,0.78,42,1,1068,0
TX004334,C02682,2385.56,UPI,returning,one_time,failed,card_declined,2,0.84,135,1,973,0
TX004335,C02751,3235.13,UPI,returning,monthly,failed,card_declined,1,0.96,57,1,930,1
TX004336,C01278,307.71,UPI,returning,one_time,success,none,0,0.75,262,1,529,0
TX004337,C02271,7216.59,CARD,returning,monthly,failed,bank_timeout,1,0.53,264,1,1129,0
TX004338,C00984,304.62,UPI,returning,monthly,success,none,0,0.86,142,1,311,0
TX004339,C02222,3497.37,UPI,new,monthly,success,none,0,0.72,363,1,1421,0
TX004340,C01508,1254.94,UPI,returning,monthly,success,none,0,0.69,340,1,660,0
TX004341,C00156,696.92,UPI,new,monthly,success,none,0,0.51,279,1,297,0
TX004342,C01254,758.67,UPI,returning,monthly,success,none,0,0.78,73,1,252,0
TX004343,C01404,1064.05,WALLET,returning,one_time,failed,bank_timeout,0,0.87,177,1,394,1
TX004344,C00773,1322.89,UPI,returning,one_time,success,none,0,0.52,2,1,1373,0
TX004345,C01124,479.08,UPI,returning,monthly,failed,expired_card,2,0.71,20,1,97,0
TX004346,C01509,888.43,CARD,new,monthly,success,none,0,0.82,64,1,934,0
TX004347,C00150,548.07,NETBANKING,returning,one_time,success,none,0,0.53,252,1,784,0
TX004348,C00456,367.4,UPI,returning,yearly,failed,bank_timeout,2,0.79,350,1,801,0
TX004349,C02301,525.54,UPI,returning,yearly,success,none,0,0.63,8,1,357,0
TX004350,C01056,389.56,CARD,new,monthly,success,none,0,0.9,234,1,1039,0
TX004351,C01826,751.34,UPI,returning,monthly,success,none,0,0.62,168,1,288,0
TX004352,C01698,1618.46,UPI,returning,one_time,success,none,0,0.74,224,1,1343,0
TX004353,C01654,1222.48,WALLET,new,monthly,success,none,0,0.83,155,1,484,0
TX004354,C01241,6482.82,WALLET,new,yearly,success,none,0,0.59,356,1,1016,0
TX004355,C01450,149.99,CARD,returning,one_time,failed,network_error,0,0.9,90,0,395,0
TX004356,C02472,1673.06,UPI,new,one_time,success,none,0,0.63,166,1,1426,0
TX004357,C02896,1102.99,CARD,returning,yearly,failed,network_error,1,0.89,256,1,730,1
TX004358,C00771,2284.96,WALLET,new,one_time,success,none,0,0.72,114,1,431,0
TX004359,C02009,2089.79,NETBANKING,new,yearly,failed,network_error,2,0.77,360,1,1312,1
TX004360,C02910,945.3,UPI,returning,one_time,success,none,0,0.74,4,1,1435,0
TX004361,C00023,1280.99,UPI,new,one_time,success,none,0,0.82,228,1,68,0
TX004362,C02355,561.35,UPI,new,yearly,failed,card_declined,2,0.61,102,1,1028,0
TX004363,C01491,1905.14,NETBANKING,new,one_time,success,none,0,0.49,42,0,1290,0
TX004364,C02903,202.15,UPI,new,monthly,failed,expired_card,0,0.47,174,1,509,0
TX004365,C01735,2206.46,UPI,returning,one_time,failed,insufficient_funds,0,0.93,218,1,918,0
TX004366,C02515,1074.0,UPI,returning,monthly,success,none,0,0.96,1,1,934,0
TX004367,C00499,707.43,UPI,returning,one_time,success,none,0,0.85,231,1,621,0
TX004368,C00427,889.55,NETBANKING,new,monthly,success,none,0,0.59,314,1,1018,0
TX004369,C02780,950.25,UPI,new,yearly,success,none,0,0.83,3,1,1048,0
TX004370,C01580,3524.78,UPI,returning,one_time,success,none,0,0.74,200,1,606,0
TX004371,C01676,20133.58,CARD,new,one_time,success,none,0,0.73,351,1,1482,0
TX004372,C00510,3287.5,CARD,new,monthly,success,none,0,0.68,321,1,818,0
TX004373,C00681,659.32,CARD,new,yearly,success,none,0,0.83,173,1,1281,0
TX004374,C02455,1932.95,NETBANKING,returning,one_time,success,none,0,0.79,259,0,166,0
TX004375,C00910,2010.21,UPI,returning,yearly,success,none,0,0.77,113,1,843,0
TX004376,C01753,476.92,UPI,new,yearly,failed,insufficient_funds,0,0.69,229,1,377,0
TX004377,C00950,352.58,UPI,new,monthly,success,none,0,0.81,51,1,890,0
TX004378,C00791,1035.92,CARD,returning,one_time,failed,network_error,2,0.69,259,1,10,0
TX004379,C00499,2268.64,NETBANKING,new,monthly,success,none,0,0.78,170,1,496,0
TX004380,C02789,257.08,UPI,returning,monthly,success,none,0,0.8,270,1,298,0
TX004381,C02821,573.18,CARD,returning,monthly,failed,insufficient_funds,0,0.78,295,1,958,0
TX004382,C00346,1836.08,CARD,new,one_time,success,none,0,0.84,146,1,1420,0
TX004383,C01060,1138.6,WALLET,returning,monthly,success,none,0,0.49,107,1,100,0
TX004384,C01692,3923.13,UPI,returning,monthly,success,none,0,0.48,262,1,451,0
TX004385,C01150,307.9,UPI,returning,monthly,success,none,0,0.79,141,1,1343,0
TX004386,C02164,9108.36,CARD,returning,monthly,failed,bank_timeout,2,0.52,316,1,826,0
TX004387,C00781,274.73,NETBANKING,returning,one_time,failed,insufficient_funds,2,0.88,171,1,464,0
TX004388,C00177,176.58,CARD,returning,one_time,success,none,0,0.72,274,1,889,0
TX004389,C01011,1040.0,NETBANKING,returning,one_time,failed,expired_card,1,0.91,345,1,1022,0
TX004390,C01794,395.04,UPI,new,one_time,success,none,0,0.94,246,1,1064,0
TX004391,C00542,1059.04,CARD,new,monthly,success,none,0,0.63,217,0,1273,0
TX004392,C02448,1026.23,UPI,new,monthly,success,none,0,0.69,304,1,672,0
TX004393,C00037,919.48,UPI,returning,one_time,success,none,0,0.83,297,1,1158,0
TX004394,C00203,513.8,UPI,returning,one_time,failed,card_declined,0,0.58,77,1,203,0
TX004395,C01527,1618.72,UPI,returning,monthly,success,none,0,0.91,145,1,552,0
TX004396,C01537,824.19,UPI,returning,one_time,success,none,0,0.79,118,1,920,0
TX004397,C00885,2961.05,CARD,returning,yearly,success,none,0,0.77,297,1,1497,0
TX004398,C00776,932.31,NETBANKING,returning,monthly,failed,network_error,0,0.75,210,1,963,0
TX004399,C00210,460.27,UPI,returning,yearly,success,none,0,0.63,44,1,1296,0
TX004400,C01989,240.1,UPI,new,monthly,failed,card_declined,2,0.68,75,1,613,0
TX004401,C01138,939.27,UPI,returning,yearly,failed,bank_timeout,2,0.78,108,1,1260,0
TX004402,C00357,349.92,UPI,returning,monthly,failed,card_declined,1,0.83,253,0,1486,0
TX004403,C01200,325.39,UPI,returning,one_time,success,none,0,0.7,218,0,1227,0
TX004404,C02812,1762.89,CARD,returning,monthly,success,none,0,0.52,275,1,560,0
TX004405,C00784,221.43,NETBANKING,new,one_time,success,none,0,0.65,157,1,1232,0
TX004406,C02685,3908.75,UPI,returning,monthly,success,none,0,0.75,10,1,39,0
TX004407,C00777,1266.16,CARD,returning,one_time,success,none,0,0.56,113,0,1171,0
TX004408,C00558,1054.2,CARD,returning,monthly,success,none,0,0.64,241,0,226,0
TX004409,C00782,432.12,UPI,returning,monthly,success,none,0,0.88,117,1,1423,0
TX004410,C00970,2181.86,UPI,returning,yearly,success,none,0,0.86,12,1,1419,0
TX004411,C00362,1093.77,UPI,returning,one_time,failed,network_error,1,0.83,293,1,696,0
TX004412,C01763,591.41,UPI,new,yearly,failed,card_declined,1,0.77,18,1,1119,1
TX004413,C01001,1312.7,NETBANKING,returning,monthly,success,none,0,0.89,261,1,421,0
TX004414,C02155,241.17,UPI,new,one_time,success,none,0,0.74,55,0,1260,0
TX004415,C01473,251.69,UPI,new,one_time,success,none,0,0.65,283,1,1161,0
TX004416,C01328,400.15,UPI,returning,one_time,failed,bank_timeout,1,0.86,84,1,1445,1
TX004417,C01413,1502.03,UPI,returning,one_time,success,none,0,0.69,208,1,1442,0
TX004418,C00469,1093.42,NETBANKING,returning,monthly,success,none,0,0.62,315,1,1055,0
TX004419,C02139,2818.84,UPI,returning,one_time,success,none,0,0.97,70,1,1439,0
TX004420,C00313,479.15,CARD,returning,one_time,failed,network_error,1,0.5,203,1,254,1
TX004421,C02165,1839.41,UPI,returning,monthly,failed,network_error,0,0.74,295,1,851,0
TX004422,C03000,989.81,UPI,returning,monthly,success,none,0,0.83,21,1,1269,0
TX004423,C02292,469.31,UPI,returning,yearly,failed,card_declined,1,0.53,159,1,632,0
TX004424,C01367,1551.19,NETBANKING,returning,one_time,success,none,0,0.6,350,0,304,0
TX004425,C00944,1033.38,UPI,returning,monthly,success,none,0,0.71,298,1,818,0
TX004426,C02618,622.53,CARD,returning,yearly,failed,card_declined,1,0.76,170,1,1029,0
TX004427,C00772,1138.88,UPI,returning,one_time,success,none,0,0.72,11,1,281,0
TX004428,C01448,975.96,CARD,returning,monthly,failed,card_declined,0,0.92,201,1,49,0
TX004429,C02313,954.97,CARD,returning,yearly,success,none,0,0.64,17,1,1473,0
TX004430,C02768,756.47,CARD,returning,monthly,success,none,0,0.66,258,1,510,0
TX004431,C02763,338.85,UPI,returning,yearly,success,none,0,0.7,116,1,1009,0
TX004432,C00264,1172.96,UPI,new,yearly,success,none,0,0.49,306,1,775,0
TX004433,C02695,532.49,NETBANKING,new,one_time,failed,bank_timeout,0,0.59,159,1,1309,1
TX004434,C00343,437.77,CARD,returning,monthly,failed,insufficient_funds,1,0.79,215,1,1047,0
TX004435,C01754,883.04,UPI,new,monthly,success,none,0,0.77,64,1,327,0
TX004436,C02789,2123.08,UPI,returning,yearly,success,none,0,0.81,228,1,1279,0
TX004437,C01965,1296.02,UPI,new,monthly,failed,card_declined,1,0.44,179,1,1058,0
TX004438,C02843,679.92,UPI,new,monthly,failed,insufficient_funds,2,0.92,32,1,89,0
TX004439,C01034,655.76,UPI,returning,one_time,success,none,0,0.34,241,1,1338,0
TX004440,C00945,1943.47,UPI,returning,monthly,success,none,0,0.87,20,1,1230,0
TX004441,C00979,126.84,UPI,returning,monthly,success,none,0,0.87,334,1,731,0
TX004442,C01066,2247.62,CARD,new,yearly,success,none,0,0.73,95,1,1122,0
TX004443,C02049,203.04,NETBANKING,new,one_time,success,none,0,0.75,168,1,627,0
TX004444,C01358,306.78,CARD,new,one_time,success,none,0,0.63,200,1,1223,0
TX004445,C02213,690.32,UPI,new,yearly,success,none,0,0.76,232,1,597,0
TX004446,C01249,7731.91,CARD,new,monthly,success,none,0,0.66,327,0,789,0
TX004447,C00924,4962.56,UPI,returning,one_time,success,none,0,0.64,181,1,1141,0
TX004448,C00571,2071.11,CARD,new,monthly,success,none,0,0.45,64,1,879,0
TX004449,C01654,1511.55,UPI,returning,yearly,success,none,0,0.82,344,1,876,0
TX004450,C02696,205.19,UPI,returning,yearly,success,none,0,0.85,343,1,169,0
TX004451,C02577,1262.79,CARD,new,one_time,success,none,0,0.9,146,0,271,0
TX004452,C00760,668.94,UPI,returning,monthly,failed,bank_timeout,0,0.88,97,0,1227,0
TX004453,C01433,525.84,CARD,returning,monthly,success,none,0,0.68,264,0,809,0
TX004454,C02116,1260.57,CARD,returning,one_time,success,none,0,0.76,299,0,219,0
TX004455,C01838,717.66,UPI,returning,monthly,success,none,0,0.76,40,1,270,0
TX004456,C00202,2397.95,UPI,returning,one_time,failed,bank_timeout,0,0.34,104,0,899,0
TX004457,C01774,192.03,CARD,returning,one_time,success,none,0,0.82,104,1,345,0
TX004458,C00117,1173.22,CARD,returning,one_time,failed,card_declined,0,0.72,148,1,436,0
TX004459,C00350,497.11,NETBANKING,returning,one_time,failed,insufficient_funds,3,0.6,213,0,1182,0
TX004460,C01962,758.49,UPI,returning,one_time,success,none,0,0.83,256,1,174,0
TX004461,C00308,1442.54,NETBANKING,returning,yearly,success,none,0,0.76,305,1,1045,0
TX004462,C01018,401.19,UPI,returning,one_time,failed,bank_timeout,1,0.71,322,1,345,0
TX004463,C01766,1271.32,UPI,returning,monthly,failed,bank_timeout,1,0.61,148,1,63,0
TX004464,C01967,905.87,CARD,returning,one_time,success,none,0,0.69,90,1,22,0
TX004465,C01338,605.15,UPI,returning,yearly,failed,network_error,0,0.6,24,0,625,0
TX004466,C00283,718.01,UPI,returning,monthly,success,none,0,0.85,282,1,365,0
TX004467,C02398,954.23,UPI,returning,yearly,success,none,0,0.68,87,0,665,0
TX004468,C02850,549.47,NETBANKING,new,one_time,success,none,0,0.39,362,1,651,0
TX004469,C02667,1103.66,NETBANKING,returning,monthly,failed,insufficient_funds,1,0.74,121,1,83,0
TX004470,C02246,853.75,WALLET,new,one_time,success,none,0,0.75,146,1,876,0
TX004471,C01207,632.6,UPI,returning,one_time,success,none,0,0.74,265,1,485,0
TX004472,C02629,4586.43,UPI,returning,monthly,success,none,0,0.74,36,1,237,0
TX004473,C01465,1593.54,NETBANKING,returning,monthly,failed,bank_timeout,0,0.8,91,1,239,0
TX004474,C00410,777.09,UPI,new,one_time,failed,network_error,1,0.91,208,0,427,0
TX004475,C02552,1250.47,UPI,returning,monthly,success,none,0,0.87,170,1,1374,0
TX004476,C00961,435.22,UPI,returning,monthly,success,none,0,0.87,87,0,1009,0
TX004477,C02817,740.19,CARD,returning,monthly,failed,card_declined,0,0.94,126,1,1188,1
TX004478,C01106,822.16,CARD,new,monthly,success,none,0,0.73,34,0,300,0
TX004479,C02609,357.05,UPI,returning,monthly,success,none,0,0.78,318,1,915,0
TX004480,C01612,1554.05,UPI,returning,yearly,success,none,0,0.85,220,1,480,0
TX004481,C01403,695.72,CARD,new,monthly,success,none,0,0.73,324,1,1037,0
TX004482,C00891,796.38,CARD,returning,yearly,success,none,0,0.61,129,1,842,0
TX004483,C02508,657.31,UPI,new,one_time,failed,card_declined,1,0.76,293,1,946,0
TX004484,C00182,15727.74,UPI,returning,monthly,success,none,0,0.6,111,1,714,0
TX004485,C01407,604.04,WALLET,returning,yearly,failed,network_error,0,0.56,131,1,1224,1
TX004486,C01107,170.41,CARD,new,one_time,success,none,0,0.88,332,1,567,0
TX004487,C01631,259.84,CARD,new,monthly,success,none,0,0.55,137,1,1019,0
TX004488,C00764,2171.93,CARD,returning,yearly,success,none,0,0.8,41,1,1012,0
TX004489,C01994,3651.19,WALLET,new,one_time,success,none,0,0.84,227,1,1227,0
TX004490,C01158,593.7,UPI,returning,monthly,success,none,0,0.93,163,1,424,0
TX004491,C00565,3467.03,UPI,returning,monthly,success,none,0,0.58,318,1,1028,0
TX004492,C00591,2137.58,UPI,returning,monthly,success,none,0,0.76,260,1,584,0
TX004493,C02090,924.7,NETBANKING,returning,one_time,success,none,0,0.8,305,1,1314,0
TX004494,C00786,867.49,UPI,returning,one_time,success,none,0,0.46,226,0,826,0
TX004495,C00922,1290.5,UPI,returning,one_time,success,none,0,0.69,49,1,40,0
TX004496,C01881,2415.62,UPI,returning,one_time,success,none,0,0.87,234,1,630,0
TX004497,C00990,1568.01,CARD,returning,one_time,success,none,0,0.98,214,1,1281,0
TX004498,C01165,596.38,CARD,returning,monthly,success,none,0,0.55,294,1,510,0
TX004499,C00734,937.5,UPI,new,yearly,success,none,0,0.56,8,1,372,0
TX004500,C01037,6523.31,UPI,returning,yearly,success,none,0,0.87,124,1,1436,0
TX004501,C02079,1374.84,CARD,returning,yearly,failed,card_declined,3,0.82,57,1,595,0
TX004502,C01602,2398.01,UPI,returning,yearly,success,none,0,0.93,165,1,395,0
TX004503,C02993,1782.72,CARD,new,one_time,failed,card_declined,0,0.72,364,0,529,0
TX004504,C02316,1402.51,UPI,returning,one_time,success,none,0,0.73,120,0,511,0
TX004505,C00051,1209.34,NETBANKING,returning,one_time,success,none,0,0.76,13,1,18,0
TX004506,C01137,2459.35,UPI,new,monthly,success,none,0,0.52,94,1,158,0
TX004507,C00870,2093.89,CARD,returning,yearly,failed,card_declined,0,0.96,270,1,185,0
TX004508,C01763,1390.62,UPI,new,one_time,failed,card_declined,0,0.74,134,1,1480,0
TX004509,C00797,587.35,UPI,new,monthly,success,none,0,0.39,73,1,1159,0
TX004510,C02899,1551.54,CARD,returning,monthly,success,none,0,0.76,123,1,1224,0
TX004511,C00899,1032.45,CARD,returning,one_time,success,none,0,0.42,254,1,292,0
TX004512,C01566,830.95,CARD,new,monthly,failed,card_declined,1,0.89,155,1,306,0
TX004513,C00369,12220.84,CARD,new,one_time,success,none,0,0.74,104,1,710,0
TX004514,C02730,274.47,CARD,returning,one_time,success,none,0,0.63,312,1,300,0
TX004515,C02736,2598.43,NETBANKING,new,yearly,failed,insufficient_funds,2,0.83,184,1,1213,1
TX004516,C02382,504.51,UPI,returning,one_time,success,none,0,0.86,127,1,578,0
TX004517,C01055,1234.07,NETBANKING,returning,one_time,success,none,0,0.79,311,1,49,0
TX004518,C00177,11067.06,UPI,returning,monthly,success,none,0,0.66,162,1,642,0
TX004519,C02133,461.22,UPI,returning,monthly,failed,card_declined,2,0.51,75,1,217,0
TX004520,C01288,571.64,CARD,new,monthly,success,none,0,0.94,157,0,611,0
TX004521,C02972,1079.48,UPI,new,monthly,success,none,0,0.81,286,0,373,0
TX004522,C02095,511.58,UPI,returning,one_time,success,none,0,0.42,104,1,631,0
TX004523,C01616,2430.01,UPI,new,one_time,success,none,0,0.89,69,1,1244,0
TX004524,C02961,677.85,UPI,new,yearly,success,none,0,0.92,176,0,491,0
TX004525,C02402,1975.56,CARD,returning,one_time,success,none,0,0.63,327,1,320,0
TX004526,C01376,331.53,UPI,new,yearly,failed,bank_timeout,0,0.95,316,0,310,0
TX004527,C00057,215.69,UPI,returning,one_time,success,none,0,0.51,321,1,177,0
TX004528,C00279,892.4,UPI,returning,yearly,success,none,0,0.77,101,1,405,0
TX004529,C01332,267.29,UPI,new,yearly,success,none,0,0.77,309,0,327,0
TX004530,C01687,4300.31,UPI,returning,one_time,failed,bank_timeout,1,0.5,178,1,443,0
TX004531,C00091,276.77,UPI,new,monthly,failed,bank_timeout,2,0.87,121,0,581,1
TX004532,C00380,430.99,NETBANKING,returning,monthly,failed,network_error,1,0.55,176,1,821,0
TX004533,C02113,1591.22,CARD,returning,monthly,success,none,0,0.65,262,1,366,0
TX004534,C02255,646.95,UPI,returning,yearly,success,none,0,0.63,253,0,116,0
TX004535,C00090,279.63,UPI,new,one_time,failed,bank_timeout,0,0.95,286,1,612,1
TX004536,C01524,6877.21,UPI,returning,yearly,success,none,0,0.8,183,1,263,0
TX004537,C00243,445.2,UPI,returning,monthly,success,none,0,0.94,70,0,1021,0
TX004538,C02171,919.08,UPI,returning,one_time,failed,expired_card,1,0.86,83,1,820,0
TX004539,C02503,908.44,NETBANKING,returning,monthly,failed,network_error,0,0.69,77,1,74,0
TX004540,C02609,2078.24,CARD,new,one_time,failed,bank_timeout,1,0.72,135,1,478,1
TX004541,C01795,1662.57,UPI,returning,monthly,success,none,0,0.89,44,1,898,0
TX004542,C01887,521.07,UPI,returning,one_time,success,none,0,0.85,64,1,867,0
TX004543,C02780,817.91,CARD,new,monthly,success,none,0,0.74,237,1,188,0
TX004544,C01838,894.06,NETBANKING,returning,one_time,success,none,0,0.89,32,1,1256,0
TX004545,C01339,2151.81,UPI,returning,monthly,success,none,0,0.94,210,0,665,0
TX004546,C02264,383.18,NETBANKING,returning,yearly,failed,network_error,1,0.64,60,1,1300,1
TX004547,C01773,6743.26,UPI,returning,yearly,failed,insufficient_funds,0,0.92,86,1,188,1
TX004548,C02528,553.76,CARD,returning,monthly,success,none,0,0.98,36,1,184,0
TX004549,C01575,1088.03,UPI,returning,one_time,failed,card_declined,0,0.82,210,1,834,0
TX004550,C02608,386.07,CARD,returning,yearly,success,none,0,0.63,34,1,364,0
TX004551,C00135,340.92,UPI,returning,one_time,success,none,0,0.65,341,1,242,0
TX004552,C00110,499.2,UPI,returning,one_time,success,none,0,0.76,52,1,1063,0
TX004553,C00298,457.84,CARD,new,yearly,success,none,0,0.83,129,0,1302,0
TX004554,C01669,755.34,CARD,returning,one_time,failed,insufficient_funds,0,0.61,137,1,802,1
TX004555,C02127,454.38,CARD,returning,one_time,success,none,0,0.7,43,0,968,0
TX004556,C00649,2050.82,UPI,returning,monthly,failed,bank_timeout,3,0.5,53,1,116,0
TX004557,C00468,542.03,CARD,new,monthly,success,none,0,0.89,181,1,1430,0
TX004558,C02582,490.57,UPI,new,one_time,success,none,0,0.61,178,1,1351,0
TX004559,C02252,769.95,CARD,returning,monthly,failed,network_error,0,0.58,155,0,1429,1
TX004560,C01946,2679.95,UPI,new,yearly,success,none,0,0.85,94,1,997,0
TX004561,C01466,1330.6,UPI,returning,yearly,success,none,0,0.56,358,1,1081,0
TX004562,C01261,1002.53,UPI,returning,one_time,success,none,0,0.85,305,1,25,0
TX004563,C00062,301.95,WALLET,new,monthly,failed,expired_card,2,0.75,125,1,492,0
TX004564,C00565,392.12,CARD,returning,yearly,success,none,0,0.26,43,1,404,0
TX004565,C02691,347.04,UPI,returning,one_time,success,none,0,0.68,146,1,602,0
TX004566,C01018,3555.2,CARD,new,monthly,success,none,0,0.64,261,1,1472,0
TX004567,C02114,1767.83,UPI,returning,one_time,success,none,0,0.56,300,1,497,0
TX004568,C02112,504.99,UPI,returning,one_time,success,none,0,0.89,27,1,649,0
TX004569,C00929,659.88,UPI,returning,one_time,success,none,0,0.78,81,1,1273,0
TX004570,C00614,521.78,CARD,new,monthly,success,none,0,0.93,353,1,329,0
TX004571,C02076,494.09,NETBANKING,returning,monthly,success,none,0,0.65,133,1,404,0
TX004572,C00281,1659.5,NETBANKING,new,one_time,success,none,0,0.51,260,0,266,0
TX004573,C01485,846.59,UPI,returning,monthly,success,none,0,0.9,290,1,750,0
TX004574,C02665,7137.02,UPI,returning,one_time,success,none,0,0.84,314,1,190,0
TX004575,C02134,3378.96,NETBANKING,returning,one_time,failed,expired_card,0,0.71,358,1,1382,0
TX004576,C02293,3563.62,UPI,returning,yearly,success,none,0,0.64,34,1,1055,0
TX004577,C00250,2006.65,CARD,new,one_time,success,none,0,0.51,121,1,242,0
TX004578,C00600,749.65,WALLET,new,monthly,success,none,0,0.93,222,1,1069,0
TX004579,C00826,1878.09,UPI,returning,one_time,success,none,0,0.45,48,1,485,0
TX004580,C00877,801.15,UPI,returning,one_time,success,none,0,0.68,3,1,1061,0
TX004581,C00583,4756.41,NETBANKING,returning,yearly,failed,insufficient_funds,0,0.76,196,1,1360,0
TX004582,C02917,1577.9,CARD,new,one_time,failed,insufficient_funds,1,0.85,136,1,1358,0
TX004583,C00495,1388.7,NETBANKING,returning,one_time,success,none,0,0.92,61,1,1191,0
TX004584,C02125,1229.5,CARD,new,monthly,success,none,0,0.86,358,1,1304,0
TX004585,C01761,5251.35,UPI,new,monthly,success,none,0,0.78,171,1,61,0
TX004586,C01832,301.76,NETBANKING,returning,yearly,success,none,0,0.95,134,1,93,0
TX004587,C00644,5735.67,CARD,returning,yearly,failed,bank_timeout,2,0.81,344,1,143,1
TX004588,C00923,927.47,NETBANKING,returning,one_time,success,none,0,0.72,210,1,259,0
TX004589,C01820,309.35,UPI,returning,one_time,failed,network_error,0,0.55,90,1,960,0
TX004590,C00898,557.25,UPI,returning,monthly,success,none,0,0.94,189,0,211,0
TX004591,C02083,248.21,UPI,new,one_time,success,none,0,0.81,281,1,543,0
TX004592,C00119,1974.94,UPI,new,monthly,success,none,0,0.62,114,1,523,0
TX004593,C00219,430.75,WALLET,returning,one_time,success,none,0,0.83,95,0,337,0
TX004594,C02186,1276.4,WALLET,returning,yearly,success,none,0,0.83,22,1,544,0
TX004595,C01851,3043.6,UPI,returning,yearly,success,none,0,0.67,206,1,727,0
TX004596,C00130,598.95,WALLET,returning,one_time,success,none,0,0.94,317,1,1276,0
TX004597,C02698,861.53,UPI,returning,one_time,failed,network_error,0,0.96,26,1,136,1
TX004598,C00015,339.33,NETBANKING,returning,yearly,success,none,0,0.76,243,1,765,0
TX004599,C02867,773.15,CARD,new,one_time,success,none,0,0.94,40,1,693,0
TX004600,C02189,11121.34,CARD,new,one_time,success,none,0,0.86,356,1,1055,0
TX004601,C02965,2208.66,CARD,new,one_time,success,none,0,0.49,65,1,278,0
TX004602,C02847,864.15,CARD,new,one_time,failed,network_error,0,0.71,226,1,193,0
TX004603,C00940,632.37,NETBANKING,new,one_time,success,none,0,0.73,364,0,700,0
TX004604,C02270,1055.35,UPI,new,one_time,success,none,0,0.65,39,1,216,0
TX004605,C00633,1232.8,NETBANKING,returning,one_time,success,none,0,0.58,192,1,367,0
TX004606,C01415,752.08,UPI,new,monthly,success,none,0,0.84,162,1,116,0
TX004607,C00721,1767.03,UPI,returning,one_time,failed,insufficient_funds,1,0.86,13,1,962,0
TX004608,C01459,464.93,CARD,returning,monthly,success,none,0,0.9,97,1,255,0
TX004609,C02618,462.87,CARD,returning,monthly,success,none,0,0.91,249,1,626,0
TX004610,C01309,1530.23,NETBANKING,returning,monthly,success,none,0,0.78,341,1,372,0
TX004611,C00278,383.07,UPI,new,yearly,success,none,0,0.67,263,1,1310,0
TX004612,C00974,2113.53,UPI,new,one_time,failed,bank_timeout,3,0.52,78,1,860,0
TX004613,C02360,1082.63,UPI,returning,one_time,success,none,0,0.37,215,0,786,0
TX004614,C01566,211.64,NETBANKING,returning,monthly,success,none,0,0.58,162,1,990,0
TX004615,C01681,1210.21,WALLET,returning,one_time,failed,card_declined,1,0.88,125,1,330,0
TX004616,C01294,240.66,NETBANKING,returning,one_time,failed,insufficient_funds,1,0.91,344,1,1122,1
TX004617,C00879,2046.79,UPI,returning,yearly,success,none,0,0.7,58,1,510,0
TX004618,C01795,876.69,NETBANKING,returning,yearly,success,none,0,0.51,32,1,1164,0
TX004619,C01900,5802.1,UPI,new,monthly,failed,insufficient_funds,2,0.89,87,1,795,0
TX004620,C02695,2876.07,NETBANKING,returning,monthly,success,none,0,0.57,272,1,288,0
TX004621,C01854,422.16,CARD,returning,monthly,failed,bank_timeout,1,0.88,135,1,525,1
TX004622,C02986,177.92,UPI,returning,one_time,success,none,0,0.64,234,1,112,0
TX004623,C02480,555.8,CARD,returning,one_time,success,none,0,0.79,155,1,406,0
TX004624,C00237,365.35,CARD,returning,monthly,success,none,0,0.88,158,1,613,0
TX004625,C01177,5671.25,UPI,new,one_time,success,none,0,0.95,97,1,788,0
TX004626,C01155,1086.5,UPI,returning,one_time,success,none,0,0.65,37,1,1423,0
TX004627,C00010,2540.4,CARD,returning,monthly,success,none,0,0.75,97,1,473,0
TX004628,C00543,848.5,WALLET,returning,monthly,failed,bank_timeout,0,0.81,305,1,744,1
TX004629,C02287,932.9,CARD,returning,one_time,failed,insufficient_funds,0,0.8,357,1,81,1
TX004630,C01057,1064.9,UPI,returning,yearly,success,none,0,0.48,10,1,1197,0
TX004631,C00444,2968.72,CARD,new,monthly,success,none,0,0.65,198,1,488,0
TX004632,C00863,1451.66,UPI,returning,monthly,success,none,0,0.69,286,0,1342,0
TX004633,C00825,423.43,UPI,new,one_time,success,none,0,0.74,240,1,512,0
TX004634,C00524,4723.3,UPI,new,monthly,failed,insufficient_funds,1,0.8,221,1,822,0
TX004635,C00304,842.58,UPI,new,monthly,success,none,0,0.53,153,1,1392,0
TX004636,C02293,727.8,UPI,new,monthly,success,none,0,0.87,71,1,322,0
TX004637,C02474,100.0,UPI,returning,monthly,failed,insufficient_funds,0,0.89,58,1,943,0
TX004638,C01489,1941.0,UPI,new,one_time,success,none,0,0.73,205,1,1135,0
TX004639,C01847,1201.0,CARD,returning,one_time,success,none,0,0.77,232,0,986,0
TX004640,C02758,1199.83,UPI,returning,yearly,success,none,0,0.83,253,1,891,0
TX004641,C02528,763.15,UPI,returning,one_time,failed,bank_timeout,0,0.95,171,1,287,0
TX004642,C00098,653.47,UPI,returning,monthly,success,none,0,0.77,142,1,1448,0
TX004643,C02859,786.33,CARD,returning,yearly,failed,bank_timeout,0,0.51,308,1,896,0
TX004644,C00201,1663.78,NETBANKING,returning,one_time,success,none,0,0.69,292,0,895,0
TX004645,C00080,1949.26,UPI,returning,yearly,success,none,0,0.8,50,1,584,0
TX004646,C01210,890.76,CARD,returning,yearly,failed,insufficient_funds,0,0.86,349,1,1368,0
TX004647,C02238,2576.13,NETBANKING,new,monthly,success,none,0,0.57,29,1,444,0
TX004648,C00241,1021.39,CARD,returning,monthly,success,none,0,0.8,271,0,665,0
TX004649,C00879,696.59,UPI,returning,yearly,success,none,0,0.69,276,1,855,0
TX004650,C00789,1311.04,UPI,returning,one_time,success,none,0,0.8,1,0,1484,0
TX004651,C01193,322.64,UPI,returning,monthly,success,none,0,0.89,180,1,959,0
TX004652,C02959,1352.14,UPI,returning,one_time,success,none,0,0.78,125,1,643,0
TX004653,C00995,273.7,UPI,returning,yearly,success,none,0,0.71,5,1,1326,0
TX004654,C00627,434.87,WALLET,new,monthly,success,none,0,0.67,333,1,332,0
TX004655,C00367,178.25,UPI,new,monthly,success,none,0,0.86,206,1,29,0
TX004656,C00595,936.73,UPI,returning,one_time,failed,expired_card,1,0.68,124,0,778,0
TX004657,C00400,4668.86,WALLET,new,one_time,success,none,0,0.86,31,1,180,0
TX004658,C01721,986.96,CARD,returning,monthly,success,none,0,0.36,70,1,25,0
TX004659,C01262,1957.12,UPI,new,one_time,failed,network_error,2,0.74,158,1,814,0
TX004660,C01494,9109.59,WALLET,new,monthly,success,none,0,0.7,53,1,1097,0
TX004661,C02497,1577.58,UPI,returning,monthly,success,none,0,0.72,42,1,1089,0
TX004662,C01742,550.77,UPI,new,one_time,success,none,0,0.5,292,1,1086,0
TX004663,C00466,623.4,UPI,returning,one_time,failed,insufficient_funds,1,0.78,9,1,815,0
TX004664,C01131,1097.28,UPI,new,one_time,success,none,0,0.71,89,1,1297,0
TX004665,C00938,620.42,NETBANKING,new,yearly,failed,bank_timeout,0,0.89,93,0,607,1
TX004666,C02481,663.63,UPI,returning,one_time,success,none,0,0.82,167,0,1080,0
TX004667,C00922,2661.72,NETBANKING,returning,one_time,failed,network_error,0,0.79,277,1,83,1
TX004668,C00416,2761.53,UPI,returning,yearly,success,none,0,0.65,184,1,54,0
TX004669,C02209,249.09,NETBANKING,new,monthly,failed,bank_timeout,1,0.78,41,1,336,1
TX004670,C01286,525.13,UPI,returning,monthly,success,none,0,0.92,351,1,1333,0
TX004671,C00288,722.27,NETBANKING,returning,monthly,success,none,0,0.81,290,1,764,0
TX004672,C02070,1880.29,UPI,new,monthly,success,none,0,0.79,236,1,801,0
TX004673,C00632,3067.96,NETBANKING,returning,yearly,failed,network_error,2,0.91,265,1,110,0
TX004674,C02605,12478.61,NETBANKING,returning,yearly,success,none,0,0.69,350,1,913,0
TX004675,C02498,721.18,CARD,returning,monthly,failed,insufficient_funds,1,0.78,293,1,1431,0
TX004676,C01109,754.34,UPI,returning,monthly,success,none,0,0.65,76,1,621,0
TX004677,C01667,1862.57,CARD,returning,monthly,success,none,0,0.75,204,1,464,0
TX004678,C01704,593.48,CARD,new,monthly,success,none,0,0.7,314,1,638,0
TX004679,C01961,965.97,CARD,returning,monthly,success,none,0,0.42,232,1,565,0
TX004680,C00208,754.81,CARD,returning,one_time,success,none,0,0.8,75,1,568,0
TX004681,C00975,103.6,WALLET,returning,monthly,success,none,0,0.84,148,1,1452,0
TX004682,C00511,1225.26,WALLET,returning,one_time,success,none,0,0.91,101,1,1193,0
TX004683,C02093,930.64,UPI,new,one_time,failed,bank_timeout,1,0.44,175,1,940,0
TX004684,C00208,3443.03,UPI,returning,one_time,success,none,0,0.6,357,1,5,0
TX004685,C01551,1102.07,UPI,returning,one_time,success,none,0,0.79,124,1,708,0
TX004686,C02184,354.51,CARD,new,monthly,success,none,0,0.92,181,1,273,0
TX004687,C02846,869.32,WALLET,returning,one_time,success,none,0,0.83,349,1,129,0
TX004688,C00865,167.01,UPI,returning,monthly,success,none,0,0.51,132,1,1122,0
TX004689,C00024,368.77,UPI,returning,yearly,success,none,0,0.88,364,1,656,0
TX004690,C02172,1942.94,UPI,returning,one_time,success,none,0,0.6,238,1,613,0
TX004691,C00005,877.78,UPI,new,one_time,success,none,0,0.83,11,1,874,0
TX004692,C00200,2515.58,WALLET,new,one_time,success,none,0,0.93,284,1,636,0
TX004693,C02972,186.75,CARD,new,monthly,success,none,0,0.88,119,1,332,0
TX004694,C02588,881.64,UPI,returning,one_time,success,none,0,0.76,166,1,933,0
TX004695,C02123,714.83,UPI,new,one_time,success,none,0,0.99,46,1,128,0
TX004696,C02507,2592.2,UPI,returning,one_time,success,none,0,0.77,305,1,115,0
TX004697,C00227,2009.19,CARD,returning,one_time,success,none,0,0.72,102,1,337,0
TX004698,C00267,1954.77,CARD,returning,monthly,failed,card_declined,1,0.84,234,1,1034,1
TX004699,C00903,4390.81,UPI,new,monthly,failed,network_error,1,0.6,19,1,851,1
TX004700,C00072,787.39,UPI,new,one_time,failed,card_declined,2,0.59,313,1,1162,0
TX004701,C02665,3646.68,NETBANKING,returning,one_time,failed,network_error,0,0.85,263,1,1065,1
TX004702,C00169,428.47,NETBANKING,returning,monthly,failed,insufficient_funds,1,0.58,346,0,597,1
TX004703,C01633,414.56,CARD,new,yearly,success,none,0,0.75,235,0,1390,0
TX004704,C02561,2159.15,UPI,new,monthly,failed,insufficient_funds,1,0.93,234,1,1043,0
TX004705,C02205,283.08,WALLET,returning,monthly,success,none,0,0.87,270,1,81,0
TX004706,C00705,1836.27,CARD,returning,yearly,success,none,0,0.75,260,0,682,0
TX004707,C01412,1201.33,WALLET,returning,one_time,success,none,0,0.67,356,1,44,0
TX004708,C01645,2877.47,UPI,returning,one_time,failed,network_error,1,0.57,30,0,627,1
TX004709,C02304,1039.51,UPI,returning,monthly,failed,bank_timeout,1,0.61,179,1,287,0
TX004710,C01279,1153.37,UPI,new,one_time,success,none,0,0.77,290,1,36,0
TX004711,C00856,1734.26,NETBANKING,returning,one_time,success,none,0,0.89,63,0,461,0
TX004712,C02387,604.02,CARD,new,monthly,success,none,0,0.59,356,1,1473,0
TX004713,C02660,580.8,UPI,new,monthly,success,none,0,0.96,223,1,847,0
TX004714,C01467,1680.74,WALLET,new,one_time,failed,bank_timeout,0,0.64,172,1,726,0
TX004715,C00085,1068.1,WALLET,new,monthly,success,none,0,0.65,32,0,785,0
TX004716,C01502,760.08,UPI,returning,one_time,success,none,0,0.77,148,1,1309,0
TX004717,C02668,1017.9,CARD,returning,one_time,success,none,0,0.88,350,1,1294,0
TX004718,C02968,4605.95,CARD,returning,one_time,success,none,0,0.92,255,1,612,0
TX004719,C01204,736.04,UPI,returning,one_time,success,none,0,0.73,264,1,1001,0
TX004720,C00451,717.08,CARD,new,yearly,success,none,0,0.79,78,1,417,0
TX004721,C01717,235.87,UPI,returning,one_time,success,none,0,0.49,143,1,113,0
TX004722,C02493,1055.62,NETBANKING,returning,yearly,success,none,0,0.83,43,1,1136,0
TX004723,C02836,1980.68,NETBANKING,returning,yearly,success,none,0,0.83,280,0,1415,0
TX004724,C00156,2327.57,NETBANKING,new,one_time,success,none,0,0.84,338,1,1155,0
TX004725,C00872,1208.82,CARD,returning,one_time,failed,insufficient_funds,3,0.72,147,1,61,0
TX004726,C01433,2592.17,UPI,new,yearly,success,none,0,0.87,25,0,1348,0
TX004727,C00295,2117.75,UPI,new,one_time,success,none,0,0.71,336,1,1033,0
TX004728,C02660,2985.9,CARD,new,monthly,success,none,0,0.78,254,0,1146,0
TX004729,C00337,2659.44,UPI,returning,one_time,success,none,0,0.62,175,1,259,0
TX004730,C01996,4505.17,CARD,new,monthly,success,none,0,0.29,110,1,1053,0
TX004731,C02756,941.31,UPI,new,monthly,failed,insufficient_funds,3,0.86,109,1,814,0
TX004732,C02056,332.17,UPI,returning,monthly,failed,card_declined,2,0.85,4,1,8,0
TX004733,C02290,1992.9,UPI,new,one_time,success,none,0,0.52,242,1,634,0
TX004734,C00790,2213.87,CARD,new,monthly,success,none,0,0.68,87,0,253,0
TX004735,C02483,4505.24,UPI,returning,monthly,success,none,0,0.77,63,1,1174,0
TX004736,C01256,3474.35,CARD,returning,monthly,success,none,0,0.65,302,1,863,0
TX004737,C00184,6316.53,UPI,new,yearly,failed,card_declined,2,0.81,85,1,102,0
TX004738,C01100,1915.76,CARD,new,one_time,success,none,0,0.63,8,1,861,0
TX004739,C01050,1347.4,CARD,returning,one_time,failed,bank_timeout,2,0.84,172,1,762,0
TX004740,C01565,315.3,CARD,returning,one_time,success,none,0,0.9,78,1,980,0
TX004741,C00795,1447.06,UPI,returning,monthly,success,none,0,0.71,261,1,599,0
TX004742,C01387,666.97,UPI,new,yearly,success,none,0,0.64,269,0,950,0
TX004743,C01284,1326.58,UPI,returning,one_time,success,none,0,0.71,152,1,334,0
TX004744,C00981,1151.78,CARD,returning,one_time,failed,insufficient_funds,0,0.74,358,1,164,0
TX004745,C02089,1676.66,UPI,returning,yearly,success,none,0,0.76,282,1,1106,0
TX004746,C00917,1004.66,NETBANKING,returning,one_time,success,none,0,0.54,242,1,1419,0
TX004747,C02298,2544.06,NETBANKING,returning,yearly,success,none,0,0.58,138,1,818,0
TX004748,C00753,100.0,UPI,returning,yearly,failed,bank_timeout,0,0.47,195,0,676,0
TX004749,C02595,1301.14,NETBANKING,returning,monthly,failed,expired_card,0,0.79,115,1,1311,0
TX004750,C01096,3236.48,CARD,returning,one_time,success,none,0,0.81,142,1,1101,0
TX004751,C00123,5901.98,UPI,new,monthly,failed,insufficient_funds,0,0.69,229,1,1060,0
TX004752,C00450,2119.14,CARD,new,one_time,success,none,0,0.6,267,1,1113,0
TX004753,C02419,4996.01,WALLET,returning,one_time,failed,insufficient_funds,1,0.5,209,1,1468,0
TX004754,C02617,1276.71,UPI,returning,one_time,success,none,0,0.89,78,1,321,0
TX004755,C00636,1099.46,UPI,new,one_time,success,none,0,0.91,196,1,1035,0
TX004756,C01807,1766.0,CARD,new,yearly,failed,network_error,0,0.8,30,0,618,0
TX004757,C01724,1093.49,UPI,returning,monthly,success,none,0,0.85,106,0,1463,0
TX004758,C00402,542.33,CARD,new,one_time,success,none,0,0.66,256,1,82,0
TX004759,C01356,689.72,CARD,returning,monthly,success,none,0,0.59,3,1,332,0
TX004760,C02082,403.05,CARD,returning,monthly,failed,network_error,0,0.83,331,1,42,0
TX004761,C02902,1764.35,UPI,returning,one_time,success,none,0,0.78,272,1,271,0
TX004762,C02543,1107.93,UPI,returning,one_time,success,none,0,0.74,318,1,226,0
TX004763,C00294,792.94,NETBANKING,returning,monthly,success,none,0,0.92,133,1,902,0
TX004764,C00713,658.51,UPI,returning,monthly,success,none,0,0.74,138,1,175,0
TX004765,C01311,1727.71,UPI,new,one_time,success,none,0,0.7,4,1,1499,0
TX004766,C00452,2213.66,UPI,returning,yearly,success,none,0,0.79,342,1,1076,0
TX004767,C01713,396.45,UPI,returning,monthly,failed,card_declined,2,0.76,96,1,284,0
TX004768,C00026,344.15,UPI,new,monthly,failed,network_error,0,0.82,30,1,740,1
TX004769,C00341,2589.08,UPI,new,one_time,failed,bank_timeout,1,0.7,45,1,1395,0
TX004770,C00142,318.1,CARD,returning,monthly,success,none,0,0.87,24,1,583,0
TX004771,C00887,1794.96,CARD,returning,one_time,success,none,0,0.79,18,1,187,0
TX004772,C02287,4699.53,NETBANKING,returning,one_time,success,none,0,0.75,199,1,250,0
TX004773,C00532,4709.38,NETBANKING,new,yearly,success,none,0,0.82,114,1,1499,0
TX004774,C02962,2130.44,UPI,new,monthly,success,none,0,0.95,252,0,591,0
TX004775,C00809,2075.44,UPI,returning,one_time,failed,insufficient_funds,1,0.95,48,1,507,0
TX004776,C00135,8322.49,NETBANKING,new,one_time,success,none,0,0.78,100,1,1206,0
TX004777,C01007,134.16,UPI,returning,one_time,failed,bank_timeout,0,0.79,195,1,303,1
TX004778,C02245,722.05,UPI,returning,yearly,success,none,0,0.93,214,1,1380,0
TX004779,C00320,2353.46,UPI,returning,one_time,success,none,0,0.87,360,1,1445,0
TX004780,C00216,809.52,CARD,new,monthly,failed,insufficient_funds,1,0.5,21,1,584,0
TX004781,C02549,3346.94,UPI,returning,monthly,failed,network_error,1,0.58,159,1,605,0
TX004782,C01777,1058.47,UPI,returning,one_time,success,none,0,0.6,328,1,1071,0
TX004783,C01030,1234.68,UPI,returning,one_time,success,none,0,0.95,250,1,812,0
TX004784,C02269,856.45,CARD,returning,monthly,success,none,0,0.84,204,0,1269,0
TX004785,C02533,685.22,UPI,returning,yearly,success,none,0,0.82,353,1,514,0
TX004786,C01078,670.22,CARD,new,monthly,success,none,0,0.93,344,1,592,0
TX004787,C01684,1399.75,UPI,returning,one_time,failed,bank_timeout,1,0.74,202,0,1023,0
TX004788,C00033,546.15,UPI,new,one_time,success,none,0,0.66,212,1,430,0
TX004789,C00919,2586.04,UPI,returning,one_time,success,none,0,0.63,347,1,1395,0
TX004790,C01786,1974.17,UPI,returning,one_time,failed,network_error,1,0.61,309,1,554,1
TX004791,C00592,2949.75,UPI,returning,yearly,success,none,0,0.62,196,1,997,0
TX004792,C02974,397.01,NETBANKING,returning,one_time,failed,expired_card,0,0.86,346,1,626,0
TX004793,C02914,237.57,UPI,returning,one_time,failed,insufficient_funds,2,0.7,26,1,1129,1
TX004794,C00773,1092.51,WALLET,new,monthly,success,none,0,0.4,172,1,1085,0
TX004795,C01190,14897.08,UPI,new,one_time,success,none,0,0.5,293,1,1257,0
TX004796,C00569,3427.51,UPI,new,monthly,success,none,0,0.77,121,1,421,0
TX004797,C01512,665.81,CARD,returning,one_time,success,none,0,0.82,313,1,270,0
TX004798,C00372,1606.9,NETBANKING,new,monthly,failed,insufficient_funds,2,0.8,118,1,222,0
TX004799,C01173,2110.81,UPI,returning,one_time,success,none,0,0.75,281,1,1176,0
TX004800,C01666,320.04,UPI,new,monthly,success,none,0,0.63,135,0,851,0
TX004801,C01836,3761.84,CARD,returning,monthly,failed,card_declined,1,0.39,279,1,633,0
TX004802,C01790,943.24,UPI,returning,one_time,success,none,0,0.51,97,1,31,0
TX004803,C00665,1010.69,CARD,returning,one_time,success,none,0,0.71,124,1,143,0
TX004804,C02377,1120.36,NETBANKING,returning,monthly,success,none,0,0.94,343,0,726,0
TX004805,C02076,3072.01,UPI,returning,monthly,success,none,0,0.79,283,1,59,0
TX004806,C02260,555.76,NETBANKING,returning,monthly,failed,insufficient_funds,1,0.61,193,1,1059,0
TX004807,C01404,235.98,UPI,new,monthly,failed,insufficient_funds,1,0.93,39,0,1284,0
TX004808,C02678,1466.54,NETBANKING,returning,monthly,failed,card_declined,1,0.66,221,1,395,1
TX004809,C01170,174.29,WALLET,returning,one_time,success,none,0,0.61,149,1,1038,0
TX004810,C02418,836.32,CARD,new,monthly,success,none,0,0.54,26,1,24,0
TX004811,C00611,3191.31,WALLET,new,one_time,success,none,0,0.84,91,1,1136,0
TX004812,C00742,1846.75,NETBANKING,returning,monthly,failed,bank_timeout,1,0.78,322,1,1328,0
TX004813,C01581,2802.09,UPI,returning,yearly,success,none,0,0.62,264,1,951,0
TX004814,C01668,1916.62,UPI,returning,monthly,success,none,0,0.66,30,1,548,0
TX004815,C02239,9597.91,UPI,new,monthly,success,none,0,0.88,276,1,42,0
TX004816,C00893,645.86,UPI,returning,monthly,success,none,0,0.93,188,1,500,0
TX004817,C02618,1569.2,CARD,new,one_time,failed,card_declined,2,0.73,308,1,359,0
TX004818,C00990,739.29,UPI,new,monthly,success,none,0,0.74,316,1,1056,0
TX004819,C01603,2594.43,CARD,returning,one_time,failed,expired_card,0,0.71,253,0,1214,0
TX004820,C02796,1037.51,UPI,new,one_time,success,none,0,0.94,39,0,255,0
TX004821,C01619,5151.07,UPI,returning,one_time,success,none,0,0.86,69,0,659,0
TX004822,C02046,680.12,UPI,new,monthly,success,none,0,0.68,303,1,1036,0
TX004823,C02726,3890.97,WALLET,new,monthly,failed,bank_timeout,1,0.78,102,1,955,0
TX004824,C02924,1870.25,UPI,new,yearly,failed,card_declined,1,0.55,261,1,918,0
TX004825,C01499,1065.06,UPI,new,one_time,success,none,0,0.71,194,1,464,0
TX004826,C01251,1786.83,UPI,returning,one_time,failed,bank_timeout,0,0.78,197,1,320,1
TX004827,C00591,1387.33,WALLET,returning,monthly,success,none,0,0.77,238,1,1093,0
TX004828,C01613,1510.75,UPI,new,one_time,success,none,0,0.91,122,1,547,0
TX004829,C02756,910.34,CARD,returning,monthly,success,none,0,0.86,172,1,847,0
TX004830,C01462,583.22,UPI,returning,one_time,failed,bank_timeout,0,0.68,264,1,1363,1
TX004831,C01046,811.14,UPI,new,one_time,success,none,0,0.81,282,1,27,0
TX004832,C00322,241.09,CARD,new,monthly,success,none,0,0.42,343,1,1059,0
TX004833,C01170,2339.64,CARD,new,monthly,failed,expired_card,1,0.79,69,1,967,0
TX004834,C00711,360.81,CARD,returning,one_time,success,none,0,0.72,60,1,1247,0
TX004835,C02931,901.55,UPI,returning,one_time,failed,bank_timeout,0,0.89,321,1,1100,1
TX004836,C01583,1964.99,WALLET,new,one_time,success,none,0,0.55,3,1,635,0
TX004837,C00411,2334.28,CARD,new,one_time,failed,bank_timeout,3,0.78,294,1,758,0
TX004838,C00203,222.03,WALLET,new,yearly,success,none,0,0.72,2,1,950,0
TX004839,C02553,1009.63,UPI,returning,monthly,success,none,0,0.85,176,1,18,0
TX004840,C02795,1658.67,UPI,new,one_time,success,none,0,0.81,360,1,464,0
TX004841,C02290,1149.19,UPI,returning,one_time,success,none,0,0.89,212,1,1000,0
TX004842,C00372,3676.32,CARD,returning,one_time,success,none,0,0.9,203,0,654,0
TX004843,C00295,523.41,CARD,returning,one_time,success,none,0,0.59,231,1,1406,0
TX004844,C00594,173.45,UPI,new,yearly,success,none,0,0.81,185,1,1464,0
TX004845,C02254,2273.99,UPI,returning,one_time,failed,card_declined,1,0.96,10,0,142,0
TX004846,C02296,676.29,UPI,returning,yearly,success,none,0,0.91,70,1,974,0
TX004847,C02514,225.27,UPI,returning,monthly,failed,expired_card,0,0.67,242,1,351,1
TX004848,C00291,950.83,NETBANKING,returning,monthly,success,none,0,0.77,112,0,339,0
TX004849,C00460,3319.28,UPI,returning,monthly,success,none,0,0.81,136,0,689,0
TX004850,C02701,351.8,UPI,new,one_time,success,none,0,0.68,222,1,1040,0
TX004851,C02787,8976.78,UPI,returning,monthly,success,none,0,0.9,17,0,1028,0
TX004852,C02178,515.9,UPI,returning,monthly,failed,expired_card,1,0.58,55,1,1491,0
TX004853,C00319,1185.96,WALLET,returning,monthly,success,none,0,0.39,220,1,763,0
TX004854,C00206,366.05,UPI,returning,one_time,success,none,0,0.66,183,1,1042,0
TX004855,C00167,1138.48,NETBANKING,returning,one_time,success,none,0,0.52,240,1,84,0
TX004856,C02076,972.26,CARD,returning,one_time,success,none,0,0.7,7,1,928,0
TX004857,C02538,286.99,CARD,new,one_time,success,none,0,0.27,231,1,1184,0
TX004858,C01895,13950.13,UPI,new,monthly,success,none,0,0.76,271,1,935,0
TX004859,C00787,702.18,CARD,returning,yearly,success,none,0,0.85,358,0,607,0
TX004860,C02273,702.74,CARD,returning,monthly,success,none,0,0.97,73,1,1096,0
TX004861,C00178,2623.15,UPI,returning,monthly,success,none,0,0.77,290,1,1397,0
TX004862,C02485,5612.94,NETBANKING,returning,monthly,success,none,0,0.72,357,1,1462,0
TX004863,C02676,3022.36,UPI,returning,monthly,failed,bank_timeout,1,0.51,122,1,1355,0
TX004864,C02156,372.02,UPI,new,one_time,success,none,0,0.68,351,1,2,0
TX004865,C02638,1329.45,UPI,returning,monthly,success,none,0,0.47,203,1,250,0
TX004866,C01759,201.7,CARD,returning,one_time,success,none,0,0.62,34,1,228,0
TX004867,C01406,2468.92,UPI,new,yearly,failed,card_declined,1,0.67,270,1,1432,0
TX004868,C00968,251.72,UPI,new,one_time,success,none,0,0.95,174,1,1027,0
TX004869,C02766,532.25,UPI,new,monthly,failed,bank_timeout,1,0.86,28,1,335,0
TX004870,C02092,1093.48,UPI,new,monthly,success,none,0,0.87,104,1,86,0
TX004871,C00572,1636.81,UPI,returning,one_time,success,none,0,0.68,186,0,982,0
TX004872,C02871,867.1,NETBANKING,returning,one_time,failed,card_declined,2,0.83,201,1,1190,0
TX004873,C00178,4303.46,UPI,returning,one_time,success,none,0,0.66,170,1,1389,0
TX004874,C01763,2102.57,WALLET,returning,monthly,failed,expired_card,1,0.64,209,1,395,0
TX004875,C00572,1959.12,CARD,returning,one_time,failed,bank_timeout,0,0.86,262,1,1326,0
TX004876,C01994,362.69,CARD,returning,monthly,failed,network_error,1,0.78,276,1,1161,0
TX004877,C01238,5061.57,NETBANKING,new,monthly,success,none,0,0.74,183,1,683,0
TX004878,C01312,532.32,UPI,new,monthly,failed,bank_timeout,0,0.91,234,0,1310,0
TX004879,C02015,5238.49,CARD,returning,yearly,failed,bank_timeout,1,0.73,305,1,568,1
TX004880,C02269,6768.1,UPI,returning,one_time,success,none,0,0.66,63,1,311,0
TX004881,C01141,1739.57,UPI,returning,one_time,failed,expired_card,0,0.74,138,1,132,0
TX004882,C02994,2776.13,UPI,returning,one_time,failed,bank_timeout,0,0.67,192,1,1369,1
TX004883,C01496,100.0,CARD,new,yearly,success,none,0,0.54,94,1,251,0
TX004884,C00482,920.11,NETBANKING,new,monthly,success,none,0,0.71,342,1,167,0
TX004885,C00020,2957.05,UPI,returning,monthly,failed,insufficient_funds,0,0.8,198,1,865,1
TX004886,C00608,2520.11,CARD,returning,monthly,success,none,0,0.67,12,1,395,0
TX004887,C02074,365.86,UPI,returning,one_time,success,none,0,0.51,48,1,1121,0
TX004888,C01619,841.89,UPI,returning,one_time,failed,bank_timeout,1,0.66,16,0,434,1
TX004889,C01014,111.86,UPI,returning,monthly,success,none,0,0.7,95,1,1454,0
TX004890,C01445,1590.32,CARD,returning,one_time,success,none,0,0.82,90,1,542,0
TX004891,C02515,201.34,UPI,returning,monthly,failed,insufficient_funds,2,0.62,51,1,501,1
TX004892,C01715,3033.37,UPI,returning,yearly,success,none,0,0.83,279,1,1067,0
TX004893,C00175,3179.41,UPI,returning,one_time,success,none,0,0.83,110,1,303,0
TX004894,C00148,715.56,CARD,returning,monthly,failed,card_declined,1,0.58,364,1,281,0
TX004895,C01447,1753.11,NETBANKING,returning,monthly,success,none,0,0.63,30,0,393,0
TX004896,C01213,902.0,UPI,returning,one_time,success,none,0,0.92,66,1,656,0
TX004897,C02552,1363.37,CARD,returning,one_time,success,none,0,0.88,238,1,396,0
TX004898,C01749,390.52,CARD,returning,monthly,failed,bank_timeout,0,0.9,106,1,1311,1
TX004899,C02271,1920.31,UPI,returning,monthly,success,none,0,0.88,308,0,1278,0
TX004900,C01756,250.37,UPI,returning,one_time,failed,network_error,1,0.8,314,1,55,0
TX004901,C01036,211.25,NETBANKING,returning,one_time,success,none,0,0.69,130,1,729,0
TX004902,C01973,982.66,UPI,new,one_time,success,none,0,0.85,238,1,855,0
TX004903,C01865,906.76,UPI,new,monthly,failed,bank_timeout,2,0.75,163,1,876,1
TX004904,C02161,1401.18,NETBANKING,new,one_time,failed,insufficient_funds,1,0.9,114,0,921,0
TX004905,C00568,611.21,NETBANKING,returning,monthly,failed,expired_card,2,0.86,22,1,128,0
TX004906,C01925,5985.66,CARD,new,one_time,failed,network_error,0,0.69,255,0,424,1
TX004907,C00857,1267.17,NETBANKING,returning,monthly,success,none,0,0.69,112,1,752,0
TX004908,C02371,1352.34,UPI,new,one_time,failed,bank_timeout,0,0.58,66,1,1195,0
TX004909,C02396,1309.64,CARD,new,one_time,success,none,0,0.84,45,1,574,0
TX004910,C01875,2704.36,UPI,returning,monthly,failed,bank_timeout,0,0.76,259,1,1415,0
TX004911,C02841,1841.65,NETBANKING,returning,monthly,success,none,0,0.47,139,0,1138,0
TX004912,C01613,1632.42,UPI,returning,yearly,success,none,0,0.66,40,1,518,0
TX004913,C00076,2126.83,UPI,returning,yearly,success,none,0,0.68,205,1,1154,0
TX004914,C01819,212.27,UPI,new,monthly,success,none,0,0.9,209,1,1262,0
TX004915,C02334,219.61,CARD,returning,monthly,failed,bank_timeout,1,0.78,301,1,79,0
TX004916,C00304,1024.08,UPI,new,monthly,success,none,0,0.96,178,1,364,0
TX004917,C00314,917.9,CARD,new,monthly,success,none,0,0.63,72,1,1310,0
TX004918,C00820,1847.94,UPI,new,one_time,success,none,0,0.37,160,1,357,0
TX004919,C02533,1116.57,UPI,new,monthly,failed,bank_timeout,0,0.59,265,1,102,0
TX004920,C01583,1851.36,CARD,returning,yearly,success,none,0,0.81,199,1,832,0
TX004921,C02930,357.44,UPI,returning,one_time,success,none,0,0.7,101,1,1432,0
TX004922,C02619,1086.08,CARD,new,one_time,failed,network_error,0,0.88,360,1,797,1
TX004923,C01665,328.01,WALLET,returning,one_time,success,none,0,0.84,316,1,56,0
TX004924,C02038,1553.35,CARD,returning,one_time,failed,bank_timeout,2,0.86,195,1,1364,1
TX004925,C00994,202.26,UPI,new,monthly,success,none,0,0.75,293,1,558,0
TX004926,C00272,1500.39,UPI,returning,one_time,success,none,0,0.86,56,0,677,0
TX004927,C01197,292.34,NETBANKING,new,monthly,failed,bank_timeout,2,0.78,274,1,618,0
TX004928,C01777,776.52,CARD,returning,monthly,success,none,0,0.39,70,0,849,0
TX004929,C00547,2453.9,NETBANKING,returning,one_time,success,none,0,0.77,299,1,1047,0
TX004930,C00666,1345.66,UPI,new,monthly,failed,insufficient_funds,0,0.62,88,1,517,0
TX004931,C00045,249.36,CARD,new,monthly,success,none,0,0.74,198,1,261,0
TX004932,C02203,598.75,UPI,new,monthly,success,none,0,0.7,267,1,331,0
TX004933,C02699,283.94,CARD,returning,one_time,success,none,0,0.72,9,1,1473,0
TX004934,C02483,238.58,NETBANKING,returning,yearly,success,none,0,0.73,68,0,1062,0
TX004935,C01140,1219.13,NETBANKING,returning,one_time,failed,network_error,1,0.66,81,1,132,0
TX004936,C01781,1815.78,UPI,new,one_time,success,none,0,0.74,76,1,94,0
TX004937,C02883,1630.34,NETBANKING,new,one_time,success,none,0,0.91,287,1,263,0
TX004938,C01775,1886.28,UPI,new,yearly,success,none,0,0.77,356,1,1292,0
TX004939,C00888,1084.94,UPI,returning,one_time,failed,card_declined,2,0.59,152,1,361,0
TX004940,C01016,857.44,CARD,returning,one_time,success,none,0,0.47,276,1,1372,0
TX004941,C02182,417.48,UPI,returning,monthly,failed,insufficient_funds,2,0.8,83,1,703,0
TX004942,C01339,737.99,UPI,returning,monthly,success,none,0,0.79,139,1,792,0
TX004943,C02512,333.88,CARD,new,monthly,success,none,0,0.68,60,1,125,0
TX004944,C02593,512.53,CARD,returning,one_time,failed,insufficient_funds,2,0.41,213,0,115,0
TX004945,C00108,1188.01,CARD,returning,monthly,success,none,0,0.55,106,1,225,0
TX004946,C02170,986.31,UPI,new,one_time,success,none,0,0.55,170,1,503,0
TX004947,C01110,17296.43,CARD,returning,one_time,failed,card_declined,0,0.91,246,1,1491,0
TX004948,C01560,326.62,UPI,returning,one_time,failed,network_error,0,0.73,225,1,90,0
TX004949,C00795,979.86,UPI,returning,monthly,success,none,0,0.69,163,1,1302,0
TX004950,C01105,304.49,UPI,returning,one_time,success,none,0,0.61,348,1,348,0
TX004951,C00992,773.55,CARD,new,monthly,failed,insufficient_funds,0,0.87,324,1,45,0
TX004952,C00152,802.41,UPI,returning,one_time,success,none,0,0.62,286,1,976,0
TX004953,C02349,2345.82,UPI,returning,one_time,success,none,0,0.7,13,1,1482,0
TX004954,C00430,731.65,NETBANKING,returning,one_time,success,none,0,0.68,191,1,41,0
TX004955,C01128,923.17,NETBANKING,new,one_time,success,none,0,0.63,359,1,1066,0
TX004956,C00580,744.5,CARD,returning,monthly,success,none,0,0.71,54,1,378,0
TX004957,C00482,310.77,CARD,returning,one_time,failed,insufficient_funds,0,0.61,204,1,1066,0
TX004958,C01121,609.79,WALLET,returning,monthly,success,none,0,0.96,23,1,908,0
TX004959,C02757,777.63,CARD,returning,one_time,success,none,0,0.74,261,1,1115,0
TX004960,C02833,1171.97,UPI,returning,one_time,success,none,0,0.8,178,1,1233,0
TX004961,C01146,1813.57,CARD,returning,one_time,success,none,0,0.62,89,1,155,0
TX004962,C01516,887.9,NETBANKING,returning,one_time,success,none,0,0.83,25,1,1037,0
TX004963,C02958,873.97,CARD,new,monthly,success,none,0,0.8,42,1,927,0
TX004964,C00705,233.05,UPI,returning,one_time,failed,bank_timeout,1,0.95,357,1,918,1
TX004965,C02835,1782.48,NETBANKING,returning,yearly,success,none,0,0.72,311,0,1200,0
TX004966,C00318,586.22,CARD,returning,monthly,success,none,0,0.74,184,1,263,0
TX004967,C00678,2148.25,UPI,returning,one_time,success,none,0,0.91,344,0,1147,0
TX004968,C01015,3586.01,WALLET,returning,yearly,failed,network_error,2,0.73,59,1,1171,0
TX004969,C00112,926.0,CARD,new,one_time,failed,insufficient_funds,0,0.82,26,1,1222,0
TX004970,C02448,436.6,NETBANKING,new,monthly,success,none,0,0.74,86,1,408,0
TX004971,C02567,1080.28,NETBANKING,new,one_time,success,none,0,0.87,161,1,965,0
TX004972,C01151,1500.92,UPI,returning,monthly,success,none,0,0.74,83,1,1132,0
TX004973,C02510,825.54,CARD,returning,one_time,success,none,0,0.87,349,1,379,0
TX004974,C02318,660.08,UPI,returning,monthly,failed,expired_card,0,0.89,187,1,544,0
TX004975,C02405,1821.07,NETBANKING,returning,one_time,failed,insufficient_funds,0,0.38,87,1,199,0
TX004976,C02409,1716.12,NETBANKING,returning,monthly,success,none,0,0.93,161,1,667,0
TX004977,C01721,802.99,NETBANKING,returning,yearly,failed,bank_timeout,0,0.83,361,0,565,0
TX004978,C00333,247.48,CARD,returning,one_time,success,none,0,0.7,229,0,1342,0
TX004979,C02771,1653.65,CARD,returning,yearly,success,none,0,0.81,37,0,133,0
TX004980,C01826,549.72,UPI,returning,monthly,success,none,0,0.68,147,1,251,0
TX004981,C02704,1329.96,UPI,returning,monthly,failed,insufficient_funds,2,0.88,329,1,1277,0
TX004982,C02878,1256.44,UPI,returning,monthly,failed,bank_timeout,2,0.8,246,1,910,1
TX004983,C00562,200.33,NETBANKING,returning,monthly,failed,network_error,0,0.64,227,1,16,1
TX004984,C01207,1179.65,CARD,new,yearly,failed,expired_card,0,0.88,137,1,1192,0
TX004985,C00578,1742.51,CARD,returning,one_time,success,none,0,0.78,333,1,609,0
TX004986,C00153,1945.82,UPI,returning,monthly,failed,expired_card,0,0.89,112,1,347,0
TX004987,C02900,1218.81,CARD,new,yearly,failed,network_error,3,0.75,70,1,60,0
TX004988,C02770,185.03,UPI,returning,monthly,failed,expired_card,0,0.68,15,1,601,0
TX004989,C02796,3461.21,WALLET,returning,yearly,failed,bank_timeout,0,0.68,274,1,333,1
TX004990,C02651,1587.51,NETBANKING,returning,monthly,success,none,0,0.82,290,1,461,0
TX004991,C01947,371.3,UPI,new,one_time,success,none,0,0.78,15,1,1186,0
TX004992,C01567,539.7,NETBANKING,new,monthly,success,none,0,0.56,183,0,1131,0
TX004993,C02975,1350.33,UPI,new,monthly,success,none,0,0.65,89,1,797,0
TX004994,C01657,2021.93,UPI,returning,one_time,success,none,0,0.64,73,0,921,0
TX004995,C01928,706.86,CARD,returning,one_time,success,none,0,0.74,327,1,323,0
TX004996,C00636,2305.32,CARD,returning,one_time,success,none,0,0.67,167,1,723,0
TX004997,C02241,218.44,UPI,new,monthly,success,none,0,0.87,245,1,1156,0
TX004998,C02459,429.14,UPI,returning,monthly,success,none,0,0.62,120,1,1281,0
TX004999,C02036,171.07,UPI,returning,monthly,failed,card_declined,0,0.75,248,1,495,0
TX005000,C01496,488.99,UPI,returning,one_time,failed,card_declined,1,0.61,79,1,466,1
TX005001,C00594,4261.04,UPI,returning,one_time,success,none,0,0.74,156,1,40,0
TX005002,C00102,6988.51,UPI,returning,one_time,success,none,0,0.76,242,1,312,0
TX005003,C01882,1354.42,NETBANKING,returning,monthly,success,none,0,0.7,69,1,862,0
TX005004,C02050,617.34,UPI,new,monthly,success,none,0,0.74,170,1,1176,0
TX005005,C02318,898.32,UPI,returning,yearly,failed,expired_card,3,0.45,192,1,732,0
TX005006,C02852,1679.09,UPI,new,one_time,success,none,0,0.85,157,0,488,0
TX005007,C01493,268.63,UPI,returning,monthly,failed,network_error,1,0.96,95,1,250,0
TX005008,C02488,655.08,CARD,returning,monthly,success,none,0,0.8,171,1,609,0
TX005009,C02149,3989.43,UPI,new,yearly,success,none,0,0.52,92,1,885,0
TX005010,C00832,427.89,UPI,returning,monthly,success,none,0,0.96,238,1,828,0
TX005011,C02536,558.85,NETBANKING,returning,monthly,success,none,0,0.68,108,1,484,0
TX005012,C00160,1109.73,CARD,returning,monthly,success,none,0,0.97,291,1,1475,0
TX005013,C01797,1414.92,UPI,returning,one_time,success,none,0,0.83,112,1,198,0
TX005014,C02822,624.84,UPI,returning,monthly,success,none,0,0.62,169,1,521,0
TX005015,C01977,1175.29,NETBANKING,new,monthly,failed,insufficient_funds,3,0.84,183,0,262,0
TX005016,C02812,1895.32,CARD,returning,yearly,success,none,0,0.68,198,1,955,0
TX005017,C00169,6408.03,NETBANKING,new,one_time,failed,card_declined,0,0.92,56,1,21,0
TX005018,C01598,978.85,UPI,new,monthly,success,none,0,0.87,235,1,1370,0
TX005019,C02342,1056.62,CARD,returning,one_time,success,none,0,0.9,192,0,917,0
TX005020,C01927,4336.0,UPI,returning,monthly,success,none,0,0.77,64,1,416,0
TX005021,C02642,668.98,UPI,returning,yearly,failed,insufficient_funds,0,0.9,231,1,1183,0
TX005022,C01388,332.98,CARD,new,one_time,failed,bank_timeout,3,0.62,281,1,1186,0
TX005023,C02048,1373.65,CARD,returning,monthly,success,none,0,0.84,178,1,647,0
TX005024,C01260,2888.69,UPI,new,monthly,success,none,0,0.79,13,1,1106,0
TX005025,C02617,1517.69,UPI,returning,monthly,success,none,0,0.57,248,1,887,0
TX005026,C00359,1004.94,CARD,new,one_time,success,none,0,0.79,87,0,1164,0
TX005027,C00763,297.81,UPI,returning,yearly,success,none,0,0.27,224,1,1118,0
TX005028,C00291,1040.51,UPI,returning,yearly,failed,insufficient_funds,1,0.35,359,1,1219,0
TX005029,C02107,3327.04,UPI,new,monthly,success,none,0,0.7,119,1,932,0
TX005030,C00699,361.15,UPI,returning,one_time,success,none,0,0.81,228,0,665,0
TX005031,C00952,879.83,NETBANKING,returning,monthly,failed,bank_timeout,0,0.62,311,1,418,1
TX005032,C02510,773.76,UPI,returning,one_time,success,none,0,0.65,154,0,202,0
TX005033,C01081,585.27,UPI,returning,monthly,failed,bank_timeout,1,0.54,149,1,216,0
TX005034,C00438,1370.77,CARD,returning,one_time,success,none,0,0.87,269,1,776,0
TX005035,C00063,1634.31,UPI,new,one_time,success,none,0,0.63,358,0,1258,0
TX005036,C00681,1618.97,CARD,new,one_time,failed,bank_timeout,0,0.61,143,1,270,0
TX005037,C02745,455.26,UPI,new,monthly,success,none,0,0.73,188,1,254,0
TX005038,C01646,249.29,NETBANKING,new,monthly,failed,bank_timeout,1,0.9,132,1,219,1
TX005039,C02985,1388.74,CARD,returning,monthly,success,none,0,0.94,77,1,1119,0
TX005040,C00646,695.53,CARD,new,one_time,success,none,0,0.62,274,1,717,0
TX005041,C01055,5735.79,UPI,new,one_time,success,none,0,0.65,9,1,113,0
TX005042,C00490,5979.3,NETBANKING,new,one_time,success,none,0,0.83,171,1,401,0
TX005043,C01196,6578.89,CARD,returning,monthly,success,none,0,0.92,259,1,325,0
TX005044,C01690,470.55,UPI,returning,one_time,success,none,0,0.6,172,0,589,0
TX005045,C02425,1830.66,UPI,returning,monthly,failed,network_error,0,0.69,38,1,1462,0
TX005046,C01105,2401.52,UPI,returning,one_time,failed,card_declined,2,0.89,41,0,290,0
TX005047,C02315,2170.08,UPI,new,yearly,success,none,0,0.71,132,0,812,0
TX005048,C01879,797.15,UPI,returning,one_time,success,none,0,0.71,301,1,1277,0
TX005049,C00876,3467.71,NETBANKING,new,one_time,success,none,0,0.75,102,1,747,0
TX005050,C02737,1097.1,WALLET,returning,one_time,success,none,0,0.79,126,1,1093,0
TX005051,C01303,1230.65,UPI,new,one_time,success,none,0,0.92,324,1,457,0
TX005052,C00453,274.77,NETBANKING,returning,one_time,success,none,0,0.9,206,0,950,0
TX005053,C02889,1959.19,CARD,returning,monthly,success,none,0,0.75,335,1,117,0
TX005054,C02741,867.51,UPI,returning,monthly,success,none,0,0.98,150,0,153,0
TX005055,C00149,1666.2,WALLET,returning,one_time,success,none,0,0.68,191,1,72,0
TX005056,C02708,1355.06,CARD,returning,yearly,success,none,0,0.82,222,0,473,0
TX005057,C02843,1290.57,CARD,new,one_time,success,none,0,0.64,291,1,512,0
TX005058,C02488,1052.43,UPI,returning,monthly,success,none,0,0.81,192,1,945,0
TX005059,C00765,2225.95,UPI,returning,one_time,success,none,0,0.84,149,1,1252,0
TX005060,C01894,916.9,NETBANKING,new,one_time,success,none,0,0.87,349,1,304,0
TX005061,C01615,295.99,UPI,new,monthly,success,none,0,0.87,115,1,829,0
TX005062,C01861,1829.98,UPI,new,one_time,success,none,0,0.83,349,1,1253,0
TX005063,C01850,529.48,UPI,returning,one_time,success,none,0,0.71,254,1,1031,0
TX005064,C01918,333.01,UPI,returning,monthly,success,none,0,0.73,63,1,1313,0
TX005065,C01543,437.02,UPI,returning,monthly,success,none,0,0.85,246,1,683,0
TX005066,C02072,1415.16,NETBANKING,new,yearly,failed,card_declined,1,0.91,326,1,837,0
TX005067,C01580,1005.39,UPI,returning,monthly,success,none,0,0.82,49,1,148,0
TX005068,C00050,160.87,NETBANKING,new,one_time,success,none,0,0.8,160,1,199,0
TX005069,C00106,776.43,CARD,new,monthly,failed,insufficient_funds,1,0.6,323,1,302,0
TX005070,C02875,3141.04,UPI,returning,monthly,success,none,0,0.88,171,0,329,0
TX005071,C02728,730.58,UPI,returning,one_time,success,none,0,0.91,197,1,679,0
TX005072,C01757,944.89,UPI,returning,one_time,success,none,0,0.64,269,1,32,0
TX005073,C00524,2803.69,NETBANKING,returning,monthly,success,none,0,0.85,25,1,1088,0
TX005074,C02345,2243.83,CARD,new,monthly,success,none,0,0.89,185,1,428,0
TX005075,C00430,2750.6,UPI,new,one_time,success,none,0,0.78,14,1,575,0
TX005076,C01132,100.0,NETBANKING,new,monthly,failed,expired_card,0,0.81,263,0,1216,0
TX005077,C00990,5219.57,NETBANKING,new,one_time,success,none,0,0.53,192,1,1126,0
TX005078,C00038,1944.5,UPI,returning,one_time,success,none,0,0.79,153,1,452,0
TX005079,C02422,10050.01,CARD,returning,monthly,success,none,0,0.81,150,1,193,0
TX005080,C01530,542.35,CARD,returning,one_time,failed,network_error,0,0.85,264,1,1221,1
TX005081,C00949,224.28,NETBANKING,returning,one_time,success,none,0,0.29,294,1,1262,0
TX005082,C01522,1103.78,UPI,new,monthly,success,none,0,0.32,179,1,1291,0
TX005083,C00001,855.91,UPI,new,one_time,failed,network_error,2,0.72,305,1,397,0
TX005084,C01311,1974.95,UPI,returning,yearly,failed,card_declined,0,0.74,41,1,1284,0
TX005085,C01559,2885.45,UPI,returning,yearly,success,none,0,0.81,294,1,1152,0
TX005086,C01020,1013.77,UPI,returning,monthly,success,none,0,0.64,218,0,1247,0
TX005087,C02492,883.03,CARD,returning,monthly,failed,card_declined,2,0.86,71,1,77,0
TX005088,C00750,1755.39,UPI,returning,yearly,success,none,0,0.47,246,0,294,0
TX005089,C00414,870.71,UPI,returning,monthly,success,none,0,0.76,254,1,358,0
TX005090,C01583,807.56,CARD,returning,monthly,success,none,0,0.7,90,1,920,0
TX005091,C02662,2788.95,UPI,returning,one_time,success,none,0,0.7,352,1,112,0
TX005092,C01126,3407.72,UPI,returning,monthly,failed,network_error,0,0.49,243,1,637,0
TX005093,C00140,2909.01,CARD,returning,one_time,failed,expired_card,1,0.87,56,1,39,0
TX005094,C02910,942.55,NETBANKING,returning,one_time,success,none,0,0.92,363,1,337,0
TX005095,C01333,159.84,UPI,new,monthly,failed,card_declined,2,0.83,295,1,1297,0
TX005096,C00519,959.69,NETBANKING,returning,one_time,failed,network_error,2,0.79,176,0,1379,0
TX005097,C01847,554.36,NETBANKING,returning,one_time,success,none,0,0.91,326,1,928,0
TX005098,C00959,975.79,CARD,returning,monthly,success,none,0,0.64,114,0,1445,0
TX005099,C02814,599.45,WALLET,returning,one_time,failed,insufficient_funds,1,0.69,74,1,1047,0
TX005100,C00882,1076.35,UPI,returning,yearly,success,none,0,0.72,62,1,565,0
TX005101,C01651,430.37,UPI,new,yearly,success,none,0,0.68,256,1,700,0
TX005102,C01630,346.32,NETBANKING,new,monthly,success,none,0,0.68,72,0,1261,0
TX005103,C00728,3295.86,UPI,returning,one_time,failed,network_error,1,0.64,82,1,1141,1
TX005104,C01498,458.2,UPI,returning,monthly,success,none,0,0.57,83,0,1489,0
TX005105,C00328,1096.96,UPI,new,one_time,failed,bank_timeout,0,0.89,225,1,800,1
TX005106,C01932,2589.09,UPI,returning,monthly,failed,expired_card,2,0.41,132,1,1420,0
TX005107,C02275,2497.07,UPI,returning,one_time,success,none,0,0.8,157,1,1237,0
TX005108,C02851,2242.54,UPI,new,monthly,success,none,0,0.55,10,1,388,0
TX005109,C00978,1440.26,WALLET,new,one_time,failed,insufficient_funds,0,0.78,160,1,1399,1
TX005110,C00856,2104.02,UPI,new,yearly,success,none,0,0.82,174,1,34,0
TX005111,C01647,3773.58,NETBANKING,returning,one_time,success,none,0,0.48,46,1,1229,0
TX005112,C02079,1607.64,UPI,new,one_time,success,none,0,0.61,323,1,283,0
TX005113,C02978,209.88,UPI,new,one_time,success,none,0,0.88,349,1,604,0
TX005114,C00076,681.52,NETBANKING,returning,monthly,success,none,0,0.96,170,1,264,0
TX005115,C00715,2052.33,UPI,returning,yearly,success,none,0,0.78,11,1,6,0
TX005116,C00788,623.67,UPI,returning,one_time,success,none,0,0.72,186,1,403,0
TX005117,C00767,4713.07,NETBANKING,returning,one_time,failed,bank_timeout,0,0.6,28,1,737,1
TX005118,C01392,1036.02,UPI,returning,one_time,success,none,0,0.67,209,1,564,0
TX005119,C02619,1184.08,UPI,returning,monthly,success,none,0,0.75,83,1,218,0
TX005120,C00093,3017.76,WALLET,returning,monthly,success,none,0,0.77,355,1,1211,0
TX005121,C02448,930.23,UPI,returning,monthly,success,none,0,0.85,184,1,1116,0
TX005122,C01854,1285.17,CARD,returning,monthly,success,none,0,0.97,106,0,520,0
TX005123,C01846,2463.19,UPI,new,one_time,success,none,0,0.93,231,0,787,0
TX005124,C02035,291.48,UPI,returning,yearly,success,none,0,0.81,350,0,1352,0
TX005125,C00347,848.3,UPI,returning,monthly,failed,bank_timeout,1,0.81,80,1,715,0
TX005126,C02241,2312.85,CARD,new,monthly,failed,network_error,1,0.78,278,0,1022,1
TX005127,C00745,1163.33,UPI,new,one_time,failed,network_error,0,0.44,335,1,189,0
TX005128,C01550,4107.63,NETBANKING,returning,monthly,success,none,0,0.91,162,0,128,0
TX005129,C02031,265.51,CARD,returning,monthly,success,none,0,0.87,338,0,699,0
TX005130,C01812,239.61,CARD,new,one_time,success,none,0,0.59,307,1,1476,0
TX005131,C00970,2192.32,UPI,returning,one_time,success,none,0,0.85,189,1,308,0
TX005132,C01189,2390.43,CARD,new,monthly,success,none,0,0.59,348,1,417,0
TX005133,C01430,921.57,CARD,returning,monthly,failed,expired_card,0,0.66,65,1,1110,0
TX005134,C00124,1572.39,UPI,returning,one_time,success,none,0,0.87,343,0,1055,0
TX005135,C02179,2144.55,NETBANKING,returning,yearly,success,none,0,0.72,112,1,256,0
TX005136,C00300,527.17,UPI,returning,one_time,failed,card_declined,1,0.75,165,1,1192,0
TX005137,C01376,580.47,NETBANKING,returning,one_time,failed,expired_card,1,0.87,109,1,669,0
TX005138,C01965,1300.82,WALLET,returning,one_time,success,none,0,0.9,332,1,562,0
TX005139,C00242,2474.22,UPI,returning,monthly,success,none,0,0.67,105,1,462,0
TX005140,C02987,384.0,UPI,returning,one_time,success,none,0,0.7,257,1,1328,0
TX005141,C01132,917.68,UPI,new,monthly,success,none,0,0.95,192,1,953,0
TX005142,C00048,880.23,UPI,new,one_time,success,none,0,0.77,29,1,1214,0
TX005143,C01976,1597.45,NETBANKING,returning,one_time,success,none,0,0.7,279,1,1394,0
TX005144,C01673,1088.08,UPI,new,one_time,success,none,0,0.45,14,1,1155,0
TX005145,C01921,670.96,CARD,returning,one_time,success,none,0,0.94,66,1,318,0
TX005146,C02254,3373.51,NETBANKING,new,one_time,success,none,0,0.94,146,0,1326,0
TX005147,C01427,674.97,WALLET,new,one_time,failed,expired_card,1,0.42,160,1,542,0
TX005148,C02481,843.12,UPI,new,monthly,failed,card_declined,0,0.91,235,1,520,0
TX005149,C01111,261.82,WALLET,new,monthly,success,none,0,0.54,23,1,1208,0
TX005150,C01636,576.94,UPI,new,yearly,success,none,0,0.64,326,1,1094,0
TX005151,C00476,1744.93,UPI,returning,monthly,success,none,0,0.86,18,1,1065,0
TX005152,C01860,1463.44,UPI,new,one_time,success,none,0,0.67,14,1,736,0
TX005153,C00785,1881.01,CARD,returning,monthly,success,none,0,0.8,270,1,561,0
TX005154,C02091,1800.62,UPI,returning,one_time,failed,insufficient_funds,0,0.52,99,1,1038,0
TX005155,C02404,7179.2,UPI,returning,monthly,success,none,0,0.82,90,1,1169,0
TX005156,C02577,559.43,UPI,returning,one_time,failed,network_error,0,0.61,273,1,1107,0
TX005157,C02788,255.32,NETBANKING,new,yearly,success,none,0,0.72,220,1,1434,0
TX005158,C00367,426.03,CARD,new,monthly,failed,card_declined,0,0.62,133,1,952,0
TX005159,C00414,582.14,CARD,returning,monthly,failed,bank_timeout,1,0.8,115,1,1036,0
TX005160,C02779,456.28,CARD,returning,monthly,failed,card_declined,0,0.81,220,1,1269,0
TX005161,C01143,1193.08,UPI,new,one_time,success,none,0,0.67,314,1,136,0
TX005162,C00079,3385.95,UPI,returning,one_time,success,none,0,0.9,146,0,362,0
TX005163,C00861,4383.9,UPI,new,one_time,success,none,0,0.5,157,1,1341,0
TX005164,C02509,1726.55,UPI,new,monthly,success,none,0,0.79,76,1,44,0
TX005165,C01065,7533.73,NETBANKING,new,yearly,success,none,0,0.61,194,1,958,0
TX005166,C00231,795.73,UPI,returning,one_time,failed,network_error,1,0.65,23,1,993,0
TX005167,C02167,252.33,CARD,returning,monthly,success,none,0,0.72,296,1,919,0
TX005168,C00584,2829.51,NETBANKING,returning,one_time,failed,card_declined,0,0.64,196,1,99,1
TX005169,C01059,209.61,NETBANKING,new,monthly,success,none,0,0.77,106,1,1213,0
TX005170,C00012,555.85,UPI,new,yearly,failed,insufficient_funds,1,0.73,68,1,382,1
TX005171,C01806,1751.28,NETBANKING,new,one_time,failed,insufficient_funds,0,0.73,97,1,880,0
TX005172,C01336,1000.1,CARD,returning,one_time,failed,expired_card,0,0.59,26,1,261,1
TX005173,C02602,923.47,UPI,returning,monthly,failed,bank_timeout,2,0.93,348,1,34,1
TX005174,C01004,378.91,CARD,returning,one_time,success,none,0,0.76,113,1,520,0
TX005175,C00614,1086.02,UPI,new,one_time,success,none,0,0.8,337,1,213,0
TX005176,C00498,2706.19,NETBANKING,new,one_time,success,none,0,0.68,338,1,1484,0
TX005177,C00601,1116.52,CARD,new,monthly,success,none,0,0.69,6,1,1365,0
TX005178,C01354,519.46,CARD,returning,yearly,success,none,0,0.5,204,1,1038,0
TX005179,C00262,356.81,NETBANKING,returning,yearly,success,none,0,0.85,289,1,582,0
TX005180,C01208,529.2,CARD,returning,monthly,failed,bank_timeout,0,0.84,88,1,55,0
TX005181,C02565,1561.03,UPI,returning,monthly,success,none,0,0.75,357,1,746,0
TX005182,C02303,1494.04,UPI,returning,monthly,success,none,0,0.75,226,0,1462,0
TX005183,C01912,533.55,NETBANKING,returning,monthly,success,none,0,0.9,286,1,891,0
TX005184,C02680,149.95,CARD,returning,one_time,success,none,0,0.75,281,1,1434,0
TX005185,C02341,1600.4,NETBANKING,returning,one_time,failed,insufficient_funds,1,0.87,52,0,967,1
TX005186,C01958,488.85,UPI,new,monthly,success,none,0,0.95,310,1,1071,0
TX005187,C02590,2038.88,UPI,returning,yearly,success,none,0,0.91,44,0,80,0
TX005188,C00374,555.3,NETBANKING,returning,monthly,failed,bank_timeout,0,0.58,361,1,1171,0
TX005189,C02455,450.74,CARD,new,yearly,failed,network_error,0,0.64,229,1,576,0
TX005190,C00887,1258.73,UPI,returning,one_time,success,none,0,0.83,225,1,253,0
TX005191,C02200,9153.85,UPI,returning,one_time,failed,bank_timeout,3,0.53,346,0,856,0
TX005192,C02740,2151.94,NETBANKING,returning,yearly,success,none,0,0.61,158,1,804,0
TX005193,C01489,1239.67,CARD,returning,one_time,failed,insufficient_funds,1,0.72,182,1,574,0
TX005194,C00267,1514.69,UPI,new,monthly,success,none,0,0.65,248,0,686,0
TX005195,C01111,226.78,UPI,returning,one_time,failed,insufficient_funds,0,0.76,81,1,485,0
TX005196,C01221,399.37,UPI,returning,yearly,success,none,0,0.87,41,1,989,0
TX005197,C02811,114.45,UPI,returning,one_time,failed,bank_timeout,3,0.7,358,1,122,0
TX005198,C02828,5202.46,UPI,new,yearly,failed,insufficient_funds,2,0.82,269,1,1101,0
TX005199,C01706,4335.74,UPI,returning,one_time,success,none,0,0.85,208,1,815,0
TX005200,C02852,1561.71,NETBANKING,returning,one_time,success,none,0,0.73,102,1,386,0
TX005201,C01309,1238.43,UPI,returning,monthly,success,none,0,0.62,291,1,552,0
TX005202,C01234,271.39,NETBANKING,new,one_time,success,none,0,0.81,243,0,426,0
TX005203,C02510,900.21,UPI,new,one_time,success,none,0,0.61,158,1,1232,0
TX005204,C02003,5503.57,UPI,returning,monthly,failed,network_error,1,0.81,170,1,1311,0
TX005205,C01568,1234.32,UPI,returning,one_time,failed,card_declined,1,0.93,345,1,974,0
TX005206,C01371,659.72,UPI,returning,one_time,success,none,0,0.63,93,1,414,0
TX005207,C02117,225.37,CARD,new,one_time,failed,network_error,1,0.72,28,1,1352,0
TX005208,C02261,3798.17,NETBANKING,returning,monthly,success,none,0,0.73,281,0,531,0
TX005209,C01472,1029.6,CARD,returning,one_time,failed,bank_timeout,3,0.64,83,1,623,0
TX005210,C00095,225.64,CARD,new,monthly,success,none,0,0.65,320,1,1060,0
TX005211,C00306,477.31,NETBANKING,new,monthly,success,none,0,0.75,217,1,919,0
TX005212,C00433,347.31,CARD,returning,one_time,success,none,0,0.86,208,1,1075,0
TX005213,C01387,974.02,CARD,returning,monthly,success,none,0,0.58,89,0,31,0
TX005214,C01843,1321.61,CARD,new,monthly,success,none,0,0.63,306,0,568,0
TX005215,C02412,697.22,UPI,returning,monthly,success,none,0,0.78,280,1,256,0
TX005216,C00698,2206.9,UPI,returning,one_time,failed,bank_timeout,0,0.47,306,1,1459,0
TX005217,C02360,1177.23,CARD,returning,monthly,success,none,0,0.52,195,1,80,0
TX005218,C01999,2852.87,CARD,returning,one_time,success,none,0,0.68,89,1,522,0
TX005219,C00155,795.15,UPI,returning,monthly,success,none,0,0.56,208,1,1442,0
TX005220,C01054,16997.02,WALLET,new,one_time,success,none,0,0.87,223,1,394,0
TX005221,C00908,659.82,UPI,new,yearly,failed,card_declined,1,0.7,71,1,1244,0
TX005222,C02660,486.39,CARD,new,one_time,success,none,0,0.58,362,1,117,0
TX005223,C02764,435.43,WALLET,returning,monthly,failed,bank_timeout,2,0.9,151,0,1219,0
TX005224,C02458,907.01,UPI,returning,monthly,failed,card_declined,1,0.62,42,0,585,0
TX005225,C01585,233.32,NETBANKING,new,one_time,success,none,0,0.89,279,0,1059,0
TX005226,C01479,1429.54,NETBANKING,returning,one_time,success,none,0,0.7,236,1,937,0
TX005227,C00935,197.4,CARD,returning,one_time,success,none,0,0.91,23,0,1017,0
TX005228,C02319,1268.39,WALLET,returning,monthly,success,none,0,0.77,134,1,135,0
TX005229,C00259,325.02,CARD,new,monthly,success,none,0,0.85,37,1,513,0
TX005230,C00814,778.09,UPI,returning,one_time,success,none,0,0.56,142,1,2,0
TX005231,C00406,1889.54,CARD,returning,monthly,success,none,0,0.89,20,1,1388,0
TX005232,C01483,8722.26,UPI,new,one_time,success,none,0,0.9,23,0,585,0
TX005233,C00900,415.63,UPI,new,monthly,failed,network_error,1,0.92,298,1,1381,1
TX005234,C00593,957.87,UPI,new,one_time,failed,network_error,0,0.78,103,1,731,0
TX005235,C01130,571.7,UPI,returning,yearly,success,none,0,0.9,268,0,1221,0
TX005236,C02583,501.26,NETBANKING,new,monthly,success,none,0,0.79,312,1,408,0
TX005237,C01675,576.24,NETBANKING,new,one_time,failed,insufficient_funds,1,0.84,250,1,622,0
TX005238,C02470,2302.29,WALLET,returning,monthly,success,none,0,0.87,22,1,111,0
TX005239,C02742,706.8,UPI,returning,monthly,failed,bank_timeout,0,0.87,299,1,1327,0
TX005240,C02707,8303.08,CARD,returning,one_time,success,none,0,0.89,112,0,1086,0
TX005241,C01054,1594.6,CARD,returning,one_time,success,none,0,0.77,246,0,578,0
TX005242,C02633,441.86,UPI,returning,one_time,success,none,0,0.68,360,1,500,0
TX005243,C02729,788.37,CARD,returning,one_time,success,none,0,0.62,20,1,983,0
TX005244,C02879,532.9,UPI,returning,monthly,success,none,0,0.66,53,0,345,0
TX005245,C01054,2253.1,NETBANKING,returning,monthly,success,none,0,0.93,305,1,985,0
TX005246,C00686,250.91,UPI,returning,one_time,success,none,0,0.8,278,1,589,0
TX005247,C01753,328.04,NETBANKING,returning,one_time,failed,network_error,3,0.52,343,1,771,0
TX005248,C02796,643.94,NETBANKING,new,monthly,success,none,0,0.83,362,1,602,0
TX005249,C02702,2027.69,CARD,returning,monthly,failed,card_declined,3,0.89,26,1,539,0
TX005250,C01714,3326.76,UPI,returning,monthly,success,none,0,0.88,324,1,497,0
TX005251,C00448,3798.98,UPI,returning,monthly,success,none,0,0.48,73,1,436,0
TX005252,C01268,1766.62,WALLET,returning,one_time,success,none,0,0.63,312,1,1124,0
TX005253,C02143,1017.8,UPI,new,monthly,success,none,0,0.69,230,1,347,0
TX005254,C01682,2242.09,UPI,returning,monthly,success,none,0,0.91,363,1,1066,0
TX005255,C01037,391.49,WALLET,new,monthly,failed,card_declined,0,0.26,358,1,1088,0
TX005256,C01028,208.47,CARD,new,one_time,success,none,0,0.73,100,1,54,0
TX005257,C00180,1624.53,CARD,new,monthly,success,none,0,0.61,190,1,1022,0
TX005258,C00866,443.58,UPI,new,one_time,failed,insufficient_funds,1,0.73,350,1,527,0
TX005259,C02009,1034.04,UPI,new,one_time,success,none,0,0.65,283,1,999,0
TX005260,C00724,1221.29,NETBANKING,returning,one_time,failed,bank_timeout,0,0.53,197,1,856,0
TX005261,C02981,1371.02,UPI,returning,monthly,success,none,0,0.8,260,1,314,0
TX005262,C00248,2550.42,UPI,returning,monthly,success,none,0,0.84,39,1,1250,0
TX005263,C01767,2318.95,UPI,returning,one_time,success,none,0,0.65,264,1,1400,0
TX005264,C01490,1307.01,CARD,returning,one_time,failed,card_declined,1,0.61,316,1,476,0
TX005265,C02500,736.7,UPI,returning,one_time,success,none,0,0.84,159,1,613,0
TX005266,C02664,1208.32,NETBANKING,returning,monthly,success,none,0,0.74,48,1,42,0
TX005267,C01631,641.24,UPI,returning,monthly,success,none,0,0.79,37,1,39,0
TX005268,C01891,918.93,UPI,returning,monthly,success,none,0,0.63,65,1,1270,0
TX005269,C02097,11572.14,WALLET,returning,monthly,success,none,0,0.83,213,1,1348,0
TX005270,C01563,1292.03,WALLET,new,monthly,success,none,0,0.86,1,1,1074,0
TX005271,C00555,1644.55,CARD,returning,one_time,success,none,0,0.73,364,1,1282,0
TX005272,C01286,581.18,NETBANKING,new,monthly,success,none,0,0.95,138,1,844,0
TX005273,C00725,2746.45,UPI,returning,one_time,failed,card_declined,3,0.69,179,1,472,1
TX005274,C01394,2173.83,UPI,returning,monthly,success,none,0,0.69,152,1,880,0
TX005275,C01846,2187.72,UPI,returning,monthly,failed,card_declined,0,0.86,252,1,583,0
TX005276,C00628,1330.62,UPI,new,yearly,success,none,0,0.72,95,1,1130,0
TX005277,C00749,2781.57,CARD,returning,one_time,failed,network_error,0,0.78,315,1,307,0
TX005278,C02469,3444.44,NETBANKING,returning,monthly,failed,insufficient_funds,1,0.65,299,1,791,1
TX005279,C01134,1414.86,UPI,returning,monthly,success,none,0,0.81,277,1,1291,0
TX005280,C00596,989.15,UPI,returning,yearly,success,none,0,0.71,321,0,928,0
TX005281,C02140,2453.11,WALLET,new,one_time,success,none,0,0.97,277,1,142,0
TX005282,C02150,486.04,CARD,returning,monthly,success,none,0,0.74,108,1,1493,0
TX005283,C02479,574.69,UPI,returning,one_time,success,none,0,0.58,246,1,795,0
TX005284,C02280,1045.27,UPI,returning,yearly,failed,network_error,0,0.83,190,0,334,1
TX005285,C02976,228.78,UPI,returning,monthly,success,none,0,0.93,250,1,1137,0
TX005286,C01725,2309.61,UPI,returning,monthly,success,none,0,0.87,343,1,949,0
TX005287,C00861,460.99,UPI,new,monthly,success,none,0,0.76,28,1,210,0
TX005288,C02589,717.42,UPI,new,monthly,success,none,0,0.74,66,1,1181,0
TX005289,C00795,905.1,UPI,new,monthly,failed,network_error,1,0.71,345,0,663,0
TX005290,C00874,1136.1,UPI,returning,one_time,success,none,0,0.67,80,1,222,0
TX005291,C02486,804.9,UPI,returning,monthly,failed,insufficient_funds,2,0.41,178,1,219,0
TX005292,C02645,1032.12,UPI,returning,monthly,failed,network_error,1,0.48,137,1,1381,1
TX005293,C01019,1039.33,UPI,returning,one_time,success,none,0,0.85,302,1,468,0
TX005294,C02189,733.39,NETBANKING,returning,monthly,success,none,0,0.74,89,0,438,0
TX005295,C02768,546.82,CARD,returning,one_time,success,none,0,0.89,57,1,1049,0
TX005296,C02397,2902.5,UPI,returning,monthly,failed,bank_timeout,0,0.67,14,1,1155,0
TX005297,C00015,165.01,UPI,returning,monthly,failed,bank_timeout,0,0.73,114,1,145,1
TX005298,C01994,911.29,CARD,returning,monthly,success,none,0,0.58,328,1,936,0
TX005299,C00510,719.09,UPI,returning,one_time,success,none,0,0.78,309,1,845,0
TX005300,C02540,1598.65,CARD,returning,monthly,success,none,0,0.64,20,1,824,0
TX005301,C00202,296.23,WALLET,returning,monthly,success,none,0,0.72,356,1,137,0
TX005302,C02980,699.38,UPI,returning,monthly,success,none,0,0.67,133,1,1390,0
TX005303,C00532,1000.12,UPI,returning,monthly,success,none,0,0.79,49,1,1458,0
TX005304,C01261,2872.87,UPI,returning,monthly,failed,insufficient_funds,0,0.81,35,1,639,0
TX005305,C00703,1478.77,CARD,returning,monthly,success,none,0,0.49,107,1,994,0
TX005306,C02442,377.99,UPI,returning,one_time,success,none,0,0.88,127,1,692,0
TX005307,C01181,707.17,CARD,returning,one_time,failed,insufficient_funds,2,0.66,233,1,603,0
TX005308,C02234,2434.38,UPI,new,one_time,success,none,0,0.82,40,1,797,0
TX005309,C00202,372.15,CARD,returning,monthly,failed,bank_timeout,1,0.81,187,1,773,0
TX005310,C01359,1021.7,CARD,new,one_time,success,none,0,0.66,41,1,1348,0
TX005311,C02734,1087.67,UPI,new,monthly,failed,card_declined,1,0.78,227,1,795,1
TX005312,C02781,774.95,WALLET,new,monthly,success,none,0,0.86,234,1,1475,0
TX005313,C00627,12408.99,NETBANKING,returning,one_time,success,none,0,0.6,250,1,436,0
TX005314,C01184,756.38,UPI,returning,one_time,failed,bank_timeout,1,0.94,162,1,1425,1
TX005315,C01228,1643.84,WALLET,returning,one_time,failed,network_error,3,0.72,154,1,1011,0
TX005316,C01697,550.23,NETBANKING,returning,one_time,success,none,0,0.43,100,1,1273,0
TX005317,C01613,1763.35,UPI,returning,one_time,success,none,0,0.61,338,1,790,0
TX005318,C00318,2401.16,CARD,returning,monthly,success,none,0,0.59,348,1,723,0
TX005319,C02289,646.02,CARD,returning,yearly,failed,expired_card,3,0.77,38,1,248,0
TX005320,C00678,1043.95,CARD,returning,one_time,success,none,0,0.4,354,1,424,0
TX005321,C00945,489.92,NETBANKING,new,one_time,success,none,0,0.87,202,0,121,0
TX005322,C02523,391.52,UPI,returning,monthly,success,none,0,0.65,224,1,1420,0
TX005323,C02069,2788.1,UPI,returning,yearly,success,none,0,0.76,247,1,469,0
TX005324,C01190,666.07,UPI,new,yearly,failed,network_error,1,0.95,75,1,223,0
TX005325,C02738,124.93,CARD,new,yearly,success,none,0,0.84,343,1,1144,0
TX005326,C01183,5371.27,UPI,new,one_time,success,none,0,0.81,339,0,57,0
TX005327,C01697,532.78,UPI,returning,yearly,success,none,0,0.64,149,0,1168,0
TX005328,C00738,878.54,UPI,returning,one_time,failed,bank_timeout,0,0.81,134,1,797,0
TX005329,C00550,4802.13,CARD,new,one_time,success,none,0,0.72,328,1,1130,0
TX005330,C01475,965.29,UPI,new,monthly,success,none,0,0.83,177,0,903,0
TX005331,C01690,946.71,UPI,returning,monthly,success,none,0,0.63,99,1,1189,0
TX005332,C02418,363.09,UPI,returning,monthly,success,none,0,0.68,269,1,1020,0
TX005333,C01173,251.8,UPI,returning,monthly,failed,card_declined,1,0.74,6,1,1176,1
TX005334,C02686,944.12,UPI,new,monthly,success,none,0,0.64,270,1,613,0
TX005335,C01823,1520.1,UPI,returning,one_time,success,none,0,0.77,240,1,520,0
TX005336,C00211,1443.71,CARD,returning,one_time,success,none,0,0.62,168,1,1250,0
TX005337,C02218,711.14,UPI,new,monthly,success,none,0,0.5,201,0,466,0
TX005338,C01725,1116.81,UPI,returning,monthly,failed,card_declined,1,0.69,197,1,1020,0
TX005339,C01169,209.87,CARD,returning,one_time,success,none,0,0.39,89,1,246,0
TX005340,C01402,1659.3,UPI,new,one_time,failed,network_error,1,0.77,355,0,1268,0
TX005341,C00906,1268.09,UPI,returning,monthly,success,none,0,0.92,183,0,474,0
TX005342,C01843,6478.83,UPI,returning,yearly,success,none,0,0.7,181,1,1290,0
TX005343,C01701,1104.04,UPI,returning,monthly,failed,card_declined,0,0.65,222,1,1412,1
TX005344,C01342,469.47,UPI,new,monthly,success,none,0,0.92,258,1,1332,0
TX005345,C00856,1047.7,WALLET,new,monthly,success,none,0,0.95,171,0,996,0
TX005346,C01196,816.46,UPI,returning,one_time,failed,card_declined,2,0.53,78,0,891,0
TX005347,C01494,1621.71,CARD,new,monthly,success,none,0,0.74,150,1,700,0
TX005348,C01416,1123.5,NETBANKING,returning,monthly,success,none,0,0.82,226,0,149,0
TX005349,C00928,352.85,UPI,new,yearly,failed,bank_timeout,0,0.9,90,0,1019,1
TX005350,C01746,251.6,CARD,returning,one_time,success,none,0,0.84,65,1,314,0
TX005351,C00680,1389.39,UPI,returning,yearly,success,none,0,0.92,54,0,808,0
TX005352,C01503,3807.79,CARD,new,monthly,success,none,0,0.94,134,1,282,0
TX005353,C00365,1177.81,NETBANKING,returning,one_time,failed,card_declined,0,0.65,285,1,597,0
TX005354,C01417,2280.08,UPI,returning,monthly,success,none,0,0.92,164,1,731,0
TX005355,C02352,2728.56,NETBANKING,new,one_time,success,none,0,0.74,113,1,789,0
TX005356,C02454,1394.25,UPI,returning,monthly,success,none,0,0.92,245,1,243,0
TX005357,C02085,526.87,CARD,returning,monthly,success,none,0,0.65,289,1,1242,0
TX005358,C02237,1307.38,UPI,returning,monthly,success,none,0,0.93,30,1,466,0
TX005359,C00198,3249.85,UPI,returning,monthly,failed,card_declined,1,0.65,343,1,967,0
TX005360,C01025,1766.76,UPI,new,monthly,failed,card_declined,1,0.89,37,1,337,1
TX005361,C01963,2150.43,NETBANKING,new,one_time,failed,card_declined,2,0.5,264,1,1061,0
TX005362,C02402,723.22,CARD,returning,yearly,success,none,0,0.88,19,1,1179,0
TX005363,C01749,914.05,NETBANKING,returning,yearly,success,none,0,0.76,110,1,122,0
TX005364,C02561,985.5,UPI,returning,monthly,success,none,0,0.77,139,1,1011,0
TX005365,C00820,1047.12,UPI,returning,one_time,failed,bank_timeout,2,0.88,72,1,36,0
TX005366,C00461,3137.44,UPI,new,yearly,success,none,0,0.68,74,0,1230,0
TX005367,C00260,132.63,UPI,new,monthly,success,none,0,0.79,133,1,637,0
TX005368,C01749,1127.19,UPI,returning,yearly,failed,bank_timeout,0,0.86,281,1,21,1
TX005369,C01996,1020.91,NETBANKING,new,one_time,success,none,0,0.71,179,1,1098,0
TX005370,C00856,319.15,NETBANKING,returning,monthly,success,none,0,0.91,301,1,1052,0
TX005371,C02351,2007.39,UPI,new,one_time,success,none,0,0.75,295,1,1119,0
TX005372,C02218,571.32,UPI,new,monthly,success,none,0,0.85,90,1,17,0
TX005373,C01081,795.26,CARD,new,monthly,success,none,0,0.74,163,1,1363,0
TX005374,C00717,5790.09,CARD,returning,one_time,success,none,0,0.6,224,1,559,0
TX005375,C02227,2721.6,CARD,new,one_time,failed,network_error,1,0.65,101,1,1197,0
TX005376,C02015,1839.11,UPI,returning,monthly,success,none,0,0.76,179,1,2,0
TX005377,C00513,1544.88,UPI,returning,one_time,success,none,0,0.76,109,1,886,0
TX005378,C00766,945.57,UPI,new,monthly,success,none,0,0.79,73,0,1162,0
TX005379,C01458,6630.53,WALLET,returning,one_time,failed,insufficient_funds,0,0.59,27,1,1063,0
TX005380,C01534,2257.36,CARD,returning,one_time,success,none,0,0.67,232,1,356,0
TX005381,C00498,558.58,NETBANKING,returning,monthly,success,none,0,0.7,176,1,183,0
TX005382,C02846,311.04,UPI,returning,yearly,success,none,0,0.72,269,1,886,0
TX005383,C01166,1826.5,UPI,returning,monthly,success,none,0,0.67,25,1,1497,0
TX005384,C01144,1042.86,UPI,returning,one_time,success,none,0,0.68,305,0,96,0
TX005385,C00182,303.07,NETBANKING,returning,yearly,success,none,0,0.97,349,1,1478,0
TX005386,C02628,1612.8,UPI,returning,yearly,success,none,0,0.63,110,1,22,0
TX005387,C00706,860.81,CARD,returning,monthly,success,none,0,0.79,355,0,493,0
TX005388,C02961,1767.99,UPI,returning,monthly,failed,card_declined,2,0.68,57,1,1411,0
TX005389,C01489,1632.01,UPI,new,one_time,success,none,0,0.68,193,1,721,0
TX005390,C02625,634.33,UPI,new,monthly,success,none,0,0.86,340,1,1378,0
TX005391,C00538,1938.29,UPI,returning,monthly,success,none,0,0.85,157,0,712,0
TX005392,C00498,700.56,NETBANKING,returning,yearly,success,none,0,0.59,339,1,365,0
TX005393,C02404,742.78,WALLET,new,one_time,success,none,0,0.66,74,0,1184,0
TX005394,C02459,679.23,CARD,returning,one_time,failed,insufficient_funds,0,0.8,105,1,1432,1
TX005395,C01630,3034.73,UPI,returning,yearly,failed,network_error,2,0.83,235,1,620,1
TX005396,C00097,851.91,CARD,new,yearly,success,none,0,0.9,21,1,157,0
TX005397,C02832,3771.39,UPI,returning,monthly,success,none,0,0.82,87,1,110,0
TX005398,C01180,5459.63,NETBANKING,returning,one_time,success,none,0,0.56,258,1,276,0
TX005399,C02808,564.06,CARD,returning,monthly,failed,expired_card,1,0.79,49,1,33,0
TX005400,C02613,100.0,UPI,returning,monthly,failed,expired_card,1,0.87,133,1,677,0
TX005401,C02555,2807.52,UPI,new,one_time,failed,bank_timeout,2,0.72,203,1,1073,1
TX005402,C02067,806.11,UPI,returning,one_time,success,none,0,0.84,277,1,954,0
TX005403,C02020,502.92,UPI,returning,one_time,failed,network_error,0,0.6,190,1,1153,0
TX005404,C01599,645.58,NETBANKING,returning,monthly,success,none,0,0.66,27,1,533,0
TX005405,C00075,754.96,CARD,new,one_time,failed,insufficient_funds,1,0.69,216,1,552,0
TX005406,C01164,3524.43,UPI,returning,monthly,success,none,0,0.65,168,1,666,0
TX005407,C02192,1266.38,UPI,returning,one_time,success,none,0,0.39,144,0,1222,0
TX005408,C02437,3481.57,CARD,returning,one_time,success,none,0,0.43,121,1,177,0
TX005409,C01679,1710.94,UPI,new,yearly,success,none,0,0.71,298,1,30,0
TX005410,C02129,830.22,UPI,returning,monthly,success,none,0,0.79,234,0,1438,0
TX005411,C00066,771.76,CARD,new,one_time,failed,bank_timeout,0,0.69,13,1,716,1
TX005412,C01406,1817.92,UPI,returning,monthly,success,none,0,0.74,259,1,196,0
TX005413,C01524,2294.76,UPI,new,one_time,success,none,0,0.88,106,0,1122,0
TX005414,C02678,2689.51,UPI,returning,monthly,success,none,0,0.73,346,1,97,0
TX005415,C00934,866.63,UPI,returning,one_time,success,none,0,0.66,165,1,476,0
TX005416,C00690,1283.94,NETBANKING,returning,yearly,success,none,0,0.68,127,1,224,0
TX005417,C01058,1854.99,NETBANKING,returning,one_time,success,none,0,0.57,45,1,957,0
TX005418,C00512,776.22,WALLET,new,yearly,failed,insufficient_funds,2,0.77,48,1,327,0
TX005419,C01676,394.87,WALLET,new,monthly,success,none,0,0.65,270,1,975,0
TX005420,C01929,530.78,UPI,new,one_time,success,none,0,0.93,350,1,146,0
TX005421,C02404,882.77,UPI,returning,yearly,failed,bank_timeout,0,0.89,145,0,278,0
TX005422,C02916,1990.19,CARD,returning,one_time,success,none,0,0.32,208,1,429,0
TX005423,C00221,3405.27,UPI,new,monthly,success,none,0,0.88,348,0,1185,0
TX005424,C00742,323.62,WALLET,returning,monthly,success,none,0,0.58,340,1,82,0
TX005425,C00903,640.59,UPI,new,one_time,success,none,0,0.77,251,1,120,0
TX005426,C00750,794.67,UPI,returning,one_time,success,none,0,0.32,303,1,306,0
TX005427,C02482,2242.27,CARD,returning,yearly,success,none,0,0.8,189,1,1311,0
TX005428,C00419,681.78,NETBANKING,returning,one_time,success,none,0,0.9,179,1,320,0
TX005429,C00090,744.89,CARD,returning,yearly,failed,expired_card,0,0.83,160,1,993,0
TX005430,C02582,307.73,CARD,returning,one_time,success,none,0,0.6,33,1,16,0
TX005431,C02885,1694.37,UPI,returning,one_time,success,none,0,0.83,221,0,1270,0
TX005432,C00680,948.37,CARD,new,one_time,success,none,0,0.8,109,1,135,0
TX005433,C00999,608.72,CARD,new,monthly,failed,card_declined,0,0.51,262,1,453,0
TX005434,C01510,868.21,UPI,returning,yearly,failed,insufficient_funds,2,0.6,255,0,1021,0
TX005435,C01578,3023.88,CARD,returning,one_time,failed,insufficient_funds,0,0.86,118,1,1196,0
TX005436,C02973,443.9,UPI,new,monthly,success,none,0,0.81,268,1,1161,0
TX005437,C01213,514.15,UPI,new,one_time,success,none,0,0.63,63,1,66,0
TX005438,C00037,3384.72,WALLET,new,one_time,failed,bank_timeout,0,0.52,92,1,348,0
TX005439,C01269,1174.03,UPI,returning,one_time,success,none,0,0.87,249,1,120,0
TX005440,C01670,2003.76,CARD,returning,monthly,success,none,0,0.46,234,1,1060,0
TX005441,C01551,1574.32,UPI,returning,monthly,failed,expired_card,1,0.8,320,1,393,0
TX005442,C01537,1062.31,NETBANKING,returning,one_time,success,none,0,0.63,38,1,611,0
TX005443,C02768,801.54,UPI,returning,yearly,failed,card_declined,1,0.78,256,1,750,0
TX005444,C02423,2317.87,UPI,new,one_time,success,none,0,0.76,78,1,509,0
TX005445,C00756,3121.61,NETBANKING,new,monthly,success,none,0,0.68,125,1,721,0
TX005446,C01066,2909.6,CARD,new,one_time,failed,insufficient_funds,1,0.82,45,1,1048,0
TX005447,C02003,377.31,UPI,new,monthly,success,none,0,0.6,114,1,1190,0
TX005448,C01232,3549.0,UPI,returning,one_time,success,none,0,0.88,75,1,1233,0
TX005449,C01286,794.62,UPI,returning,monthly,success,none,0,0.59,190,1,201,0
TX005450,C00504,555.84,NETBANKING,new,monthly,failed,bank_timeout,0,0.82,61,1,886,0
TX005451,C00764,941.62,CARD,returning,monthly,success,none,0,0.73,211,1,1480,0
TX005452,C02223,2316.97,NETBANKING,returning,one_time,success,none,0,0.76,262,1,772,0
TX005453,C02529,1783.65,WALLET,returning,monthly,success,none,0,0.71,146,1,960,0
TX005454,C02355,871.44,UPI,new,one_time,success,none,0,0.82,334,1,695,0
TX005455,C00924,2330.64,CARD,new,one_time,success,none,0,0.86,47,0,487,0
TX005456,C00410,1243.74,CARD,new,monthly,success,none,0,0.62,352,1,466,0
TX005457,C00480,654.8,NETBANKING,returning,yearly,success,none,0,0.7,218,1,1138,0
TX005458,C01181,579.85,CARD,returning,one_time,success,none,0,0.49,143,0,1189,0
TX005459,C01554,1586.38,UPI,returning,monthly,failed,expired_card,1,0.81,11,0,392,0
TX005460,C02679,1018.14,NETBANKING,returning,monthly,success,none,0,0.71,313,1,1131,0
TX005461,C02697,318.0,CARD,new,monthly,failed,card_declined,1,0.9,344,1,366,0
TX005462,C00009,2350.65,NETBANKING,new,monthly,success,none,0,0.34,34,1,1158,0
TX005463,C02123,711.77,UPI,new,one_time,success,none,0,0.87,97,0,315,0
TX005464,C00897,4595.84,UPI,returning,one_time,success,none,0,0.64,208,1,1315,0
TX005465,C00594,310.23,CARD,returning,one_time,success,none,0,0.95,123,0,1050,0
TX005466,C01666,932.03,CARD,new,monthly,success,none,0,0.67,221,1,1379,0
TX005467,C00102,584.07,UPI,new,one_time,failed,bank_timeout,0,0.91,215,1,1332,0
TX005468,C01003,455.83,UPI,returning,monthly,success,none,0,0.92,150,1,1366,0
TX005469,C01657,707.61,CARD,returning,monthly,success,none,0,0.91,266,1,258,0
TX005470,C00817,5396.53,WALLET,new,one_time,success,none,0,0.93,9,1,1085,0
TX005471,C01781,1247.67,UPI,returning,monthly,success,none,0,0.77,230,1,530,0
TX005472,C01381,537.79,UPI,new,monthly,success,none,0,0.8,121,1,542,0
TX005473,C02399,211.5,UPI,new,monthly,success,none,0,0.8,81,1,1159,0
TX005474,C00545,232.94,UPI,new,monthly,success,none,0,0.77,2,1,1054,0
TX005475,C00172,676.67,UPI,returning,one_time,success,none,0,0.74,11,1,1488,0
TX005476,C01589,619.98,UPI,returning,monthly,success,none,0,0.67,295,1,1367,0
TX005477,C00771,896.37,CARD,returning,monthly,success,none,0,0.75,306,1,1097,0
TX005478,C02121,141.89,UPI,new,monthly,success,none,0,0.74,364,1,235,0
TX005479,C00280,1009.78,UPI,returning,monthly,success,none,0,0.89,319,1,1294,0
TX005480,C01726,2765.44,WALLET,returning,one_time,success,none,0,0.9,76,1,133,0
TX005481,C02970,4724.69,UPI,returning,monthly,success,none,0,0.91,76,1,1242,0
TX005482,C00280,199.34,CARD,returning,one_time,failed,insufficient_funds,2,0.74,281,1,949,0
TX005483,C00906,533.12,UPI,returning,one_time,success,none,0,0.75,173,1,244,0
TX005484,C02534,508.36,NETBANKING,new,one_time,success,none,0,0.77,325,1,811,0
TX005485,C01601,1250.31,NETBANKING,new,monthly,success,none,0,0.88,16,0,278,0
TX005486,C00525,365.84,UPI,new,monthly,success,none,0,0.88,105,1,414,0
TX005487,C00640,4984.24,CARD,returning,monthly,failed,bank_timeout,0,0.81,74,1,389,0
TX005488,C02295,1140.44,CARD,returning,monthly,success,none,0,0.42,237,1,532,0
TX005489,C02583,981.58,UPI,returning,yearly,success,none,0,0.92,268,0,1409,0
TX005490,C01082,4598.3,CARD,new,monthly,success,none,0,0.82,91,1,342,0
TX005491,C01422,1080.91,UPI,new,monthly,failed,bank_timeout,3,0.87,303,1,1489,1
TX005492,C02349,1572.27,UPI,new,one_time,success,none,0,0.74,25,1,1023,0
TX005493,C00531,557.96,WALLET,new,monthly,success,none,0,0.77,4,1,588,0
TX005494,C00619,319.43,UPI,returning,monthly,failed,insufficient_funds,0,0.7,211,1,1151,0
TX005495,C02324,633.13,UPI,new,one_time,success,none,0,0.56,346,1,1321,0
TX005496,C00560,7850.07,UPI,new,one_time,success,none,0,0.63,106,1,304,0
TX005497,C02313,1938.6,WALLET,returning,one_time,success,none,0,0.45,214,1,378,0
TX005498,C01492,1404.0,UPI,new,one_time,success,none,0,0.85,314,1,645,0
TX005499,C02971,455.44,UPI,returning,monthly,success,none,0,0.77,37,1,575,0
TX005500,C00099,2490.22,CARD,returning,monthly,success,none,0,0.74,349,1,203,0
TX005501,C02838,323.14,CARD,returning,yearly,success,none,0,0.55,226,0,1145,0
TX005502,C00676,267.64,UPI,new,monthly,failed,card_declined,0,0.66,65,0,84,0
TX005503,C00106,663.15,WALLET,returning,monthly,success,none,0,0.81,185,1,250,0
TX005504,C02173,6368.01,UPI,returning,monthly,failed,insufficient_funds,0,0.9,55,1,90,1
TX005505,C01598,6051.76,CARD,returning,monthly,success,none,0,0.74,11,1,822,0
TX005506,C02513,730.62,CARD,new,one_time,success,none,0,0.77,73,1,604,0
TX005507,C00326,597.78,UPI,new,one_time,success,none,0,0.91,315,1,1470,0
TX005508,C00243,250.55,NETBANKING,new,one_time,success,none,0,0.64,170,1,1207,0
TX005509,C01702,1176.42,CARD,returning,monthly,failed,bank_timeout,0,0.81,125,1,469,1
TX005510,C02647,1268.78,UPI,returning,one_time,failed,bank_timeout,0,0.69,116,1,509,0
TX005511,C01218,2231.88,UPI,returning,monthly,success,none,0,0.85,338,1,5,0
TX005512,C02393,2489.0,UPI,new,yearly,success,none,0,0.69,234,1,1033,0
TX005513,C02719,918.11,NETBANKING,returning,monthly,success,none,0,0.65,356,1,181,0
TX005514,C02610,1808.81,UPI,new,one_time,success,none,0,0.81,170,1,841,0
TX005515,C01527,583.72,NETBANKING,new,monthly,failed,network_error,1,0.58,272,1,883,0
TX005516,C02096,1778.17,UPI,returning,monthly,failed,network_error,1,0.77,8,1,607,0
TX005517,C01577,694.71,WALLET,new,yearly,failed,card_declined,2,0.61,248,1,1341,1
TX005518,C02023,1658.24,NETBANKING,returning,monthly,success,none,0,0.92,273,0,254,0
TX005519,C01702,1541.72,UPI,returning,one_time,failed,card_declined,2,0.73,320,1,425,0
TX005520,C01576,1166.69,UPI,new,yearly,failed,network_error,2,0.82,129,1,273,0
TX005521,C01311,2241.92,NETBANKING,new,one_time,success,none,0,0.58,204,1,699,0
TX005522,C01959,266.84,UPI,new,one_time,success,none,0,0.76,242,1,969,0
TX005523,C02254,420.56,UPI,returning,one_time,success,none,0,0.71,268,1,99,0
TX005524,C02758,860.01,NETBANKING,new,one_time,success,none,0,0.75,306,1,490,0
TX005525,C01840,299.19,NETBANKING,returning,one_time,success,none,0,0.8,125,1,70,0
TX005526,C00302,760.38,CARD,new,one_time,success,none,0,0.79,40,1,1035,0
TX005527,C01763,782.77,NETBANKING,returning,one_time,failed,card_declined,1,0.69,350,1,1126,0
TX005528,C00948,3564.27,CARD,new,one_time,success,none,0,0.86,217,1,910,0
TX005529,C00081,1246.73,CARD,returning,yearly,success,none,0,0.64,61,1,517,0
TX005530,C00218,2769.68,UPI,returning,monthly,failed,card_declined,0,0.67,340,1,1006,0
TX005531,C01774,1438.72,CARD,new,monthly,success,none,0,0.71,359,1,184,0
TX005532,C02835,677.15,CARD,new,monthly,success,none,0,0.74,50,0,1028,0
TX005533,C01517,1236.88,CARD,returning,monthly,success,none,0,0.8,335,1,1280,0
TX005534,C01336,2114.31,WALLET,returning,one_time,success,none,0,0.49,221,1,669,0
TX005535,C00266,3210.11,UPI,returning,yearly,success,none,0,0.59,65,1,1082,0
TX005536,C02027,973.52,CARD,returning,one_time,failed,insufficient_funds,1,0.66,79,1,612,0
TX005537,C00167,248.95,UPI,returning,monthly,success,none,0,0.72,72,1,750,0
TX005538,C02524,233.69,UPI,new,yearly,failed,card_declined,0,0.51,156,1,966,0
TX005539,C02450,817.48,UPI,returning,one_time,success,none,0,0.97,293,1,452,0
TX005540,C02974,133.74,WALLET,returning,one_time,success,none,0,0.6,266,1,1416,0
TX005541,C00853,5517.02,UPI,returning,yearly,success,none,0,0.79,161,0,696,0
TX005542,C00486,1876.64,CARD,returning,monthly,failed,network_error,3,0.46,307,1,892,0
TX005543,C00899,618.87,CARD,returning,one_time,success,none,0,0.61,352,1,163,0
TX005544,C02399,403.96,NETBANKING,returning,yearly,success,none,0,0.76,337,1,1287,0
TX005545,C00657,2766.41,CARD,new,yearly,success,none,0,0.88,86,1,697,0
TX005546,C02663,402.51,UPI,new,yearly,failed,bank_timeout,1,0.83,293,1,336,1
TX005547,C00463,438.6,UPI,returning,one_time,success,none,0,0.9,64,1,498,0
TX005548,C00147,550.4,CARD,returning,monthly,success,none,0,0.6,317,1,126,0
TX005549,C00659,1215.22,UPI,returning,monthly,success,none,0,0.84,109,1,283,0
TX005550,C02263,1917.39,UPI,returning,monthly,failed,card_declined,2,0.87,34,1,938,0
TX005551,C01807,3208.01,UPI,returning,one_time,success,none,0,0.85,1,1,1298,0
TX005552,C01065,2808.69,UPI,returning,monthly,success,none,0,0.83,256,1,560,0
TX005553,C01969,1097.4,WALLET,returning,one_time,success,none,0,0.62,95,1,104,0
TX005554,C01946,2747.56,NETBANKING,new,yearly,success,none,0,0.6,254,1,963,0
TX005555,C01665,599.5,CARD,returning,monthly,failed,card_declined,0,0.7,126,0,1443,0
TX005556,C01543,212.98,UPI,returning,monthly,failed,bank_timeout,0,0.86,32,1,212,0
TX005557,C00305,599.43,WALLET,returning,one_time,success,none,0,0.73,137,1,1440,0
TX005558,C00780,530.79,CARD,returning,one_time,failed,insufficient_funds,0,0.49,123,1,600,1
TX005559,C01584,620.93,WALLET,returning,monthly,success,none,0,0.68,157,1,750,0
TX005560,C00406,462.46,UPI,returning,monthly,success,none,0,0.64,129,1,1321,0
TX005561,C01428,724.15,UPI,returning,monthly,success,none,0,0.81,141,1,1382,0
TX005562,C00351,1916.04,CARD,returning,one_time,success,none,0,0.71,236,1,426,0
TX005563,C02362,5134.47,NETBANKING,returning,monthly,success,none,0,0.82,144,1,908,0
TX005564,C00310,232.1,UPI,returning,one_time,success,none,0,0.68,198,1,1454,0
TX005565,C00278,344.14,UPI,returning,monthly,success,none,0,0.7,86,0,685,0
TX005566,C01914,537.91,CARD,returning,monthly,success,none,0,0.66,342,1,867,0
TX005567,C00662,2184.56,WALLET,returning,one_time,success,none,0,0.62,351,1,927,0
TX005568,C01055,911.92,CARD,returning,one_time,success,none,0,0.58,52,1,1170,0
TX005569,C00943,571.52,NETBANKING,new,monthly,success,none,0,0.56,310,1,719,0
TX005570,C00650,2090.29,CARD,returning,monthly,success,none,0,0.91,216,1,527,0
TX005571,C02286,2593.47,NETBANKING,returning,one_time,success,none,0,0.94,294,0,294,0
TX005572,C02076,1078.27,UPI,returning,monthly,success,none,0,0.58,49,1,691,0
TX005573,C00717,526.05,UPI,returning,monthly,success,none,0,0.73,253,1,22,0
TX005574,C02061,1398.63,CARD,returning,one_time,failed,insufficient_funds,1,0.43,313,1,636,0
TX005575,C02141,888.97,CARD,returning,one_time,failed,insufficient_funds,2,0.83,129,1,492,0
TX005576,C01618,882.79,UPI,new,one_time,success,none,0,0.62,139,1,1126,0
TX005577,C01736,691.48,UPI,returning,monthly,success,none,0,0.68,356,0,271,0
TX005578,C02805,2521.19,CARD,new,one_time,failed,network_error,2,0.56,102,1,232,1
TX005579,C01362,1373.19,NETBANKING,returning,yearly,failed,expired_card,0,0.49,294,1,774,1
TX005580,C01157,2785.36,UPI,new,monthly,success,none,0,0.92,104,1,720,0
TX005581,C01618,3650.77,NETBANKING,returning,monthly,success,none,0,0.82,177,0,628,0
TX005582,C02508,1657.53,UPI,returning,yearly,success,none,0,0.82,44,1,65,0
TX005583,C02129,695.18,UPI,new,one_time,success,none,0,0.81,327,1,1063,0
TX005584,C00226,2796.97,UPI,returning,monthly,success,none,0,0.7,76,1,1140,0
TX005585,C01378,1667.53,UPI,returning,one_time,success,none,0,0.88,256,1,543,0
TX005586,C02220,11418.97,UPI,returning,one_time,failed,network_error,1,0.74,140,0,70,0
TX005587,C00672,1449.67,CARD,returning,monthly,success,none,0,0.75,59,1,190,0
TX005588,C02966,2054.77,CARD,returning,one_time,failed,bank_timeout,0,0.64,13,1,645,0
TX005589,C02425,1424.22,UPI,new,yearly,success,none,0,0.74,49,1,884,0
TX005590,C02540,1003.06,NETBANKING,returning,monthly,success,none,0,0.62,185,0,483,0
TX005591,C00246,868.78,WALLET,returning,monthly,success,none,0,0.85,68,0,1046,0
TX005592,C01739,1429.13,UPI,returning,monthly,failed,bank_timeout,0,0.81,68,1,498,1
TX005593,C01584,1752.95,UPI,new,monthly,success,none,0,0.66,347,1,400,0
TX005594,C01881,3099.35,UPI,returning,one_time,success,none,0,0.85,201,1,175,0
TX005595,C02551,1448.04,CARD,new,monthly,success,none,0,0.69,25,1,386,0
TX005596,C01060,722.99,UPI,returning,one_time,success,none,0,0.85,50,1,1115,0
TX005597,C01602,817.16,CARD,new,one_time,success,none,0,0.41,192,1,566,0
TX005598,C02039,333.4,CARD,new,one_time,success,none,0,0.79,94,1,341,0
TX005599,C02260,4890.71,CARD,new,one_time,success,none,0,0.81,80,1,231,0
TX005600,C02312,673.81,UPI,returning,one_time,success,none,0,0.74,289,1,752,0
TX005601,C01011,2619.39,UPI,returning,monthly,success,none,0,0.59,170,1,680,0
TX005602,C02995,1406.55,UPI,returning,monthly,success,none,0,0.81,362,1,1365,0
TX005603,C00029,1441.38,NETBANKING,returning,yearly,success,none,0,0.57,245,1,1045,0
TX005604,C01478,986.63,CARD,returning,monthly,success,none,0,0.89,127,1,820,0
TX005605,C01827,539.68,CARD,returning,monthly,success,none,0,0.82,295,1,828,0
TX005606,C00184,458.66,CARD,new,yearly,success,none,0,0.55,173,1,804,0
TX005607,C01354,5195.87,UPI,returning,monthly,failed,expired_card,1,0.91,271,1,691,0
TX005608,C01788,1215.08,UPI,returning,one_time,success,none,0,0.73,161,1,214,0
TX005609,C01823,3019.18,UPI,returning,one_time,success,none,0,0.61,1,1,45,0
TX005610,C00358,3813.93,UPI,returning,one_time,success,none,0,0.78,131,1,1023,0
TX005611,C00833,757.66,UPI,returning,one_time,success,none,0,0.74,77,1,1003,0
TX005612,C00735,1605.44,UPI,new,yearly,failed,card_declined,3,0.91,95,1,457,0
TX005613,C01920,1141.97,CARD,returning,monthly,success,none,0,0.62,143,1,877,0
TX005614,C00987,387.03,UPI,returning,yearly,success,none,0,0.74,234,0,652,0
TX005615,C01715,928.03,UPI,returning,one_time,success,none,0,0.95,300,1,887,0
TX005616,C02194,1860.79,UPI,new,yearly,success,none,0,0.78,86,1,652,0
TX005617,C02392,699.86,UPI,new,one_time,success,none,0,0.73,216,1,940,0
TX005618,C00552,818.64,UPI,new,one_time,success,none,0,0.83,164,1,364,0
TX005619,C02711,938.21,UPI,returning,yearly,success,none,0,0.78,22,1,1240,0
TX005620,C00498,7334.73,UPI,new,one_time,success,none,0,0.66,144,1,87,0
TX005621,C00066,210.47,WALLET,returning,monthly,failed,bank_timeout,0,0.86,262,1,1497,1
TX005622,C00135,1722.41,UPI,new,one_time,failed,network_error,0,0.77,272,1,973,0
TX005623,C00604,873.05,UPI,returning,monthly,failed,expired_card,1,0.85,281,1,604,0
TX005624,C02620,616.1,UPI,returning,monthly,success,none,0,0.63,298,1,1266,0
TX005625,C00624,853.98,UPI,returning,monthly,success,none,0,0.7,191,1,1178,0
TX005626,C02081,1999.47,CARD,returning,monthly,success,none,0,0.69,9,1,153,0
TX005627,C01256,2105.0,UPI,returning,monthly,failed,network_error,1,0.84,135,1,1263,0
TX005628,C00120,1296.49,NETBANKING,returning,monthly,success,none,0,0.72,207,1,539,0
TX005629,C01333,2932.08,NETBANKING,returning,monthly,success,none,0,0.81,95,1,581,0
TX005630,C00085,3435.61,CARD,returning,monthly,failed,insufficient_funds,0,0.83,42,1,525,0
TX005631,C01429,2286.41,UPI,new,one_time,success,none,0,0.76,135,1,317,0
TX005632,C01677,670.77,UPI,returning,monthly,success,none,0,0.84,33,1,122,0
TX005633,C01565,1711.28,UPI,returning,one_time,success,none,0,0.98,294,0,223,0
TX005634,C00848,1718.63,CARD,new,one_time,success,none,0,0.71,124,1,461,0
TX005635,C02300,526.33,UPI,new,monthly,success,none,0,0.83,217,1,1022,0
TX005636,C01791,267.07,CARD,returning,monthly,success,none,0,0.67,26,0,647,0
TX005637,C00765,177.59,UPI,returning,monthly,success,none,0,0.85,172,1,1044,0
TX005638,C01304,1167.79,UPI,returning,yearly,success,none,0,0.63,339,1,1231,0
TX005639,C00326,1434.02,UPI,new,monthly,success,none,0,0.59,92,1,473,0
TX005640,C02770,378.57,UPI,returning,yearly,success,none,0,0.65,253,1,68,0
TX005641,C02260,2811.38,CARD,returning,monthly,failed,bank_timeout,0,0.84,130,0,904,0
TX005642,C00864,1257.65,CARD,returning,one_time,success,none,0,0.68,235,1,704,0
TX005643,C02025,3694.16,UPI,returning,monthly,failed,card_declined,0,0.82,358,1,930,0
TX005644,C02038,1530.7,UPI,new,one_time,success,none,0,0.6,62,1,564,0
TX005645,C01830,420.02,NETBANKING,new,yearly,failed,network_error,1,0.82,46,1,1177,0
TX005646,C00163,1656.48,UPI,returning,one_time,success,none,0,0.9,310,1,1450,0
TX005647,C02636,2004.4,CARD,new,one_time,success,none,0,0.66,186,1,264,0
TX005648,C02868,669.91,UPI,new,monthly,success,none,0,0.9,95,1,1446,0
TX005649,C02923,299.5,CARD,new,one_time,failed,expired_card,2,0.65,211,1,1146,1
TX005650,C02943,1200.23,CARD,returning,one_time,success,none,0,0.63,96,1,1418,0
TX005651,C02787,445.52,UPI,new,one_time,failed,bank_timeout,1,0.86,163,0,371,0
TX005652,C02218,3007.3,UPI,returning,yearly,success,none,0,0.91,324,1,519,0
TX005653,C00171,760.17,UPI,returning,one_time,failed,bank_timeout,2,0.7,130,1,1414,1
TX005654,C01396,5177.83,UPI,returning,monthly,success,none,0,0.9,228,1,407,0
TX005655,C00736,162.11,CARD,returning,monthly,success,none,0,0.62,336,1,1485,0
TX005656,C00660,1238.08,UPI,returning,yearly,success,none,0,0.85,244,0,179,0
TX005657,C02492,3969.73,UPI,new,yearly,success,none,0,0.83,146,1,916,0
TX005658,C02438,492.12,NETBANKING,new,yearly,success,none,0,0.87,355,1,1348,0
TX005659,C01567,950.24,NETBANKING,new,one_time,success,none,0,0.69,163,1,828,0
TX005660,C02210,763.01,UPI,returning,monthly,success,none,0,0.64,146,1,433,0
TX005661,C00389,592.65,CARD,returning,monthly,success,none,0,0.53,230,1,852,0
TX005662,C00666,1366.71,UPI,returning,one_time,failed,insufficient_funds,2,0.52,100,1,1071,0
TX005663,C02582,341.76,CARD,returning,one_time,success,none,0,0.81,178,1,508,0
TX005664,C01354,992.4,UPI,returning,yearly,success,none,0,0.88,97,0,311,0
TX005665,C01640,1744.8,CARD,new,one_time,success,none,0,0.8,23,1,984,0
TX005666,C01389,903.63,UPI,returning,one_time,failed,bank_timeout,0,0.72,73,1,371,1
TX005667,C00607,445.78,UPI,returning,one_time,failed,card_declined,1,0.49,251,1,407,0
TX005668,C02480,2771.56,NETBANKING,new,one_time,success,none,0,0.73,305,1,946,0
TX005669,C02275,2115.89,UPI,returning,yearly,success,none,0,0.73,74,1,163,0
TX005670,C02052,429.63,UPI,returning,one_time,success,none,0,0.72,105,1,964,0
TX005671,C01060,342.17,UPI,returning,one_time,failed,bank_timeout,0,0.84,57,1,403,1
TX005672,C01930,465.57,CARD,returning,one_time,failed,bank_timeout,1,0.66,43,1,471,0
TX005673,C02860,1791.39,UPI,new,monthly,success,none,0,0.99,71,1,416,0
TX005674,C01950,1405.31,CARD,returning,monthly,failed,insufficient_funds,2,0.53,283,1,647,0
TX005675,C01483,2232.94,UPI,returning,monthly,success,none,0,0.82,277,1,658,0
TX005676,C00812,817.67,CARD,returning,monthly,success,none,0,0.75,351,1,703,0
TX005677,C01569,477.11,NETBANKING,new,monthly,success,none,0,0.78,9,1,820,0
TX005678,C01116,2507.3,UPI,returning,one_time,success,none,0,0.76,280,1,1491,0
TX005679,C01834,666.4,CARD,returning,one_time,success,none,0,0.72,214,1,441,0
TX005680,C00137,1297.11,UPI,returning,yearly,failed,bank_timeout,0,0.72,121,1,971,0
TX005681,C00571,271.8,UPI,returning,monthly,failed,network_error,3,0.92,62,1,980,0
TX005682,C02361,656.66,CARD,returning,one_time,success,none,0,0.68,63,1,479,0
TX005683,C01143,2720.19,NETBANKING,returning,monthly,success,none,0,0.77,186,1,576,0
TX005684,C01299,575.57,NETBANKING,returning,monthly,failed,insufficient_funds,2,0.81,287,1,211,0
TX005685,C01632,2282.56,NETBANKING,returning,monthly,success,none,0,0.69,49,1,976,0
TX005686,C01315,134.57,UPI,returning,monthly,success,none,0,0.71,242,1,1353,0
TX005687,C02276,662.85,CARD,returning,yearly,failed,network_error,2,0.92,58,1,232,1
TX005688,C00737,939.91,UPI,new,one_time,failed,network_error,2,0.36,72,1,289,0
TX005689,C02276,5262.1,WALLET,new,one_time,success,none,0,0.71,10,1,687,0
TX005690,C00629,382.93,CARD,returning,yearly,success,none,0,0.42,345,1,1495,0
TX005691,C01112,2005.99,UPI,new,monthly,success,none,0,0.75,111,1,1424,0
TX005692,C01764,2839.09,NETBANKING,returning,monthly,failed,card_declined,0,0.83,216,1,462,0
TX005693,C02658,572.87,CARD,returning,one_time,success,none,0,0.73,55,0,993,0
TX005694,C00698,783.54,NETBANKING,returning,one_time,failed,insufficient_funds,0,0.83,216,1,639,0
TX005695,C01763,1245.72,CARD,new,yearly,success,none,0,0.9,255,1,1010,0
TX005696,C00193,289.07,NETBANKING,returning,one_time,success,none,0,0.95,145,1,932,0
TX005697,C00227,728.08,UPI,new,monthly,failed,insufficient_funds,0,0.59,211,1,1478,0
TX005698,C02303,3458.19,UPI,returning,one_time,failed,bank_timeout,3,0.84,75,1,858,1
TX005699,C02157,1755.29,CARD,new,yearly,success,none,0,0.64,161,1,78,0
TX005700,C01130,952.34,UPI,returning,one_time,failed,insufficient_funds,0,0.62,213,0,150,0
TX005701,C01869,1214.11,UPI,returning,yearly,failed,expired_card,3,0.61,33,1,730,0
TX005702,C01141,1849.77,WALLET,returning,one_time,success,none,0,0.93,154,1,329,0
TX005703,C00832,2197.71,NETBANKING,returning,yearly,success,none,0,0.82,140,1,838,0
TX005704,C01294,664.63,WALLET,returning,one_time,failed,expired_card,1,0.82,60,1,1207,0
TX005705,C00936,4364.46,UPI,returning,yearly,success,none,0,0.6,34,1,219,0
TX005706,C02446,3585.72,UPI,new,monthly,success,none,0,0.93,8,1,839,0
TX005707,C01236,2017.33,NETBANKING,new,one_time,success,none,0,0.68,132,1,1433,0
TX005708,C00963,513.54,UPI,returning,one_time,success,none,0,0.75,322,1,1494,0
TX005709,C01609,437.82,UPI,returning,monthly,success,none,0,0.74,263,1,1211,0
TX005710,C02275,817.34,UPI,returning,monthly,success,none,0,0.65,340,1,1199,0
TX005711,C00821,1158.28,NETBANKING,returning,one_time,success,none,0,0.52,187,1,344,0
TX005712,C02819,223.26,UPI,new,one_time,success,none,0,0.92,37,1,1439,0
TX005713,C01391,1711.67,UPI,new,monthly,success,none,0,0.8,181,1,340,0
TX005714,C01983,3493.7,UPI,returning,monthly,success,none,0,0.54,107,0,873,0
TX005715,C02872,1842.4,UPI,returning,monthly,success,none,0,0.82,226,1,654,0
TX005716,C01296,596.78,CARD,returning,monthly,success,none,0,0.68,265,1,592,0
TX005717,C00600,536.48,CARD,returning,one_time,success,none,0,0.62,345,1,658,0
TX005718,C02244,1436.36,CARD,new,one_time,failed,bank_timeout,2,0.93,236,1,1016,0
TX005719,C00020,955.3,UPI,new,one_time,success,none,0,0.74,219,1,1121,0
TX005720,C01374,1633.92,UPI,returning,yearly,success,none,0,0.69,145,1,713,0
TX005721,C02940,1884.75,UPI,returning,one_time,failed,bank_timeout,0,0.58,72,1,878,1
TX005722,C01244,2929.84,NETBANKING,returning,monthly,success,none,0,0.93,118,1,1234,0
TX005723,C02053,395.87,UPI,returning,one_time,success,none,0,0.76,210,0,1178,0
TX005724,C01576,1338.7,UPI,returning,one_time,success,none,0,0.78,360,0,389,0
TX005725,C00645,790.66,UPI,returning,monthly,success,none,0,0.76,220,1,290,0
TX005726,C00954,1003.48,WALLET,new,monthly,success,none,0,0.83,41,1,54,0
TX005727,C01571,2387.42,CARD,returning,monthly,failed,card_declined,0,0.81,42,1,942,0
TX005728,C00313,2632.83,UPI,new,one_time,failed,insufficient_funds,0,0.89,300,1,691,0
TX005729,C01245,3860.68,CARD,new,yearly,success,none,0,0.79,306,1,217,0
TX005730,C01245,1608.46,UPI,returning,yearly,success,none,0,0.86,141,1,431,0
TX005731,C02505,993.25,CARD,returning,yearly,success,none,0,0.92,110,1,412,0
TX005732,C00372,873.41,WALLET,new,one_time,failed,bank_timeout,1,0.73,5,1,706,0
TX005733,C02529,230.15,CARD,returning,monthly,success,none,0,0.54,293,1,314,0
TX005734,C01232,3661.99,NETBANKING,returning,yearly,success,none,0,0.7,291,1,606,0
TX005735,C01955,820.81,UPI,new,monthly,success,none,0,0.74,237,0,150,0
TX005736,C01671,1729.02,UPI,returning,one_time,failed,expired_card,0,0.68,356,1,342,0
TX005737,C00900,2020.49,CARD,new,yearly,success,none,0,0.88,70,1,270,0
TX005738,C02793,357.53,CARD,returning,monthly,success,none,0,0.77,303,1,1308,0
TX005739,C00674,477.7,UPI,returning,monthly,failed,card_declined,0,0.7,353,1,937,1
TX005740,C00109,4413.03,UPI,returning,one_time,success,none,0,0.42,227,1,1105,0
TX005741,C02251,1424.24,UPI,returning,monthly,success,none,0,0.91,240,1,135,0
TX005742,C01865,650.33,UPI,returning,monthly,success,none,0,0.87,272,1,1454,0
TX005743,C02672,978.76,NETBANKING,new,one_time,success,none,0,0.66,129,1,131,0
TX005744,C01374,2914.97,UPI,returning,monthly,failed,insufficient_funds,1,0.92,102,1,745,1
TX005745,C00051,2542.45,NETBANKING,new,one_time,success,none,0,0.72,239,1,1430,0
TX005746,C00061,293.1,UPI,new,one_time,success,none,0,0.82,102,0,502,0
TX005747,C01300,4773.6,CARD,returning,yearly,failed,card_declined,0,0.53,279,1,43,0
TX005748,C00749,2616.34,NETBANKING,new,one_time,success,none,0,0.82,313,1,869,0
TX005749,C02767,956.01,CARD,returning,one_time,success,none,0,0.98,188,0,598,0
TX005750,C00356,375.2,NETBANKING,returning,monthly,success,none,0,0.97,215,1,178,0
TX005751,C02643,2831.63,UPI,returning,monthly,success,none,0,0.68,34,1,1099,0
TX005752,C00651,1683.76,UPI,returning,monthly,success,none,0,0.74,163,1,750,0
TX005753,C00359,295.3,CARD,returning,one_time,failed,bank_timeout,2,0.8,363,1,152,0
TX005754,C00824,889.92,CARD,returning,monthly,success,none,0,0.72,230,0,1437,0
TX005755,C00433,18279.87,CARD,returning,one_time,failed,insufficient_funds,0,0.95,29,1,541,0
TX005756,C01204,1113.04,CARD,returning,one_time,success,none,0,0.72,139,1,1167,0
TX005757,C00992,562.41,UPI,returning,one_time,failed,insufficient_funds,0,0.67,256,1,1286,0
TX005758,C01588,442.46,UPI,returning,monthly,success,none,0,0.85,328,1,1356,0
TX005759,C01612,5403.97,NETBANKING,returning,monthly,success,none,0,0.82,267,1,645,0
TX005760,C00003,2351.91,CARD,returning,one_time,success,none,0,0.89,107,0,339,0
TX005761,C00375,3892.07,CARD,returning,yearly,success,none,0,0.88,91,0,1232,0
TX005762,C00486,1371.1,CARD,returning,yearly,success,none,0,0.75,59,0,29,0
TX005763,C00585,3390.11,NETBANKING,returning,one_time,success,none,0,0.96,256,1,89,0
TX005764,C00281,511.07,NETBANKING,new,monthly,success,none,0,0.9,66,1,1112,0
TX005765,C00944,1269.44,UPI,new,monthly,success,none,0,0.91,238,1,302,0
TX005766,C01650,1419.91,NETBANKING,returning,monthly,success,none,0,0.82,337,0,1208,0
TX005767,C00927,3805.5,UPI,new,monthly,success,none,0,0.91,243,0,635,0
TX005768,C00988,1461.12,UPI,new,monthly,success,none,0,0.6,113,1,500,0
TX005769,C01409,624.56,NETBANKING,returning,one_time,success,none,0,0.61,84,0,804,0
TX005770,C01646,1161.73,UPI,returning,monthly,success,none,0,0.79,356,0,779,0
TX005771,C00993,242.55,UPI,new,one_time,failed,card_declined,0,0.71,48,0,360,0
TX005772,C00666,135.79,CARD,returning,one_time,success,none,0,0.83,15,1,615,0
TX005773,C01229,2317.41,WALLET,returning,monthly,success,none,0,0.77,186,1,737,0
TX005774,C00073,782.69,UPI,returning,one_time,success,none,0,0.5,18,1,981,0
TX005775,C01478,866.73,CARD,returning,monthly,success,none,0,0.57,298,1,790,0
TX005776,C02825,2316.59,UPI,new,monthly,failed,expired_card,2,0.9,299,1,1325,0
TX005777,C01194,3855.71,UPI,returning,one_time,failed,card_declined,1,0.64,50,1,1488,0
TX005778,C00325,1774.08,CARD,returning,yearly,failed,network_error,1,0.83,148,1,1050,1
TX005779,C02122,6218.39,CARD,returning,one_time,success,none,0,0.76,341,1,912,0
TX005780,C00381,1724.03,CARD,new,monthly,success,none,0,0.76,257,1,811,0
TX005781,C00581,1439.42,CARD,returning,one_time,success,none,0,0.89,45,1,760,0
TX005782,C00440,1361.51,WALLET,returning,one_time,failed,bank_timeout,2,0.77,216,1,1116,1
TX005783,C02651,344.83,NETBANKING,returning,yearly,failed,expired_card,1,0.88,198,1,643,0
TX005784,C02944,2592.55,UPI,returning,yearly,success,none,0,0.8,251,1,1072,0
TX005785,C01709,121.4,CARD,returning,one_time,success,none,0,0.61,324,1,562,0
TX005786,C01853,647.02,CARD,returning,one_time,success,none,0,0.83,192,1,97,0
TX005787,C01937,1119.5,UPI,new,monthly,success,none,0,0.78,346,1,341,0
TX005788,C01831,538.73,CARD,new,one_time,failed,insufficient_funds,0,0.87,257,1,1173,0
TX005789,C01633,730.27,CARD,new,yearly,failed,bank_timeout,0,0.82,21,1,476,0
TX005790,C02961,5741.28,UPI,new,one_time,success,none,0,0.93,208,1,1351,0
TX005791,C02200,2962.0,UPI,new,one_time,success,none,0,0.88,146,1,1197,0
TX005792,C00266,591.56,UPI,returning,one_time,success,none,0,0.78,147,1,125,0
TX005793,C01176,718.66,UPI,returning,one_time,failed,card_declined,2,0.63,255,0,1283,0
TX005794,C02924,347.48,NETBANKING,new,yearly,success,none,0,0.79,255,1,941,0
TX005795,C01211,2068.33,UPI,returning,monthly,failed,card_declined,1,0.52,148,1,951,0
TX005796,C00613,875.88,CARD,returning,one_time,success,none,0,0.85,45,0,14,0
TX005797,C02606,186.83,CARD,new,one_time,success,none,0,0.9,35,0,551,0
TX005798,C01870,1200.75,UPI,new,one_time,success,none,0,0.53,98,1,758,0
TX005799,C01688,1627.96,UPI,returning,monthly,success,none,0,0.82,273,1,734,0
TX005800,C01261,2609.27,UPI,returning,monthly,success,none,0,0.68,69,1,900,0
TX005801,C00374,1026.57,UPI,returning,one_time,success,none,0,0.87,313,1,784,0
TX005802,C01152,784.15,UPI,new,monthly,success,none,0,0.84,306,0,366,0
TX005803,C01313,6552.74,UPI,returning,monthly,success,none,0,0.83,188,1,754,0
TX005804,C02794,1103.15,NETBANKING,returning,yearly,success,none,0,0.79,227,1,197,0
TX005805,C00922,2095.62,CARD,new,monthly,success,none,0,0.82,267,1,902,0
TX005806,C00448,674.8,UPI,returning,one_time,success,none,0,0.76,1,1,410,0
TX005807,C01283,2040.44,UPI,returning,one_time,success,none,0,0.69,174,1,1211,0
TX005808,C02992,295.87,NETBANKING,new,yearly,failed,network_error,0,0.84,301,1,1249,1
TX005809,C01447,723.53,UPI,returning,one_time,success,none,0,0.61,344,1,860,0
TX005810,C01138,369.65,CARD,new,one_time,failed,card_declined,1,0.85,101,1,769,1
TX005811,C02001,636.21,UPI,returning,monthly,failed,card_declined,0,0.8,181,1,585,0
TX005812,C01947,3379.3,NETBANKING,returning,monthly,failed,network_error,2,0.53,4,0,450,0
TX005813,C00898,632.01,UPI,new,monthly,failed,bank_timeout,1,0.8,50,1,1068,0
TX005814,C02904,2093.16,UPI,returning,monthly,failed,network_error,1,0.74,30,1,1272,1
TX005815,C01779,4296.43,CARD,new,one_time,failed,expired_card,1,0.74,126,1,262,0
TX005816,C00173,1069.75,UPI,new,monthly,success,none,0,0.56,202,0,1358,0
TX005817,C01223,2682.19,CARD,new,yearly,success,none,0,0.92,117,1,798,0
TX005818,C02769,1768.66,UPI,returning,one_time,failed,insufficient_funds,0,0.8,67,1,942,1
TX005819,C01181,1217.79,UPI,returning,one_time,success,none,0,0.87,317,0,143,0
TX005820,C01704,2154.44,UPI,new,yearly,success,none,0,0.79,229,1,267,0
TX005821,C01838,5744.19,CARD,returning,one_time,success,none,0,0.79,289,1,12,0
TX005822,C02114,617.98,NETBANKING,returning,monthly,success,none,0,0.78,312,1,765,0
TX005823,C02617,462.53,UPI,returning,one_time,success,none,0,0.53,317,1,156,0
TX005824,C00448,438.73,NETBANKING,new,monthly,success,none,0,0.73,149,1,484,0
TX005825,C01551,2683.79,NETBANKING,returning,monthly,success,none,0,0.91,256,1,759,0
TX005826,C01601,3030.34,UPI,returning,monthly,failed,insufficient_funds,2,0.78,318,1,102,0
TX005827,C00458,676.32,UPI,new,one_time,success,none,0,0.48,278,0,1112,0
TX005828,C02021,160.39,UPI,returning,one_time,failed,bank_timeout,3,0.48,78,1,1489,0
TX005829,C00355,597.48,UPI,returning,monthly,success,none,0,0.8,336,1,1213,0
TX005830,C01369,1795.55,CARD,returning,one_time,failed,network_error,1,0.75,234,1,135,1
TX005831,C00991,1032.72,UPI,returning,monthly,success,none,0,0.67,52,1,794,0
TX005832,C00465,1289.89,UPI,returning,monthly,success,none,0,0.61,325,1,475,0
TX005833,C02467,684.71,CARD,returning,yearly,success,none,0,0.51,290,1,467,0
TX005834,C00733,2731.7,UPI,returning,one_time,success,none,0,0.89,201,1,415,0
TX005835,C00766,1493.49,NETBANKING,new,one_time,success,none,0,0.91,130,1,1115,0
TX005836,C02564,1859.04,CARD,returning,monthly,success,none,0,0.76,284,1,422,0
TX005837,C02633,1265.42,UPI,returning,monthly,success,none,0,0.66,213,1,783,0
TX005838,C00104,1758.0,UPI,returning,one_time,failed,network_error,0,0.68,221,0,331,0
TX005839,C00834,1656.92,UPI,returning,yearly,failed,card_declined,0,0.82,22,0,501,0
TX005840,C02127,475.67,WALLET,returning,monthly,failed,bank_timeout,0,0.67,59,1,825,1
TX005841,C02335,1534.19,UPI,returning,monthly,failed,card_declined,1,0.54,120,1,524,0
TX005842,C02999,2235.81,NETBANKING,returning,monthly,success,none,0,0.91,335,1,1161,0
TX005843,C01664,3101.46,WALLET,returning,monthly,success,none,0,0.77,252,1,475,0
TX005844,C00023,1594.79,UPI,returning,one_time,success,none,0,0.76,75,1,304,0
TX005845,C02621,460.02,CARD,returning,one_time,success,none,0,0.83,321,0,1082,0
TX005846,C00484,528.38,CARD,returning,monthly,success,none,0,0.8,286,1,1188,0
TX005847,C00363,741.27,UPI,returning,monthly,success,none,0,0.75,29,0,309,0
TX005848,C02023,1300.52,WALLET,new,monthly,failed,card_declined,2,0.81,34,1,844,0
TX005849,C01812,982.39,UPI,returning,monthly,success,none,0,0.72,137,1,1151,0
TX005850,C00180,398.87,NETBANKING,new,one_time,success,none,0,0.69,179,1,1494,0
TX005851,C00508,396.73,CARD,returning,monthly,success,none,0,0.81,279,1,1199,0
TX005852,C01770,165.89,UPI,returning,one_time,success,none,0,0.76,212,1,791,0
TX005853,C00767,100.0,UPI,new,monthly,failed,bank_timeout,1,0.81,125,1,1161,0
TX005854,C02053,973.99,UPI,new,monthly,success,none,0,0.72,246,1,1299,0
TX005855,C01236,8850.31,UPI,new,monthly,success,none,0,0.76,243,1,1192,0
TX005856,C01765,5525.35,CARD,returning,monthly,success,none,0,0.79,256,1,540,0
TX005857,C01425,454.68,UPI,returning,one_time,success,none,0,0.67,223,1,710,0
TX005858,C01096,1255.03,WALLET,returning,monthly,success,none,0,0.9,21,1,1059,0
TX005859,C01028,293.5,UPI,new,one_time,success,none,0,0.87,338,1,892,0
TX005860,C02092,336.67,UPI,new,monthly,success,none,0,0.35,118,0,343,0
TX005861,C01544,373.26,UPI,new,one_time,success,none,0,0.71,297,1,580,0
TX005862,C01783,895.2,UPI,returning,monthly,success,none,0,0.75,244,1,116,0
TX005863,C01732,930.56,CARD,new,one_time,failed,insufficient_funds,0,0.81,228,1,346,1
TX005864,C00623,1376.68,UPI,returning,one_time,success,none,0,0.87,137,0,1088,0
TX005865,C02740,1992.0,CARD,returning,monthly,success,none,0,0.76,282,1,240,0
TX005866,C01690,809.82,CARD,returning,monthly,success,none,0,0.84,163,1,1054,0
TX005867,C02155,1132.95,UPI,returning,one_time,failed,expired_card,0,0.82,93,1,98,1
TX005868,C02646,409.76,UPI,returning,monthly,failed,expired_card,0,0.54,36,1,822,1
TX005869,C02775,327.0,UPI,new,monthly,failed,card_declined,0,0.78,37,1,135,0
TX005870,C02001,284.55,UPI,returning,monthly,success,none,0,0.91,219,1,1253,0
TX005871,C02362,1967.11,CARD,returning,monthly,success,none,0,0.8,158,1,1020,0
TX005872,C01416,809.07,UPI,new,one_time,success,none,0,0.53,120,0,1058,0
TX005873,C02214,203.57,UPI,returning,one_time,success,none,0,0.75,183,1,402,0
TX005874,C00965,1036.1,UPI,new,one_time,success,none,0,0.6,42,1,754,0
TX005875,C02136,356.4,UPI,new,yearly,failed,expired_card,1,0.94,324,1,994,0
TX005876,C00258,4887.03,NETBANKING,returning,one_time,success,none,0,0.84,184,1,852,0
TX005877,C02743,651.36,NETBANKING,returning,one_time,success,none,0,0.7,336,1,1250,0
TX005878,C00734,2025.06,CARD,new,one_time,success,none,0,0.68,147,0,1152,0
TX005879,C01970,2922.13,UPI,returning,monthly,success,none,0,0.8,109,1,907,0
TX005880,C00034,464.32,UPI,new,one_time,success,none,0,0.86,230,1,341,0
TX005881,C00468,1174.32,UPI,returning,monthly,failed,insufficient_funds,3,0.88,13,1,499,1
TX005882,C02960,1804.65,NETBANKING,new,one_time,success,none,0,0.87,84,1,369,0
TX005883,C02501,1216.81,UPI,new,monthly,failed,insufficient_funds,0,0.77,185,1,368,1
TX005884,C00668,1517.76,UPI,returning,yearly,success,none,0,0.76,56,1,443,0
TX005885,C00393,331.4,CARD,returning,one_time,success,none,0,0.47,360,1,783,0
TX005886,C02445,1805.57,CARD,returning,yearly,success,none,0,0.46,125,1,988,0
TX005887,C02971,708.01,UPI,new,yearly,success,none,0,0.84,263,1,710,0
TX005888,C00506,1501.93,UPI,new,one_time,failed,insufficient_funds,0,0.79,335,1,1374,0
TX005889,C01992,2509.88,NETBANKING,returning,monthly,failed,card_declined,1,0.83,24,1,963,0
TX005890,C00851,2002.05,UPI,new,monthly,success,none,0,0.75,78,1,98,0
TX005891,C02234,1500.94,WALLET,returning,monthly,success,none,0,0.43,27,1,670,0
TX005892,C01255,1954.55,UPI,new,monthly,failed,network_error,0,0.66,108,0,322,0
TX005893,C00377,2037.69,NETBANKING,new,monthly,success,none,0,0.95,210,0,974,0
TX005894,C00974,4213.09,NETBANKING,new,one_time,success,none,0,0.67,286,1,278,0
TX005895,C01616,1063.54,UPI,new,monthly,success,none,0,0.52,155,1,1170,0
TX005896,C02396,1271.0,NETBANKING,returning,one_time,failed,bank_timeout,1,0.86,277,1,110,1
TX005897,C00064,2537.31,UPI,returning,monthly,success,none,0,0.81,302,1,679,0
TX005898,C02874,705.32,UPI,returning,one_time,success,none,0,0.66,144,1,1144,0
TX005899,C01949,329.73,UPI,new,monthly,success,none,0,0.43,123,1,812,0
TX005900,C02626,1709.42,CARD,returning,monthly,failed,insufficient_funds,1,0.78,296,1,1451,1
TX005901,C02791,911.03,UPI,returning,one_time,success,none,0,0.69,87,1,322,0
TX005902,C00461,369.9,UPI,new,monthly,failed,network_error,3,0.85,273,1,961,0
TX005903,C00282,1720.7,WALLET,new,monthly,success,none,0,0.75,239,1,897,0
TX005904,C02331,3975.95,NETBANKING,new,one_time,failed,card_declined,0,0.54,104,1,789,0
TX005905,C00564,252.96,UPI,new,one_time,success,none,0,0.88,72,1,88,0
TX005906,C00444,2752.03,UPI,returning,one_time,success,none,0,0.89,226,1,1353,0
TX005907,C01406,111.79,UPI,new,one_time,success,none,0,0.76,251,1,1149,0
TX005908,C02741,764.9,UPI,returning,monthly,failed,insufficient_funds,0,0.54,96,1,1326,1
TX005909,C02387,5747.18,NETBANKING,returning,one_time,success,none,0,0.83,234,1,1416,0
TX005910,C01554,816.08,WALLET,returning,monthly,failed,bank_timeout,0,0.63,190,1,532,1
TX005911,C00590,1189.09,UPI,new,one_time,failed,card_declined,1,0.8,3,1,644,0
TX005912,C01010,2178.91,UPI,returning,one_time,failed,bank_timeout,1,0.71,162,0,249,0
TX005913,C02066,233.97,UPI,returning,monthly,success,none,0,0.63,93,1,1088,0
TX005914,C00472,1170.15,UPI,returning,one_time,success,none,0,0.84,174,1,368,0
TX005915,C01574,1161.88,UPI,new,yearly,success,none,0,0.65,45,0,533,0
TX005916,C00036,5861.08,UPI,new,one_time,success,none,0,0.84,348,1,1174,0
TX005917,C00976,360.62,UPI,returning,monthly,success,none,0,0.7,28,1,431,0
TX005918,C00744,777.91,UPI,new,monthly,success,none,0,0.86,289,1,1136,0
TX005919,C02044,475.55,NETBANKING,new,monthly,success,none,0,0.75,87,0,1300,0
TX005920,C02743,432.26,CARD,returning,monthly,success,none,0,0.95,226,1,735,0
TX005921,C00440,3024.99,UPI,returning,one_time,failed,network_error,0,0.92,47,1,846,1
TX005922,C02392,1123.26,UPI,returning,monthly,success,none,0,0.7,19,0,148,0
TX005923,C01968,665.13,NETBANKING,new,monthly,success,none,0,0.7,338,1,737,0
TX005924,C02910,688.1,UPI,new,monthly,success,none,0,0.62,47,1,1198,0
TX005925,C02735,660.57,NETBANKING,new,one_time,failed,network_error,1,0.84,212,1,124,0
TX005926,C00303,715.93,UPI,returning,one_time,success,none,0,0.84,233,1,853,0
TX005927,C02230,351.43,NETBANKING,returning,one_time,failed,network_error,2,0.68,81,1,980,0
TX005928,C01777,868.83,UPI,returning,one_time,success,none,0,0.78,335,1,552,0
TX005929,C00340,793.71,NETBANKING,returning,one_time,success,none,0,0.82,293,1,901,0
TX005930,C00772,554.45,UPI,returning,one_time,failed,expired_card,2,0.72,18,1,1398,0
TX005931,C02781,1260.85,NETBANKING,new,one_time,success,none,0,0.94,11,1,1344,0
TX005932,C01629,1360.9,CARD,returning,one_time,success,none,0,0.9,361,1,273,0
TX005933,C01016,664.49,UPI,returning,one_time,success,none,0,0.58,41,0,1024,0
TX005934,C00962,963.22,CARD,returning,monthly,failed,insufficient_funds,0,0.85,172,1,430,0
TX005935,C02514,7652.3,UPI,returning,yearly,success,none,0,0.7,280,1,823,0
TX005936,C00851,7393.75,UPI,returning,one_time,success,none,0,0.65,139,1,435,0
TX005937,C00477,424.67,UPI,returning,one_time,success,none,0,0.93,349,1,452,0
TX005938,C01722,481.54,CARD,new,one_time,failed,network_error,0,0.67,249,1,1398,0
TX005939,C02978,422.65,NETBANKING,returning,monthly,success,none,0,0.73,275,1,450,0
TX005940,C00550,2839.4,UPI,returning,yearly,success,none,0,0.78,361,1,1326,0
TX005941,C00766,766.11,CARD,returning,one_time,success,none,0,0.75,47,1,319,0
TX005942,C01408,1360.64,NETBANKING,returning,one_time,success,none,0,0.46,75,1,994,0
TX005943,C00600,6616.16,CARD,returning,one_time,success,none,0,0.87,38,1,1381,0
TX005944,C01953,1086.35,UPI,returning,one_time,success,none,0,0.78,351,1,663,0
TX005945,C00761,2070.66,UPI,returning,one_time,success,none,0,0.62,201,1,15,0
TX005946,C00385,1751.76,UPI,new,monthly,failed,insufficient_funds,0,0.94,46,1,206,0
TX005947,C00784,645.87,UPI,returning,one_time,success,none,0,0.89,107,1,1459,0
TX005948,C02792,2844.79,UPI,returning,one_time,success,none,0,0.8,296,1,1279,0
TX005949,C02805,510.44,NETBANKING,returning,monthly,success,none,0,0.74,192,1,1008,0
TX005950,C01518,3662.47,CARD,returning,monthly,failed,card_declined,0,0.68,257,1,66,0
TX005951,C01202,646.32,CARD,returning,one_time,success,none,0,0.77,179,1,708,0
TX005952,C02459,713.25,UPI,returning,monthly,success,none,0,0.47,178,1,14,0
TX005953,C00583,411.73,UPI,new,one_time,success,none,0,0.7,322,1,348,0
TX005954,C01962,477.31,CARD,returning,one_time,success,none,0,0.84,200,0,662,0
TX005955,C02041,746.89,UPI,returning,one_time,failed,expired_card,1,0.94,271,1,1285,0
TX005956,C02131,122.95,NETBANKING,new,one_time,success,none,0,0.53,356,1,853,0
TX005957,C00654,888.91,UPI,new,one_time,success,none,0,0.78,167,1,1198,0
TX005958,C02149,694.24,UPI,new,monthly,failed,bank_timeout,1,0.89,279,1,952,1
TX005959,C01836,2232.8,CARD,new,yearly,success,none,0,0.76,325,1,103,0
TX005960,C02626,1604.68,CARD,new,one_time,success,none,0,0.79,361,1,840,0
TX005961,C00524,580.06,UPI,new,one_time,success,none,0,0.78,152,1,506,0
TX005962,C01841,725.82,CARD,returning,one_time,success,none,0,0.6,42,1,695,0
TX005963,C02489,887.89,UPI,returning,one_time,failed,network_error,0,0.76,329,1,1267,0
TX005964,C00835,4177.05,UPI,returning,monthly,failed,insufficient_funds,0,0.71,145,1,683,0
TX005965,C02232,523.18,UPI,returning,one_time,success,none,0,0.9,28,1,1081,0
TX005966,C00299,573.76,CARD,returning,monthly,success,none,0,0.7,91,1,377,0
TX005967,C02155,397.13,CARD,returning,monthly,success,none,0,0.8,315,1,937,0
TX005968,C01819,288.92,UPI,new,monthly,failed,card_declined,1,0.49,119,1,310,0
TX005969,C00578,1445.63,CARD,returning,one_time,success,none,0,0.77,222,0,1158,0
TX005970,C00200,1316.34,CARD,returning,one_time,success,none,0,0.78,352,1,376,0
TX005971,C02237,3478.95,UPI,returning,one_time,success,none,0,0.6,250,0,536,0
TX005972,C00724,2799.7,UPI,returning,monthly,failed,card_declined,0,0.76,202,1,48,0
TX005973,C01493,9484.41,UPI,returning,monthly,success,none,0,0.38,130,1,1175,0
TX005974,C00183,1026.09,UPI,returning,monthly,success,none,0,0.6,304,0,334,0
TX005975,C02891,867.42,WALLET,new,one_time,success,none,0,0.82,275,1,498,0
TX005976,C01647,340.29,NETBANKING,new,one_time,success,none,0,0.73,4,1,174,0
TX005977,C02795,2052.72,UPI,returning,monthly,success,none,0,0.93,159,1,1249,0
TX005978,C00482,1220.09,UPI,new,one_time,failed,insufficient_funds,1,0.51,191,0,1295,0
TX005979,C00618,1970.69,UPI,new,yearly,success,none,0,0.74,127,1,792,0
TX005980,C01832,393.38,UPI,new,monthly,success,none,0,0.86,349,1,971,0
TX005981,C01814,1504.84,UPI,returning,one_time,failed,network_error,2,0.66,352,1,1255,0
TX005982,C02373,1319.07,UPI,returning,monthly,success,none,0,0.84,125,1,398,0
TX005983,C02785,1242.81,UPI,returning,one_time,failed,expired_card,0,0.6,2,1,1350,0
TX005984,C02466,592.92,UPI,returning,yearly,success,none,0,0.93,180,1,944,0
TX005985,C00421,3198.36,UPI,returning,monthly,success,none,0,0.8,241,1,618,0
TX005986,C00929,6941.53,UPI,returning,one_time,success,none,0,0.9,110,1,1231,0
TX005987,C02742,403.71,UPI,returning,monthly,failed,card_declined,2,0.54,249,1,540,0
TX005988,C01647,2097.29,UPI,returning,one_time,success,none,0,0.6,259,1,1318,0
TX005989,C02602,100.0,UPI,new,one_time,failed,insufficient_funds,0,0.81,8,1,1187,1
TX005990,C01690,2001.69,UPI,returning,one_time,success,none,0,0.71,4,1,1117,0
TX005991,C00150,203.74,WALLET,returning,one_time,success,none,0,0.71,207,1,967,0
TX005992,C01419,683.71,UPI,returning,one_time,success,none,0,0.93,208,1,549,0
TX005993,C02474,336.39,CARD,new,yearly,failed,bank_timeout,2,0.63,302,1,55,0
TX005994,C01966,903.21,UPI,new,monthly,failed,expired_card,1,0.66,41,1,312,0
TX005995,C00399,2333.01,UPI,returning,yearly,failed,bank_timeout,0,0.8,153,1,737,0
TX005996,C00631,206.11,UPI,new,one_time,success,none,0,0.81,165,0,1425,0
TX005997,C02564,793.51,CARD,returning,monthly,success,none,0,0.89,241,1,423,0
TX005998,C02938,690.88,WALLET,returning,monthly,failed,card_declined,2,0.89,184,0,203,0
TX005999,C02259,4550.28,UPI,returning,monthly,success,none,0,0.73,250,1,1267,0
TX006000,C00295,1617.42,UPI,returning,monthly,success,none,0,0.84,149,1,1452,0
TX006001,C01858,380.13,CARD,returning,monthly,failed,insufficient_funds,0,0.74,40,1,112,1
TX006002,C02488,717.54,UPI,new,monthly,success,none,0,0.9,19,0,1373,0
TX006003,C01921,4449.26,UPI,returning,yearly,success,none,0,0.73,20,1,1063,0
TX006004,C01783,2085.84,NETBANKING,new,one_time,success,none,0,0.68,204,1,731,0
TX006005,C01403,479.91,UPI,returning,one_time,success,none,0,0.91,158,1,1433,0
TX006006,C00735,862.33,CARD,returning,yearly,success,none,0,0.79,92,1,705,0
TX006007,C00843,887.49,UPI,new,yearly,success,none,0,0.7,223,1,1219,0
TX006008,C02238,675.75,UPI,returning,monthly,failed,bank_timeout,0,0.84,161,1,140,1
TX006009,C00210,235.29,WALLET,returning,monthly,success,none,0,0.77,113,1,195,0
TX006010,C00254,595.94,UPI,returning,yearly,success,none,0,0.75,34,1,1372,0
TX006011,C01190,3828.7,UPI,returning,monthly,success,none,0,0.85,45,1,505,0
TX006012,C02324,778.19,UPI,returning,one_time,failed,bank_timeout,0,0.72,60,1,742,1
TX006013,C01972,999.32,UPI,returning,monthly,success,none,0,0.78,62,1,4,0
TX006014,C01770,1244.48,UPI,returning,one_time,success,none,0,0.87,225,1,25,0
TX006015,C01603,8073.38,UPI,new,one_time,success,none,0,0.63,225,1,887,0
TX006016,C00333,1105.43,UPI,returning,yearly,success,none,0,0.76,362,1,504,0
TX006017,C00996,2935.26,UPI,returning,monthly,success,none,0,0.81,30,0,781,0
TX006018,C00239,640.11,CARD,returning,monthly,failed,expired_card,0,0.92,358,0,865,1
TX006019,C02275,868.3,UPI,returning,monthly,success,none,0,0.58,266,1,540,0
TX006020,C02253,1109.09,NETBANKING,new,one_time,success,none,0,0.91,42,1,705,0
TX006021,C00775,546.36,UPI,returning,monthly,success,none,0,0.73,208,1,155,0
TX006022,C00879,912.93,UPI,returning,monthly,success,none,0,0.86,212,1,485,0
TX006023,C00953,2438.76,NETBANKING,returning,monthly,success,none,0,0.97,38,1,188,0
TX006024,C02668,533.61,NETBANKING,returning,one_time,failed,insufficient_funds,1,0.38,329,1,688,0
TX006025,C01466,1096.72,UPI,new,monthly,failed,network_error,0,0.7,258,0,696,0
TX006026,C02287,2075.3,UPI,returning,one_time,success,none,0,0.91,146,1,526,0
TX006027,C01347,522.16,NETBANKING,returning,one_time,failed,bank_timeout,2,0.43,153,1,1225,1
TX006028,C02095,2939.14,UPI,returning,monthly,success,none,0,0.93,293,1,1375,0
TX006029,C01585,1170.98,UPI,returning,yearly,success,none,0,0.51,223,1,1001,0
TX006030,C00836,945.19,UPI,returning,one_time,success,none,0,0.63,52,1,299,0
TX006031,C02629,179.95,NETBANKING,new,one_time,success,none,0,0.92,220,1,393,0
TX006032,C02127,783.48,CARD,returning,yearly,failed,bank_timeout,3,0.89,359,1,607,1
TX006033,C02309,1532.16,UPI,returning,yearly,success,none,0,0.68,319,1,1423,0
TX006034,C02845,5275.4,WALLET,returning,one_time,success,none,0,0.51,235,1,1317,0
TX006035,C00747,1828.22,UPI,new,monthly,failed,bank_timeout,0,0.77,197,1,67,0
TX006036,C00275,3021.76,CARD,returning,yearly,failed,network_error,0,0.62,225,1,614,0
TX006037,C01747,369.37,UPI,returning,one_time,success,none,0,0.98,101,1,698,0
TX006038,C00979,978.34,CARD,new,monthly,success,none,0,0.86,212,1,757,0
TX006039,C01308,3290.1,UPI,new,one_time,success,none,0,0.8,305,1,4,0
TX006040,C00705,493.26,UPI,returning,monthly,success,none,0,0.68,329,0,755,0
TX006041,C01196,2614.17,UPI,returning,one_time,success,none,0,0.79,217,1,1339,0
TX006042,C01180,2121.73,NETBANKING,returning,monthly,success,none,0,0.7,113,1,1101,0
TX006043,C01052,1404.24,UPI,returning,monthly,success,none,0,0.71,79,1,658,0
TX006044,C02227,815.8,UPI,returning,one_time,failed,insufficient_funds,2,0.77,78,0,655,0
TX006045,C01778,451.39,UPI,returning,monthly,success,none,0,0.76,85,1,185,0
TX006046,C01423,5419.95,CARD,returning,one_time,failed,insufficient_funds,0,0.82,195,1,251,1
TX006047,C00339,1936.58,CARD,new,one_time,success,none,0,0.74,162,1,1302,0
TX006048,C01713,1490.03,UPI,new,yearly,failed,card_declined,1,0.71,359,1,1239,0
TX006049,C00526,756.3,UPI,returning,yearly,success,none,0,0.81,225,1,455,0
TX006050,C00943,1134.66,CARD,new,monthly,failed,card_declined,1,0.57,358,1,1046,0
TX006051,C01245,1271.87,UPI,new,yearly,success,none,0,0.79,335,0,599,0
TX006052,C00424,1571.66,UPI,new,one_time,failed,insufficient_funds,0,0.45,34,1,1300,1
TX006053,C01169,2123.68,UPI,new,monthly,success,none,0,0.82,97,1,1336,0
TX006054,C00801,542.28,UPI,new,yearly,success,none,0,0.67,18,1,469,0
TX006055,C02550,292.97,WALLET,new,yearly,success,none,0,0.86,234,1,205,0
TX006056,C02580,1183.05,CARD,returning,one_time,failed,expired_card,2,0.4,295,1,444,0
TX006057,C00014,227.58,UPI,returning,one_time,success,none,0,0.6,333,1,1159,0
TX006058,C01808,819.51,NETBANKING,returning,monthly,failed,bank_timeout,2,0.64,235,1,2,0
TX006059,C01922,693.48,UPI,new,one_time,success,none,0,0.74,87,1,142,0
TX006060,C01134,1707.14,WALLET,new,monthly,failed,insufficient_funds,2,0.75,228,1,46,0
TX006061,C01408,6531.14,UPI,returning,one_time,success,none,0,0.72,95,1,272,0
TX006062,C02370,190.54,NETBANKING,returning,monthly,success,none,0,0.89,255,1,648,0
TX006063,C01134,8491.04,NETBANKING,returning,one_time,success,none,0,0.52,14,1,992,0
TX006064,C00194,889.12,NETBANKING,returning,monthly,success,none,0,0.82,12,1,1123,0
TX006065,C01118,1499.71,UPI,returning,yearly,success,none,0,0.74,224,1,1207,0
TX006066,C00762,306.94,NETBANKING,returning,monthly,success,none,0,0.79,150,0,134,0
TX006067,C01149,2689.7,CARD,new,yearly,failed,card_declined,0,0.55,51,1,1175,0
TX006068,C00691,1138.34,UPI,returning,one_time,failed,network_error,2,0.74,175,1,169,0
TX006069,C00450,1037.61,UPI,new,one_time,success,none,0,0.87,227,1,1206,0
TX006070,C02957,191.78,CARD,returning,monthly,success,none,0,0.7,240,1,577,0
TX006071,C00387,1171.94,NETBANKING,new,one_time,failed,insufficient_funds,1,0.87,12,1,462,0
TX006072,C02119,2347.83,CARD,returning,one_time,success,none,0,0.83,212,1,1134,0
TX006073,C02153,886.56,UPI,returning,monthly,success,none,0,0.79,29,1,1397,0
TX006074,C01854,3155.11,CARD,returning,one_time,success,none,0,0.74,276,0,151,0
TX006075,C02735,3039.98,UPI,returning,yearly,failed,card_declined,0,0.74,264,1,175,0
TX006076,C00015,615.86,UPI,new,monthly,failed,card_declined,0,0.79,198,1,930,0
TX006077,C00905,4608.25,CARD,returning,one_time,success,none,0,0.69,295,1,711,0
TX006078,C00553,1142.26,CARD,returning,one_time,failed,bank_timeout,0,0.63,231,1,531,1
TX006079,C01731,1146.85,CARD,returning,one_time,failed,network_error,2,0.86,218,1,361,0
TX006080,C01907,1198.81,UPI,returning,monthly,success,none,0,0.81,2,1,348,0
TX006081,C02694,1167.22,UPI,returning,one_time,failed,bank_timeout,0,0.61,70,1,1281,1
TX006082,C01140,102.81,CARD,returning,yearly,success,none,0,0.8,232,1,1472,0
TX006083,C00708,928.01,UPI,returning,one_time,failed,card_declined,1,0.91,345,1,205,0
TX006084,C02773,321.32,WALLET,returning,one_time,success,none,0,0.71,187,1,1276,0
TX006085,C02019,4739.57,NETBANKING,returning,monthly,success,none,0,0.91,361,1,6,0
TX006086,C02295,4570.94,NETBANKING,returning,one_time,failed,bank_timeout,2,0.59,151,1,299,0
TX006087,C01335,2360.77,NETBANKING,returning,monthly,success,none,0,0.45,49,1,821,0
TX006088,C01343,884.82,UPI,new,monthly,failed,network_error,2,0.6,254,1,661,1
TX006089,C01168,442.65,UPI,new,one_time,success,none,0,0.75,262,0,572,0
TX006090,C02249,606.79,NETBANKING,returning,monthly,failed,bank_timeout,0,0.57,1,1,409,1
TX006091,C00632,6300.46,UPI,returning,yearly,success,none,0,0.59,321,1,464,0
TX006092,C02927,588.17,NETBANKING,returning,one_time,success,none,0,0.73,280,1,733,0
TX006093,C00528,131.63,UPI,returning,monthly,success,none,0,0.77,215,1,183,0
TX006094,C01383,2771.51,NETBANKING,new,one_time,success,none,0,0.89,323,1,336,0
TX006095,C00944,4232.1,UPI,new,yearly,success,none,0,0.65,265,0,362,0
TX006096,C01928,4881.92,NETBANKING,new,one_time,failed,insufficient_funds,0,0.68,42,1,80,0
TX006097,C02043,2792.0,UPI,new,one_time,failed,card_declined,2,0.66,241,1,9,0
TX006098,C02756,3233.65,CARD,returning,one_time,success,none,0,0.95,130,1,718,0
TX006099,C02368,1150.14,NETBANKING,returning,monthly,failed,bank_timeout,0,0.53,359,1,1425,1
TX006100,C00747,169.24,UPI,returning,one_time,failed,card_declined,1,0.84,317,1,986,0
TX006101,C00620,1124.5,UPI,new,monthly,failed,network_error,0,0.85,259,1,831,0
TX006102,C02660,1918.72,UPI,returning,one_time,success,none,0,0.86,23,1,592,0
TX006103,C01464,970.93,CARD,returning,yearly,success,none,0,0.87,331,1,35,0
TX006104,C00293,931.92,CARD,new,yearly,success,none,0,0.62,83,1,277,0
TX006105,C02475,460.49,CARD,returning,monthly,failed,bank_timeout,0,0.73,288,0,1114,0
TX006106,C01946,445.16,UPI,returning,monthly,success,none,0,0.72,294,1,920,0
TX006107,C00077,5734.95,UPI,returning,monthly,success,none,0,0.6,181,1,1339,0
TX006108,C02349,5924.86,NETBANKING,returning,monthly,success,none,0,0.8,130,1,1210,0
TX006109,C01823,1094.02,CARD,new,one_time,failed,expired_card,0,0.88,76,0,1286,0
TX006110,C01844,1412.86,UPI,new,monthly,success,none,0,0.86,124,1,488,0
TX006111,C02595,453.61,UPI,new,monthly,failed,card_declined,0,0.44,28,1,1103,0
TX006112,C01487,1955.34,UPI,new,monthly,success,none,0,0.7,146,1,1337,0
TX006113,C01384,5343.76,NETBANKING,returning,monthly,success,none,0,0.64,152,1,125,0
TX006114,C01853,276.91,CARD,new,monthly,success,none,0,0.73,353,0,216,0
TX006115,C00594,1664.86,CARD,returning,one_time,failed,insufficient_funds,1,0.93,167,1,333,1
TX006116,C00455,1781.34,CARD,returning,one_time,success,none,0,0.73,22,1,586,0
TX006117,C02532,1763.13,NETBANKING,returning,one_time,success,none,0,0.79,53,1,374,0
TX006118,C00647,4810.4,UPI,new,monthly,success,none,0,0.34,134,1,77,0
TX006119,C01514,6852.83,UPI,new,one_time,success,none,0,0.85,110,0,950,0
TX006120,C00810,888.79,UPI,returning,yearly,failed,card_declined,1,0.85,132,1,1080,0
TX006121,C00692,2009.93,WALLET,new,monthly,success,none,0,0.73,163,1,528,0
TX006122,C01794,1183.0,CARD,returning,yearly,success,none,0,0.94,357,1,1389,0
TX006123,C02408,620.85,UPI,returning,yearly,success,none,0,0.27,18,1,1121,0
TX006124,C01326,1399.31,NETBANKING,returning,one_time,success,none,0,0.66,105,1,874,0
TX006125,C00417,2006.91,UPI,new,yearly,failed,bank_timeout,0,0.68,120,1,63,0
TX006126,C00734,1333.06,UPI,new,one_time,success,none,0,0.57,344,1,644,0
TX006127,C00494,496.18,CARD,returning,one_time,success,none,0,0.8,234,1,1145,0
TX006128,C02649,722.56,WALLET,returning,one_time,failed,network_error,1,0.73,147,0,854,0
TX006129,C00959,727.55,UPI,returning,one_time,success,none,0,0.85,13,1,1285,0
TX006130,C01122,513.78,UPI,returning,one_time,failed,card_declined,1,0.73,167,1,1136,0
TX006131,C00214,1454.16,NETBANKING,returning,one_time,success,none,0,0.59,314,1,1475,0
TX006132,C01339,1597.67,CARD,new,yearly,success,none,0,0.74,247,0,645,0
TX006133,C02742,2648.02,CARD,returning,one_time,success,none,0,0.78,338,0,232,0
TX006134,C01230,506.81,UPI,new,yearly,success,none,0,0.82,175,1,1262,0
TX006135,C01954,652.15,UPI,returning,monthly,failed,bank_timeout,2,0.57,103,1,1218,0
TX006136,C00546,4443.12,UPI,new,yearly,success,none,0,0.79,79,1,499,0
TX006137,C00429,945.73,UPI,returning,monthly,success,none,0,0.63,222,0,108,0
TX006138,C02195,1126.78,NETBANKING,returning,yearly,success,none,0,0.8,306,1,493,0
TX006139,C00198,936.74,CARD,returning,one_time,success,none,0,0.93,211,1,706,0
TX006140,C01346,3040.35,NETBANKING,returning,monthly,success,none,0,0.82,103,1,1279,0
TX006141,C00951,3148.33,UPI,returning,one_time,failed,bank_timeout,0,0.72,225,1,587,0
TX006142,C00049,2986.59,UPI,returning,one_time,failed,insufficient_funds,0,0.59,313,1,1167,0
TX006143,C01594,1123.17,CARD,returning,one_time,failed,card_declined,1,0.7,217,1,997,0
TX006144,C02893,500.1,UPI,returning,monthly,success,none,0,0.88,353,1,49,0
TX006145,C00208,6202.4,UPI,returning,yearly,failed,bank_timeout,0,0.69,96,0,176,1
TX006146,C02448,2370.08,UPI,returning,one_time,success,none,0,0.78,195,1,737,0
TX006147,C01618,727.06,UPI,new,yearly,success,none,0,0.69,88,1,565,0
TX006148,C02171,3949.87,UPI,returning,one_time,failed,bank_timeout,1,0.81,64,0,1321,1
TX006149,C00290,677.19,UPI,new,monthly,failed,bank_timeout,0,0.96,43,1,1104,1
TX006150,C02608,3903.52,NETBANKING,returning,one_time,failed,insufficient_funds,1,0.6,60,1,735,0
TX006151,C00035,4148.31,UPI,returning,yearly,success,none,0,0.92,117,1,450,0
TX006152,C02721,478.5,CARD,returning,monthly,success,none,0,0.49,311,1,9,0
TX006153,C01974,1851.19,CARD,new,one_time,success,none,0,0.84,72,1,12,0
TX006154,C01013,2217.14,UPI,returning,yearly,success,none,0,0.72,104,1,856,0
TX006155,C00022,11538.2,UPI,new,one_time,success,none,0,0.74,267,1,17,0
TX006156,C01833,562.24,UPI,returning,yearly,failed,bank_timeout,3,0.64,180,1,104,0
TX006157,C00263,3981.0,UPI,new,one_time,success,none,0,0.89,239,1,140,0
TX006158,C01827,1113.89,UPI,returning,one_time,success,none,0,0.88,286,1,301,0
TX006159,C02320,358.8,WALLET,new,one_time,success,none,0,0.85,169,1,1329,0
TX006160,C00802,984.38,UPI,returning,monthly,success,none,0,0.78,21,1,77,0
TX006161,C00717,1099.07,UPI,new,monthly,failed,expired_card,0,0.89,170,1,884,0
TX006162,C00666,422.84,WALLET,returning,monthly,success,none,0,0.83,158,1,1320,0
TX006163,C00675,1452.38,CARD,new,one_time,success,none,0,0.83,343,0,138,0
TX006164,C00342,2596.78,CARD,returning,one_time,success,none,0,0.78,245,1,863,0
TX006165,C00750,1358.83,UPI,new,monthly,success,none,0,0.6,225,1,42,0
TX006166,C01978,673.4,NETBANKING,returning,one_time,success,none,0,0.89,210,1,569,0
TX006167,C00908,959.46,CARD,new,one_time,success,none,0,0.86,140,1,1339,0
TX006168,C02343,1092.16,CARD,returning,monthly,success,none,0,0.79,149,1,668,0
TX006169,C02458,1333.54,CARD,returning,monthly,failed,bank_timeout,0,0.66,85,1,935,0
TX006170,C02283,2977.52,UPI,returning,monthly,success,none,0,0.58,129,1,737,0
TX006171,C01619,1400.73,WALLET,new,one_time,failed,expired_card,3,0.73,265,1,619,0
TX006172,C00949,310.31,WALLET,new,yearly,success,none,0,0.76,29,1,160,0
TX006173,C02790,661.1,CARD,returning,monthly,success,none,0,0.58,198,1,599,0
TX006174,C00616,1273.37,UPI,returning,monthly,success,none,0,0.65,221,1,632,0
TX006175,C01394,3016.08,CARD,returning,monthly,failed,network_error,0,0.82,53,1,911,1
TX006176,C01361,3526.5,UPI,returning,monthly,success,none,0,0.94,22,1,688,0
TX006177,C02237,5416.56,CARD,new,yearly,failed,bank_timeout,0,0.76,157,1,72,0
TX006178,C01641,1233.43,UPI,returning,one_time,success,none,0,0.86,190,1,923,0
TX006179,C02399,2179.78,NETBANKING,returning,one_time,success,none,0,0.8,69,1,646,0
TX006180,C02758,296.19,WALLET,returning,monthly,success,none,0,0.85,49,0,381,0
TX006181,C01172,1614.68,UPI,returning,yearly,success,none,0,0.87,109,1,505,0
TX006182,C02625,416.66,CARD,new,one_time,success,none,0,0.44,15,1,1279,0
TX006183,C00510,1036.61,NETBANKING,returning,monthly,success,none,0,0.7,226,1,1350,0
TX006184,C02749,16761.75,UPI,returning,monthly,failed,bank_timeout,1,0.79,178,0,622,0
TX006185,C00534,1441.15,UPI,new,one_time,success,none,0,0.42,214,1,1357,0
TX006186,C02551,504.0,UPI,returning,yearly,success,none,0,0.52,112,1,334,0
TX006187,C01171,1582.89,NETBANKING,returning,monthly,failed,expired_card,1,0.75,219,1,63,0
TX006188,C02894,688.58,UPI,new,monthly,success,none,0,0.82,178,1,857,0
TX006189,C00388,461.89,UPI,new,monthly,success,none,0,0.56,350,1,958,0
TX006190,C01397,7279.56,UPI,returning,one_time,failed,insufficient_funds,2,0.88,60,1,659,1
TX006191,C02706,2864.45,UPI,returning,yearly,success,none,0,0.75,163,1,282,0
TX006192,C00143,1496.65,UPI,returning,one_time,failed,card_declined,0,0.64,352,1,271,0
TX006193,C00796,770.75,CARD,returning,monthly,success,none,0,0.7,344,0,98,0
TX006194,C00251,829.06,UPI,new,monthly,success,none,0,0.88,6,1,1285,0
TX006195,C00964,4395.05,CARD,new,monthly,success,none,0,0.52,125,0,534,0
TX006196,C01171,1445.08,CARD,new,yearly,success,none,0,0.75,50,1,908,0
TX006197,C01857,100.0,NETBANKING,returning,monthly,success,none,0,0.63,251,1,248,0
TX006198,C00774,9689.95,UPI,returning,one_time,success,none,0,0.89,259,1,1168,0
TX006199,C00477,1293.05,CARD,new,monthly,success,none,0,0.84,206,1,847,0
TX006200,C00510,1493.73,CARD,returning,monthly,success,none,0,0.55,339,1,1229,0
TX006201,C02816,2916.17,UPI,returning,one_time,success,none,0,0.85,12,0,875,0
TX006202,C02860,1667.14,UPI,returning,one_time,success,none,0,0.53,17,0,602,0
TX006203,C00665,2147.84,UPI,returning,monthly,success,none,0,0.71,340,1,346,0
TX006204,C00587,748.93,CARD,returning,yearly,success,none,0,0.53,9,1,1415,0
TX006205,C00163,362.56,UPI,returning,monthly,failed,bank_timeout,0,0.67,351,1,1487,0
TX006206,C02879,1411.22,NETBANKING,returning,yearly,failed,insufficient_funds,0,0.59,204,1,89,0
TX006207,C02119,3977.68,NETBANKING,returning,monthly,success,none,0,0.85,230,1,234,0
TX006208,C02283,612.15,CARD,returning,yearly,success,none,0,0.71,161,1,359,0
TX006209,C00872,569.51,WALLET,returning,monthly,failed,bank_timeout,0,0.82,231,1,1436,1
TX006210,C01923,3290.9,CARD,new,one_time,success,none,0,0.93,75,1,300,0
TX006211,C00180,726.67,UPI,returning,one_time,success,none,0,0.76,38,1,393,0
TX006212,C02029,757.86,UPI,returning,yearly,failed,bank_timeout,1,0.93,49,0,278,0
TX006213,C01739,783.81,NETBANKING,new,yearly,failed,bank_timeout,1,0.92,62,1,932,0
TX006214,C00995,1034.34,UPI,returning,one_time,success,none,0,0.65,311,1,1162,0
TX006215,C02132,266.06,NETBANKING,new,monthly,success,none,0,0.78,162,1,897,0
TX006216,C01940,674.92,UPI,returning,yearly,success,none,0,0.68,46,1,129,0
TX006217,C01317,1349.29,UPI,returning,one_time,success,none,0,0.83,92,1,1489,0
TX006218,C00561,1340.66,CARD,returning,monthly,success,none,0,0.74,254,0,327,0
TX006219,C00071,3109.43,NETBANKING,returning,monthly,success,none,0,0.96,133,1,770,0
TX006220,C02814,5741.37,NETBANKING,returning,one_time,success,none,0,0.78,302,1,299,0
TX006221,C00845,4277.98,UPI,returning,monthly,success,none,0,0.71,8,1,244,0
TX006222,C00906,2497.85,UPI,new,one_time,success,none,0,0.73,9,1,1169,0
TX006223,C02044,959.24,CARD,returning,monthly,failed,insufficient_funds,1,0.38,283,0,391,0
TX006224,C00766,625.93,NETBANKING,new,one_time,success,none,0,0.38,272,1,1289,0
TX006225,C01128,1114.42,UPI,returning,monthly,success,none,0,0.66,33,1,52,0
TX006226,C02134,1857.56,CARD,new,one_time,success,none,0,0.71,249,1,171,0
TX006227,C01787,2297.88,UPI,new,monthly,success,none,0,0.65,76,1,1375,0
TX006228,C01970,1921.34,CARD,new,one_time,success,none,0,0.91,198,1,158,0
TX006229,C00015,983.33,UPI,returning,one_time,success,none,0,0.76,270,1,1463,0
TX006230,C01354,2226.48,WALLET,returning,monthly,success,none,0,0.68,29,1,3,0
TX006231,C01426,3411.08,UPI,returning,one_time,failed,card_declined,3,0.88,363,1,658,0
TX006232,C01898,2421.5,CARD,returning,one_time,failed,card_declined,0,0.79,331,1,941,0
TX006233,C00455,1065.49,CARD,new,one_time,success,none,0,0.77,112,1,1211,0
TX006234,C00479,517.77,UPI,returning,monthly,success,none,0,0.71,331,1,707,0
TX006235,C02288,506.84,UPI,returning,one_time,success,none,0,0.7,196,0,565,0
TX006236,C02020,594.01,CARD,returning,monthly,success,none,0,0.89,125,0,1186,0
TX006237,C02434,1382.11,CARD,returning,monthly,success,none,0,0.48,318,1,556,0
TX006238,C00812,1750.79,CARD,returning,one_time,success,none,0,0.88,123,1,1264,0
TX006239,C02993,307.02,CARD,new,one_time,success,none,0,0.79,157,0,75,0
TX006240,C00819,696.73,UPI,returning,one_time,success,none,0,0.69,200,0,384,0
TX006241,C01953,1365.06,NETBANKING,returning,yearly,success,none,0,0.61,79,0,72,0
TX006242,C00487,487.99,UPI,returning,one_time,failed,bank_timeout,1,0.86,319,1,507,0
TX006243,C02756,1620.54,CARD,returning,monthly,success,none,0,0.69,316,1,216,0
TX006244,C00998,831.57,NETBANKING,returning,yearly,success,none,0,0.26,340,1,298,0
TX006245,C02408,571.88,NETBANKING,new,one_time,failed,bank_timeout,0,0.7,316,1,1381,0
TX006246,C00994,1150.42,UPI,returning,one_time,success,none,0,0.82,91,1,441,0
TX006247,C02373,1560.95,UPI,returning,monthly,failed,network_error,0,0.9,213,1,600,0
TX006248,C01363,510.98,CARD,new,yearly,success,none,0,0.65,203,1,1096,0
TX006249,C00188,881.52,UPI,returning,one_time,success,none,0,0.56,293,1,808,0
TX006250,C00572,1670.55,CARD,new,monthly,success,none,0,0.7,133,1,633,0
TX006251,C02051,552.32,UPI,returning,monthly,success,none,0,0.57,194,1,209,0
TX006252,C00580,246.66,UPI,returning,one_time,failed,network_error,0,0.8,80,1,981,1
TX006253,C00826,275.09,UPI,returning,monthly,success,none,0,0.61,191,1,670,0
TX006254,C01626,752.77,CARD,returning,monthly,success,none,0,0.66,2,1,818,0
TX006255,C00760,334.76,CARD,returning,yearly,success,none,0,0.44,6,1,757,0
TX006256,C00387,801.95,UPI,new,monthly,success,none,0,0.84,107,1,1295,0
TX006257,C01873,4907.15,UPI,returning,monthly,failed,bank_timeout,2,0.75,256,1,739,1
TX006258,C02067,317.11,UPI,returning,monthly,success,none,0,0.78,120,1,857,0
TX006259,C02200,850.36,CARD,returning,one_time,failed,bank_timeout,1,0.69,250,1,1226,0
TX006260,C02832,7473.17,CARD,returning,monthly,success,none,0,0.68,239,1,324,0
TX006261,C00374,1583.38,NETBANKING,returning,one_time,success,none,0,0.82,109,0,956,0
TX006262,C01281,787.65,WALLET,new,monthly,failed,card_declined,2,0.67,235,1,1340,0
TX006263,C00702,952.23,UPI,new,monthly,success,none,0,0.63,150,1,222,0
TX006264,C02704,1613.93,NETBANKING,returning,monthly,failed,card_declined,0,0.63,357,1,1044,0
TX006265,C01620,5045.21,UPI,new,monthly,failed,network_error,1,0.65,7,0,540,0
TX006266,C00295,680.09,CARD,new,one_time,success,none,0,0.66,242,1,571,0
TX006267,C02077,554.55,UPI,new,monthly,success,none,0,0.88,302,0,54,0
TX006268,C00129,317.05,CARD,returning,one_time,failed,insufficient_funds,0,0.85,56,1,286,1
TX006269,C00823,1203.26,CARD,returning,one_time,failed,bank_timeout,2,0.82,356,1,488,1
TX006270,C02165,309.48,UPI,returning,one_time,success,none,0,0.61,215,1,992,0
TX006271,C01519,722.41,NETBANKING,returning,one_time,failed,network_error,0,0.81,206,1,584,0
TX006272,C02284,484.05,NETBANKING,returning,monthly,success,none,0,0.63,61,1,885,0
TX006273,C01714,2883.36,NETBANKING,returning,yearly,success,none,0,0.89,218,1,450,0
TX006274,C02530,693.98,UPI,returning,monthly,success,none,0,0.68,57,1,609,0
TX006275,C01688,1567.5,WALLET,returning,one_time,success,none,0,0.81,147,1,437,0
TX006276,C00171,258.87,CARD,returning,one_time,success,none,0,0.85,338,1,478,0
TX006277,C00214,1234.42,CARD,returning,one_time,success,none,0,0.73,86,1,5,0
TX006278,C02331,371.35,UPI,returning,yearly,success,none,0,0.77,66,1,958,0
TX006279,C00116,747.64,NETBANKING,returning,one_time,failed,bank_timeout,1,0.64,3,1,1422,1
TX006280,C01130,8023.12,CARD,new,yearly,success,none,0,0.89,174,1,164,0
TX006281,C00049,2537.56,CARD,returning,one_time,success,none,0,0.82,268,1,346,0
TX006282,C00911,976.94,WALLET,returning,monthly,success,none,0,0.76,331,1,769,0
TX006283,C01786,19517.13,UPI,new,monthly,success,none,0,0.82,39,0,900,0
TX006284,C00520,481.23,CARD,returning,one_time,success,none,0,0.78,221,1,1485,0
TX006285,C01399,3129.71,UPI,returning,monthly,failed,bank_timeout,2,0.98,59,1,136,1
TX006286,C02989,276.05,UPI,new,monthly,failed,card_declined,0,0.57,168,1,1374,0
TX006287,C00212,880.48,UPI,new,one_time,success,none,0,0.62,96,1,513,0
TX006288,C00191,326.03,UPI,returning,one_time,success,none,0,0.81,122,1,426,0
TX006289,C00814,1382.36,UPI,returning,monthly,success,none,0,0.85,190,1,566,0
TX006290,C02482,1153.29,UPI,new,yearly,failed,insufficient_funds,0,0.85,46,1,601,0
TX006291,C01218,831.39,UPI,new,yearly,failed,network_error,3,0.91,318,1,713,0
TX006292,C01919,2930.27,CARD,returning,one_time,success,none,0,0.73,313,1,1330,0
TX006293,C00102,658.27,UPI,returning,monthly,success,none,0,0.54,94,0,1246,0
TX006294,C02206,1471.69,UPI,returning,monthly,failed,bank_timeout,1,0.82,293,0,942,0
TX006295,C00203,2295.03,UPI,returning,yearly,success,none,0,0.84,238,0,1125,0
TX006296,C02136,288.62,UPI,new,one_time,failed,insufficient_funds,1,0.79,335,1,391,0
TX006297,C00444,559.16,UPI,new,yearly,success,none,0,0.78,276,1,1113,0
TX006298,C02576,1151.1,NETBANKING,new,monthly,success,none,0,0.66,282,1,430,0
TX006299,C00889,1933.6,CARD,returning,monthly,failed,insufficient_funds,1,0.82,186,0,522,0
TX006300,C00552,3940.7,UPI,new,one_time,success,none,0,0.69,179,1,8,0
TX006301,C01011,902.99,UPI,returning,one_time,failed,insufficient_funds,0,0.63,83,1,1146,1
TX006302,C00003,824.83,UPI,returning,one_time,success,none,0,0.78,71,1,1295,0
TX006303,C00496,500.03,CARD,new,yearly,failed,network_error,2,0.88,195,1,1191,0
TX006304,C01796,1475.84,WALLET,returning,monthly,success,none,0,0.83,321,0,164,0
TX006305,C00903,839.32,UPI,returning,yearly,success,none,0,0.75,183,1,807,0
TX006306,C01062,856.94,UPI,returning,one_time,success,none,0,0.76,75,1,482,0
TX006307,C02422,1007.78,CARD,returning,yearly,failed,network_error,0,0.85,214,1,840,1
TX006308,C00372,1801.66,UPI,returning,yearly,success,none,0,0.92,171,1,535,0
TX006309,C01188,660.27,UPI,returning,one_time,failed,bank_timeout,3,0.57,91,1,819,0
TX006310,C00559,547.33,CARD,returning,one_time,failed,card_declined,1,0.81,240,1,1261,0
TX006311,C01449,1617.36,CARD,new,monthly,success,none,0,0.77,125,1,686,0
TX006312,C00996,100.0,UPI,returning,monthly,failed,insufficient_funds,0,0.92,309,1,28,0
TX006313,C00139,636.95,NETBANKING,returning,one_time,success,none,0,0.76,295,1,1115,0
TX006314,C00211,389.09,UPI,returning,monthly,failed,bank_timeout,2,0.88,308,1,198,1
TX006315,C02558,3238.72,UPI,returning,one_time,success,none,0,0.99,337,1,427,0
TX006316,C00171,737.42,CARD,returning,monthly,success,none,0,0.74,133,1,1362,0
TX006317,C02349,662.06,CARD,returning,yearly,failed,bank_timeout,2,0.68,268,1,863,0
TX006318,C02749,1049.68,CARD,new,one_time,success,none,0,0.63,45,1,329,0
TX006319,C01398,641.73,CARD,new,one_time,failed,network_error,0,0.79,265,0,1281,1
TX006320,C00937,763.27,CARD,new,monthly,success,none,0,0.76,179,1,277,0
TX006321,C02329,1196.79,NETBANKING,returning,monthly,success,none,0,0.54,128,1,576,0
TX006322,C02947,750.07,CARD,returning,one_time,failed,expired_card,3,0.7,318,1,837,0
TX006323,C00362,745.24,UPI,new,monthly,success,none,0,0.76,133,1,581,0
TX006324,C02894,441.8,CARD,returning,monthly,success,none,0,0.94,106,1,350,0
TX006325,C02832,388.23,UPI,returning,monthly,success,none,0,0.87,235,1,103,0
TX006326,C00428,1158.14,CARD,new,monthly,success,none,0,0.75,196,0,999,0
TX006327,C00165,1445.11,UPI,returning,one_time,failed,insufficient_funds,0,0.78,286,0,950,0
TX006328,C02145,303.28,UPI,returning,one_time,success,none,0,0.69,58,0,1347,0
TX006329,C00234,2173.18,CARD,new,one_time,success,none,0,0.62,361,1,984,0
TX006330,C01803,2181.23,CARD,returning,one_time,success,none,0,0.72,271,1,1368,0
TX006331,C00195,2636.53,UPI,new,one_time,success,none,0,0.75,123,1,337,0
TX006332,C02072,1436.41,UPI,new,monthly,success,none,0,0.87,221,0,1249,0
TX006333,C00696,1945.69,NETBANKING,returning,monthly,success,none,0,0.61,2,1,1496,0
TX006334,C00289,7836.31,WALLET,new,one_time,success,none,0,0.69,270,1,1394,0
TX006335,C00200,836.0,UPI,returning,yearly,success,none,0,0.76,19,1,1153,0
TX006336,C00566,427.89,UPI,new,monthly,success,none,0,0.57,106,1,1380,0
TX006337,C01623,275.71,UPI,new,monthly,failed,insufficient_funds,0,0.92,293,1,1395,0
TX006338,C00230,5324.67,UPI,returning,yearly,success,none,0,0.87,247,1,306,0
TX006339,C02407,5387.89,UPI,new,one_time,success,none,0,0.93,195,1,385,0
TX006340,C01813,477.16,NETBANKING,returning,monthly,success,none,0,0.73,63,1,914,0
TX006341,C00892,569.87,UPI,new,one_time,success,none,0,0.91,275,1,395,0
TX006342,C02960,819.27,UPI,returning,yearly,failed,bank_timeout,1,0.78,153,1,564,0
TX006343,C01976,3300.51,UPI,new,one_time,failed,card_declined,0,0.84,238,1,629,0
TX006344,C02016,344.27,UPI,new,monthly,success,none,0,0.61,307,1,588,0
TX006345,C00522,186.8,UPI,returning,one_time,failed,network_error,1,0.77,363,0,154,1
TX006346,C02133,7713.78,UPI,new,one_time,failed,bank_timeout,1,0.84,187,1,471,0
TX006347,C01678,1452.64,UPI,returning,one_time,failed,bank_timeout,0,0.69,222,1,150,1
TX006348,C02954,1650.73,CARD,returning,monthly,success,none,0,0.49,328,1,925,0
TX006349,C01434,911.79,UPI,returning,one_time,success,none,0,0.82,167,1,337,0
TX006350,C02035,1667.71,CARD,new,one_time,success,none,0,0.87,298,1,528,0
TX006351,C01024,280.68,NETBANKING,returning,one_time,success,none,0,0.49,273,1,380,0
TX006352,C00121,514.49,UPI,new,one_time,success,none,0,0.78,192,1,445,0
TX006353,C00384,1205.49,UPI,new,one_time,success,none,0,0.31,355,1,1102,0
TX006354,C02602,142.05,NETBANKING,returning,monthly,success,none,0,0.74,124,1,595,0
TX006355,C02215,835.25,UPI,new,one_time,failed,network_error,0,0.6,349,1,559,0
TX006356,C01095,790.17,UPI,returning,yearly,success,none,0,0.86,273,1,1185,0
TX006357,C02094,835.12,NETBANKING,returning,monthly,success,none,0,0.97,206,1,1411,0
TX006358,C00014,667.83,CARD,new,one_time,success,none,0,0.83,274,1,1051,0
TX006359,C00112,447.51,NETBANKING,new,monthly,success,none,0,0.92,101,1,555,0
TX006360,C01522,212.76,UPI,returning,one_time,success,none,0,0.34,189,1,358,0
TX006361,C01875,1249.22,UPI,returning,monthly,failed,bank_timeout,2,0.75,262,1,840,0
TX006362,C02812,837.05,UPI,returning,one_time,success,none,0,0.78,50,1,1318,0
TX006363,C02279,318.06,UPI,returning,one_time,failed,insufficient_funds,1,0.52,360,1,337,0
TX006364,C00772,1160.12,UPI,returning,yearly,failed,insufficient_funds,2,0.85,117,1,100,0
TX006365,C02446,840.96,UPI,returning,monthly,success,none,0,0.6,272,0,849,0
TX006366,C01475,724.21,UPI,new,yearly,failed,card_declined,3,0.62,175,1,488,0
TX006367,C02479,157.4,UPI,new,one_time,success,none,0,0.94,316,1,1401,0
TX006368,C00522,2027.36,UPI,new,monthly,failed,network_error,0,0.77,344,1,127,0
TX006369,C00079,361.5,UPI,returning,one_time,success,none,0,0.63,41,1,459,0
TX006370,C00174,1160.89,CARD,new,one_time,failed,network_error,0,0.77,282,0,857,0
TX006371,C02973,529.83,UPI,returning,monthly,failed,network_error,0,0.71,208,1,481,0
TX006372,C00242,772.9,CARD,new,one_time,success,none,0,0.88,283,1,1343,0
TX006373,C02819,3093.51,UPI,new,monthly,success,none,0,0.56,327,1,1259,0
TX006374,C02182,1769.51,UPI,new,one_time,success,none,0,0.65,75,0,123,0
TX006375,C00439,3032.18,NETBANKING,returning,monthly,success,none,0,0.94,310,1,1203,0
TX006376,C02593,1476.38,NETBANKING,returning,one_time,success,none,0,0.77,57,1,898,0
TX006377,C00433,1566.39,UPI,returning,one_time,success,none,0,0.6,115,1,1497,0
TX006378,C00430,220.74,UPI,returning,monthly,success,none,0,0.78,354,1,1165,0
TX006379,C01727,824.05,NETBANKING,returning,monthly,failed,expired_card,0,0.67,72,1,1105,0
TX006380,C00865,895.68,UPI,new,yearly,success,none,0,0.84,105,1,871,0
TX006381,C00873,3298.75,UPI,returning,one_time,success,none,0,0.57,282,1,1055,0
TX006382,C00586,695.33,UPI,returning,monthly,success,none,0,0.68,239,1,1301,0
TX006383,C01824,1391.83,UPI,new,one_time,success,none,0,0.46,300,1,108,0
TX006384,C00081,1343.7,CARD,new,monthly,success,none,0,0.75,275,1,758,0
TX006385,C00736,3108.54,CARD,returning,one_time,success,none,0,0.85,87,1,1123,0
TX006386,C01661,972.27,UPI,new,one_time,success,none,0,0.74,191,1,575,0
TX006387,C01460,2310.01,UPI,returning,monthly,failed,expired_card,0,0.69,22,0,707,1
TX006388,C02100,236.42,UPI,new,one_time,success,none,0,0.66,28,0,179,0
TX006389,C00649,256.57,CARD,returning,one_time,success,none,0,0.8,286,1,95,0
TX006390,C01944,140.47,NETBANKING,returning,yearly,success,none,0,0.88,123,1,851,0
TX006391,C02280,2224.72,UPI,returning,yearly,failed,bank_timeout,0,0.53,180,0,548,0
TX006392,C01165,2010.82,CARD,new,monthly,success,none,0,0.78,340,0,292,0
TX006393,C00771,2458.1,UPI,returning,one_time,success,none,0,0.77,255,1,516,0
TX006394,C01666,596.08,CARD,returning,one_time,success,none,0,0.62,204,1,1009,0
TX006395,C01737,660.37,UPI,new,one_time,success,none,0,0.64,201,1,65,0
TX006396,C00283,983.44,UPI,returning,monthly,success,none,0,0.63,347,1,1109,0
TX006397,C01696,4021.17,UPI,new,monthly,success,none,0,0.74,133,1,252,0
TX006398,C00463,5036.39,NETBANKING,returning,one_time,failed,insufficient_funds,0,0.73,59,1,586,1
TX006399,C01707,2240.44,UPI,returning,one_time,success,none,0,0.72,337,1,617,0
TX006400,C02796,1477.22,UPI,returning,one_time,success,none,0,0.32,25,1,799,0
TX006401,C01612,3647.67,NETBANKING,returning,monthly,success,none,0,0.67,310,1,1006,0
TX006402,C02285,871.09,CARD,new,one_time,failed,bank_timeout,0,0.79,241,1,1117,0
TX006403,C00930,771.36,UPI,returning,monthly,success,none,0,0.73,71,0,281,0
TX006404,C02769,976.41,UPI,returning,monthly,success,none,0,0.67,102,1,821,0
TX006405,C02439,454.48,NETBANKING,new,one_time,failed,card_declined,2,0.92,146,0,1319,0
TX006406,C02751,936.82,UPI,returning,yearly,failed,card_declined,2,0.75,209,1,402,0
TX006407,C02225,401.15,UPI,new,monthly,failed,bank_timeout,1,0.73,185,1,1131,1
TX006408,C01949,2758.68,UPI,new,monthly,success,none,0,0.69,134,0,1221,0
TX006409,C01576,1788.83,UPI,returning,one_time,success,none,0,0.57,200,0,1011,0
TX006410,C02785,3970.34,CARD,new,one_time,success,none,0,0.64,91,1,1291,0
TX006411,C02545,253.06,NETBANKING,new,one_time,success,none,0,0.89,1,1,79,0
TX006412,C01251,6072.51,UPI,new,monthly,success,none,0,0.62,33,1,845,0
TX006413,C00257,266.34,WALLET,returning,one_time,success,none,0,0.79,124,1,222,0
TX006414,C00011,372.98,CARD,new,monthly,failed,expired_card,0,0.59,201,1,114,0
TX006415,C00701,627.2,CARD,returning,one_time,success,none,0,0.97,41,1,314,0
TX006416,C00188,3557.98,UPI,new,monthly,success,none,0,0.83,20,1,740,0
TX006417,C00635,1343.48,UPI,new,yearly,success,none,0,0.79,280,1,1403,0
TX006418,C00329,880.56,CARD,new,monthly,success,none,0,0.65,262,1,1460,0
TX006419,C02944,537.34,CARD,returning,one_time,failed,card_declined,1,0.64,178,1,1366,1
TX006420,C00287,317.88,UPI,returning,yearly,success,none,0,0.79,96,1,1197,0
TX006421,C01881,3039.25,UPI,returning,monthly,success,none,0,0.61,228,1,258,0
TX006422,C01056,2250.2,UPI,returning,monthly,success,none,0,0.84,52,1,1161,0
TX006423,C00523,3704.14,UPI,new,one_time,failed,insufficient_funds,0,0.75,4,0,1219,0
TX006424,C02104,1567.34,UPI,new,monthly,success,none,0,0.89,303,1,854,0
TX006425,C02912,101.71,UPI,returning,monthly,success,none,0,0.75,279,1,852,0
TX006426,C02372,357.76,UPI,returning,monthly,success,none,0,0.53,329,1,406,0
TX006427,C02926,1666.34,NETBANKING,returning,one_time,failed,bank_timeout,0,0.74,302,0,1143,1
TX006428,C01771,786.23,NETBANKING,new,yearly,success,none,0,0.82,47,1,309,0
TX006429,C02021,663.18,UPI,returning,monthly,success,none,0,0.68,21,1,328,0
TX006430,C00440,406.3,UPI,new,monthly,success,none,0,0.74,347,1,655,0
TX006431,C02558,2573.01,UPI,returning,one_time,success,none,0,0.82,322,1,1039,0
TX006432,C02244,1653.37,UPI,returning,monthly,success,none,0,0.91,171,1,53,0
TX006433,C00763,1721.71,NETBANKING,new,yearly,success,none,0,0.84,207,1,1484,0
TX006434,C01065,620.02,UPI,new,monthly,failed,network_error,0,0.74,44,1,1340,0
TX006435,C01833,1285.19,NETBANKING,new,one_time,success,none,0,0.46,80,1,991,0
TX006436,C00039,328.98,UPI,returning,monthly,success,none,0,0.78,135,1,321,0
TX006437,C02454,975.7,WALLET,returning,one_time,success,none,0,0.81,85,1,1379,0
TX006438,C00842,112.72,CARD,returning,one_time,failed,insufficient_funds,1,0.84,200,0,824,0
TX006439,C00225,267.39,CARD,returning,one_time,success,none,0,0.84,141,1,1340,0
TX006440,C00992,820.5,NETBANKING,returning,one_time,success,none,0,0.72,96,0,1011,0
TX006441,C02508,9298.48,UPI,returning,one_time,failed,card_declined,0,0.97,86,1,104,1
TX006442,C00823,216.88,UPI,new,monthly,success,none,0,0.64,285,1,492,0
TX006443,C01618,358.09,UPI,returning,monthly,success,none,0,0.53,235,1,1452,0
TX006444,C02436,1332.88,NETBANKING,returning,one_time,failed,network_error,0,0.68,43,0,1296,0
TX006445,C00102,5390.97,NETBANKING,new,monthly,success,none,0,0.87,276,1,165,0
TX006446,C02280,1315.48,UPI,returning,monthly,success,none,0,0.63,322,1,61,0
TX006447,C00867,2063.02,CARD,returning,yearly,success,none,0,0.89,93,0,708,0
TX006448,C02087,809.29,UPI,new,monthly,success,none,0,0.55,152,1,1128,0
TX006449,C00565,692.59,UPI,returning,yearly,success,none,0,0.66,40,1,792,0
TX006450,C00418,1180.82,CARD,new,monthly,success,none,0,0.85,356,1,681,0
TX006451,C02365,606.4,UPI,new,monthly,success,none,0,0.8,263,1,1076,0
TX006452,C02424,2104.52,UPI,new,one_time,success,none,0,0.92,163,1,323,0
TX006453,C02944,258.36,CARD,returning,yearly,failed,bank_timeout,3,0.95,32,1,946,1
TX006454,C02032,2443.02,UPI,new,monthly,failed,network_error,1,0.77,6,0,480,0
TX006455,C01398,1136.13,UPI,new,one_time,failed,network_error,0,0.75,167,0,1155,1
TX006456,C00585,903.93,UPI,returning,one_time,success,none,0,0.9,143,1,210,0
TX006457,C00886,249.96,UPI,new,monthly,success,none,0,0.54,157,0,209,0
TX006458,C01945,454.04,CARD,returning,one_time,success,none,0,0.99,144,1,20,0
TX006459,C01039,3225.32,NETBANKING,returning,yearly,success,none,0,0.7,347,1,1382,0
TX006460,C01451,908.92,UPI,new,one_time,success,none,0,0.66,131,1,985,0
TX006461,C00505,1408.89,NETBANKING,new,one_time,success,none,0,0.42,150,1,1287,0
TX006462,C01319,496.92,CARD,new,one_time,success,none,0,0.96,274,1,32,0
TX006463,C00714,1068.33,NETBANKING,returning,monthly,failed,insufficient_funds,1,0.6,128,1,1093,0
TX006464,C00337,318.96,CARD,returning,monthly,success,none,0,0.69,214,1,1461,0
TX006465,C00396,1199.78,UPI,new,monthly,success,none,0,0.67,267,1,534,0
TX006466,C01555,1530.85,CARD,new,one_time,success,none,0,0.68,330,1,366,0
TX006467,C01100,1463.45,UPI,new,yearly,failed,bank_timeout,1,0.86,12,1,1226,0
TX006468,C00300,486.27,UPI,returning,one_time,failed,bank_timeout,2,0.7,228,1,1443,0
TX006469,C01543,806.06,UPI,new,one_time,failed,network_error,0,0.68,194,1,1357,0
TX006470,C00493,1778.41,UPI,returning,one_time,failed,insufficient_funds,0,0.86,213,1,1384,1
TX006471,C00047,906.6,UPI,returning,one_time,success,none,0,0.87,359,1,655,0
TX006472,C00398,846.77,NETBANKING,new,monthly,success,none,0,0.82,100,1,612,0
TX006473,C01346,6082.19,UPI,returning,monthly,success,none,0,0.73,299,1,1296,0
TX006474,C02863,465.96,UPI,returning,one_time,failed,network_error,1,0.86,241,1,922,0
TX006475,C00726,2899.74,WALLET,new,yearly,success,none,0,0.64,152,1,1491,0
TX006476,C00855,387.92,UPI,returning,one_time,failed,network_error,1,0.41,256,1,617,0
TX006477,C00728,1976.94,UPI,returning,one_time,success,none,0,0.65,285,1,1169,0
TX006478,C01066,2074.21,NETBANKING,new,monthly,success,none,0,0.65,17,0,481,0
TX006479,C02152,692.75,WALLET,returning,monthly,failed,card_declined,1,0.63,202,1,489,1
TX006480,C00967,366.6,CARD,new,yearly,failed,insufficient_funds,0,0.61,19,1,1465,0
TX006481,C01973,186.16,UPI,new,one_time,failed,bank_timeout,0,0.82,11,1,1416,1
TX006482,C02695,630.43,UPI,returning,one_time,failed,bank_timeout,1,0.78,77,1,1311,0
TX006483,C02839,1760.93,NETBANKING,returning,yearly,success,none,0,0.68,73,1,1278,0
TX006484,C01689,415.77,NETBANKING,new,monthly,failed,insufficient_funds,1,0.6,213,1,427,0
TX006485,C02140,1196.62,UPI,returning,monthly,failed,bank_timeout,1,0.79,302,1,1314,0
TX006486,C02758,290.39,NETBANKING,new,one_time,success,none,0,0.63,232,1,436,0
TX006487,C02361,888.47,CARD,returning,one_time,success,none,0,0.74,308,1,588,0
TX006488,C00900,390.59,UPI,returning,yearly,failed,card_declined,0,0.75,130,1,1050,0
TX006489,C00397,1022.31,UPI,returning,yearly,failed,insufficient_funds,3,0.63,330,1,30,0
TX006490,C00345,698.57,UPI,returning,yearly,success,none,0,0.79,90,1,293,0
TX006491,C02647,375.65,NETBANKING,returning,monthly,failed,bank_timeout,0,0.69,269,1,1134,0
TX006492,C01669,606.08,UPI,new,monthly,success,none,0,0.81,60,1,911,0
TX006493,C00890,473.08,CARD,returning,monthly,failed,insufficient_funds,0,0.85,212,1,1004,1
TX006494,C01037,336.12,UPI,new,one_time,success,none,0,0.39,110,1,314,0
TX006495,C00846,2905.82,CARD,returning,monthly,success,none,0,0.89,224,1,816,0
TX006496,C02406,793.02,UPI,returning,monthly,failed,network_error,0,0.68,166,1,554,0
TX006497,C01838,151.11,NETBANKING,returning,monthly,success,none,0,0.78,41,1,868,0
TX006498,C02639,625.81,UPI,returning,one_time,success,none,0,0.9,219,0,324,0
TX006499,C00906,2497.99,CARD,returning,one_time,success,none,0,0.79,272,1,524,0
TX006500,C01418,552.68,CARD,returning,monthly,failed,bank_timeout,1,0.79,317,0,626,0
TX006501,C00366,4221.6,UPI,returning,yearly,success,none,0,0.78,332,1,1204,0
TX006502,C02915,507.25,NETBANKING,returning,one_time,success,none,0,0.87,231,1,723,0
TX006503,C01536,1725.15,UPI,new,one_time,success,none,0,0.41,235,1,250,0
TX006504,C01660,2787.71,NETBANKING,new,yearly,success,none,0,0.68,199,1,986,0
TX006505,C01242,1644.47,UPI,returning,monthly,success,none,0,0.53,340,1,601,0
TX006506,C00813,318.29,CARD,new,monthly,failed,card_declined,2,0.88,126,0,678,0
TX006507,C02846,469.55,NETBANKING,returning,yearly,failed,bank_timeout,0,0.7,182,0,581,1
TX006508,C01467,3143.41,NETBANKING,new,monthly,failed,expired_card,2,0.92,157,0,1266,0
TX006509,C02025,531.58,UPI,returning,monthly,success,none,0,0.74,120,1,815,0
TX006510,C00112,2638.88,UPI,returning,monthly,failed,insufficient_funds,2,0.54,235,1,130,0
TX006511,C00828,744.52,NETBANKING,returning,monthly,success,none,0,0.88,22,1,1154,0
TX006512,C02413,1245.5,UPI,returning,one_time,success,none,0,0.8,232,1,542,0
TX006513,C00264,314.98,NETBANKING,new,one_time,success,none,0,0.9,305,1,917,0
TX006514,C00305,634.32,UPI,new,monthly,success,none,0,0.58,77,1,1316,0
TX006515,C02430,498.81,UPI,returning,one_time,success,none,0,0.79,88,1,95,0
TX006516,C00927,1343.51,CARD,returning,yearly,success,none,0,0.8,295,1,81,0
TX006517,C00822,1192.58,UPI,returning,one_time,success,none,0,0.7,108,0,1021,0
TX006518,C01696,1663.01,UPI,returning,monthly,success,none,0,0.54,303,0,1180,0
TX006519,C00585,705.23,UPI,returning,one_time,failed,insufficient_funds,0,0.67,229,1,1285,0
TX006520,C00129,474.75,WALLET,returning,one_time,success,none,0,0.83,358,1,2,0
TX006521,C00014,1292.66,CARD,returning,one_time,success,none,0,0.58,174,1,648,0
TX006522,C00238,434.14,WALLET,new,monthly,success,none,0,0.72,326,1,574,0
TX006523,C00476,2894.54,UPI,new,one_time,success,none,0,0.8,336,1,1162,0
TX006524,C02089,989.23,UPI,returning,one_time,success,none,0,0.89,37,1,1275,0
TX006525,C00894,817.69,UPI,returning,yearly,success,none,0,0.84,79,1,514,0
TX006526,C00216,1662.3,UPI,new,monthly,failed,insufficient_funds,0,0.81,159,0,310,0
TX006527,C00044,1023.8,UPI,returning,monthly,success,none,0,0.61,100,1,758,0
TX006528,C01432,246.6,UPI,new,monthly,failed,card_declined,1,0.8,21,1,222,0
TX006529,C02521,421.88,UPI,returning,monthly,success,none,0,0.77,354,1,500,0
TX006530,C01017,2841.08,CARD,returning,one_time,success,none,0,0.83,280,0,436,0
TX006531,C00192,1182.63,UPI,returning,one_time,success,none,0,0.79,128,0,1182,0
TX006532,C00685,241.43,UPI,returning,one_time,failed,network_error,2,0.72,318,1,567,0
TX006533,C01499,1505.53,UPI,returning,one_time,success,none,0,0.69,340,1,444,0
TX006534,C00567,662.93,UPI,returning,monthly,success,none,0,0.86,179,1,937,0
TX006535,C02936,499.17,CARD,returning,yearly,failed,bank_timeout,0,0.29,49,1,110,1
TX006536,C02291,391.35,NETBANKING,returning,monthly,failed,card_declined,2,0.7,68,1,696,0
TX006537,C01034,2697.11,NETBANKING,returning,one_time,success,none,0,0.78,301,1,1299,0
TX006538,C02855,186.99,UPI,returning,monthly,failed,bank_timeout,3,0.76,168,1,1272,1
TX006539,C00976,516.06,UPI,new,one_time,failed,bank_timeout,1,0.66,186,0,248,0
TX006540,C00421,1221.84,NETBANKING,returning,one_time,success,none,0,0.58,48,1,1339,0
TX006541,C02815,4539.29,NETBANKING,new,one_time,success,none,0,0.52,13,0,1168,0
TX006542,C02880,1805.28,UPI,returning,monthly,failed,network_error,1,0.56,33,1,1284,0
TX006543,C00938,512.13,UPI,returning,monthly,failed,card_declined,0,0.77,256,1,244,0
TX006544,C01785,4343.42,CARD,new,monthly,success,none,0,0.83,45,1,1232,0
TX006545,C00520,323.89,WALLET,returning,monthly,success,none,0,0.78,306,1,665,0
TX006546,C01925,1392.43,UPI,returning,monthly,success,none,0,0.8,37,1,1190,0
TX006547,C02071,1701.06,UPI,returning,one_time,success,none,0,0.71,67,1,348,0
TX006548,C02130,496.21,NETBANKING,new,monthly,success,none,0,0.85,325,1,557,0
TX006549,C01707,2054.59,CARD,new,one_time,failed,bank_timeout,1,0.8,194,0,8,0
TX006550,C02113,690.56,UPI,returning,one_time,failed,bank_timeout,0,0.87,12,0,1247,1
TX006551,C01666,2050.07,UPI,returning,monthly,failed,insufficient_funds,0,0.88,71,1,1339,0
TX006552,C02460,209.42,CARD,new,one_time,success,none,0,0.53,103,1,317,0
TX006553,C00539,1482.49,CARD,returning,monthly,success,none,0,0.65,98,1,1171,0
TX006554,C01451,756.8,CARD,returning,one_time,success,none,0,0.96,75,1,1348,0
TX006555,C01250,3086.32,UPI,new,one_time,failed,bank_timeout,0,0.73,127,0,1092,0
TX006556,C01601,1054.07,UPI,returning,monthly,failed,network_error,1,0.64,163,1,1289,0
TX006557,C00427,3375.53,CARD,new,monthly,success,none,0,0.83,33,1,372,0
TX006558,C00972,1731.69,UPI,returning,one_time,success,none,0,0.82,93,1,1074,0
TX006559,C02863,977.74,UPI,returning,monthly,success,none,0,0.92,358,0,1359,0
TX006560,C00316,2228.1,UPI,returning,one_time,success,none,0,0.91,92,1,1167,0
TX006561,C01906,2240.94,UPI,returning,one_time,success,none,0,0.95,59,1,1206,0
TX006562,C01994,1676.93,CARD,new,one_time,failed,insufficient_funds,0,0.54,325,1,1396,0
TX006563,C01424,139.34,UPI,returning,yearly,success,none,0,0.92,30,1,1313,0
TX006564,C00101,452.91,CARD,returning,one_time,success,none,0,0.83,241,1,1232,0
TX006565,C00104,3811.18,CARD,returning,one_time,success,none,0,0.77,23,1,398,0
TX006566,C00827,354.12,UPI,returning,one_time,success,none,0,0.85,108,1,911,0
TX006567,C00308,2426.52,NETBANKING,new,monthly,success,none,0,0.74,248,1,704,0
TX006568,C00283,2071.04,UPI,new,one_time,success,none,0,0.68,117,1,1448,0
TX006569,C00481,570.68,NETBANKING,new,one_time,success,none,0,0.81,226,0,218,0
TX006570,C00573,182.05,UPI,returning,monthly,success,none,0,0.94,135,1,611,0
TX006571,C02516,657.19,WALLET,returning,yearly,success,none,0,0.57,125,1,1129,0
TX006572,C01917,7116.8,UPI,returning,one_time,failed,bank_timeout,0,0.79,145,1,1288,1
TX006573,C00092,504.24,CARD,new,one_time,failed,insufficient_funds,1,0.81,19,1,678,0
TX006574,C01886,536.55,UPI,returning,one_time,success,none,0,0.67,69,1,1088,0
TX006575,C00411,446.83,UPI,returning,yearly,success,none,0,0.92,219,1,362,0
TX006576,C01264,3272.49,UPI,returning,monthly,failed,insufficient_funds,0,0.97,128,1,1383,0
TX006577,C00115,881.28,UPI,returning,one_time,success,none,0,0.73,353,1,782,0
TX006578,C00271,624.33,UPI,new,monthly,failed,insufficient_funds,1,0.74,319,1,368,1
TX006579,C00398,3913.26,UPI,new,one_time,success,none,0,0.86,269,1,237,0
TX006580,C01301,1847.42,CARD,returning,one_time,failed,insufficient_funds,0,0.75,262,1,542,0
TX006581,C01390,479.45,UPI,returning,yearly,failed,card_declined,0,0.77,291,1,387,0
TX006582,C01059,364.59,UPI,returning,one_time,success,none,0,0.73,14,1,580,0
TX006583,C01861,3109.92,NETBANKING,returning,one_time,success,none,0,0.54,75,1,1300,0
TX006584,C02162,1113.33,CARD,returning,monthly,success,none,0,0.8,295,0,1057,0
TX006585,C02187,272.01,UPI,returning,monthly,success,none,0,0.95,335,1,808,0
TX006586,C01738,220.35,UPI,returning,one_time,success,none,0,0.52,148,1,821,0
TX006587,C01637,401.64,UPI,new,monthly,failed,network_error,1,0.72,195,1,1052,0
TX006588,C01475,359.41,CARD,new,monthly,success,none,0,0.85,264,0,278,0
TX006589,C00714,173.91,NETBANKING,returning,monthly,success,none,0,0.66,162,1,100,0
TX006590,C01461,407.66,CARD,returning,one_time,success,none,0,0.66,144,0,563,0
TX006591,C00031,479.54,WALLET,new,one_time,success,none,0,0.86,362,1,934,0
TX006592,C02899,723.13,CARD,returning,yearly,success,none,0,0.68,283,1,1258,0
TX006593,C01111,5032.23,WALLET,new,monthly,success,none,0,0.72,340,1,1427,0
TX006594,C02269,862.51,CARD,returning,monthly,failed,insufficient_funds,1,0.71,242,1,918,0
TX006595,C02871,943.11,CARD,returning,monthly,success,none,0,0.91,32,1,628,0
TX006596,C01491,1734.25,CARD,new,one_time,success,none,0,0.82,245,1,1000,0
TX006597,C02586,885.73,CARD,new,yearly,success,none,0,0.51,137,1,395,0
TX006598,C01438,1572.05,UPI,returning,monthly,success,none,0,0.78,321,1,188,0
TX006599,C00397,1411.7,UPI,returning,yearly,success,none,0,0.81,335,1,935,0
TX006600,C00080,1224.55,UPI,returning,monthly,failed,network_error,2,0.81,301,0,728,0
TX006601,C00407,13224.41,UPI,returning,monthly,failed,network_error,0,0.56,198,1,435,1
TX006602,C02828,2489.94,NETBANKING,new,one_time,success,none,0,0.85,180,1,1331,0
TX006603,C01426,414.24,CARD,new,one_time,failed,card_declined,0,0.71,112,1,1321,0
TX006604,C00958,1530.27,UPI,returning,one_time,success,none,0,0.69,241,1,1345,0
TX006605,C01339,537.77,UPI,returning,yearly,success,none,0,0.74,226,1,929,0
TX006606,C00768,1638.65,UPI,new,monthly,failed,insufficient_funds,0,0.66,138,1,1403,0
TX006607,C02612,318.09,NETBANKING,new,monthly,success,none,0,0.66,349,0,98,0
TX006608,C02999,404.64,NETBANKING,new,one_time,success,none,0,0.79,241,1,1315,0
TX006609,C00255,1494.45,UPI,new,monthly,success,none,0,0.81,101,1,79,0
TX006610,C02157,2691.63,UPI,returning,monthly,success,none,0,0.62,98,1,438,0
TX006611,C01007,1723.96,WALLET,returning,monthly,failed,expired_card,0,0.83,53,1,830,0
TX006612,C00143,2365.41,CARD,new,monthly,success,none,0,0.95,209,1,602,0
TX006613,C02767,1535.23,NETBANKING,returning,one_time,success,none,0,0.8,156,0,64,0
TX006614,C00186,1280.81,UPI,returning,monthly,success,none,0,0.65,297,1,1042,0
TX006615,C00618,696.92,UPI,returning,one_time,failed,bank_timeout,1,0.54,35,1,693,1
TX006616,C00077,2279.48,CARD,new,one_time,success,none,0,0.85,184,1,333,0
TX006617,C01414,2758.36,UPI,new,one_time,success,none,0,0.82,36,1,9,0
TX006618,C01799,1036.08,NETBANKING,new,monthly,success,none,0,0.64,249,1,1148,0
TX006619,C00963,987.1,CARD,returning,one_time,success,none,0,0.66,206,1,919,0
TX006620,C00215,4592.89,UPI,returning,one_time,failed,card_declined,0,0.59,105,1,992,0
TX006621,C00349,1076.66,UPI,returning,monthly,success,none,0,0.82,361,1,1182,0
TX006622,C02801,1173.94,CARD,returning,one_time,failed,expired_card,2,0.61,299,1,854,1
TX006623,C02418,1695.62,NETBANKING,new,monthly,success,none,0,0.58,72,1,77,0
TX006624,C02811,1004.23,UPI,new,monthly,failed,insufficient_funds,0,0.78,172,1,1460,0
TX006625,C01593,524.11,CARD,new,monthly,success,none,0,0.74,251,1,685,0
TX006626,C01639,1540.97,UPI,new,one_time,failed,network_error,1,0.71,145,1,1064,0
TX006627,C02358,1059.04,NETBANKING,new,one_time,failed,insufficient_funds,1,0.71,170,1,310,0
TX006628,C01850,5756.15,CARD,returning,one_time,success,none,0,0.74,12,0,105,0
TX006629,C01310,2229.66,UPI,returning,monthly,failed,bank_timeout,2,0.74,177,1,727,1
TX006630,C00876,641.66,CARD,returning,one_time,success,none,0,0.69,37,1,50,0
TX006631,C01457,2113.61,CARD,returning,monthly,success,none,0,0.94,306,1,427,0
TX006632,C00192,1446.76,CARD,returning,yearly,failed,bank_timeout,0,0.85,46,1,1261,0
TX006633,C00578,3563.45,UPI,returning,monthly,failed,expired_card,1,0.92,23,1,734,0
TX006634,C02213,684.02,CARD,returning,one_time,success,none,0,0.56,177,1,488,0
TX006635,C02605,1299.6,NETBANKING,new,monthly,success,none,0,0.75,147,0,66,0
TX006636,C00306,1003.07,UPI,returning,one_time,failed,card_declined,0,0.7,29,1,344,1
TX006637,C00291,1155.9,UPI,returning,yearly,success,none,0,0.7,212,1,1332,0
TX006638,C00257,494.39,NETBANKING,new,one_time,success,none,0,0.61,226,0,834,0
TX006639,C02375,1841.47,CARD,returning,monthly,success,none,0,0.73,218,1,679,0
TX006640,C00934,1597.46,UPI,returning,one_time,success,none,0,0.97,57,1,1002,0
TX006641,C00981,3486.67,NETBANKING,returning,monthly,success,none,0,0.66,12,1,1421,0
TX006642,C00038,1086.78,UPI,returning,one_time,success,none,0,0.52,227,1,837,0
TX006643,C02918,756.99,NETBANKING,returning,one_time,success,none,0,0.73,351,1,434,0
TX006644,C01303,2231.36,UPI,new,one_time,success,none,0,0.84,187,1,1078,0
TX006645,C02393,536.58,UPI,returning,one_time,success,none,0,0.64,271,1,190,0
TX006646,C02124,2911.68,WALLET,new,one_time,success,none,0,0.72,104,1,717,0
TX006647,C00426,2906.07,CARD,new,yearly,failed,insufficient_funds,1,0.68,30,0,354,0
TX006648,C02405,3400.07,UPI,returning,one_time,failed,expired_card,1,0.69,169,1,1322,0
TX006649,C01651,1539.11,NETBANKING,returning,monthly,success,none,0,0.66,24,1,1167,0
TX006650,C01813,707.79,NETBANKING,returning,one_time,success,none,0,0.92,168,1,1020,0
TX006651,C00601,1209.87,NETBANKING,returning,monthly,failed,network_error,1,0.92,120,0,1035,1
TX006652,C02541,1543.89,UPI,new,yearly,success,none,0,0.85,49,0,750,0
TX006653,C02796,662.4,UPI,returning,one_time,failed,expired_card,1,0.76,337,1,199,0
TX006654,C01220,3640.24,CARD,returning,yearly,success,none,0,0.84,169,1,1187,0
TX006655,C00278,1848.4,NETBANKING,returning,monthly,success,none,0,0.85,235,1,883,0
TX006656,C02547,491.27,UPI,returning,monthly,success,none,0,0.75,234,0,22,0
TX006657,C02663,5970.5,UPI,new,one_time,failed,bank_timeout,0,0.76,322,1,1476,0
TX006658,C01520,1197.09,UPI,new,yearly,success,none,0,0.57,253,1,1453,0
TX006659,C01738,409.65,UPI,returning,yearly,success,none,0,0.72,102,1,1427,0
TX006660,C00670,519.45,CARD,new,one_time,failed,insufficient_funds,2,0.78,325,1,465,0
TX006661,C00203,4183.93,UPI,new,one_time,success,none,0,0.6,303,1,228,0
TX006662,C02833,5667.4,CARD,new,one_time,success,none,0,0.85,264,1,150,0
TX006663,C01449,2720.41,CARD,returning,one_time,success,none,0,0.8,57,1,1165,0
TX006664,C00825,3595.28,UPI,returning,one_time,success,none,0,0.83,195,1,509,0
TX006665,C02080,3277.89,NETBANKING,returning,yearly,success,none,0,0.93,358,1,1210,0
TX006666,C00079,1810.26,UPI,returning,yearly,failed,bank_timeout,0,0.74,109,1,1084,1
TX006667,C00240,1474.59,UPI,new,one_time,success,none,0,0.55,327,1,1200,0
TX006668,C00729,1782.69,UPI,new,one_time,success,none,0,0.66,170,1,198,0
TX006669,C01352,2126.89,UPI,returning,monthly,success,none,0,0.83,191,1,1121,0
TX006670,C01101,562.6,UPI,returning,yearly,success,none,0,0.57,356,1,497,0
TX006671,C00563,2119.13,WALLET,returning,monthly,failed,insufficient_funds,1,0.67,106,1,278,0
TX006672,C01055,4075.53,UPI,returning,yearly,success,none,0,0.36,344,1,410,0
TX006673,C01002,910.75,UPI,new,monthly,failed,card_declined,1,0.8,296,1,991,0
TX006674,C01575,827.23,NETBANKING,returning,monthly,failed,expired_card,1,0.83,269,1,21,0
TX006675,C01689,1683.94,NETBANKING,new,one_time,success,none,0,0.96,18,1,213,0
TX006676,C02650,611.13,UPI,returning,monthly,failed,card_declined,0,0.86,13,1,227,0
TX006677,C02421,335.25,UPI,new,monthly,success,none,0,0.71,122,1,1319,0
TX006678,C00878,3080.81,UPI,returning,monthly,success,none,0,0.81,24,1,746,0
TX006679,C02709,730.8,UPI,returning,monthly,failed,card_declined,0,0.55,123,1,354,1
TX006680,C01563,1114.99,UPI,new,one_time,failed,card_declined,0,0.87,355,1,140,0
TX006681,C00564,633.26,CARD,returning,one_time,failed,network_error,3,0.91,288,0,9,1
TX006682,C01021,3460.19,UPI,new,yearly,success,none,0,0.83,295,0,1338,0
TX006683,C02226,2363.4,UPI,returning,one_time,success,none,0,0.5,217,1,381,0
TX006684,C02466,883.01,CARD,new,one_time,failed,insufficient_funds,2,0.73,178,1,171,0
TX006685,C01123,379.21,UPI,returning,monthly,success,none,0,0.69,145,1,1493,0
TX006686,C00473,802.53,UPI,returning,one_time,failed,expired_card,1,0.82,146,1,169,0
TX006687,C00576,1831.95,NETBANKING,returning,monthly,success,none,0,0.79,151,1,335,0
TX006688,C00311,1299.55,UPI,returning,monthly,failed,network_error,0,0.67,67,1,478,1
TX006689,C02097,1209.77,UPI,returning,monthly,success,none,0,0.75,18,1,1159,0
TX006690,C01509,1326.8,UPI,returning,yearly,success,none,0,0.58,189,1,923,0
TX006691,C01354,2170.94,CARD,returning,one_time,success,none,0,0.65,190,1,966,0
TX006692,C02016,1056.09,CARD,new,yearly,failed,bank_timeout,0,0.6,237,1,1096,1
TX006693,C02486,1644.2,UPI,returning,monthly,success,none,0,0.69,69,1,801,0
TX006694,C02387,451.14,UPI,new,yearly,success,none,0,0.76,47,1,286,0
TX006695,C00412,10921.25,UPI,new,monthly,success,none,0,0.82,347,1,187,0
TX006696,C01769,849.4,UPI,returning,one_time,success,none,0,0.58,173,1,284,0
TX006697,C02648,1317.16,NETBANKING,returning,monthly,failed,card_declined,2,0.88,101,1,210,0
TX006698,C02322,1825.88,WALLET,returning,one_time,success,none,0,0.94,130,1,370,0
TX006699,C00989,757.7,UPI,returning,monthly,success,none,0,0.65,21,1,635,0
TX006700,C01179,1104.38,UPI,returning,one_time,failed,expired_card,0,0.61,324,1,1336,0
TX006701,C02671,1092.37,CARD,returning,one_time,success,none,0,0.56,293,1,662,0
TX006702,C00099,481.72,UPI,new,yearly,success,none,0,0.91,259,1,714,0
TX006703,C01577,1627.39,UPI,returning,yearly,success,none,0,0.84,289,1,424,0
TX006704,C00349,248.56,NETBANKING,new,monthly,success,none,0,0.69,329,1,1199,0
TX006705,C02684,5310.48,UPI,new,monthly,success,none,0,0.81,237,1,1433,0
TX006706,C00117,2238.75,UPI,returning,monthly,failed,bank_timeout,0,0.79,131,0,1292,1
TX006707,C00071,1949.27,UPI,new,yearly,failed,insufficient_funds,0,0.89,35,1,1464,1
TX006708,C00987,229.76,CARD,new,one_time,success,none,0,0.7,60,1,985,0
TX006709,C00601,537.39,CARD,returning,one_time,failed,bank_timeout,1,0.39,162,1,797,1
TX006710,C01487,3829.2,UPI,new,yearly,success,none,0,0.78,303,1,686,0
TX006711,C00899,45987.15,CARD,returning,one_time,success,none,0,0.83,123,0,781,0
TX006712,C01069,3213.84,UPI,returning,monthly,success,none,0,0.75,155,1,1398,0
TX006713,C01695,2788.47,NETBANKING,returning,monthly,success,none,0,0.66,345,1,994,0
TX006714,C01682,1758.96,UPI,returning,monthly,success,none,0,0.89,209,1,225,0
TX006715,C02805,511.45,UPI,returning,one_time,success,none,0,0.93,323,1,662,0
TX006716,C01442,2685.59,CARD,returning,monthly,failed,insufficient_funds,0,0.91,263,0,280,0
TX006717,C01693,407.04,UPI,new,monthly,failed,bank_timeout,0,0.48,189,0,1179,0
TX006718,C02034,368.88,CARD,returning,yearly,success,none,0,0.78,227,1,742,0
TX006719,C00523,348.56,UPI,returning,monthly,success,none,0,0.53,266,1,477,0
TX006720,C02001,2638.99,UPI,returning,yearly,success,none,0,0.56,293,1,376,0
TX006721,C02586,1041.41,UPI,new,one_time,success,none,0,0.53,257,1,1234,0
TX006722,C00955,1200.83,UPI,returning,one_time,success,none,0,0.63,65,1,1209,0
TX006723,C00536,1081.53,UPI,returning,yearly,success,none,0,0.58,91,1,330,0
TX006724,C01039,398.16,UPI,returning,one_time,success,none,0,0.65,32,0,470,0
TX006725,C00826,599.65,UPI,new,one_time,success,none,0,0.76,105,1,1438,0
TX006726,C01756,627.42,NETBANKING,new,one_time,failed,insufficient_funds,0,0.51,123,0,1323,0
TX006727,C02592,309.59,CARD,returning,monthly,success,none,0,0.67,46,1,67,0
TX006728,C01790,696.6,UPI,returning,monthly,success,none,0,0.9,192,1,1146,0
TX006729,C00377,414.4,UPI,returning,yearly,failed,bank_timeout,1,0.56,341,1,1156,1
TX006730,C00945,1844.4,UPI,returning,one_time,failed,card_declined,1,0.71,275,1,1089,1
TX006731,C02068,1987.98,UPI,new,one_time,success,none,0,0.85,315,1,838,0
TX006732,C00991,342.31,UPI,returning,one_time,success,none,0,0.75,288,1,839,0
TX006733,C01760,839.69,UPI,returning,yearly,success,none,0,0.72,316,1,1020,0
TX006734,C02083,5828.14,WALLET,returning,monthly,success,none,0,0.4,207,1,1412,0
TX006735,C00988,453.64,CARD,returning,one_time,success,none,0,0.7,176,1,646,0
TX006736,C01943,1609.98,UPI,new,one_time,failed,card_declined,1,0.56,282,1,1330,0
TX006737,C01195,1205.89,UPI,new,one_time,failed,expired_card,0,0.72,218,1,63,1
TX006738,C00406,2932.47,UPI,new,monthly,success,none,0,0.64,209,0,359,0
TX006739,C01117,1430.7,UPI,new,monthly,success,none,0,0.85,309,1,1384,0
TX006740,C01324,743.85,UPI,returning,monthly,failed,card_declined,2,0.8,89,1,18,1
TX006741,C00008,1164.55,UPI,new,monthly,success,none,0,0.88,27,1,79,0
TX006742,C02679,1179.96,UPI,returning,one_time,success,none,0,0.81,273,1,1299,0
TX006743,C01584,1009.77,UPI,new,monthly,success,none,0,0.92,256,1,922,0
TX006744,C00109,334.55,CARD,returning,monthly,success,none,0,0.85,218,1,39,0
TX006745,C02604,3356.92,UPI,returning,one_time,success,none,0,0.72,61,1,230,0
TX006746,C02566,2863.47,WALLET,new,monthly,success,none,0,0.84,207,1,958,0
TX006747,C00037,428.47,UPI,returning,yearly,failed,bank_timeout,2,0.86,178,1,218,0
TX006748,C00490,836.6,UPI,returning,monthly,success,none,0,0.72,295,1,1239,0
TX006749,C01092,895.54,UPI,returning,monthly,success,none,0,0.68,91,1,25,0
TX006750,C01522,387.27,UPI,new,monthly,success,none,0,0.8,14,1,20,0
TX006751,C02178,204.36,UPI,returning,one_time,success,none,0,0.9,247,1,32,0
TX006752,C01274,599.72,UPI,new,one_time,failed,network_error,0,0.83,85,1,356,0
TX006753,C01836,795.71,UPI,returning,monthly,success,none,0,0.75,131,1,1376,0
TX006754,C00031,299.73,UPI,new,one_time,failed,card_declined,0,0.61,250,1,1209,0
TX006755,C01976,1285.98,UPI,returning,monthly,failed,insufficient_funds,0,0.71,129,1,302,1
TX006756,C02747,3123.07,CARD,returning,monthly,success,none,0,0.69,80,1,1081,0
TX006757,C01579,2340.0,CARD,new,one_time,success,none,0,0.8,10,1,1255,0
TX006758,C01365,978.46,CARD,returning,yearly,failed,card_declined,1,0.77,71,1,420,0
TX006759,C00892,209.27,NETBANKING,returning,yearly,success,none,0,0.61,4,1,553,0
TX006760,C02863,2088.36,UPI,new,one_time,success,none,0,0.9,347,1,466,0
TX006761,C00100,1251.07,NETBANKING,returning,monthly,success,none,0,0.76,115,1,561,0
TX006762,C00861,1606.67,UPI,returning,one_time,failed,expired_card,2,0.83,340,1,1417,0
TX006763,C00417,6263.49,UPI,returning,yearly,success,none,0,0.78,137,0,548,0
TX006764,C02599,522.0,CARD,new,monthly,failed,insufficient_funds,1,0.88,171,1,214,0
TX006765,C01448,100.0,UPI,new,monthly,failed,bank_timeout,0,0.55,45,1,129,1
TX006766,C02768,424.92,UPI,new,yearly,success,none,0,0.84,38,1,721,0
TX006767,C01996,1698.4,UPI,returning,monthly,failed,insufficient_funds,0,0.89,86,1,884,0
TX006768,C01671,1123.53,UPI,new,yearly,failed,insufficient_funds,2,0.39,286,1,606,0
TX006769,C01553,367.21,UPI,returning,one_time,failed,bank_timeout,0,0.71,347,0,830,1
TX006770,C00609,305.59,CARD,returning,one_time,failed,insufficient_funds,3,0.78,286,1,758,0
TX006771,C01687,797.0,UPI,returning,one_time,success,none,0,0.64,108,1,851,0
TX006772,C02056,357.28,UPI,returning,yearly,success,none,0,0.67,131,1,634,0
TX006773,C02897,1752.1,UPI,returning,one_time,success,none,0,0.58,88,1,752,0
TX006774,C01647,757.27,NETBANKING,returning,one_time,success,none,0,0.89,276,0,308,0
TX006775,C02817,623.65,WALLET,returning,monthly,success,none,0,0.83,308,1,292,0
TX006776,C02834,554.21,CARD,returning,one_time,success,none,0,0.6,33,1,1196,0
TX006777,C01568,1389.65,UPI,new,monthly,success,none,0,0.77,52,0,1297,0
TX006778,C01318,1139.5,UPI,new,one_time,success,none,0,0.64,166,1,886,0
TX006779,C00429,1315.22,UPI,returning,one_time,failed,network_error,0,0.42,337,1,232,1
TX006780,C00806,1289.64,CARD,new,one_time,failed,card_declined,0,0.76,18,1,828,0
TX006781,C02638,1027.64,UPI,new,monthly,failed,bank_timeout,0,0.86,94,1,366,1
TX006782,C00415,432.76,CARD,new,one_time,success,none,0,0.99,321,1,1412,0
TX006783,C01192,568.3,UPI,returning,one_time,success,none,0,0.6,173,1,462,0
TX006784,C02096,768.77,NETBANKING,returning,monthly,success,none,0,0.88,128,1,1001,0
TX006785,C00722,7035.16,UPI,new,one_time,success,none,0,0.6,300,1,1283,0
TX006786,C02923,325.72,UPI,returning,monthly,success,none,0,0.96,62,1,687,0
TX006787,C01949,752.14,UPI,new,monthly,success,none,0,0.56,64,0,662,0
TX006788,C00086,1198.04,CARD,returning,yearly,success,none,0,0.84,53,1,1237,0
TX006789,C00742,834.64,NETBANKING,new,yearly,success,none,0,0.56,304,1,1306,0
TX006790,C02222,2882.96,UPI,returning,one_time,failed,bank_timeout,1,0.78,40,1,1367,1
TX006791,C02590,830.77,NETBANKING,returning,monthly,failed,insufficient_funds,2,0.76,236,1,1376,0
TX006792,C02781,887.95,UPI,new,monthly,success,none,0,0.86,40,1,282,0
TX006793,C02554,2282.82,UPI,returning,one_time,success,none,0,0.91,256,1,169,0
TX006794,C00225,5595.07,UPI,returning,monthly,failed,card_declined,0,0.89,173,1,592,1
TX006795,C02190,3892.27,UPI,returning,yearly,success,none,0,0.85,97,1,1116,0
TX006796,C00331,969.72,NETBANKING,returning,monthly,success,none,0,0.6,63,1,1105,0
TX006797,C00230,1048.84,UPI,returning,monthly,success,none,0,0.85,247,1,803,0
TX006798,C02076,1143.73,UPI,new,one_time,success,none,0,0.63,278,1,1033,0
TX006799,C01435,1251.75,UPI,new,monthly,failed,insufficient_funds,1,0.63,212,1,1035,0
TX006800,C01944,511.52,CARD,new,monthly,failed,card_declined,0,0.69,186,1,261,0
TX006801,C02555,2547.67,NETBANKING,returning,one_time,success,none,0,0.62,183,1,1184,0
TX006802,C00207,1320.74,NETBANKING,returning,yearly,success,none,0,0.71,318,1,697,0
TX006803,C01583,1053.24,UPI,new,yearly,success,none,0,0.85,138,1,681,0
TX006804,C02504,349.31,UPI,returning,yearly,success,none,0,0.87,301,1,664,0
TX006805,C01321,1159.86,UPI,returning,monthly,failed,network_error,2,0.94,42,1,1052,0
TX006806,C01571,199.56,NETBANKING,new,monthly,failed,insufficient_funds,1,0.72,269,1,433,0
TX006807,C01494,649.7,UPI,new,one_time,failed,card_declined,0,0.82,348,1,1120,0
TX006808,C02722,660.64,WALLET,new,yearly,failed,bank_timeout,0,0.91,63,0,396,1
TX006809,C00150,1419.83,NETBANKING,new,monthly,failed,network_error,3,0.46,74,0,1241,0
TX006810,C02634,5954.28,CARD,returning,one_time,success,none,0,0.88,168,1,996,0
TX006811,C02450,1834.85,CARD,returning,one_time,success,none,0,0.83,224,1,164,0
TX006812,C02438,4038.23,UPI,returning,monthly,success,none,0,0.74,334,0,1243,0
TX006813,C01237,1959.98,UPI,new,one_time,failed,insufficient_funds,2,0.6,179,0,251,0
TX006814,C01548,3018.6,UPI,returning,monthly,failed,expired_card,0,0.83,279,1,1323,0
TX006815,C01107,5833.75,UPI,new,monthly,success,none,0,0.68,138,1,595,0
TX006816,C00756,567.56,CARD,returning,one_time,failed,expired_card,0,0.54,199,1,39,0
TX006817,C02627,535.18,UPI,new,yearly,success,none,0,0.48,82,1,204,0
TX006818,C01518,2002.06,NETBANKING,returning,monthly,failed,bank_timeout,2,0.92,200,1,455,0
TX006819,C02171,1093.01,NETBANKING,returning,one_time,success,none,0,0.84,326,1,973,0
TX006820,C00303,1337.18,UPI,new,one_time,success,none,0,0.87,126,1,1103,0
TX006821,C02367,876.73,UPI,returning,monthly,success,none,0,0.73,316,0,1068,0
TX006822,C01977,641.22,UPI,returning,one_time,failed,network_error,0,0.57,309,1,855,1
TX006823,C02993,4715.87,UPI,returning,one_time,success,none,0,0.94,223,1,1033,0
TX006824,C00402,407.53,CARD,returning,yearly,success,none,0,0.8,328,1,1324,0
TX006825,C01621,2033.99,CARD,new,one_time,success,none,0,0.98,306,1,211,0
TX006826,C01534,1757.78,CARD,returning,monthly,success,none,0,0.77,249,1,1399,0
TX006827,C01616,264.78,UPI,new,one_time,success,none,0,0.82,337,1,1450,0
TX006828,C00164,519.2,NETBANKING,returning,one_time,success,none,0,0.8,364,1,194,0
TX006829,C01420,604.0,CARD,new,one_time,success,none,0,0.29,117,1,472,0
TX006830,C00899,1822.79,WALLET,returning,one_time,failed,insufficient_funds,2,0.59,285,1,151,1
TX006831,C01853,788.13,NETBANKING,returning,monthly,success,none,0,0.82,172,1,1043,0
TX006832,C00697,1015.33,CARD,returning,monthly,success,none,0,0.53,300,0,891,0
TX006833,C01306,295.34,UPI,returning,monthly,success,none,0,0.84,54,1,474,0
TX006834,C01861,8895.68,NETBANKING,new,yearly,failed,card_declined,3,0.59,184,1,688,0
TX006835,C00193,1169.2,UPI,returning,one_time,success,none,0,0.36,210,1,161,0
TX006836,C02361,1718.32,UPI,returning,monthly,failed,expired_card,1,0.52,172,1,418,0
TX006837,C02148,674.14,UPI,returning,monthly,failed,bank_timeout,1,0.84,343,1,205,0
TX006838,C00172,609.5,UPI,new,monthly,success,none,0,0.82,134,1,385,0
TX006839,C00195,6132.86,UPI,returning,yearly,success,none,0,0.91,219,1,114,0
TX006840,C02551,195.38,UPI,returning,monthly,failed,expired_card,0,0.89,179,1,942,0
TX006841,C00850,1409.21,NETBANKING,new,yearly,success,none,0,0.9,187,1,312,0
TX006842,C02583,368.58,CARD,returning,one_time,success,none,0,0.51,218,1,374,0
TX006843,C01498,761.66,NETBANKING,returning,one_time,failed,insufficient_funds,1,0.85,206,0,52,0
TX006844,C01027,617.52,NETBANKING,returning,one_time,success,none,0,0.8,198,0,141,0
TX006845,C00821,451.52,UPI,new,monthly,success,none,0,0.89,337,1,1104,0
TX006846,C01978,1132.18,CARD,returning,one_time,success,none,0,0.56,75,1,1347,0
TX006847,C00330,108.72,CARD,new,one_time,failed,bank_timeout,1,0.93,51,0,663,0
TX006848,C01208,825.56,UPI,new,yearly,failed,card_declined,1,0.79,161,1,1018,0
TX006849,C01038,1011.04,WALLET,new,monthly,success,none,0,0.9,308,1,1130,0
TX006850,C00463,322.68,NETBANKING,new,one_time,failed,bank_timeout,1,0.76,181,1,1291,0
TX006851,C01059,4280.81,UPI,returning,one_time,success,none,0,0.97,132,1,124,0
TX006852,C01586,642.26,NETBANKING,new,monthly,failed,card_declined,0,0.77,197,1,259,0
TX006853,C02033,885.6,UPI,new,yearly,success,none,0,0.53,349,1,435,0
TX006854,C00260,643.55,NETBANKING,returning,monthly,success,none,0,0.76,21,1,188,0
TX006855,C02618,1019.01,CARD,returning,one_time,success,none,0,0.59,227,0,1203,0
TX006856,C02636,3559.34,UPI,returning,monthly,success,none,0,0.86,266,1,1103,0
TX006857,C02076,10154.93,NETBANKING,returning,one_time,success,none,0,0.79,136,1,1,0
TX006858,C02773,2145.39,UPI,new,yearly,success,none,0,0.63,353,1,667,0
TX006859,C01284,2919.58,UPI,returning,monthly,success,none,0,0.97,204,1,904,0
TX006860,C02465,5139.88,CARD,returning,monthly,success,none,0,0.66,69,0,1381,0
TX006861,C02182,1371.94,CARD,new,one_time,success,none,0,0.84,156,1,993,0
TX006862,C01688,4506.27,UPI,new,one_time,success,none,0,0.42,316,1,1249,0
TX006863,C00539,2237.6,CARD,returning,monthly,success,none,0,0.88,319,1,1003,0
TX006864,C01673,1248.36,UPI,new,monthly,success,none,0,0.58,75,1,468,0
TX006865,C02705,1503.13,UPI,new,one_time,failed,expired_card,0,0.74,129,1,1459,0
TX006866,C02954,212.88,CARD,new,monthly,success,none,0,0.92,20,1,1295,0
TX006867,C01345,1426.4,UPI,returning,one_time,success,none,0,0.81,40,1,281,0
TX006868,C00744,273.32,UPI,returning,monthly,success,none,0,0.82,272,1,144,0
TX006869,C02243,253.98,NETBANKING,returning,monthly,failed,expired_card,0,0.81,195,0,1150,0
TX006870,C00228,1304.52,NETBANKING,returning,one_time,success,none,0,0.82,314,0,24,0
TX006871,C00454,402.35,CARD,returning,monthly,success,none,0,0.53,6,1,1177,0
TX006872,C01686,1089.63,CARD,new,one_time,success,none,0,0.83,308,0,522,0
TX006873,C02971,1242.14,NETBANKING,new,monthly,success,none,0,0.62,230,1,415,0
TX006874,C00987,1293.03,NETBANKING,returning,yearly,success,none,0,0.85,33,1,1441,0
TX006875,C01330,486.04,UPI,returning,yearly,failed,bank_timeout,0,0.79,242,1,505,0
TX006876,C00968,2462.21,UPI,returning,one_time,success,none,0,0.81,3,1,962,0
TX006877,C01322,1012.0,UPI,returning,monthly,failed,network_error,2,0.56,346,1,611,0
TX006878,C00022,1631.03,UPI,returning,monthly,success,none,0,0.87,323,1,923,0
TX006879,C01785,373.61,UPI,returning,monthly,success,none,0,0.75,120,1,1022,0
TX006880,C01789,934.03,CARD,returning,one_time,failed,network_error,0,0.7,94,1,729,0
TX006881,C00947,2944.12,CARD,returning,monthly,success,none,0,0.61,18,1,24,0
TX006882,C00793,2625.85,NETBANKING,new,one_time,failed,card_declined,0,0.7,79,1,53,0
TX006883,C02285,535.09,UPI,new,yearly,failed,expired_card,1,0.72,208,1,754,0
TX006884,C00564,671.15,UPI,new,yearly,success,none,0,0.75,308,1,744,0
TX006885,C00142,450.42,UPI,new,one_time,failed,insufficient_funds,1,0.7,63,1,27,0
TX006886,C00122,607.42,UPI,new,monthly,success,none,0,0.86,107,0,1023,0
TX006887,C02646,311.33,UPI,returning,one_time,success,none,0,0.86,95,1,664,0
TX006888,C01094,968.4,WALLET,returning,one_time,failed,bank_timeout,2,0.93,180,1,903,0
TX006889,C00306,1938.8,UPI,returning,one_time,success,none,0,0.9,8,1,1344,0
TX006890,C02637,541.02,CARD,returning,monthly,success,none,0,0.47,337,1,816,0
TX006891,C00446,1010.76,UPI,returning,one_time,success,none,0,0.67,66,1,78,0
TX006892,C01011,899.24,UPI,returning,monthly,failed,card_declined,0,0.58,253,1,688,0
TX006893,C00063,2834.46,NETBANKING,returning,yearly,failed,network_error,0,0.68,183,0,503,1
TX006894,C02038,632.43,NETBANKING,new,one_time,success,none,0,0.57,159,0,1212,0
TX006895,C02098,653.48,UPI,returning,monthly,success,none,0,0.78,88,1,282,0
TX006896,C02270,512.13,NETBANKING,returning,yearly,success,none,0,0.57,183,1,635,0
TX006897,C00790,393.96,UPI,new,monthly,success,none,0,0.82,183,0,716,0
TX006898,C00985,1765.64,NETBANKING,returning,one_time,failed,card_declined,0,0.6,120,1,1105,0
TX006899,C02815,971.07,UPI,new,one_time,success,none,0,0.77,167,1,257,0
TX006900,C02465,1152.09,UPI,returning,monthly,success,none,0,0.78,312,1,771,0
TX006901,C00112,3453.62,CARD,returning,one_time,success,none,0,0.79,200,1,389,0
TX006902,C02076,3636.85,NETBANKING,returning,monthly,success,none,0,0.59,202,0,1339,0
TX006903,C02439,249.23,NETBANKING,returning,one_time,success,none,0,0.59,165,1,1493,0
TX006904,C01678,1964.61,UPI,returning,monthly,success,none,0,0.89,299,1,182,0
TX006905,C01920,1343.57,NETBANKING,new,one_time,failed,bank_timeout,0,0.67,194,1,1211,1
TX006906,C00003,723.84,UPI,returning,one_time,success,none,0,0.79,364,1,1083,0
TX006907,C00091,1472.79,UPI,returning,monthly,success,none,0,0.76,78,1,1479,0
TX006908,C00106,231.89,UPI,new,one_time,failed,network_error,0,0.7,172,1,191,0
TX006909,C00477,4090.32,UPI,new,monthly,failed,expired_card,3,0.89,360,1,409,0
TX006910,C02973,1743.15,UPI,returning,yearly,failed,bank_timeout,0,0.63,8,1,1407,1
TX006911,C01904,503.37,CARD,new,monthly,success,none,0,0.69,320,0,839,0
TX006912,C02347,647.51,UPI,returning,one_time,failed,expired_card,1,0.65,324,1,1274,0
TX006913,C00887,236.79,CARD,new,yearly,success,none,0,0.75,155,1,755,0
TX006914,C02813,826.7,UPI,returning,one_time,success,none,0,0.86,88,1,547,0
TX006915,C00597,710.2,CARD,returning,one_time,failed,card_declined,0,0.74,331,1,562,0
TX006916,C02707,332.75,UPI,returning,one_time,success,none,0,0.68,94,0,1169,0
TX006917,C00093,2206.21,UPI,returning,monthly,success,none,0,0.75,242,1,1458,0
TX006918,C00062,3460.32,CARD,new,one_time,failed,bank_timeout,3,0.88,123,1,121,0
TX006919,C00237,1069.96,NETBANKING,returning,one_time,failed,network_error,0,0.69,2,1,471,0
TX006920,C02376,832.9,WALLET,returning,one_time,failed,bank_timeout,0,0.76,353,1,983,0
TX006921,C00773,1622.12,UPI,returning,one_time,success,none,0,0.77,138,1,602,0
TX006922,C01354,1077.42,NETBANKING,returning,monthly,success,none,0,0.57,235,1,1371,0
TX006923,C01414,414.07,CARD,returning,monthly,success,none,0,0.81,178,1,47,0
TX006924,C02369,609.47,NETBANKING,new,monthly,failed,expired_card,0,0.54,270,1,30,1
TX006925,C01047,839.84,UPI,new,one_time,success,none,0,0.87,20,1,495,0
TX006926,C00021,1371.1,UPI,new,yearly,failed,expired_card,2,0.57,50,1,575,0
TX006927,C01160,1105.89,UPI,returning,one_time,success,none,0,0.47,331,1,1027,0
TX006928,C00865,1325.22,NETBANKING,returning,one_time,success,none,0,0.6,137,1,348,0
TX006929,C02193,278.01,UPI,new,one_time,success,none,0,0.64,117,1,923,0
TX006930,C02254,1995.59,UPI,new,yearly,success,none,0,0.9,89,1,724,0
TX006931,C00276,1100.01,CARD,returning,monthly,failed,bank_timeout,1,0.73,260,1,329,0
TX006932,C02380,10910.03,WALLET,new,one_time,success,none,0,0.41,7,1,1178,0
TX006933,C00212,773.66,CARD,returning,one_time,success,none,0,0.43,279,1,292,0
TX006934,C01860,1467.2,CARD,returning,monthly,success,none,0,0.81,239,1,561,0
TX006935,C01168,13992.79,UPI,returning,one_time,success,none,0,0.8,229,1,1471,0
TX006936,C00904,1305.95,NETBANKING,returning,monthly,success,none,0,0.87,4,1,528,0
TX006937,C01450,1031.87,UPI,returning,one_time,failed,card_declined,3,0.65,60,1,384,0
TX006938,C00932,451.14,UPI,returning,one_time,failed,card_declined,0,0.82,317,1,703,1
TX006939,C02382,4339.18,UPI,returning,monthly,failed,network_error,0,0.88,334,1,412,1
TX006940,C02901,386.38,UPI,new,monthly,failed,expired_card,0,0.73,240,1,385,0
TX006941,C02448,1610.68,CARD,new,one_time,success,none,0,0.44,23,0,433,0
TX006942,C01318,716.09,CARD,returning,one_time,success,none,0,0.78,194,1,1226,0
TX006943,C01510,924.82,UPI,returning,yearly,success,none,0,0.67,204,1,363,0
TX006944,C01342,304.44,UPI,returning,monthly,failed,insufficient_funds,2,0.75,163,1,207,0
TX006945,C02381,3673.19,UPI,new,monthly,success,none,0,0.89,289,1,955,0
TX006946,C01657,854.04,UPI,returning,monthly,success,none,0,0.75,159,1,1090,0
TX006947,C01405,367.39,NETBANKING,new,one_time,success,none,0,0.83,236,1,36,0
TX006948,C01229,3386.06,CARD,returning,one_time,failed,network_error,1,0.64,115,1,256,0
TX006949,C01126,696.65,UPI,returning,one_time,failed,bank_timeout,0,0.46,261,1,1217,0
TX006950,C01659,1482.0,UPI,returning,one_time,success,none,0,0.52,245,1,759,0
TX006951,C02067,2338.52,NETBANKING,returning,monthly,success,none,0,0.69,277,1,296,0
TX006952,C01298,1680.14,NETBANKING,returning,one_time,success,none,0,0.77,222,1,1280,0
TX006953,C02420,151.87,NETBANKING,returning,monthly,failed,bank_timeout,2,0.75,297,1,40,0
TX006954,C02481,2050.46,UPI,new,one_time,success,none,0,0.66,115,1,738,0
TX006955,C01288,1001.69,UPI,new,monthly,success,none,0,0.65,42,1,1109,0
TX006956,C02728,815.56,UPI,returning,monthly,success,none,0,0.93,347,1,280,0
TX006957,C00520,994.09,CARD,new,monthly,success,none,0,0.74,307,1,1013,0
TX006958,C02797,257.49,UPI,new,one_time,success,none,0,0.53,139,1,37,0
TX006959,C00883,1303.69,CARD,new,yearly,success,none,0,0.85,256,1,1341,0
TX006960,C01693,321.19,UPI,new,yearly,success,none,0,0.7,264,0,845,0
TX006961,C00851,847.88,CARD,returning,monthly,success,none,0,0.77,86,1,1261,0
TX006962,C01327,1262.23,UPI,returning,monthly,failed,expired_card,2,0.72,163,0,816,0
TX006963,C01021,2883.13,NETBANKING,returning,one_time,success,none,0,0.68,30,1,243,0
TX006964,C02116,524.45,UPI,returning,monthly,success,none,0,0.87,41,1,1370,0
TX006965,C00244,4049.82,CARD,new,yearly,success,none,0,0.98,307,0,353,0
TX006966,C02515,2571.3,UPI,returning,one_time,success,none,0,0.96,331,0,1355,0
TX006967,C02712,745.11,CARD,returning,one_time,failed,network_error,3,0.77,105,1,1359,0
TX006968,C01689,404.29,CARD,returning,one_time,failed,insufficient_funds,0,0.78,290,0,996,0
TX006969,C01642,299.04,UPI,returning,yearly,success,none,0,0.55,187,1,169,0
TX006970,C02100,1400.49,UPI,returning,monthly,failed,bank_timeout,1,0.94,65,1,96,0
TX006971,C00598,564.78,UPI,new,yearly,success,none,0,0.75,98,1,1387,0
TX006972,C02250,3227.36,UPI,returning,monthly,failed,bank_timeout,0,0.63,158,1,791,1
TX006973,C00657,594.92,CARD,returning,one_time,success,none,0,0.77,347,1,276,0
TX006974,C02030,487.55,UPI,returning,monthly,success,none,0,0.67,311,1,243,0
TX006975,C00917,1353.25,UPI,returning,one_time,failed,bank_timeout,0,0.34,199,1,289,1
TX006976,C02239,591.44,UPI,new,one_time,success,none,0,0.7,268,1,153,0
TX006977,C02374,1105.1,UPI,new,one_time,success,none,0,0.79,258,1,1455,0
TX006978,C00626,2663.48,UPI,returning,monthly,success,none,0,0.65,239,1,1284,0
TX006979,C01853,1218.66,CARD,returning,one_time,failed,card_declined,1,0.8,353,1,305,1
TX006980,C01496,1222.76,UPI,new,monthly,success,none,0,0.63,298,1,263,0
TX006981,C00883,1319.0,NETBANKING,new,yearly,success,none,0,0.57,15,1,451,0
TX006982,C01765,238.94,CARD,new,one_time,failed,insufficient_funds,0,0.68,116,1,1207,0
TX006983,C02978,1560.33,UPI,new,yearly,success,none,0,0.87,22,1,721,0
TX006984,C00008,1266.41,NETBANKING,returning,monthly,success,none,0,0.87,309,1,326,0
TX006985,C02871,2449.42,CARD,new,monthly,success,none,0,0.71,28,1,464,0
TX006986,C02568,1891.7,CARD,returning,one_time,success,none,0,0.89,331,1,250,0
TX006987,C01589,914.38,UPI,returning,one_time,success,none,0,0.85,90,0,286,0
TX006988,C01831,2777.08,CARD,returning,monthly,success,none,0,0.86,22,1,705,0
TX006989,C01108,842.72,UPI,returning,yearly,failed,expired_card,0,0.63,118,1,45,1
TX006990,C00388,1369.83,UPI,new,monthly,failed,insufficient_funds,1,0.91,333,0,274,1
TX006991,C01715,828.79,UPI,new,one_time,success,none,0,0.72,132,0,472,0
TX006992,C02450,1661.68,UPI,new,monthly,success,none,0,0.96,352,1,1138,0
TX006993,C00694,781.46,CARD,new,yearly,success,none,0,0.95,311,0,1487,0
TX006994,C02152,4830.94,UPI,returning,monthly,failed,card_declined,1,0.63,141,1,1447,0
TX006995,C02245,6738.73,UPI,new,one_time,success,none,0,0.87,140,1,1207,0
TX006996,C02275,2407.98,NETBANKING,returning,one_time,success,none,0,0.68,324,1,846,0
TX006997,C01021,4390.36,UPI,returning,yearly,success,none,0,0.66,213,1,578,0
TX006998,C01177,274.43,UPI,new,one_time,success,none,0,0.86,20,1,375,0
TX006999,C01249,305.14,UPI,new,one_time,success,none,0,0.7,225,1,658,0
TX007000,C02563,821.06,NETBANKING,returning,monthly,failed,card_declined,1,0.79,255,0,1244,0
TX007001,C02702,1138.09,CARD,returning,monthly,failed,bank_timeout,0,0.57,80,0,785,0
TX007002,C01243,917.46,CARD,new,one_time,success,none,0,0.7,171,1,473,0
TX007003,C02910,250.15,NETBANKING,returning,monthly,failed,network_error,2,0.58,122,1,542,0
TX007004,C01712,3091.56,CARD,new,yearly,success,none,0,0.82,178,1,617,0
TX007005,C01156,7621.88,NETBANKING,returning,yearly,success,none,0,0.83,260,1,1373,0
TX007006,C00002,3473.4,CARD,returning,one_time,success,none,0,0.88,333,1,508,0
TX007007,C01834,2913.09,NETBANKING,new,yearly,failed,insufficient_funds,1,0.79,339,0,1059,0
TX007008,C01935,1344.14,CARD,new,monthly,failed,insufficient_funds,0,0.78,228,0,1364,0
TX007009,C02906,513.53,UPI,returning,one_time,success,none,0,0.48,142,0,467,0
TX007010,C02155,1170.6,UPI,returning,one_time,success,none,0,0.93,326,1,151,0
TX007011,C00090,7295.62,UPI,returning,yearly,success,none,0,0.64,185,1,1433,0
TX007012,C01702,798.88,UPI,returning,one_time,success,none,0,0.87,66,1,92,0
TX007013,C02229,728.17,WALLET,returning,one_time,success,none,0,0.24,75,1,332,0
TX007014,C01490,2970.76,CARD,returning,monthly,success,none,0,0.95,261,1,495,0
TX007015,C01289,3153.66,CARD,returning,monthly,failed,card_declined,0,0.48,195,1,2,0
TX007016,C02430,511.27,CARD,new,one_time,success,none,0,0.47,86,1,980,0
TX007017,C01835,866.67,NETBANKING,new,monthly,failed,insufficient_funds,3,0.75,167,0,383,0
TX007018,C02045,698.05,CARD,returning,monthly,failed,insufficient_funds,2,0.67,59,0,76,0
TX007019,C01393,1167.62,UPI,new,monthly,success,none,0,0.84,328,1,210,0
TX007020,C00835,2961.11,UPI,new,monthly,success,none,0,0.88,317,0,794,0
TX007021,C01558,531.86,UPI,new,one_time,success,none,0,0.67,350,1,1132,0
TX007022,C02878,2923.97,UPI,returning,yearly,success,none,0,0.86,216,1,1406,0
TX007023,C01809,1201.69,UPI,returning,monthly,success,none,0,0.53,137,1,699,0
TX007024,C02122,8897.92,UPI,returning,one_time,success,none,0,0.68,52,1,875,0
TX007025,C00373,1461.1,UPI,returning,one_time,success,none,0,0.76,207,0,672,0
TX007026,C02964,1005.03,UPI,returning,monthly,success,none,0,0.7,198,1,644,0
TX007027,C00735,1839.49,NETBANKING,returning,one_time,failed,card_declined,0,0.58,164,1,864,0
TX007028,C02914,809.62,UPI,returning,monthly,success,none,0,0.87,236,0,1041,0
TX007029,C01338,217.95,NETBANKING,returning,one_time,failed,bank_timeout,2,0.87,142,1,991,1
TX007030,C02757,883.18,UPI,returning,monthly,success,none,0,0.59,327,1,1220,0
TX007031,C02676,870.73,WALLET,returning,one_time,success,none,0,0.71,334,0,836,0
TX007032,C02267,261.63,CARD,returning,monthly,success,none,0,0.92,70,1,974,0
TX007033,C02750,1026.87,NETBANKING,returning,monthly,success,none,0,0.57,13,1,1088,0
TX007034,C01829,170.65,UPI,returning,one_time,success,none,0,0.65,69,0,627,0
TX007035,C02547,801.98,CARD,returning,yearly,success,none,0,0.76,99,1,499,0
TX007036,C00517,1365.45,UPI,new,monthly,failed,bank_timeout,0,0.59,263,1,200,0
TX007037,C00211,1196.67,UPI,new,monthly,failed,insufficient_funds,1,0.87,82,1,635,0
TX007038,C01631,757.51,CARD,new,one_time,success,none,0,0.82,147,1,612,0
TX007039,C02430,1015.38,UPI,returning,monthly,success,none,0,0.63,156,1,258,0
TX007040,C02297,541.5,UPI,new,yearly,success,none,0,0.83,260,1,769,0
TX007041,C01584,1107.36,NETBANKING,returning,one_time,success,none,0,0.93,174,1,1310,0
TX007042,C01563,1155.49,UPI,new,yearly,failed,network_error,2,0.69,73,1,930,0
TX007043,C01830,487.74,CARD,new,one_time,success,none,0,0.66,302,0,59,0
TX007044,C02605,1395.39,UPI,returning,monthly,failed,card_declined,2,0.86,233,1,717,0
TX007045,C02526,1387.57,UPI,new,monthly,success,none,0,0.94,291,1,62,0
TX007046,C00329,944.27,UPI,new,one_time,success,none,0,0.84,74,1,1349,0
TX007047,C01788,9690.9,UPI,new,monthly,success,none,0,0.84,345,0,1399,0
TX007048,C01143,966.2,NETBANKING,returning,one_time,success,none,0,0.82,153,1,1449,0
TX007049,C02399,852.94,NETBANKING,new,yearly,success,none,0,0.74,180,1,1452,0
TX007050,C01518,749.83,UPI,returning,monthly,success,none,0,0.58,330,1,711,0
TX007051,C02975,457.67,UPI,new,monthly,failed,insufficient_funds,0,0.79,232,1,1076,0
TX007052,C01297,2033.08,NETBANKING,new,one_time,success,none,0,0.65,82,1,242,0
TX007053,C02038,591.33,UPI,new,yearly,success,none,0,0.71,253,1,1369,0
TX007054,C00326,657.76,UPI,new,yearly,success,none,0,0.81,80,1,211,0
TX007055,C02798,675.59,UPI,returning,monthly,success,none,0,0.68,143,1,506,0
TX007056,C00461,451.94,CARD,returning,one_time,success,none,0,0.68,256,1,859,0
TX007057,C01136,226.79,UPI,returning,monthly,success,none,0,0.59,254,1,1266,0
TX007058,C02513,722.96,UPI,returning,one_time,success,none,0,0.89,88,1,27,0
TX007059,C02903,2406.68,WALLET,new,monthly,success,none,0,0.46,17,0,1204,0
TX007060,C01454,1309.34,NETBANKING,returning,one_time,success,none,0,0.87,203,1,270,0
TX007061,C01455,4467.2,CARD,returning,one_time,success,none,0,0.67,8,1,438,0
TX007062,C00147,2155.68,CARD,returning,one_time,failed,expired_card,0,0.54,211,1,1171,0
TX007063,C02937,1757.36,NETBANKING,returning,one_time,success,none,0,0.65,154,1,312,0
TX007064,C00050,5969.3,CARD,new,monthly,success,none,0,0.25,315,1,130,0
TX007065,C00079,1004.83,CARD,returning,monthly,failed,network_error,1,0.73,346,1,271,1
TX007066,C01421,1160.69,UPI,returning,yearly,success,none,0,0.68,20,1,221,0
TX007067,C00011,1085.38,UPI,returning,one_time,failed,bank_timeout,2,0.63,321,0,387,0
TX007068,C00494,4400.21,NETBANKING,new,one_time,failed,insufficient_funds,2,0.56,339,1,1484,0
TX007069,C01884,1099.12,CARD,new,one_time,failed,card_declined,3,0.9,221,0,1115,0
TX007070,C02116,611.89,UPI,returning,monthly,success,none,0,0.52,246,0,994,0
TX007071,C00895,1861.07,CARD,returning,yearly,success,none,0,0.62,65,1,453,0
TX007072,C02386,526.03,NETBANKING,new,one_time,success,none,0,0.87,313,1,1179,0
TX007073,C01824,1772.46,UPI,new,one_time,success,none,0,0.84,4,0,876,0
TX007074,C00685,1591.54,CARD,returning,yearly,success,none,0,0.48,164,1,849,0
TX007075,C02138,924.76,UPI,new,monthly,success,none,0,0.79,351,1,134,0
TX007076,C01777,1824.81,CARD,new,one_time,failed,bank_timeout,0,0.77,52,1,880,1
TX007077,C02437,287.43,WALLET,returning,one_time,failed,network_error,0,0.59,152,1,1173,0
TX007078,C00464,1269.87,NETBANKING,new,one_time,failed,network_error,3,0.83,315,1,691,0
TX007079,C00693,723.07,NETBANKING,new,one_time,success,none,0,0.67,357,1,59,0
TX007080,C00911,14415.18,CARD,returning,monthly,success,none,0,0.59,151,1,273,0
TX007081,C01025,1261.73,UPI,new,monthly,success,none,0,0.84,56,0,60,0
TX007082,C02667,641.14,CARD,new,one_time,failed,expired_card,0,0.79,199,1,1425,0
TX007083,C02198,317.2,UPI,returning,monthly,success,none,0,0.66,253,1,1056,0
TX007084,C01633,3550.58,CARD,returning,one_time,failed,bank_timeout,1,0.25,145,1,1337,0
TX007085,C01622,800.29,UPI,returning,one_time,success,none,0,0.94,270,1,1055,0
TX007086,C02658,537.96,UPI,returning,one_time,success,none,0,0.71,28,1,279,0
TX007087,C01341,1484.26,UPI,returning,one_time,failed,bank_timeout,0,0.7,55,1,661,1
TX007088,C00676,1967.95,UPI,returning,yearly,success,none,0,0.53,81,1,1112,0
TX007089,C00411,1940.22,UPI,returning,one_time,success,none,0,0.73,103,1,605,0
TX007090,C00991,1116.3,UPI,returning,one_time,success,none,0,0.88,348,1,388,0
TX007091,C01960,1265.56,UPI,new,monthly,success,none,0,0.59,223,1,520,0
TX007092,C01413,1351.31,UPI,returning,one_time,success,none,0,0.82,217,1,1175,0
TX007093,C01266,1484.39,NETBANKING,new,one_time,success,none,0,0.64,293,1,1300,0
TX007094,C01441,1607.44,UPI,new,one_time,success,none,0,0.85,186,1,1115,0
TX007095,C02925,2936.6,NETBANKING,returning,one_time,success,none,0,0.83,203,1,610,0
TX007096,C02993,1153.75,UPI,new,one_time,success,none,0,0.83,15,1,972,0
TX007097,C00484,525.78,NETBANKING,new,monthly,success,none,0,0.51,289,1,1435,0
TX007098,C00344,963.08,CARD,new,one_time,success,none,0,0.77,320,1,1107,0
TX007099,C00733,2161.17,NETBANKING,returning,one_time,success,none,0,0.72,220,0,779,0
TX007100,C02556,219.67,NETBANKING,returning,monthly,success,none,0,0.66,359,1,1208,0
TX007101,C01379,220.81,CARD,returning,one_time,success,none,0,0.87,268,1,571,0
TX007102,C02592,2506.01,UPI,returning,one_time,success,none,0,0.83,24,0,812,0
TX007103,C01941,4307.49,UPI,returning,one_time,failed,insufficient_funds,0,0.63,44,1,774,1
TX007104,C01660,351.19,UPI,returning,one_time,success,none,0,0.76,269,1,165,0
TX007105,C00845,1200.4,NETBANKING,returning,monthly,success,none,0,0.9,266,1,1429,0
TX007106,C01033,765.41,NETBANKING,new,one_time,success,none,0,0.76,350,0,805,0
TX007107,C00444,867.19,UPI,returning,one_time,success,none,0,0.87,137,1,207,0
TX007108,C01558,1443.72,CARD,new,monthly,success,none,0,0.67,339,1,1101,0
TX007109,C00842,342.55,UPI,returning,monthly,failed,card_declined,3,0.93,242,1,631,0
TX007110,C00878,404.84,CARD,new,monthly,success,none,0,0.67,239,1,531,0
TX007111,C00119,836.21,CARD,returning,one_time,success,none,0,0.7,236,1,649,0
TX007112,C02398,962.14,UPI,returning,one_time,success,none,0,0.77,198,1,1400,0
TX007113,C02818,398.07,NETBANKING,returning,one_time,success,none,0,0.87,21,0,534,0
TX007114,C01495,2232.07,UPI,returning,one_time,success,none,0,0.84,26,1,719,0
TX007115,C01609,753.1,CARD,returning,one_time,success,none,0,0.65,183,1,405,0
TX007116,C02778,750.22,CARD,returning,monthly,success,none,0,0.77,198,0,442,0
TX007117,C01535,1414.3,UPI,new,yearly,success,none,0,0.81,277,1,23,0
TX007118,C01869,976.51,UPI,returning,monthly,success,none,0,0.45,317,1,1369,0
TX007119,C01285,2330.25,UPI,new,one_time,failed,network_error,2,0.84,169,1,604,0
TX007120,C01543,473.39,CARD,returning,monthly,success,none,0,0.56,56,1,725,0
TX007121,C01566,311.8,NETBANKING,new,one_time,failed,card_declined,2,0.48,235,1,1121,0
TX007122,C02134,829.81,UPI,new,monthly,success,none,0,0.62,56,1,96,0
TX007123,C01813,1157.73,UPI,returning,monthly,success,none,0,0.9,150,1,1347,0
TX007124,C01512,359.0,UPI,new,monthly,failed,network_error,1,0.94,296,0,438,0
TX007125,C00228,314.51,UPI,new,one_time,success,none,0,0.83,298,1,1276,0
TX007126,C02714,1292.16,UPI,new,monthly,failed,bank_timeout,0,0.8,353,1,280,1
TX007127,C02665,554.46,CARD,new,monthly,success,none,0,0.88,212,1,565,0
TX007128,C00554,296.71,UPI,returning,monthly,success,none,0,0.95,31,1,1320,0
TX007129,C00880,2614.45,NETBANKING,returning,monthly,success,none,0,0.76,327,1,38,0
TX007130,C02921,621.03,UPI,new,one_time,failed,card_declined,3,0.93,56,1,455,0
TX007131,C00964,3086.62,CARD,new,monthly,failed,network_error,0,0.74,152,1,1381,0
TX007132,C02437,1125.1,UPI,new,one_time,success,none,0,0.72,146,1,715,0
TX007133,C02358,1429.79,UPI,returning,one_time,success,none,0,0.91,238,1,839,0
TX007134,C02583,906.55,UPI,returning,monthly,success,none,0,0.77,342,1,598,0
TX007135,C00049,100.52,CARD,new,one_time,success,none,0,0.63,225,1,747,0
TX007136,C01449,394.21,WALLET,returning,one_time,success,none,0,0.5,33,1,698,0
TX007137,C01697,979.32,UPI,new,one_time,failed,card_declined,2,0.72,56,1,103,0
TX007138,C02512,1522.72,UPI,returning,monthly,success,none,0,0.72,14,1,768,0
TX007139,C00674,219.05,CARD,returning,yearly,success,none,0,0.85,123,1,300,0
TX007140,C00921,1044.99,UPI,new,monthly,success,none,0,0.86,337,1,542,0
TX007141,C00540,399.4,NETBANKING,new,monthly,success,none,0,0.93,18,1,709,0
TX007142,C02286,1354.46,UPI,returning,one_time,success,none,0,0.91,157,1,260,0
TX007143,C02997,1077.65,NETBANKING,returning,one_time,success,none,0,0.96,254,1,105,0
TX007144,C00422,2141.26,CARD,returning,one_time,failed,card_declined,0,0.77,210,1,1139,0
TX007145,C00700,2864.48,UPI,returning,one_time,success,none,0,0.72,269,1,775,0
TX007146,C00922,1657.54,CARD,returning,yearly,success,none,0,0.62,129,1,593,0
TX007147,C02668,2378.81,UPI,returning,one_time,failed,network_error,3,0.72,335,0,219,0
TX007148,C01338,800.06,CARD,returning,one_time,failed,bank_timeout,0,0.64,231,1,1211,1
TX007149,C00846,13916.15,NETBANKING,new,monthly,failed,card_declined,0,0.69,29,1,291,0
TX007150,C00967,366.16,CARD,returning,monthly,success,none,0,0.39,194,0,674,0
TX007151,C01795,681.99,UPI,new,monthly,failed,network_error,0,0.69,197,0,1053,0
TX007152,C01162,2468.15,UPI,new,one_time,success,none,0,0.49,7,1,1494,0
TX007153,C00422,2159.11,UPI,returning,yearly,success,none,0,0.65,104,1,520,0
TX007154,C02461,1700.45,CARD,returning,one_time,failed,card_declined,0,0.6,65,1,1469,0
TX007155,C01267,2013.82,CARD,new,one_time,failed,insufficient_funds,2,0.94,357,1,575,0
TX007156,C00771,168.14,UPI,new,monthly,failed,card_declined,1,0.67,20,1,1375,0
TX007157,C02186,4584.19,CARD,returning,yearly,success,none,0,0.74,212,1,622,0
TX007158,C02236,912.78,CARD,returning,yearly,failed,insufficient_funds,0,0.47,39,1,795,1
TX007159,C00466,3365.41,CARD,returning,monthly,success,none,0,0.76,74,1,1440,0
TX007160,C00222,175.88,UPI,returning,yearly,success,none,0,0.66,59,0,193,0
TX007161,C00137,1381.48,UPI,returning,one_time,success,none,0,0.95,345,1,761,0
TX007162,C02298,660.4,UPI,returning,yearly,success,none,0,0.85,331,1,813,0
TX007163,C01878,1835.2,NETBANKING,new,monthly,success,none,0,0.74,331,1,598,0
TX007164,C02377,1458.79,NETBANKING,returning,one_time,failed,network_error,0,0.8,77,1,603,0
TX007165,C01880,1524.53,NETBANKING,returning,one_time,success,none,0,0.79,6,1,962,0
TX007166,C01206,422.82,UPI,returning,monthly,success,none,0,0.64,361,1,105,0
TX007167,C01769,1041.82,CARD,returning,one_time,failed,insufficient_funds,0,0.81,139,0,343,0
TX007168,C02168,932.48,NETBANKING,new,yearly,success,none,0,0.8,329,1,727,0
TX007169,C01197,1712.62,UPI,returning,yearly,success,none,0,0.67,220,0,925,0
TX007170,C02746,2671.42,UPI,returning,monthly,success,none,0,0.91,155,1,1116,0
TX007171,C02699,1255.67,UPI,returning,one_time,success,none,0,0.88,266,1,232,0
TX007172,C02403,347.74,CARD,new,monthly,success,none,0,0.89,28,1,969,0
TX007173,C02977,1208.12,UPI,new,monthly,failed,card_declined,3,0.89,334,0,469,0
TX007174,C01172,11498.46,UPI,returning,one_time,success,none,0,0.79,351,1,1206,0
TX007175,C00343,4824.22,UPI,returning,one_time,success,none,0,0.88,134,1,923,0
TX007176,C01453,100.0,CARD,new,monthly,success,none,0,0.83,273,1,1394,0
TX007177,C02238,1160.97,NETBANKING,new,one_time,success,none,0,0.73,88,0,235,0
TX007178,C02339,2537.43,CARD,new,one_time,failed,network_error,1,0.97,118,1,1149,1
TX007179,C01166,930.67,NETBANKING,new,one_time,success,none,0,0.55,177,1,172,0
TX007180,C00878,724.82,CARD,new,one_time,failed,card_declined,2,0.59,99,1,898,0
TX007181,C01337,862.41,NETBANKING,returning,monthly,failed,network_error,0,0.56,245,1,1103,0
TX007182,C02412,1802.57,UPI,returning,one_time,success,none,0,0.73,323,1,970,0
TX007183,C00182,390.09,NETBANKING,new,monthly,success,none,0,0.92,265,1,1239,0
TX007184,C00985,3196.53,NETBANKING,returning,yearly,failed,card_declined,3,0.79,285,0,889,0
TX007185,C00690,1042.74,CARD,returning,monthly,failed,bank_timeout,0,0.89,340,1,1451,0
TX007186,C02418,472.71,UPI,returning,monthly,success,none,0,0.64,77,1,363,0
TX007187,C01409,3016.69,UPI,returning,one_time,failed,bank_timeout,0,0.76,110,1,1096,0
TX007188,C00261,272.98,UPI,new,one_time,failed,bank_timeout,1,0.75,77,1,204,0
TX007189,C00786,665.35,UPI,returning,monthly,success,none,0,0.68,83,1,495,0
TX007190,C00134,655.56,UPI,new,yearly,success,none,0,0.8,292,0,937,0
TX007191,C01427,7551.85,UPI,returning,yearly,failed,network_error,0,0.82,236,1,978,0
TX007192,C02994,591.99,UPI,returning,monthly,success,none,0,0.85,316,1,1488,0
TX007193,C01702,157.67,NETBANKING,returning,one_time,success,none,0,0.61,361,1,1119,0
TX007194,C02609,649.61,CARD,new,monthly,success,none,0,0.89,192,1,411,0
TX007195,C02228,1652.42,NETBANKING,new,yearly,failed,expired_card,1,0.89,133,1,922,0
TX007196,C02649,2220.92,UPI,new,yearly,success,none,0,0.79,56,0,1218,0
TX007197,C00934,8509.05,UPI,new,yearly,failed,expired_card,3,0.89,226,1,1032,0
TX007198,C02854,3890.17,UPI,new,one_time,success,none,0,0.69,90,1,728,0
TX007199,C00716,1298.71,NETBANKING,new,monthly,success,none,0,0.61,225,1,1252,0
TX007200,C01315,491.63,UPI,returning,one_time,success,none,0,0.75,238,1,909,0
TX007201,C02044,4729.74,CARD,new,one_time,success,none,0,0.86,359,1,987,0
TX007202,C00861,787.05,UPI,returning,monthly,success,none,0,0.71,63,1,722,0
TX007203,C00794,606.47,UPI,returning,one_time,failed,card_declined,1,0.45,208,1,1301,0
TX007204,C00391,753.43,UPI,new,one_time,failed,bank_timeout,1,0.96,12,1,462,0
TX007205,C00013,355.29,UPI,returning,one_time,success,none,0,0.79,190,1,1466,0
TX007206,C01504,721.61,UPI,returning,one_time,failed,expired_card,0,0.69,110,1,1367,0
TX007207,C02961,889.09,NETBANKING,returning,one_time,failed,insufficient_funds,1,0.65,100,1,789,0
TX007208,C00661,2116.65,UPI,returning,monthly,success,none,0,0.73,235,1,507,0
TX007209,C01321,773.34,UPI,returning,one_time,success,none,0,0.83,14,0,1007,0
TX007210,C02807,350.47,UPI,returning,monthly,success,none,0,0.69,179,1,187,0
TX007211,C02317,258.94,WALLET,returning,monthly,success,none,0,0.66,259,1,153,0
TX007212,C00013,1324.26,CARD,returning,one_time,success,none,0,0.68,349,1,525,0
TX007213,C01502,1170.71,CARD,returning,monthly,success,none,0,0.51,352,1,353,0
TX007214,C00430,665.89,UPI,returning,one_time,success,none,0,0.66,49,0,987,0
TX007215,C00742,720.03,NETBANKING,returning,yearly,success,none,0,0.37,18,1,1333,0
TX007216,C00740,1555.63,UPI,returning,yearly,failed,network_error,0,0.79,338,1,728,1
TX007217,C01838,3833.34,CARD,returning,yearly,success,none,0,0.83,298,1,594,0
TX007218,C00597,543.41,NETBANKING,returning,monthly,success,none,0,0.46,173,1,365,0
TX007219,C00756,1187.98,UPI,new,monthly,success,none,0,0.5,146,1,967,0
TX007220,C00678,2597.86,UPI,new,one_time,success,none,0,0.77,344,1,1440,0
TX007221,C01071,545.39,UPI,returning,yearly,success,none,0,0.62,170,0,957,0
TX007222,C01969,1081.31,UPI,returning,one_time,failed,insufficient_funds,0,0.67,66,0,864,0
TX007223,C01200,1059.77,UPI,new,monthly,failed,network_error,1,0.5,89,1,211,0
TX007224,C00983,336.92,UPI,returning,monthly,success,none,0,0.62,95,1,1414,0
TX007225,C01553,1276.21,UPI,returning,monthly,success,none,0,0.64,219,0,1086,0
TX007226,C01846,1128.21,CARD,returning,monthly,success,none,0,0.57,132,0,980,0
TX007227,C00047,1807.28,UPI,returning,one_time,success,none,0,0.71,111,1,926,0
TX007228,C02671,376.83,CARD,new,one_time,success,none,0,0.84,46,1,62,0
TX007229,C02750,1106.52,UPI,new,monthly,failed,insufficient_funds,0,0.74,59,1,284,0
TX007230,C01808,3803.06,UPI,new,yearly,success,none,0,0.66,70,0,1073,0
TX007231,C01724,7113.5,UPI,returning,one_time,failed,bank_timeout,1,0.69,47,1,1407,0
TX007232,C02084,3470.72,NETBANKING,new,monthly,success,none,0,0.82,150,1,619,0
TX007233,C01323,380.18,UPI,returning,monthly,failed,network_error,0,0.47,235,1,62,1
TX007234,C01097,1645.74,CARD,returning,one_time,success,none,0,0.87,204,1,888,0
TX007235,C01059,709.93,NETBANKING,new,one_time,success,none,0,0.78,45,1,565,0
TX007236,C00480,1415.89,CARD,returning,monthly,failed,card_declined,1,0.87,209,1,928,0
TX007237,C02524,547.3,UPI,returning,one_time,success,none,0,0.67,173,1,1450,0
TX007238,C00962,234.6,UPI,returning,yearly,success,none,0,0.82,3,1,1321,0
TX007239,C00854,804.27,CARD,returning,one_time,failed,bank_timeout,0,0.74,62,1,1478,0
TX007240,C02893,2101.37,CARD,new,monthly,success,none,0,0.67,292,0,47,0
TX007241,C01521,1421.12,CARD,new,one_time,success,none,0,0.95,95,1,1147,0
TX007242,C01866,1576.01,CARD,returning,monthly,failed,bank_timeout,2,0.83,111,1,892,0
TX007243,C00737,1332.37,UPI,new,one_time,success,none,0,0.63,63,1,155,0
TX007244,C00833,1578.25,CARD,returning,one_time,success,none,0,0.66,269,1,99,0
TX007245,C02186,1766.16,CARD,new,monthly,failed,bank_timeout,0,0.91,145,1,736,1
TX007246,C01353,856.44,WALLET,returning,monthly,success,none,0,0.68,99,1,240,0
TX007247,C00444,1181.57,CARD,returning,monthly,success,none,0,0.41,170,1,590,0
TX007248,C02507,5265.51,UPI,returning,one_time,success,none,0,0.73,104,1,681,0
TX007249,C01209,1246.17,CARD,new,one_time,failed,network_error,2,0.75,187,0,432,0
TX007250,C02006,1139.46,CARD,returning,one_time,success,none,0,0.39,217,1,1153,0
TX007251,C01024,1203.03,UPI,returning,one_time,success,none,0,0.8,28,1,572,0
TX007252,C01682,901.34,UPI,returning,one_time,success,none,0,0.76,7,1,196,0
TX007253,C02327,741.13,UPI,returning,one_time,success,none,0,0.69,283,1,541,0
TX007254,C02656,1323.2,UPI,returning,monthly,success,none,0,0.74,44,1,43,0
TX007255,C00623,695.66,CARD,returning,one_time,success,none,0,0.47,36,0,1269,0
TX007256,C02018,962.02,UPI,returning,one_time,success,none,0,0.86,353,1,705,0
TX007257,C02744,538.36,CARD,returning,monthly,failed,card_declined,1,0.88,326,1,1100,0
TX007258,C01929,1208.59,UPI,returning,monthly,failed,network_error,1,0.72,168,0,190,0
TX007259,C00430,1855.25,NETBANKING,returning,monthly,failed,network_error,0,0.91,25,1,440,1
TX007260,C00570,906.22,CARD,new,one_time,failed,insufficient_funds,1,0.87,301,1,737,0
TX007261,C00609,179.91,CARD,new,monthly,success,none,0,0.53,337,1,476,0
TX007262,C00320,1865.59,UPI,returning,one_time,failed,insufficient_funds,0,0.93,299,1,105,0
TX007263,C02262,1221.9,WALLET,returning,monthly,success,none,0,0.62,348,1,237,0
TX007264,C02896,448.58,UPI,new,yearly,success,none,0,0.86,3,1,1273,0
TX007265,C01551,2199.41,CARD,returning,monthly,success,none,0,0.84,334,1,293,0
TX007266,C01797,311.51,UPI,new,yearly,success,none,0,0.92,169,1,333,0
TX007267,C02322,2809.8,UPI,returning,one_time,success,none,0,0.77,116,1,1081,0
TX007268,C01248,1041.45,CARD,returning,one_time,success,none,0,0.98,227,0,619,0
TX007269,C01418,142.31,UPI,returning,one_time,success,none,0,0.55,361,1,30,0
TX007270,C01768,1287.55,UPI,returning,one_time,failed,network_error,2,0.79,290,1,394,0
TX007271,C00914,760.84,UPI,returning,one_time,failed,bank_timeout,1,0.84,126,0,484,0
TX007272,C00186,664.37,UPI,returning,yearly,failed,insufficient_funds,0,0.94,352,1,979,1
TX007273,C01704,564.56,WALLET,returning,monthly,success,none,0,0.69,95,1,1169,0
TX007274,C02467,978.0,CARD,returning,yearly,success,none,0,0.8,52,1,206,0
TX007275,C00220,708.63,UPI,returning,yearly,failed,network_error,1,0.75,307,1,919,1
TX007276,C00650,206.23,CARD,new,monthly,success,none,0,0.89,257,1,465,0
TX007277,C00789,3445.63,CARD,new,yearly,success,none,0,0.66,40,1,499,0
TX007278,C02414,880.14,CARD,new,one_time,success,none,0,0.66,161,1,442,0
TX007279,C01514,567.51,CARD,new,yearly,success,none,0,0.95,42,0,547,0
TX007280,C01604,397.19,UPI,new,monthly,failed,card_declined,3,0.47,144,1,1486,0
TX007281,C01936,2194.39,UPI,new,monthly,failed,bank_timeout,1,0.52,209,1,943,1
TX007282,C00830,340.84,CARD,returning,monthly,success,none,0,0.86,1,1,1254,0
TX007283,C02141,1237.18,CARD,new,yearly,success,none,0,0.77,132,1,884,0
TX007284,C00091,648.53,CARD,new,yearly,success,none,0,0.89,361,1,397,0
TX007285,C00342,683.43,UPI,new,one_time,failed,network_error,2,0.89,126,1,1325,1
TX007286,C02448,406.18,NETBANKING,new,one_time,failed,bank_timeout,0,0.76,225,1,987,0
TX007287,C01975,627.48,UPI,returning,one_time,success,none,0,0.56,132,1,1067,0
TX007288,C00530,1105.37,CARD,returning,monthly,success,none,0,0.88,230,0,1272,0
TX007289,C01317,1355.3,UPI,returning,one_time,failed,insufficient_funds,1,0.9,84,0,616,0
TX007290,C00156,540.76,CARD,returning,monthly,success,none,0,0.88,341,1,1089,0
TX007291,C02016,1010.46,WALLET,returning,one_time,success,none,0,0.54,118,1,32,0
TX007292,C02268,2439.65,UPI,returning,yearly,success,none,0,0.55,86,1,1124,0
TX007293,C00836,245.58,CARD,new,monthly,success,none,0,0.53,36,1,1063,0
TX007294,C01051,1090.46,CARD,new,monthly,failed,network_error,0,0.75,257,1,1479,0
TX007295,C00711,466.05,UPI,returning,one_time,success,none,0,0.82,273,1,707,0
TX007296,C01169,425.21,UPI,returning,monthly,failed,network_error,2,0.93,168,1,1182,0
TX007297,C00817,1387.02,CARD,returning,one_time,failed,bank_timeout,0,0.39,41,1,546,0
TX007298,C00742,671.34,UPI,new,monthly,failed,bank_timeout,1,0.64,178,1,57,0
TX007299,C01291,366.82,UPI,returning,yearly,success,none,0,0.74,218,1,38,0
TX007300,C02578,3611.41,NETBANKING,returning,monthly,failed,network_error,2,0.75,286,1,657,0
TX007301,C02289,2510.11,CARD,returning,yearly,failed,insufficient_funds,3,0.93,32,1,1038,0
TX007302,C00892,192.66,CARD,returning,one_time,success,none,0,0.95,98,0,925,0
TX007303,C02829,290.91,CARD,new,monthly,failed,network_error,0,0.6,349,0,924,0
TX007304,C00631,1870.78,UPI,returning,yearly,success,none,0,0.86,341,1,1490,0
TX007305,C02733,848.62,CARD,new,monthly,success,none,0,0.86,146,1,1336,0
TX007306,C00928,4232.37,UPI,new,yearly,success,none,0,0.72,178,1,764,0
TX007307,C01621,1909.7,UPI,returning,monthly,success,none,0,0.71,164,1,612,0
TX007308,C00610,1435.86,CARD,returning,one_time,success,none,0,0.43,188,1,1377,0
TX007309,C02287,437.17,NETBANKING,new,one_time,success,none,0,0.67,284,1,43,0
TX007310,C00953,1706.66,UPI,returning,monthly,success,none,0,0.91,143,1,298,0
TX007311,C02618,347.86,WALLET,returning,yearly,success,none,0,0.79,94,1,593,0
TX007312,C00249,3550.06,CARD,new,monthly,failed,insufficient_funds,0,0.8,28,1,606,0
TX007313,C01507,1603.47,UPI,new,one_time,success,none,0,0.71,172,1,169,0
TX007314,C00476,521.99,UPI,returning,monthly,failed,bank_timeout,1,0.73,202,1,332,0
TX007315,C02667,2262.46,UPI,new,monthly,success,none,0,0.78,249,1,999,0
TX007316,C01252,8245.08,CARD,returning,one_time,failed,card_declined,3,0.68,239,1,1084,0
TX007317,C02024,901.58,UPI,new,monthly,success,none,0,0.8,128,1,372,0
TX007318,C02639,1799.69,UPI,returning,yearly,failed,insufficient_funds,0,0.7,19,0,1148,1
TX007319,C01607,743.49,UPI,returning,monthly,success,none,0,0.88,166,1,1464,0
TX007320,C00172,1184.19,WALLET,new,one_time,success,none,0,0.48,108,0,375,0
TX007321,C00663,282.45,UPI,returning,monthly,failed,card_declined,0,0.73,82,1,1191,1
TX007322,C00639,1096.11,UPI,returning,one_time,failed,bank_timeout,0,0.79,303,1,958,1
TX007323,C02743,1140.5,UPI,returning,monthly,failed,insufficient_funds,2,0.86,165,1,1161,1
TX007324,C02726,5536.39,UPI,returning,yearly,success,none,0,0.81,181,1,1082,0
TX007325,C01431,218.0,UPI,returning,monthly,failed,card_declined,2,0.83,229,0,356,0
TX007326,C02671,851.67,CARD,new,yearly,failed,network_error,1,0.66,220,1,1473,0
TX007327,C00739,3495.76,CARD,returning,monthly,success,none,0,0.94,340,1,985,0
TX007328,C02039,882.19,UPI,new,one_time,failed,card_declined,0,0.57,134,0,79,1
TX007329,C01176,939.92,NETBANKING,new,monthly,success,none,0,0.72,229,1,306,0
TX007330,C00722,518.05,UPI,new,monthly,success,none,0,0.69,21,1,955,0
TX007331,C00751,473.74,NETBANKING,returning,one_time,success,none,0,0.74,5,1,723,0
TX007332,C01260,212.03,UPI,returning,one_time,success,none,0,0.67,204,1,1077,0
TX007333,C01019,622.48,NETBANKING,returning,monthly,success,none,0,0.82,34,1,1196,0
TX007334,C00634,450.15,NETBANKING,returning,one_time,failed,expired_card,1,0.86,93,1,590,0
TX007335,C01003,1219.55,NETBANKING,returning,one_time,success,none,0,0.74,257,1,1229,0
TX007336,C00386,539.75,UPI,new,monthly,failed,network_error,1,0.87,259,1,339,0
TX007337,C02910,712.21,UPI,new,yearly,success,none,0,0.61,127,1,196,0
TX007338,C01140,729.98,NETBANKING,returning,one_time,failed,network_error,0,0.4,145,1,13,0
TX007339,C00323,1050.11,UPI,new,monthly,success,none,0,0.79,330,1,65,0
TX007340,C01728,681.52,UPI,new,one_time,success,none,0,0.79,186,0,1226,0
TX007341,C02650,421.74,UPI,new,one_time,success,none,0,0.8,130,0,1084,0
TX007342,C01080,1184.63,UPI,returning,one_time,failed,bank_timeout,0,0.75,205,1,150,0
TX007343,C02536,2866.18,UPI,returning,one_time,failed,card_declined,3,0.77,148,1,511,0
TX007344,C01833,1231.05,UPI,returning,one_time,failed,card_declined,1,0.49,263,0,345,0
TX007345,C02218,633.44,CARD,returning,one_time,success,none,0,0.7,156,1,589,0
TX007346,C00889,981.58,UPI,returning,monthly,success,none,0,0.9,296,1,1061,0
TX007347,C00111,173.2,UPI,returning,one_time,success,none,0,0.81,79,1,491,0
TX007348,C01038,967.33,UPI,returning,one_time,success,none,0,0.67,37,1,1087,0
TX007349,C02774,764.85,NETBANKING,returning,one_time,failed,bank_timeout,1,0.61,258,1,429,0
TX007350,C02373,473.37,CARD,new,yearly,success,none,0,0.91,34,1,109,0
TX007351,C02353,557.3,CARD,returning,one_time,failed,card_declined,0,0.82,198,1,1375,0
TX007352,C02635,758.08,CARD,returning,monthly,success,none,0,0.8,59,1,1220,0
TX007353,C01120,2679.04,CARD,new,monthly,failed,card_declined,2,0.7,64,1,936,0
TX007354,C00967,2930.28,UPI,returning,one_time,failed,insufficient_funds,3,0.88,240,1,927,0
TX007355,C02776,475.65,CARD,returning,one_time,success,none,0,0.64,348,1,999,0
TX007356,C01715,687.96,UPI,returning,monthly,success,none,0,0.53,92,1,81,0
TX007357,C00894,703.92,CARD,new,yearly,success,none,0,0.47,87,0,860,0
TX007358,C00835,2272.4,UPI,new,yearly,success,none,0,0.78,282,1,1279,0
TX007359,C02632,1250.07,NETBANKING,returning,one_time,success,none,0,0.75,154,1,729,0
TX007360,C00161,1192.15,UPI,returning,one_time,success,none,0,0.86,140,0,974,0
TX007361,C00186,1776.92,UPI,new,one_time,success,none,0,0.71,122,1,200,0
TX007362,C02214,641.13,CARD,returning,one_time,success,none,0,0.85,153,0,1043,0
TX007363,C00005,3742.46,UPI,returning,yearly,failed,expired_card,2,0.78,163,1,438,0
TX007364,C00514,1094.91,UPI,new,one_time,success,none,0,0.85,204,1,1459,0
TX007365,C02972,507.59,NETBANKING,new,one_time,failed,network_error,2,0.76,196,1,1157,0
TX007366,C01278,891.87,CARD,new,one_time,failed,network_error,0,0.58,225,1,458,0
TX007367,C02183,3323.37,CARD,new,yearly,success,none,0,0.67,198,0,1475,0
TX007368,C01462,747.98,UPI,returning,monthly,success,none,0,0.85,7,1,1194,0
TX007369,C00272,2577.57,UPI,new,one_time,failed,insufficient_funds,0,0.83,260,1,748,1
TX007370,C00554,624.65,UPI,returning,one_time,failed,insufficient_funds,2,0.71,151,1,1417,1
TX007371,C02284,550.54,CARD,returning,one_time,success,none,0,0.65,26,0,1161,0
TX007372,C00284,1985.52,CARD,returning,one_time,success,none,0,0.76,298,1,371,0
TX007373,C01784,499.41,UPI,new,yearly,success,none,0,0.77,130,0,249,0
TX007374,C01045,2299.13,UPI,returning,monthly,failed,bank_timeout,0,0.54,223,0,998,0
TX007375,C01111,1504.87,UPI,new,monthly,success,none,0,0.59,318,1,1460,0
TX007376,C02857,499.58,UPI,returning,monthly,failed,card_declined,0,0.95,101,1,736,0
TX007377,C01818,1028.34,UPI,new,monthly,success,none,0,0.79,37,1,1108,0
TX007378,C01846,669.21,UPI,returning,monthly,success,none,0,0.57,339,1,1025,0
TX007379,C01052,1501.29,UPI,returning,one_time,success,none,0,0.79,245,1,228,0
TX007380,C01145,5997.02,UPI,returning,monthly,success,none,0,0.6,353,0,931,0
TX007381,C02058,785.54,UPI,returning,monthly,success,none,0,0.82,190,1,724,0
TX007382,C00117,1772.95,UPI,returning,one_time,failed,network_error,0,0.61,170,1,719,0
TX007383,C00712,1121.02,NETBANKING,returning,one_time,failed,bank_timeout,3,0.8,240,1,729,0
TX007384,C01801,1120.64,UPI,new,yearly,success,none,0,0.38,127,0,768,0
TX007385,C01871,945.12,UPI,returning,yearly,failed,insufficient_funds,2,0.88,259,1,373,1
TX007386,C00277,506.91,UPI,new,one_time,success,none,0,0.72,318,1,240,0
TX007387,C02364,1482.71,UPI,returning,one_time,success,none,0,0.68,300,1,397,0
TX007388,C01628,845.67,UPI,returning,monthly,success,none,0,0.61,103,1,1372,0
TX007389,C00714,485.74,UPI,returning,monthly,success,none,0,0.61,179,1,1471,0
TX007390,C02256,2731.91,UPI,new,monthly,success,none,0,0.78,265,1,541,0
TX007391,C02973,1198.84,NETBANKING,returning,yearly,success,none,0,0.68,26,1,157,0
TX007392,C01271,893.11,NETBANKING,new,yearly,failed,card_declined,0,0.85,250,1,759,0
TX007393,C00851,3663.05,UPI,returning,one_time,success,none,0,0.98,179,1,1160,0
TX007394,C00899,210.09,UPI,returning,one_time,failed,card_declined,1,0.72,231,1,865,0
TX007395,C01778,3447.96,WALLET,new,one_time,success,none,0,0.73,121,1,453,0
TX007396,C00143,496.62,UPI,new,yearly,failed,bank_timeout,0,0.82,59,0,521,1
TX007397,C01451,1326.61,WALLET,returning,monthly,success,none,0,0.84,58,1,863,0
TX007398,C00075,645.96,CARD,new,yearly,success,none,0,0.93,65,1,145,0
TX007399,C00116,477.85,UPI,returning,monthly,success,none,0,0.69,343,1,776,0
TX007400,C01291,3577.78,UPI,returning,monthly,failed,card_declined,1,0.65,142,1,187,0
TX007401,C02237,5828.97,UPI,returning,one_time,success,none,0,0.77,48,1,1205,0
TX007402,C02651,898.65,NETBANKING,returning,one_time,failed,network_error,0,0.47,198,1,647,0
TX007403,C00263,1483.16,UPI,returning,yearly,success,none,0,0.72,341,1,807,0
TX007404,C00733,1154.35,CARD,returning,monthly,failed,bank_timeout,1,0.89,133,1,1084,1
TX007405,C01265,5205.42,UPI,returning,yearly,success,none,0,0.85,113,1,1196,0
TX007406,C01723,163.72,NETBANKING,returning,one_time,success,none,0,0.46,267,1,232,0
TX007407,C02962,1539.81,CARD,new,monthly,success,none,0,0.36,245,1,1442,0
TX007408,C02053,569.97,UPI,returning,monthly,success,none,0,0.65,102,1,1441,0
TX007409,C01616,131.58,UPI,returning,one_time,success,none,0,0.71,1,1,262,0
TX007410,C00183,792.76,UPI,returning,monthly,failed,card_declined,2,0.84,221,1,955,0
TX007411,C00243,5786.27,NETBANKING,returning,yearly,success,none,0,0.8,336,1,326,0
TX007412,C00460,607.62,CARD,returning,monthly,success,none,0,0.78,90,1,1292,0
TX007413,C01983,2234.31,UPI,new,monthly,failed,bank_timeout,2,0.85,160,1,1152,1
TX007414,C00994,3225.38,NETBANKING,returning,monthly,success,none,0,0.87,161,0,1116,0
TX007415,C00723,1084.17,UPI,returning,monthly,success,none,0,0.79,171,0,1402,0
TX007416,C02011,1222.2,UPI,returning,monthly,success,none,0,0.81,155,1,530,0
TX007417,C02447,234.0,NETBANKING,returning,monthly,failed,insufficient_funds,0,0.68,160,0,375,0
TX007418,C01318,575.62,UPI,returning,one_time,success,none,0,0.87,186,1,979,0
TX007419,C02646,2480.73,NETBANKING,returning,monthly,success,none,0,0.8,350,1,1328,0
TX007420,C02203,1158.19,UPI,new,yearly,success,none,0,0.8,275,1,1490,0
TX007421,C02149,1526.31,CARD,new,yearly,failed,bank_timeout,0,0.76,67,1,577,0
TX007422,C02603,1236.25,UPI,returning,monthly,success,none,0,0.71,125,1,32,0
TX007423,C00552,7885.68,UPI,new,one_time,success,none,0,0.48,305,1,111,0
TX007424,C02276,744.37,UPI,new,yearly,success,none,0,0.57,235,1,1471,0
TX007425,C02874,4651.15,CARD,returning,one_time,success,none,0,0.5,178,0,1499,0
TX007426,C02977,1236.64,UPI,new,one_time,success,none,0,0.6,327,1,1409,0
TX007427,C01735,5038.07,UPI,new,one_time,failed,insufficient_funds,0,0.78,175,1,691,0
TX007428,C02264,364.13,UPI,returning,monthly,failed,bank_timeout,1,0.47,114,1,507,1
TX007429,C02666,1294.9,UPI,new,one_time,success,none,0,0.77,263,1,1199,0
TX007430,C02557,769.45,CARD,new,one_time,success,none,0,0.84,188,1,738,0
TX007431,C02694,1243.3,CARD,new,monthly,failed,bank_timeout,2,0.81,54,0,1042,0
TX007432,C02498,3294.92,CARD,returning,monthly,failed,card_declined,0,0.71,110,1,631,0
TX007433,C01144,1542.14,UPI,returning,one_time,failed,card_declined,0,0.55,305,1,1134,0
TX007434,C02191,3289.02,UPI,new,one_time,success,none,0,0.82,303,1,658,0
TX007435,C01232,599.92,UPI,returning,monthly,failed,insufficient_funds,3,0.52,266,0,1247,0
TX007436,C02406,522.93,UPI,new,one_time,success,none,0,0.44,106,0,306,0
TX007437,C02431,1112.64,NETBANKING,returning,one_time,success,none,0,0.68,62,0,534,0
TX007438,C02805,1059.14,UPI,new,yearly,success,none,0,0.74,359,1,1060,0
TX007439,C01765,927.72,NETBANKING,returning,monthly,failed,network_error,0,0.54,188,1,8,1
TX007440,C01426,462.77,UPI,returning,one_time,success,none,0,0.96,25,1,360,0
TX007441,C00497,3225.32,CARD,returning,monthly,success,none,0,0.76,321,1,537,0
TX007442,C01915,791.12,CARD,new,monthly,failed,expired_card,1,0.69,326,1,210,0
TX007443,C01700,3957.91,CARD,returning,monthly,success,none,0,0.91,173,0,1350,0
TX007444,C01545,1109.28,CARD,new,monthly,success,none,0,0.91,292,1,4,0
TX007445,C02029,1965.67,UPI,returning,monthly,success,none,0,0.62,318,1,1264,0
TX007446,C02554,1811.55,CARD,returning,one_time,failed,insufficient_funds,0,0.82,57,0,57,0
TX007447,C00447,522.25,UPI,returning,one_time,success,none,0,0.72,213,1,352,0
TX007448,C01295,1526.12,UPI,returning,one_time,success,none,0,0.86,243,1,1141,0
TX007449,C02167,6219.84,UPI,returning,monthly,failed,network_error,0,0.69,363,0,680,1
TX007450,C02460,1375.33,UPI,returning,monthly,failed,card_declined,2,0.62,14,0,876,0
TX007451,C02336,2467.96,NETBANKING,new,monthly,success,none,0,0.62,47,1,957,0
TX007452,C02399,2046.62,UPI,returning,one_time,failed,insufficient_funds,2,0.66,20,1,55,1
TX007453,C02566,1445.69,UPI,returning,monthly,failed,expired_card,3,0.89,337,0,242,1
TX007454,C02886,1297.03,UPI,returning,monthly,success,none,0,0.51,207,1,1431,0
TX007455,C01825,1794.68,CARD,returning,one_time,failed,card_declined,0,0.76,103,1,550,0
TX007456,C00747,2179.73,CARD,returning,yearly,success,none,0,0.69,214,0,506,0
TX007457,C01691,324.75,NETBANKING,returning,one_time,success,none,0,0.92,95,1,279,0
TX007458,C02129,1370.01,CARD,new,monthly,success,none,0,0.61,113,1,1362,0
TX007459,C00303,929.21,UPI,returning,monthly,success,none,0,0.75,47,1,1131,0
TX007460,C02271,770.95,UPI,returning,monthly,success,none,0,0.56,318,1,883,0
TX007461,C01633,3520.53,UPI,new,monthly,success,none,0,0.96,224,1,1261,0
TX007462,C02809,566.89,CARD,new,one_time,success,none,0,0.6,221,1,1099,0
TX007463,C00636,312.53,WALLET,returning,monthly,success,none,0,0.62,119,1,922,0
TX007464,C02721,2244.29,UPI,new,one_time,success,none,0,0.58,235,1,1397,0
TX007465,C01345,305.41,UPI,returning,monthly,failed,card_declined,0,0.74,312,0,138,0
TX007466,C01721,193.42,CARD,returning,monthly,failed,insufficient_funds,0,0.81,222,1,1363,0
TX007467,C01981,2483.54,CARD,returning,one_time,failed,card_declined,0,0.88,310,0,1107,0
TX007468,C01738,1265.03,CARD,returning,monthly,success,none,0,0.83,148,0,721,0
TX007469,C02712,1678.15,UPI,returning,one_time,failed,card_declined,2,0.84,283,1,1130,0
TX007470,C00502,736.43,UPI,returning,monthly,failed,insufficient_funds,0,0.74,26,1,86,1
TX007471,C02190,315.46,UPI,returning,one_time,failed,insufficient_funds,3,0.85,286,1,141,0
TX007472,C02925,377.21,UPI,new,monthly,success,none,0,0.72,206,1,1469,0
TX007473,C00661,858.37,CARD,new,one_time,failed,insufficient_funds,0,0.88,101,1,1319,0
TX007474,C00766,348.92,UPI,returning,one_time,success,none,0,0.67,301,1,564,0
TX007475,C01426,1445.7,UPI,returning,monthly,success,none,0,0.45,220,1,1088,0
TX007476,C02175,723.27,WALLET,new,one_time,failed,network_error,2,0.79,330,1,519,0
TX007477,C02877,1295.35,UPI,returning,monthly,success,none,0,0.64,258,1,674,0
TX007478,C02388,1260.97,UPI,new,yearly,success,none,0,0.62,50,0,1002,0
TX007479,C02383,1553.27,NETBANKING,new,one_time,success,none,0,0.68,358,1,345,0
TX007480,C01324,1719.06,UPI,returning,one_time,success,none,0,0.87,267,1,1133,0
TX007481,C01937,804.72,CARD,returning,monthly,success,none,0,0.7,310,1,605,0
TX007482,C00634,1294.1,UPI,returning,monthly,success,none,0,0.64,77,0,894,0
TX007483,C01390,1356.15,NETBANKING,returning,one_time,success,none,0,0.82,244,1,980,0
TX007484,C00567,123.22,UPI,returning,one_time,success,none,0,0.65,76,1,1146,0
TX007485,C00082,1962.3,UPI,new,monthly,failed,expired_card,0,0.78,235,1,94,0
TX007486,C02570,1255.07,WALLET,returning,monthly,success,none,0,0.89,24,1,78,0
TX007487,C02415,1821.92,CARD,returning,yearly,success,none,0,0.91,24,1,932,0
TX007488,C01533,344.41,UPI,returning,one_time,failed,insufficient_funds,0,0.83,354,1,1269,0
TX007489,C00044,825.35,UPI,returning,one_time,success,none,0,0.75,44,0,1154,0
TX007490,C00271,410.6,UPI,returning,monthly,success,none,0,0.87,273,1,803,0
TX007491,C00336,2143.38,UPI,returning,one_time,failed,bank_timeout,1,0.75,253,1,619,0
TX007492,C02152,309.64,UPI,new,monthly,failed,card_declined,0,0.72,124,1,472,0
TX007493,C00611,475.43,UPI,returning,one_time,failed,network_error,0,0.56,15,1,862,1
TX007494,C00751,1773.81,NETBANKING,new,monthly,success,none,0,0.84,312,1,314,0
TX007495,C02584,622.39,CARD,returning,yearly,success,none,0,0.8,221,1,470,0
TX007496,C02630,475.54,NETBANKING,returning,yearly,success,none,0,0.75,53,1,895,0
TX007497,C02290,2480.08,UPI,returning,one_time,failed,card_declined,1,0.68,206,1,1274,0
TX007498,C00929,2573.29,UPI,returning,one_time,success,none,0,0.74,125,1,1099,0
TX007499,C01740,2100.36,CARD,returning,yearly,success,none,0,0.86,222,1,990,0
TX007500,C00601,2353.92,UPI,returning,monthly,success,none,0,0.6,18,1,1145,0
TX007501,C02574,890.32,UPI,returning,monthly,success,none,0,0.75,88,0,1282,0
TX007502,C00255,912.21,NETBANKING,returning,monthly,success,none,0,0.97,159,1,716,0
TX007503,C02234,612.0,CARD,returning,one_time,success,none,0,0.78,333,1,1102,0
TX007504,C01535,1275.32,UPI,returning,one_time,success,none,0,0.54,93,1,217,0
TX007505,C02273,681.91,UPI,returning,yearly,success,none,0,0.64,68,0,816,0
TX007506,C01353,742.66,UPI,new,monthly,success,none,0,0.82,361,1,705,0
TX007507,C00475,1881.66,CARD,returning,monthly,success,none,0,0.58,185,1,489,0
TX007508,C02254,3184.61,UPI,returning,yearly,success,none,0,0.84,70,1,716,0
TX007509,C01894,1569.38,NETBANKING,returning,one_time,success,none,0,0.54,23,1,1234,0
TX007510,C01394,5513.11,UPI,returning,yearly,success,none,0,0.81,63,1,22,0
TX007511,C01119,581.17,UPI,returning,one_time,failed,bank_timeout,0,0.53,118,1,1292,0
TX007512,C01032,209.73,CARD,new,yearly,success,none,0,0.75,18,1,806,0
TX007513,C01444,2086.34,NETBANKING,returning,one_time,failed,card_declined,3,0.83,45,1,564,0
TX007514,C00785,547.49,NETBANKING,returning,one_time,success,none,0,0.66,184,1,884,0
TX007515,C00848,857.2,UPI,new,monthly,success,none,0,0.83,312,1,1291,0
TX007516,C00835,223.0,UPI,new,yearly,failed,bank_timeout,0,0.53,29,0,1022,1
TX007517,C00039,488.19,CARD,returning,monthly,success,none,0,0.85,266,0,1349,0
TX007518,C02784,283.72,NETBANKING,new,monthly,success,none,0,0.74,278,1,79,0
TX007519,C00710,741.84,WALLET,returning,yearly,success,none,0,0.67,328,1,591,0
TX007520,C00496,768.86,UPI,returning,monthly,success,none,0,0.62,153,1,329,0
TX007521,C00454,1189.11,CARD,new,yearly,success,none,0,0.69,285,1,1476,0
TX007522,C02965,3346.77,UPI,returning,one_time,success,none,0,0.82,362,1,879,0
TX007523,C01431,2016.7,UPI,new,one_time,failed,bank_timeout,1,0.57,239,1,201,0
TX007524,C00981,254.69,UPI,returning,one_time,success,none,0,0.85,26,1,1189,0
TX007525,C01212,1895.45,UPI,returning,yearly,success,none,0,0.81,141,0,801,0
TX007526,C00266,1212.67,UPI,returning,one_time,failed,network_error,2,0.77,162,1,255,0
TX007527,C00942,1004.21,UPI,returning,one_time,success,none,0,0.7,253,1,922,0
TX007528,C00747,1074.46,CARD,returning,one_time,failed,expired_card,0,0.55,354,1,583,0
TX007529,C02410,1318.3,CARD,returning,one_time,failed,insufficient_funds,3,0.45,23,1,972,0
TX007530,C00176,588.34,UPI,returning,monthly,failed,bank_timeout,0,0.67,157,1,792,1
TX007531,C01277,930.65,CARD,returning,one_time,failed,expired_card,0,0.85,299,1,81,1
TX007532,C02371,3182.89,UPI,returning,yearly,success,none,0,0.77,127,1,780,0
TX007533,C02501,582.01,UPI,new,yearly,success,none,0,0.68,338,1,241,0
TX007534,C01538,434.02,WALLET,returning,monthly,success,none,0,0.9,50,1,925,0
TX007535,C00668,1037.39,UPI,returning,one_time,failed,network_error,1,0.64,123,1,175,0
TX007536,C01011,396.43,UPI,returning,yearly,success,none,0,0.64,221,0,717,0
TX007537,C00667,232.64,CARD,returning,monthly,success,none,0,0.56,227,0,1254,0
TX007538,C01987,804.31,UPI,returning,one_time,failed,insufficient_funds,0,0.61,115,1,773,0
TX007539,C00878,4039.03,UPI,returning,one_time,success,none,0,0.75,302,0,216,0
TX007540,C01892,1059.19,CARD,returning,one_time,success,none,0,0.72,209,1,350,0
TX007541,C01968,1287.84,CARD,returning,monthly,failed,bank_timeout,1,0.72,173,0,90,0
TX007542,C02820,161.24,UPI,new,one_time,success,none,0,0.7,336,1,42,0
TX007543,C01112,1626.71,NETBANKING,new,monthly,success,none,0,0.78,154,1,1354,0
TX007544,C02884,1192.76,UPI,returning,monthly,success,none,0,0.83,210,1,1239,0
TX007545,C01203,602.79,UPI,returning,one_time,success,none,0,0.83,249,0,1459,0
TX007546,C02043,1289.55,UPI,returning,one_time,failed,card_declined,0,0.73,23,1,631,0
TX007547,C01985,1278.07,UPI,new,monthly,success,none,0,0.93,62,1,1227,0
TX007548,C02454,422.61,WALLET,returning,one_time,success,none,0,0.9,180,1,459,0
TX007549,C01408,1478.33,CARD,returning,one_time,success,none,0,0.92,178,1,1211,0
TX007550,C02378,3220.92,UPI,returning,monthly,success,none,0,0.54,258,1,1361,0
TX007551,C01067,893.24,UPI,returning,one_time,failed,card_declined,0,0.59,212,1,693,0
TX007552,C01474,502.28,UPI,returning,one_time,success,none,0,0.81,218,1,544,0
TX007553,C01500,934.66,CARD,returning,monthly,success,none,0,0.82,242,1,591,0
TX007554,C02114,2366.46,UPI,new,monthly,failed,insufficient_funds,0,0.58,50,1,962,0
TX007555,C01856,363.69,NETBANKING,returning,one_time,failed,insufficient_funds,1,0.76,181,1,547,1
TX007556,C00235,1845.86,UPI,returning,monthly,success,none,0,0.8,156,1,86,0
TX007557,C02428,595.73,UPI,new,monthly,success,none,0,0.7,255,1,476,0
TX007558,C02275,1363.56,NETBANKING,returning,one_time,success,none,0,0.66,194,0,635,0
TX007559,C00314,659.91,NETBANKING,returning,yearly,success,none,0,0.85,174,1,488,0
TX007560,C02886,658.32,UPI,new,monthly,failed,card_declined,3,0.86,141,0,171,0
TX007561,C01983,4319.03,UPI,returning,yearly,failed,bank_timeout,2,0.73,317,1,678,0
TX007562,C00255,308.53,NETBANKING,new,one_time,success,none,0,0.91,337,1,1496,0
TX007563,C01475,1697.36,CARD,returning,one_time,failed,card_declined,0,0.77,266,1,1162,0
TX007564,C02509,5209.25,CARD,new,monthly,success,none,0,0.86,359,1,1168,0
TX007565,C00840,2032.39,CARD,new,yearly,success,none,0,0.81,13,1,1082,0
TX007566,C02799,330.97,NETBANKING,returning,monthly,success,none,0,0.9,277,1,464,0
TX007567,C01256,346.05,UPI,returning,monthly,failed,card_declined,0,0.84,189,1,741,0
TX007568,C00679,557.54,UPI,new,monthly,success,none,0,0.55,336,1,1383,0
TX007569,C01070,1264.1,UPI,new,one_time,success,none,0,0.71,125,1,1289,0
TX007570,C01575,1343.92,CARD,new,monthly,success,none,0,0.75,342,1,1433,0
TX007571,C02065,349.14,UPI,new,monthly,failed,insufficient_funds,1,0.9,80,1,1016,0
TX007572,C02784,499.96,UPI,returning,one_time,success,none,0,0.88,127,1,530,0
TX007573,C00585,528.3,CARD,new,one_time,failed,network_error,0,0.6,153,1,976,1
TX007574,C02881,932.0,UPI,returning,one_time,success,none,0,0.56,125,0,867,0
TX007575,C01584,6543.49,WALLET,returning,one_time,success,none,0,0.92,114,1,567,0
TX007576,C00384,473.49,UPI,new,one_time,failed,network_error,1,0.64,16,1,635,1
TX007577,C02780,455.2,CARD,returning,one_time,failed,insufficient_funds,1,0.74,104,1,785,0
TX007578,C01048,395.51,CARD,returning,monthly,success,none,0,0.59,79,1,1231,0
TX007579,C01862,1943.0,UPI,returning,monthly,failed,card_declined,1,0.46,105,1,1099,0
TX007580,C02095,1056.58,UPI,returning,one_time,success,none,0,0.77,57,0,43,0
TX007581,C00041,489.51,UPI,new,monthly,success,none,0,0.76,329,1,1003,0
TX007582,C00665,791.15,CARD,returning,one_time,success,none,0,0.83,62,1,57,0
TX007583,C02060,537.88,CARD,returning,monthly,success,none,0,0.72,12,1,567,0
TX007584,C00975,1431.25,UPI,returning,yearly,success,none,0,0.73,58,1,1451,0
TX007585,C00028,12282.6,UPI,returning,monthly,success,none,0,0.74,28,1,228,0
TX007586,C00070,1800.42,WALLET,returning,monthly,failed,bank_timeout,2,0.79,123,1,834,0
TX007587,C02480,1008.59,UPI,returning,monthly,success,none,0,0.69,267,1,909,0
TX007588,C00461,602.76,NETBANKING,new,one_time,success,none,0,0.68,237,1,551,0
TX007589,C00302,327.32,UPI,returning,one_time,failed,bank_timeout,3,0.79,238,1,1396,0
TX007590,C01687,2122.44,UPI,returning,one_time,success,none,0,0.81,315,1,732,0
TX007591,C00357,2021.14,UPI,returning,monthly,failed,expired_card,2,0.75,29,1,1148,0
TX007592,C01960,720.91,UPI,returning,yearly,success,none,0,0.76,67,1,1196,0
TX007593,C01633,3268.22,NETBANKING,returning,monthly,failed,network_error,1,0.8,298,1,678,0
TX007594,C01947,1117.66,CARD,returning,monthly,failed,card_declined,3,0.52,237,1,276,0
TX007595,C01475,2202.36,CARD,returning,monthly,success,none,0,0.68,348,1,196,0
TX007596,C02336,1431.64,CARD,new,monthly,failed,insufficient_funds,3,0.83,188,1,691,0
TX007597,C01935,935.03,CARD,returning,monthly,success,none,0,0.48,154,1,503,0
TX007598,C01246,464.33,CARD,new,yearly,success,none,0,0.47,236,1,1217,0
TX007599,C00047,962.0,CARD,new,monthly,success,none,0,0.45,71,0,242,0
TX007600,C00821,2339.86,NETBANKING,new,monthly,success,none,0,0.73,3,1,642,0
TX007601,C00395,694.14,CARD,returning,one_time,success,none,0,0.66,129,1,158,0
TX007602,C00047,1629.07,UPI,returning,monthly,failed,card_declined,0,0.42,307,1,1183,0
TX007603,C00820,413.86,UPI,returning,one_time,failed,bank_timeout,0,0.8,111,1,224,0
TX007604,C00620,2212.89,UPI,returning,one_time,success,none,0,0.91,143,1,973,0
TX007605,C00231,1453.38,UPI,new,monthly,success,none,0,0.57,139,1,83,0
TX007606,C00938,371.7,UPI,new,yearly,success,none,0,0.87,286,1,511,0
TX007607,C01520,896.4,UPI,returning,monthly,success,none,0,0.63,64,1,1153,0
TX007608,C00535,2535.88,UPI,returning,one_time,success,none,0,0.53,125,1,1412,0
TX007609,C00820,353.14,NETBANKING,returning,one_time,success,none,0,0.75,350,1,1280,0
TX007610,C00061,418.28,CARD,new,one_time,success,none,0,0.88,351,1,863,0
TX007611,C00152,1030.14,UPI,returning,one_time,failed,card_declined,1,0.85,42,1,1012,0
TX007612,C00473,7480.07,NETBANKING,returning,one_time,success,none,0,0.73,245,1,928,0
TX007613,C01359,598.65,NETBANKING,returning,one_time,success,none,0,0.8,290,0,865,0
TX007614,C01999,1712.56,NETBANKING,returning,one_time,success,none,0,0.76,338,1,191,0
TX007615,C02366,1385.92,UPI,new,one_time,success,none,0,0.85,170,0,745,0
TX007616,C01889,645.12,UPI,returning,one_time,success,none,0,0.66,151,1,595,0
TX007617,C01851,1267.78,UPI,returning,yearly,success,none,0,0.78,318,1,636,0
TX007618,C02808,732.86,CARD,returning,yearly,failed,card_declined,2,0.85,109,1,532,0
TX007619,C00767,794.71,CARD,new,monthly,success,none,0,0.6,275,1,310,0
TX007620,C02395,245.88,CARD,returning,one_time,failed,bank_timeout,1,0.9,166,1,159,0
TX007621,C02811,1072.78,CARD,returning,one_time,success,none,0,0.82,212,1,567,0
TX007622,C01704,2463.12,NETBANKING,returning,monthly,success,none,0,0.5,53,1,404,0
TX007623,C02522,1154.8,CARD,returning,monthly,success,none,0,0.75,216,1,1067,0
TX007624,C00413,2926.19,NETBANKING,returning,monthly,success,none,0,0.89,81,1,867,0
TX007625,C02637,1848.8,NETBANKING,new,monthly,success,none,0,0.92,142,0,1157,0
TX007626,C01693,1039.41,UPI,new,monthly,failed,insufficient_funds,1,0.8,138,1,1279,0
TX007627,C00665,623.2,NETBANKING,new,yearly,success,none,0,0.58,157,1,1023,0
TX007628,C00185,707.94,UPI,returning,monthly,success,none,0,0.7,124,0,1451,0
TX007629,C02160,291.94,UPI,returning,one_time,failed,card_declined,1,0.48,355,1,1491,0
TX007630,C01293,862.32,WALLET,returning,one_time,success,none,0,0.69,16,1,1341,0
TX007631,C00931,1250.63,UPI,returning,monthly,failed,insufficient_funds,0,0.76,218,1,1323,0
TX007632,C01171,5135.23,UPI,returning,one_time,success,none,0,0.64,79,1,538,0
TX007633,C02974,1764.26,WALLET,new,one_time,failed,bank_timeout,1,0.78,111,1,588,0
TX007634,C01284,503.52,UPI,returning,monthly,success,none,0,0.78,225,1,1231,0
TX007635,C00237,300.24,UPI,returning,monthly,success,none,0,0.63,21,1,113,0
TX007636,C00840,910.6,UPI,returning,yearly,success,none,0,0.52,327,0,1267,0
TX007637,C00437,2276.94,UPI,new,one_time,success,none,0,0.73,262,1,505,0
TX007638,C02058,899.15,UPI,returning,yearly,failed,bank_timeout,3,0.67,73,0,1455,0
TX007639,C02402,1786.09,UPI,returning,one_time,failed,network_error,3,0.86,327,0,861,0
TX007640,C02523,931.68,NETBANKING,new,yearly,success,none,0,0.61,78,1,1326,0
TX007641,C01899,2090.8,UPI,returning,one_time,failed,insufficient_funds,2,0.73,280,1,1283,0
TX007642,C02306,260.46,CARD,new,monthly,success,none,0,0.64,272,1,165,0
TX007643,C01252,4646.01,UPI,returning,yearly,success,none,0,0.75,202,1,171,0
TX007644,C01884,402.93,UPI,new,one_time,failed,card_declined,1,0.8,233,1,1318,0
TX007645,C00321,2240.29,CARD,returning,monthly,success,none,0,0.62,180,1,1402,0
TX007646,C01616,858.37,UPI,returning,monthly,success,none,0,0.85,323,0,16,0
TX007647,C01673,988.07,UPI,new,one_time,success,none,0,0.79,15,1,367,0
TX007648,C00094,882.72,UPI,new,monthly,success,none,0,0.57,54,1,762,0
TX007649,C01645,1380.28,UPI,returning,one_time,failed,insufficient_funds,0,0.92,285,1,1190,1
TX007650,C02169,1655.36,UPI,returning,monthly,success,none,0,0.67,329,1,1066,0
TX007651,C01103,2842.74,UPI,new,one_time,failed,insufficient_funds,1,0.74,189,1,888,0
TX007652,C01635,3893.85,UPI,new,monthly,success,none,0,0.31,102,1,864,0
TX007653,C00859,1478.29,UPI,returning,monthly,failed,network_error,0,0.83,222,1,683,1
TX007654,C00813,5127.16,UPI,returning,one_time,success,none,0,0.83,101,1,635,0
TX007655,C00389,1192.34,NETBANKING,returning,one_time,failed,bank_timeout,1,0.92,106,1,173,0
TX007656,C00984,2891.98,UPI,new,monthly,success,none,0,0.61,154,1,1248,0
TX007657,C02410,1612.99,CARD,returning,one_time,success,none,0,0.42,40,0,777,0
TX007658,C02807,668.95,CARD,new,monthly,failed,card_declined,3,0.88,351,0,751,0
TX007659,C01907,1290.92,UPI,returning,yearly,success,none,0,0.81,210,1,957,0
TX007660,C01874,1724.78,UPI,new,one_time,failed,bank_timeout,1,0.65,38,1,1208,0
TX007661,C01842,1065.31,UPI,returning,monthly,failed,insufficient_funds,1,0.79,31,1,1078,0
TX007662,C01428,1590.13,UPI,returning,yearly,failed,expired_card,1,0.82,227,1,106,0
TX007663,C01270,2389.47,UPI,returning,yearly,success,none,0,0.33,2,1,624,0
TX007664,C01863,1073.81,UPI,returning,one_time,success,none,0,0.93,310,1,240,0
TX007665,C02354,100.0,NETBANKING,returning,monthly,failed,bank_timeout,0,0.92,259,1,124,0
TX007666,C01242,4966.36,CARD,returning,one_time,success,none,0,0.75,345,1,910,0
TX007667,C01698,838.96,UPI,returning,monthly,success,none,0,0.66,191,0,940,0
TX007668,C01411,522.72,NETBANKING,returning,one_time,success,none,0,0.78,281,1,859,0
TX007669,C00857,398.74,UPI,new,one_time,success,none,0,0.78,335,1,1181,0
TX007670,C00871,810.13,UPI,returning,monthly,success,none,0,0.81,24,1,268,0
TX007671,C00237,660.85,UPI,returning,one_time,success,none,0,0.57,149,1,1016,0
TX007672,C01320,564.92,NETBANKING,returning,one_time,success,none,0,0.84,300,1,1329,0
TX007673,C02138,593.53,UPI,returning,one_time,success,none,0,0.73,45,1,1411,0
TX007674,C02057,1766.52,CARD,returning,yearly,success,none,0,0.89,283,1,191,0
TX007675,C02958,6818.04,CARD,returning,monthly,success,none,0,0.73,260,0,77,0
TX007676,C00120,2295.06,UPI,returning,monthly,success,none,0,0.73,345,1,251,0
TX007677,C02282,3011.94,UPI,returning,one_time,failed,network_error,1,0.93,158,1,1444,1
TX007678,C02386,780.81,UPI,new,yearly,failed,bank_timeout,1,0.6,66,1,1140,0
TX007679,C01310,1204.96,CARD,new,monthly,success,none,0,0.95,144,1,1349,0
TX007680,C00849,1609.75,UPI,returning,one_time,failed,card_declined,1,0.91,183,0,518,0
TX007681,C01072,605.71,UPI,new,monthly,success,none,0,0.77,243,1,1034,0
TX007682,C02048,747.58,UPI,returning,one_time,success,none,0,0.95,145,1,602,0
TX007683,C02587,2366.33,CARD,returning,one_time,success,none,0,0.83,179,1,428,0
TX007684,C01929,2925.63,CARD,new,one_time,success,none,0,0.86,253,1,1495,0
TX007685,C01543,1165.22,UPI,returning,monthly,failed,insufficient_funds,0,0.52,119,1,460,0
TX007686,C01958,374.04,UPI,returning,one_time,success,none,0,0.93,59,1,664,0
TX007687,C00212,840.48,UPI,returning,monthly,success,none,0,0.57,265,1,124,0
TX007688,C01825,299.71,UPI,new,one_time,success,none,0,0.53,16,1,149,0
TX007689,C00127,1173.43,UPI,returning,one_time,success,none,0,0.66,240,1,1496,0
TX007690,C02878,1380.03,CARD,returning,one_time,success,none,0,0.84,116,1,1385,0
TX007691,C02668,859.51,UPI,returning,one_time,failed,network_error,0,0.81,338,1,1184,1
TX007692,C01526,1363.13,UPI,returning,one_time,success,none,0,0.66,263,1,862,0
TX007693,C01123,1595.93,UPI,returning,one_time,success,none,0,0.97,236,1,1092,0
TX007694,C02197,1381.85,UPI,new,one_time,success,none,0,0.72,233,0,367,0
TX007695,C01913,371.9,CARD,returning,yearly,success,none,0,0.85,205,1,57,0
TX007696,C02117,873.11,CARD,returning,one_time,success,none,0,0.87,109,1,128,0
TX007697,C01547,1585.82,UPI,new,one_time,failed,card_declined,2,0.76,194,1,682,0
TX007698,C00709,4540.72,UPI,returning,monthly,failed,expired_card,0,0.84,217,1,648,0
TX007699,C00220,858.57,CARD,returning,monthly,failed,card_declined,3,0.86,351,0,765,0
TX007700,C00850,1800.39,CARD,returning,one_time,success,none,0,0.64,194,1,1394,0
TX007701,C01587,2417.13,NETBANKING,returning,yearly,success,none,0,0.79,214,1,98,0
TX007702,C01273,918.77,NETBANKING,new,monthly,success,none,0,0.85,114,1,754,0
TX007703,C01520,3082.72,NETBANKING,returning,monthly,success,none,0,0.82,114,1,213,0
TX007704,C00834,3235.56,NETBANKING,returning,monthly,success,none,0,0.62,8,1,702,0
TX007705,C02814,3798.44,NETBANKING,returning,monthly,success,none,0,0.77,364,1,223,0
TX007706,C01101,1656.71,CARD,returning,one_time,success,none,0,0.81,184,0,670,0
TX007707,C02539,9173.95,CARD,new,yearly,success,none,0,0.8,83,1,354,0
TX007708,C01173,630.33,CARD,returning,one_time,failed,expired_card,1,0.89,4,1,405,0
TX007709,C01331,7418.04,UPI,new,monthly,success,none,0,0.72,205,1,1118,0
TX007710,C01812,2189.59,UPI,returning,one_time,success,none,0,0.94,258,1,662,0
TX007711,C00790,3664.14,NETBANKING,returning,monthly,failed,network_error,1,0.51,3,1,552,0
TX007712,C00660,822.19,UPI,new,monthly,failed,network_error,0,0.76,78,1,229,1
TX007713,C01138,2344.97,UPI,new,monthly,failed,bank_timeout,0,0.88,226,1,1350,0
TX007714,C02413,3961.1,UPI,returning,one_time,failed,card_declined,0,0.75,116,1,1301,0
TX007715,C00434,412.15,UPI,returning,monthly,success,none,0,0.72,171,1,1464,0
TX007716,C01313,946.72,UPI,new,yearly,success,none,0,0.58,41,1,389,0
TX007717,C02017,159.63,UPI,new,one_time,success,none,0,0.81,237,1,536,0
TX007718,C02119,934.02,UPI,returning,one_time,failed,expired_card,0,0.94,204,0,491,0
TX007719,C01304,526.15,UPI,returning,monthly,failed,network_error,2,0.72,353,1,365,1
TX007720,C00245,901.45,UPI,new,monthly,failed,network_error,2,0.85,42,1,960,0
TX007721,C00048,15233.91,UPI,returning,one_time,failed,bank_timeout,2,0.76,300,1,658,0
TX007722,C01410,5146.25,UPI,returning,one_time,failed,card_declined,0,0.62,160,1,686,0
TX007723,C02431,300.21,UPI,returning,monthly,success,none,0,0.8,342,0,494,0
TX007724,C00085,1808.34,CARD,new,monthly,failed,network_error,0,0.77,243,1,1273,0
TX007725,C02663,2250.79,UPI,returning,one_time,failed,bank_timeout,1,0.73,220,1,138,0
TX007726,C02028,809.08,NETBANKING,new,monthly,failed,network_error,3,0.68,353,1,40,0
TX007727,C00025,1287.52,CARD,returning,monthly,failed,insufficient_funds,1,0.95,269,1,78,0
TX007728,C01032,1405.83,UPI,returning,one_time,success,none,0,0.91,187,1,432,0
TX007729,C00662,326.38,UPI,new,one_time,success,none,0,0.97,120,1,1297,0
TX007730,C02848,433.46,UPI,new,one_time,success,none,0,0.66,83,1,645,0
TX007731,C01665,1280.58,UPI,new,monthly,success,none,0,0.55,88,1,581,0
TX007732,C00973,1199.26,NETBANKING,new,monthly,failed,card_declined,1,0.72,250,1,713,1
TX007733,C00835,579.57,CARD,new,monthly,failed,card_declined,1,0.85,86,1,546,1
TX007734,C01692,536.5,CARD,returning,monthly,success,none,0,0.75,112,1,1485,0
TX007735,C00016,1011.51,CARD,returning,one_time,success,none,0,0.89,253,1,1050,0
TX007736,C00773,2434.6,NETBANKING,new,one_time,success,none,0,0.7,102,1,442,0
TX007737,C00497,1023.68,NETBANKING,returning,one_time,success,none,0,0.67,292,1,1366,0
TX007738,C01861,4724.22,UPI,returning,monthly,failed,card_declined,1,0.86,231,1,1280,0
TX007739,C02008,586.26,UPI,returning,yearly,success,none,0,0.68,17,1,666,0
TX007740,C01402,1304.79,UPI,returning,monthly,success,none,0,0.94,22,1,236,0
TX007741,C00421,797.22,UPI,returning,monthly,success,none,0,0.79,248,1,437,0
TX007742,C01112,1861.55,UPI,new,one_time,success,none,0,0.9,142,1,1062,0
TX007743,C02529,542.71,UPI,new,monthly,success,none,0,0.76,76,0,887,0
TX007744,C00612,6214.61,CARD,returning,monthly,success,none,0,0.86,134,1,1176,0
TX007745,C00491,239.47,UPI,returning,monthly,success,none,0,0.7,46,1,450,0
TX007746,C00335,5135.5,CARD,returning,yearly,success,none,0,0.65,56,1,314,0
TX007747,C02451,1189.14,UPI,returning,yearly,success,none,0,0.74,301,1,152,0
TX007748,C00360,1802.95,UPI,returning,monthly,success,none,0,0.64,221,1,170,0
TX007749,C01745,3644.86,NETBANKING,new,yearly,failed,card_declined,1,0.62,361,0,735,0
TX007750,C02998,2372.96,UPI,new,monthly,success,none,0,0.55,282,1,827,0
TX007751,C01926,568.49,CARD,returning,monthly,failed,bank_timeout,2,0.82,10,1,663,0
TX007752,C01237,1881.98,NETBANKING,new,one_time,failed,card_declined,0,0.7,112,0,1016,0
TX007753,C00621,5888.32,UPI,new,yearly,success,none,0,0.77,297,1,600,0
TX007754,C00006,493.46,UPI,returning,yearly,success,none,0,0.77,136,1,1370,0
TX007755,C00467,7380.42,UPI,returning,monthly,success,none,0,0.67,166,1,837,0
TX007756,C02859,1551.74,UPI,returning,one_time,success,none,0,0.83,139,1,923,0
TX007757,C00431,742.55,NETBANKING,new,one_time,success,none,0,0.58,100,0,1099,0
TX007758,C00060,490.8,NETBANKING,returning,one_time,success,none,0,0.78,213,1,578,0
TX007759,C02449,896.99,UPI,new,monthly,failed,insufficient_funds,0,0.74,30,1,1271,0
TX007760,C01256,188.72,CARD,new,one_time,failed,insufficient_funds,1,0.77,280,1,1367,0
TX007761,C01071,754.67,NETBANKING,returning,monthly,failed,insufficient_funds,1,0.66,35,1,496,0
TX007762,C02153,865.55,UPI,returning,one_time,success,none,0,0.79,53,1,697,0
TX007763,C01570,416.98,UPI,returning,monthly,failed,insufficient_funds,0,0.66,259,1,286,0
TX007764,C02744,2149.65,NETBANKING,new,monthly,success,none,0,0.83,6,1,261,0
TX007765,C01403,900.64,CARD,returning,yearly,success,none,0,0.98,131,1,158,0
TX007766,C02139,618.8,UPI,new,monthly,failed,card_declined,0,0.82,271,1,1441,0
TX007767,C02637,818.28,UPI,returning,one_time,success,none,0,0.7,112,1,660,0
TX007768,C01391,1509.6,UPI,returning,one_time,success,none,0,0.68,125,1,691,0
TX007769,C00853,1171.33,CARD,returning,yearly,success,none,0,0.67,348,1,332,0
TX007770,C02924,583.55,CARD,returning,yearly,success,none,0,0.75,191,0,527,0
TX007771,C00681,1227.93,UPI,returning,one_time,success,none,0,0.63,143,1,1284,0
TX007772,C00118,1047.74,CARD,returning,one_time,success,none,0,0.87,242,1,1270,0
TX007773,C01735,393.26,UPI,new,monthly,success,none,0,0.8,199,1,214,0
TX007774,C02961,845.85,CARD,returning,monthly,success,none,0,0.7,362,1,1443,0
TX007775,C00260,1847.16,CARD,returning,monthly,success,none,0,0.6,95,0,1173,0
TX007776,C02549,1835.23,UPI,returning,one_time,success,none,0,0.86,279,1,437,0
TX007777,C02492,891.61,UPI,returning,yearly,success,none,0,0.74,172,1,1410,0
TX007778,C02787,2016.45,UPI,returning,monthly,success,none,0,0.56,119,1,373,0
TX007779,C01265,453.97,CARD,returning,monthly,failed,network_error,2,0.74,135,1,1402,0
TX007780,C00765,466.8,CARD,returning,one_time,success,none,0,0.67,68,0,920,0
TX007781,C01537,874.69,UPI,returning,one_time,success,none,0,0.94,285,1,1079,0
TX007782,C00428,4220.92,WALLET,new,one_time,success,none,0,0.55,196,1,896,0
TX007783,C02529,1270.2,NETBANKING,returning,one_time,success,none,0,0.67,259,1,1399,0
TX007784,C01990,855.91,UPI,returning,yearly,failed,network_error,1,0.71,183,1,1194,1
TX007785,C01450,4401.6,UPI,returning,monthly,success,none,0,0.59,324,1,467,0
TX007786,C01548,847.05,UPI,new,yearly,success,none,0,0.6,46,1,1413,0
TX007787,C02137,8194.84,UPI,returning,monthly,success,none,0,0.53,145,1,1053,0
TX007788,C01570,692.18,WALLET,returning,one_time,success,none,0,0.73,167,1,20,0
TX007789,C02520,441.18,CARD,new,monthly,success,none,0,0.86,350,0,1029,0
TX007790,C02774,944.14,UPI,new,monthly,success,none,0,0.82,351,1,442,0
TX007791,C02850,876.4,UPI,returning,yearly,success,none,0,0.86,224,1,259,0
TX007792,C01861,530.09,UPI,returning,monthly,success,none,0,0.8,197,1,163,0
TX007793,C02228,11404.65,UPI,returning,one_time,success,none,0,0.72,61,0,448,0
TX007794,C00934,1460.84,UPI,new,monthly,success,none,0,0.6,361,0,488,0
TX007795,C00115,1665.41,NETBANKING,returning,monthly,success,none,0,0.55,140,1,898,0
TX007796,C01201,723.65,CARD,new,monthly,success,none,0,0.85,72,1,370,0
TX007797,C02616,652.03,NETBANKING,returning,one_time,failed,bank_timeout,0,0.64,10,1,1187,1
TX007798,C00401,2760.05,UPI,new,one_time,failed,card_declined,2,0.89,209,1,1064,0
TX007799,C01638,242.68,UPI,returning,monthly,failed,bank_timeout,3,0.75,46,1,338,0
TX007800,C00577,392.06,NETBANKING,returning,one_time,failed,expired_card,1,0.7,37,1,1231,0
TX007801,C01288,877.8,UPI,returning,monthly,success,none,0,0.5,83,1,678,0
TX007802,C00431,3699.46,UPI,new,one_time,success,none,0,0.78,271,0,1026,0
TX007803,C02205,782.85,WALLET,returning,one_time,success,none,0,0.83,236,1,122,0
TX007804,C02431,1594.85,CARD,new,one_time,failed,card_declined,1,0.89,107,1,973,1
TX007805,C02276,1124.34,NETBANKING,new,one_time,success,none,0,0.77,342,1,469,0
TX007806,C02115,3521.47,UPI,returning,one_time,success,none,0,0.44,349,1,1179,0
TX007807,C00706,263.42,CARD,new,monthly,failed,card_declined,1,0.89,44,1,221,0
TX007808,C01592,2126.79,UPI,returning,one_time,success,none,0,0.54,10,1,704,0
TX007809,C00315,916.89,UPI,returning,one_time,success,none,0,0.59,352,1,932,0
TX007810,C01124,2520.96,UPI,new,monthly,success,none,0,0.65,206,1,218,0
TX007811,C01518,524.61,NETBANKING,returning,monthly,failed,bank_timeout,0,0.76,292,1,562,0
TX007812,C02006,1120.97,UPI,new,one_time,success,none,0,0.91,257,1,638,0
TX007813,C00291,999.99,CARD,returning,monthly,failed,insufficient_funds,2,0.57,311,1,1216,0
TX007814,C02439,444.88,NETBANKING,new,one_time,success,none,0,0.84,157,1,481,0
TX007815,C01377,346.41,CARD,returning,monthly,success,none,0,0.6,169,1,952,0
TX007816,C02644,650.43,UPI,returning,one_time,success,none,0,0.65,352,1,113,0
TX007817,C01583,1232.67,CARD,new,one_time,failed,bank_timeout,0,0.94,239,1,606,1
TX007818,C01642,554.9,UPI,returning,one_time,success,none,0,0.68,110,1,1103,0
TX007819,C02078,814.79,UPI,new,yearly,success,none,0,0.86,164,1,411,0
TX007820,C02460,200.89,UPI,returning,one_time,success,none,0,0.79,9,1,843,0
TX007821,C00473,785.57,CARD,new,monthly,failed,bank_timeout,0,0.82,363,1,158,0
TX007822,C01534,2755.15,CARD,new,monthly,failed,expired_card,0,0.94,250,0,883,0
TX007823,C00090,2068.67,NETBANKING,new,one_time,success,none,0,0.65,183,1,11,0
TX007824,C01424,1014.11,UPI,returning,one_time,success,none,0,0.76,188,1,642,0
TX007825,C02441,1365.52,UPI,returning,one_time,success,none,0,0.67,363,1,1217,0
TX007826,C02597,520.38,UPI,returning,one_time,failed,network_error,0,0.8,222,1,943,1
TX007827,C00851,4731.49,WALLET,returning,yearly,success,none,0,0.98,66,0,418,0
TX007828,C01160,7051.43,NETBANKING,returning,one_time,success,none,0,0.55,202,1,930,0
TX007829,C01655,1271.99,WALLET,returning,monthly,failed,card_declined,0,0.65,14,1,1306,0
TX007830,C01188,11289.37,UPI,returning,one_time,failed,insufficient_funds,0,0.58,263,1,421,0
TX007831,C00535,594.57,UPI,new,monthly,success,none,0,0.89,257,1,264,0
TX007832,C00915,355.68,CARD,returning,one_time,success,none,0,0.89,173,1,194,0
TX007833,C01213,579.02,UPI,new,one_time,success,none,0,0.78,286,1,97,0
TX007834,C01557,900.06,UPI,returning,one_time,success,none,0,0.87,25,1,673,0
TX007835,C02763,8785.52,UPI,returning,yearly,success,none,0,0.85,32,1,1275,0
TX007836,C01635,851.46,UPI,new,monthly,failed,network_error,1,0.82,22,1,1066,0
TX007837,C01162,505.89,UPI,returning,one_time,failed,card_declined,1,0.63,188,1,1435,0
TX007838,C01982,488.52,NETBANKING,new,monthly,success,none,0,0.91,11,1,914,0
TX007839,C02320,3059.54,CARD,returning,monthly,success,none,0,0.95,89,1,1001,0
TX007840,C01292,2690.74,CARD,returning,monthly,failed,card_declined,0,0.74,352,1,1005,0
TX007841,C01468,708.44,UPI,returning,yearly,failed,card_declined,1,0.71,71,1,457,0
TX007842,C00654,202.71,CARD,returning,one_time,failed,expired_card,2,0.56,349,1,772,0
TX007843,C02595,397.13,UPI,new,monthly,success,none,0,0.68,287,1,712,0
TX007844,C02601,5162.21,UPI,returning,monthly,failed,network_error,0,0.91,142,1,544,1
TX007845,C00525,2038.41,UPI,returning,monthly,failed,network_error,1,0.88,266,1,1265,0
TX007846,C01039,1163.18,UPI,new,monthly,success,none,0,0.78,245,1,198,0
TX007847,C00816,5895.53,NETBANKING,new,one_time,success,none,0,0.89,227,1,253,0
TX007848,C02769,6390.03,NETBANKING,returning,one_time,failed,card_declined,0,0.64,20,1,1279,0
TX007849,C00196,1061.73,UPI,returning,one_time,success,none,0,0.84,24,1,71,0
TX007850,C00623,1079.43,CARD,returning,yearly,success,none,0,0.85,258,1,174,0
TX007851,C00945,649.47,UPI,new,one_time,success,none,0,0.76,139,1,853,0
TX007852,C01681,848.83,UPI,new,monthly,success,none,0,0.89,167,1,420,0
TX007853,C00747,287.81,CARD,returning,one_time,failed,insufficient_funds,1,0.87,239,1,1115,0
TX007854,C01610,286.76,CARD,new,one_time,success,none,0,0.89,182,1,136,0
TX007855,C02242,232.67,CARD,new,one_time,success,none,0,0.78,130,1,1265,0
TX007856,C02486,2909.99,UPI,new,yearly,success,none,0,0.66,37,1,884,0
TX007857,C00298,269.01,UPI,returning,one_time,success,none,0,0.66,358,1,107,0
TX007858,C00417,6342.11,UPI,new,one_time,success,none,0,0.83,143,1,1476,0
TX007859,C00286,568.31,UPI,new,one_time,failed,expired_card,0,0.55,291,1,14,0
TX007860,C02730,5237.58,UPI,returning,monthly,success,none,0,0.9,67,1,352,0
TX007861,C01957,789.54,UPI,new,monthly,success,none,0,0.85,121,1,164,0
TX007862,C01595,267.85,UPI,returning,one_time,success,none,0,0.96,3,1,786,0
TX007863,C02373,3482.14,UPI,returning,one_time,failed,bank_timeout,0,0.65,23,0,991,0
TX007864,C01759,3872.59,CARD,returning,one_time,success,none,0,0.87,151,1,1390,0
TX007865,C00707,485.2,UPI,returning,one_time,failed,insufficient_funds,0,0.66,121,1,196,0
TX007866,C01531,813.64,UPI,new,monthly,success,none,0,0.72,38,1,920,0
TX007867,C02110,485.31,NETBANKING,returning,monthly,success,none,0,0.63,82,1,1007,0
TX007868,C00109,983.9,NETBANKING,new,one_time,success,none,0,0.77,68,1,134,0
TX007869,C01820,1208.39,UPI,returning,monthly,success,none,0,0.76,278,1,195,0
TX007870,C01492,799.32,UPI,new,one_time,success,none,0,0.74,113,1,1373,0
TX007871,C00209,213.36,UPI,returning,one_time,failed,bank_timeout,0,0.6,119,1,938,1
TX007872,C00791,650.15,WALLET,new,monthly,failed,expired_card,3,0.54,166,1,545,0
TX007873,C01346,2065.58,UPI,returning,monthly,success,none,0,0.96,68,1,1209,0
TX007874,C01029,908.68,UPI,new,one_time,failed,network_error,1,0.85,88,0,1440,0
TX007875,C00871,816.73,CARD,new,one_time,failed,card_declined,2,0.79,75,0,744,0
TX007876,C01948,474.52,CARD,returning,one_time,success,none,0,0.64,347,1,220,0
TX007877,C01214,633.31,UPI,returning,one_time,success,none,0,0.81,224,1,657,0
TX007878,C01494,3897.35,UPI,returning,monthly,success,none,0,0.8,335,1,1363,0
TX007879,C02395,393.15,UPI,new,monthly,success,none,0,0.94,315,1,122,0
TX007880,C00280,2098.0,UPI,new,one_time,success,none,0,0.84,91,1,1407,0
TX007881,C01080,1144.07,UPI,returning,monthly,failed,insufficient_funds,2,0.89,17,1,111,0
TX007882,C00220,1366.94,NETBANKING,new,yearly,success,none,0,0.62,164,1,1082,0
TX007883,C02782,567.29,CARD,returning,one_time,failed,card_declined,0,0.82,132,1,944,0
TX007884,C00557,799.03,CARD,new,monthly,success,none,0,0.74,222,1,1066,0
TX007885,C02460,1091.0,CARD,returning,one_time,success,none,0,0.96,58,0,938,0
TX007886,C00573,686.36,UPI,returning,monthly,success,none,0,0.91,68,1,1392,0
TX007887,C00973,1477.77,UPI,new,yearly,failed,network_error,0,0.89,76,1,1221,0
TX007888,C01825,1655.23,CARD,returning,yearly,success,none,0,0.9,229,0,611,0
TX007889,C02495,7749.91,UPI,returning,one_time,failed,network_error,0,0.76,65,1,216,0
TX007890,C00534,1408.63,UPI,returning,monthly,success,none,0,0.64,154,1,1286,0
TX007891,C00640,196.17,UPI,returning,monthly,failed,card_declined,3,0.84,96,1,847,0
TX007892,C02646,3123.52,CARD,returning,monthly,failed,bank_timeout,1,0.83,12,1,996,0
TX007893,C00966,912.8,CARD,returning,yearly,success,none,0,0.76,65,1,569,0
TX007894,C00630,6705.83,UPI,returning,monthly,failed,bank_timeout,1,0.58,94,1,499,0
TX007895,C02231,4120.92,UPI,returning,one_time,success,none,0,0.83,297,1,753,0
TX007896,C00274,695.94,NETBANKING,returning,one_time,success,none,0,0.46,67,1,31,0
TX007897,C02601,2100.04,UPI,returning,monthly,success,none,0,0.97,212,1,709,0
TX007898,C02628,642.55,UPI,returning,one_time,success,none,0,0.84,300,1,1135,0
TX007899,C02570,1099.29,CARD,new,monthly,success,none,0,0.57,353,1,82,0
TX007900,C00886,2015.02,CARD,new,monthly,failed,bank_timeout,3,0.82,182,1,721,0
TX007901,C00343,2986.03,UPI,new,monthly,failed,insufficient_funds,0,0.83,14,1,298,0
TX007902,C01277,2454.52,UPI,returning,monthly,success,none,0,0.66,66,1,1208,0
TX007903,C01004,1173.2,NETBANKING,returning,one_time,success,none,0,0.88,200,1,335,0
TX007904,C02878,10250.5,UPI,new,monthly,success,none,0,0.77,208,1,667,0
TX007905,C01896,789.56,NETBANKING,returning,monthly,success,none,0,0.75,357,1,102,0
TX007906,C02834,258.14,CARD,new,one_time,success,none,0,0.79,159,1,154,0
TX007907,C02253,306.98,NETBANKING,new,monthly,failed,network_error,2,0.76,159,1,817,0
TX007908,C02145,4132.37,UPI,new,monthly,success,none,0,0.47,156,0,841,0
TX007909,C00336,1023.53,UPI,returning,one_time,success,none,0,0.79,101,1,402,0
TX007910,C00207,1265.41,UPI,new,one_time,failed,card_declined,1,0.69,74,1,946,0
TX007911,C00140,672.99,UPI,new,one_time,success,none,0,0.75,341,1,252,0
TX007912,C01781,729.65,UPI,returning,monthly,success,none,0,0.7,233,1,687,0
TX007913,C00606,540.02,UPI,returning,one_time,success,none,0,0.83,314,0,1459,0
TX007914,C02968,1675.78,UPI,returning,one_time,success,none,0,0.71,299,1,244,0
TX007915,C00398,1004.61,CARD,new,monthly,success,none,0,0.68,319,1,1231,0
TX007916,C02841,1622.15,UPI,returning,one_time,success,none,0,0.87,177,0,157,0
TX007917,C02003,1488.46,UPI,new,one_time,failed,network_error,2,0.93,105,1,199,0
TX007918,C00319,747.48,UPI,new,one_time,success,none,0,0.86,55,1,415,0
TX007919,C00176,295.05,CARD,returning,one_time,failed,card_declined,2,0.67,303,1,301,1
TX007920,C01188,272.81,UPI,returning,one_time,success,none,0,0.68,96,1,1036,0
TX007921,C01017,16713.74,CARD,returning,monthly,success,none,0,0.68,308,1,768,0
TX007922,C00947,4147.89,UPI,returning,one_time,success,none,0,0.81,115,1,737,0
TX007923,C01586,3663.46,CARD,new,one_time,success,none,0,0.71,52,0,1071,0
TX007924,C00390,597.56,CARD,new,one_time,failed,network_error,0,0.73,322,1,776,1
TX007925,C00389,1106.06,UPI,returning,one_time,success,none,0,0.7,129,1,1234,0
TX007926,C02085,526.46,CARD,new,one_time,success,none,0,0.35,228,1,621,0
TX007927,C02971,336.68,NETBANKING,returning,one_time,success,none,0,0.67,149,1,1363,0
TX007928,C00822,645.55,UPI,returning,one_time,failed,insufficient_funds,0,0.66,338,1,1099,0
TX007929,C02796,3617.6,UPI,returning,monthly,success,none,0,0.84,70,1,918,0
TX007930,C01035,2337.11,NETBANKING,new,yearly,success,none,0,0.66,118,0,1343,0
TX007931,C01008,458.04,NETBANKING,new,one_time,failed,insufficient_funds,0,0.75,283,0,315,0
TX007932,C00272,826.06,CARD,new,monthly,failed,card_declined,1,0.71,318,0,792,0
TX007933,C01270,2152.12,UPI,new,one_time,failed,card_declined,0,0.78,212,1,1333,0
TX007934,C01494,655.98,UPI,new,one_time,success,none,0,0.61,289,1,1419,0
TX007935,C01992,1178.06,NETBANKING,returning,one_time,failed,network_error,2,0.43,224,1,19,0
TX007936,C00475,1574.45,CARD,returning,one_time,success,none,0,0.65,346,1,376,0
TX007937,C00567,1559.06,UPI,new,monthly,failed,insufficient_funds,0,0.83,350,1,1491,1
TX007938,C01297,1378.47,UPI,new,one_time,failed,insufficient_funds,0,0.67,89,1,1038,0
TX007939,C00209,608.91,CARD,returning,monthly,success,none,0,0.55,127,0,887,0
TX007940,C00431,667.89,CARD,new,monthly,failed,card_declined,0,0.51,345,1,1397,0
TX007941,C01888,395.33,WALLET,new,monthly,success,none,0,0.9,105,1,1497,0
TX007942,C02862,269.02,UPI,returning,one_time,success,none,0,0.93,241,1,1440,0
TX007943,C01719,989.03,UPI,new,one_time,success,none,0,0.66,363,1,1209,0
TX007944,C00435,2286.17,UPI,new,monthly,failed,expired_card,1,0.42,268,1,127,0
TX007945,C02973,316.63,UPI,new,monthly,success,none,0,0.78,238,0,556,0
TX007946,C01566,1402.03,UPI,returning,monthly,failed,bank_timeout,1,0.46,68,1,876,0
TX007947,C02151,2222.01,UPI,returning,one_time,failed,insufficient_funds,1,0.86,78,1,512,0
TX007948,C00591,209.96,UPI,returning,monthly,failed,expired_card,1,0.71,79,0,160,0
TX007949,C01736,859.61,UPI,returning,monthly,failed,insufficient_funds,2,0.73,29,1,953,0
TX007950,C00230,4825.11,NETBANKING,returning,one_time,failed,bank_timeout,0,0.67,362,1,455,0
TX007951,C01878,1802.17,UPI,new,yearly,success,none,0,0.67,304,1,1007,0
TX007952,C00607,203.69,UPI,returning,monthly,success,none,0,0.74,286,0,962,0
TX007953,C02729,1983.28,CARD,returning,one_time,success,none,0,0.93,282,0,1399,0
TX007954,C00165,559.5,UPI,returning,one_time,success,none,0,0.58,324,1,1474,0
TX007955,C01958,2043.0,UPI,returning,monthly,failed,network_error,0,0.64,258,1,737,1
TX007956,C00419,589.29,NETBANKING,new,monthly,success,none,0,0.75,96,1,1318,0
TX007957,C02062,1045.52,CARD,new,yearly,success,none,0,0.91,86,1,1292,0
TX007958,C01481,676.01,UPI,returning,monthly,success,none,0,0.84,181,0,592,0
TX007959,C02903,1099.75,NETBANKING,new,one_time,success,none,0,0.84,72,1,374,0
TX007960,C01956,658.16,NETBANKING,returning,one_time,failed,network_error,1,0.48,193,1,492,0
TX007961,C01116,896.78,NETBANKING,returning,monthly,success,none,0,0.82,267,1,1006,0
TX007962,C00263,380.68,UPI,new,monthly,success,none,0,0.46,97,1,896,0
TX007963,C01788,1705.47,CARD,returning,yearly,success,none,0,0.55,80,1,552,0
TX007964,C01324,1284.03,UPI,returning,monthly,failed,expired_card,0,0.77,53,1,35,0
TX007965,C00158,255.99,UPI,returning,yearly,success,none,0,0.89,201,1,696,0
TX007966,C01744,2680.14,UPI,returning,monthly,success,none,0,0.58,68,1,1036,0
TX007967,C00630,935.74,NETBANKING,returning,monthly,failed,insufficient_funds,1,0.84,334,1,1113,0
TX007968,C00703,1268.49,UPI,new,monthly,success,none,0,0.85,117,1,132,0
TX007969,C00027,2182.24,NETBANKING,returning,monthly,success,none,0,0.6,289,1,576,0
TX007970,C01117,1473.53,WALLET,returning,monthly,failed,bank_timeout,0,0.63,154,1,56,0
TX007971,C00655,3129.67,UPI,returning,monthly,success,none,0,0.65,309,1,555,0
TX007972,C00216,842.21,UPI,returning,one_time,success,none,0,0.79,7,1,378,0
TX007973,C01303,2782.17,WALLET,returning,yearly,success,none,0,0.82,82,1,1454,0
TX007974,C00661,1224.92,UPI,new,monthly,success,none,0,0.65,174,1,384,0
TX007975,C00403,1731.72,CARD,returning,one_time,success,none,0,0.92,197,1,382,0
TX007976,C01401,1576.98,UPI,returning,one_time,success,none,0,0.74,193,1,1128,0
TX007977,C00190,3349.8,UPI,returning,one_time,failed,insufficient_funds,0,0.79,251,1,139,0
TX007978,C02972,2099.12,UPI,returning,monthly,success,none,0,0.88,173,0,1054,0
TX007979,C01413,736.09,UPI,returning,one_time,success,none,0,0.77,283,1,1433,0
TX007980,C02989,615.76,NETBANKING,returning,one_time,failed,insufficient_funds,1,0.68,216,1,96,0
TX007981,C02645,1048.61,UPI,new,one_time,success,none,0,0.84,330,1,1338,0
TX007982,C02939,553.3,UPI,new,one_time,success,none,0,0.67,33,1,592,0
TX007983,C01629,425.4,CARD,returning,yearly,success,none,0,0.81,253,1,1038,0
TX007984,C01270,161.54,WALLET,returning,monthly,success,none,0,0.98,321,0,991,0
TX007985,C02160,271.96,UPI,new,one_time,success,none,0,0.76,25,0,575,0
TX007986,C00243,6547.68,CARD,new,yearly,success,none,0,0.71,86,0,234,0
TX007987,C02521,607.38,UPI,returning,one_time,failed,network_error,3,0.66,87,1,234,0
TX007988,C00971,6082.15,NETBANKING,new,yearly,failed,bank_timeout,1,0.81,160,1,873,0
TX007989,C00023,1576.31,CARD,returning,yearly,failed,network_error,1,0.87,188,1,1236,0
TX007990,C00714,1048.61,NETBANKING,returning,monthly,success,none,0,0.87,312,1,683,0
TX007991,C00727,284.14,CARD,new,monthly,success,none,0,0.63,140,0,731,0
TX007992,C00043,1101.25,NETBANKING,returning,monthly,success,none,0,0.87,261,1,830,0
TX007993,C02006,6020.74,UPI,returning,one_time,success,none,0,0.76,306,1,375,0
TX007994,C00286,4455.4,CARD,new,one_time,success,none,0,0.58,263,1,1417,0
TX007995,C02541,1403.63,CARD,returning,one_time,success,none,0,0.59,335,1,770,0
TX007996,C01360,390.02,UPI,returning,one_time,success,none,0,0.68,292,1,881,0
TX007997,C02155,463.38,NETBANKING,returning,one_time,success,none,0,0.98,136,1,1385,0
TX007998,C01019,509.11,CARD,returning,yearly,failed,bank_timeout,0,0.82,352,1,1412,0
TX007999,C00396,3464.55,NETBANKING,returning,one_time,success,none,0,0.76,345,1,1296,0
TX008000,C00542,4762.6,UPI,new,one_time,success,none,0,0.91,15,1,103,0
TX008001,C01938,1308.06,NETBANKING,returning,one_time,success,none,0,0.8,351,0,123,0
TX008002,C02149,834.83,UPI,returning,one_time,failed,card_declined,0,0.64,364,1,1284,0
TX008003,C00803,4419.75,WALLET,returning,monthly,success,none,0,0.74,309,0,147,0
TX008004,C01072,454.54,UPI,new,monthly,success,none,0,0.8,341,1,433,0
TX008005,C02836,1148.99,CARD,new,monthly,success,none,0,0.84,303,1,652,0
TX008006,C02556,1663.48,UPI,returning,monthly,success,none,0,0.72,52,1,504,0
TX008007,C01240,504.46,CARD,returning,monthly,success,none,0,0.67,12,1,1428,0
TX008008,C00723,618.74,UPI,returning,one_time,success,none,0,0.79,108,0,236,0
TX008009,C00905,576.88,NETBANKING,new,monthly,failed,insufficient_funds,1,0.9,14,1,681,0
TX008010,C01616,3924.74,NETBANKING,new,one_time,success,none,0,0.79,240,1,557,0
TX008011,C01701,6142.15,UPI,returning,one_time,success,none,0,0.88,314,1,326,0
TX008012,C00553,1215.99,NETBANKING,returning,yearly,success,none,0,0.91,321,1,804,0
TX008013,C00198,861.44,CARD,returning,monthly,success,none,0,0.49,36,0,713,0
TX008014,C01486,639.15,UPI,new,monthly,failed,bank_timeout,2,0.81,198,1,992,0
TX008015,C02393,1098.36,UPI,new,one_time,success,none,0,0.78,193,1,1322,0
TX008016,C00458,668.34,UPI,new,monthly,success,none,0,0.56,187,1,665,0
TX008017,C01226,1004.93,UPI,returning,yearly,success,none,0,0.79,328,1,433,0
TX008018,C00485,1590.67,UPI,new,yearly,success,none,0,0.92,44,1,1443,0
TX008019,C00727,761.45,UPI,new,monthly,success,none,0,0.52,26,1,836,0
TX008020,C01837,924.61,UPI,returning,monthly,failed,insufficient_funds,0,0.54,264,1,917,0
TX008021,C00859,928.05,WALLET,returning,one_time,failed,network_error,0,0.93,221,1,765,1
TX008022,C00792,824.02,UPI,returning,one_time,success,none,0,0.58,182,1,407,0
TX008023,C02987,737.08,NETBANKING,returning,one_time,success,none,0,0.62,66,1,1093,0
TX008024,C00518,2177.6,NETBANKING,new,monthly,success,none,0,0.71,38,1,972,0
TX008025,C00568,222.81,CARD,new,yearly,success,none,0,0.68,229,1,1152,0
TX008026,C02790,4522.64,UPI,returning,yearly,success,none,0,0.75,333,1,1103,0
TX008027,C01651,1238.9,UPI,returning,one_time,success,none,0,0.76,346,0,868,0
TX008028,C00130,1898.87,NETBANKING,returning,one_time,success,none,0,0.72,87,1,55,0
TX008029,C01275,2106.05,CARD,returning,one_time,failed,bank_timeout,3,0.77,212,1,806,0
TX008030,C01696,579.84,NETBANKING,returning,monthly,success,none,0,0.68,194,0,1117,0
TX008031,C00760,481.58,UPI,returning,monthly,success,none,0,0.93,346,1,663,0
TX008032,C01645,433.1,CARD,new,monthly,success,none,0,0.59,304,1,87,0
TX008033,C01946,877.99,UPI,new,yearly,failed,bank_timeout,2,0.96,46,1,1179,1
TX008034,C00752,2057.58,CARD,returning,monthly,success,none,0,0.79,246,1,761,0
TX008035,C02438,648.47,CARD,new,monthly,success,none,0,0.77,298,1,565,0
TX008036,C01359,1895.31,UPI,returning,yearly,success,none,0,0.82,86,1,4,0
TX008037,C02891,130.17,UPI,returning,monthly,success,none,0,0.91,127,1,873,0
TX008038,C00264,775.1,UPI,new,one_time,failed,bank_timeout,2,0.88,364,1,236,0
TX008039,C00973,3135.12,UPI,returning,one_time,failed,network_error,0,0.95,136,1,616,1
TX008040,C02164,940.23,UPI,returning,one_time,success,none,0,0.96,34,0,907,0
TX008041,C02685,519.97,UPI,new,one_time,success,none,0,0.62,355,1,477,0
TX008042,C00666,607.19,UPI,returning,monthly,failed,expired_card,1,0.65,294,1,585,0
TX008043,C02941,100.0,CARD,returning,monthly,success,none,0,0.73,22,1,1060,0
TX008044,C00581,441.15,CARD,returning,one_time,success,none,0,0.82,169,1,361,0
TX008045,C01249,2839.88,UPI,new,one_time,success,none,0,0.73,275,1,652,0
TX008046,C00945,649.15,UPI,returning,one_time,success,none,0,0.67,27,1,315,0
TX008047,C01273,721.92,CARD,returning,monthly,success,none,0,0.83,161,1,945,0
TX008048,C02708,134.47,UPI,new,one_time,success,none,0,0.97,89,1,1335,0
TX008049,C02198,252.71,UPI,new,one_time,success,none,0,0.68,47,1,248,0
TX008050,C02390,3200.44,UPI,returning,monthly,failed,network_error,0,0.89,31,1,865,0
TX008051,C00762,1911.35,WALLET,new,monthly,success,none,0,0.56,205,1,433,0
TX008052,C02841,341.14,UPI,returning,one_time,failed,card_declined,1,0.59,76,1,1221,0
TX008053,C01307,621.72,WALLET,new,monthly,success,none,0,0.77,264,1,947,0
TX008054,C01956,1068.22,UPI,returning,one_time,failed,bank_timeout,3,0.92,323,1,913,0
TX008055,C02094,373.71,UPI,returning,monthly,success,none,0,0.58,186,1,327,0
TX008056,C01989,180.6,UPI,new,monthly,success,none,0,0.6,107,1,161,0
TX008057,C01806,950.24,CARD,returning,one_time,success,none,0,0.7,74,1,1167,0
TX008058,C01441,1836.01,UPI,new,one_time,failed,insufficient_funds,0,0.65,223,1,932,0
TX008059,C01943,1868.09,CARD,returning,monthly,success,none,0,0.58,258,1,467,0
TX008060,C02716,2410.8,WALLET,returning,one_time,success,none,0,0.81,73,1,454,0
TX008061,C01170,270.91,UPI,returning,one_time,success,none,0,0.73,126,1,913,0
TX008062,C01533,1155.3,UPI,returning,one_time,success,none,0,0.63,90,0,1011,0
TX008063,C00541,861.26,CARD,returning,one_time,failed,card_declined,1,0.64,287,1,135,1
TX008064,C01066,1013.84,UPI,returning,monthly,success,none,0,0.64,129,0,776,0
TX008065,C02317,906.32,CARD,new,monthly,success,none,0,0.51,231,1,706,0
TX008066,C01922,605.22,NETBANKING,returning,yearly,success,none,0,0.83,346,0,1441,0
TX008067,C00634,100.0,UPI,new,monthly,success,none,0,0.71,98,1,312,0
TX008068,C01639,3120.18,UPI,returning,monthly,success,none,0,0.63,77,0,738,0
TX008069,C02436,1475.85,CARD,returning,one_time,failed,card_declined,1,0.58,132,1,899,1
TX008070,C00373,288.34,UPI,returning,one_time,failed,network_error,0,0.82,240,1,1274,0
TX008071,C00186,1678.77,UPI,returning,one_time,success,none,0,0.85,142,0,1279,0
TX008072,C01179,733.21,UPI,returning,one_time,success,none,0,0.77,136,1,129,0
TX008073,C01970,752.14,UPI,new,monthly,failed,bank_timeout,0,0.49,313,0,995,0
TX008074,C00940,549.18,UPI,returning,one_time,failed,network_error,2,0.73,52,1,199,1
TX008075,C02464,1777.99,CARD,returning,one_time,failed,bank_timeout,0,0.73,217,1,1352,0
TX008076,C02541,533.87,UPI,returning,monthly,failed,insufficient_funds,3,0.74,202,1,222,0
TX008077,C01598,408.65,UPI,new,one_time,failed,bank_timeout,2,0.72,153,1,689,1
TX008078,C01137,3036.83,WALLET,new,yearly,success,none,0,0.79,136,1,1328,0
TX008079,C00126,933.56,UPI,returning,monthly,success,none,0,0.72,238,1,876,0
TX008080,C02465,960.32,UPI,returning,one_time,failed,insufficient_funds,0,0.58,318,1,265,0
TX008081,C02686,2045.13,NETBANKING,returning,one_time,failed,network_error,0,0.72,28,0,225,1
TX008082,C01328,601.35,UPI,returning,yearly,success,none,0,0.65,337,1,1411,0
TX008083,C01550,719.58,NETBANKING,returning,monthly,success,none,0,0.85,5,1,934,0
TX008084,C02261,1443.96,CARD,returning,yearly,success,none,0,0.55,208,1,1145,0
TX008085,C02087,273.9,UPI,returning,one_time,success,none,0,0.91,145,0,833,0
TX008086,C00406,1338.08,UPI,returning,monthly,failed,expired_card,0,0.72,107,1,534,0
TX008087,C02017,555.5,UPI,new,one_time,success,none,0,0.74,292,1,143,0
TX008088,C02774,2368.29,NETBANKING,returning,one_time,success,none,0,0.68,194,1,1129,0
TX008089,C02253,1793.63,UPI,returning,one_time,success,none,0,0.74,81,1,1475,0
TX008090,C01442,1592.55,CARD,returning,monthly,success,none,0,0.58,323,1,721,0
TX008091,C01570,258.2,NETBANKING,returning,monthly,success,none,0,0.83,125,1,384,0
TX008092,C00780,999.19,CARD,returning,monthly,success,none,0,0.88,246,1,614,0
TX008093,C01983,380.11,UPI,new,one_time,success,none,0,0.68,51,1,1070,0
TX008094,C00725,1060.85,CARD,new,yearly,failed,card_declined,2,0.73,32,1,1315,0
TX008095,C01026,136.49,CARD,returning,one_time,success,none,0,0.61,219,1,442,0
TX008096,C00796,274.03,UPI,returning,yearly,failed,bank_timeout,0,0.91,24,1,203,1
TX008097,C01006,3197.52,NETBANKING,new,monthly,failed,expired_card,0,0.72,346,0,25,0
TX008098,C01101,1528.66,UPI,returning,one_time,success,none,0,0.66,57,1,235,0
TX008099,C00249,797.57,WALLET,returning,monthly,success,none,0,0.88,183,1,1347,0
TX008100,C02153,484.02,UPI,returning,monthly,success,none,0,0.6,207,1,338,0
TX008101,C01323,413.3,UPI,new,one_time,success,none,0,0.99,310,1,881,0
TX008102,C02849,1313.09,CARD,new,one_time,success,none,0,0.77,62,1,995,0
TX008103,C00543,804.91,UPI,returning,yearly,success,none,0,0.79,339,1,530,0
TX008104,C02008,4411.55,UPI,new,yearly,failed,card_declined,0,0.96,93,1,529,0
TX008105,C00538,928.63,UPI,returning,monthly,success,none,0,0.74,351,0,60,0
TX008106,C01642,1156.15,NETBANKING,returning,one_time,success,none,0,0.53,193,0,1169,0
TX008107,C01473,314.3,UPI,returning,one_time,failed,card_declined,1,0.8,98,1,425,0
TX008108,C01346,792.64,CARD,returning,one_time,success,none,0,0.82,207,1,266,0
TX008109,C01965,1286.0,CARD,returning,monthly,success,none,0,0.82,276,1,276,0
TX008110,C02485,784.07,UPI,returning,one_time,success,none,0,0.62,301,1,1040,0
TX008111,C00951,708.35,UPI,new,one_time,success,none,0,0.64,102,1,291,0
TX008112,C02549,1471.77,UPI,new,monthly,failed,network_error,1,0.74,160,1,1470,0
TX008113,C00555,4286.99,WALLET,returning,yearly,failed,insufficient_funds,1,0.62,184,1,1326,1
TX008114,C00880,1249.47,CARD,new,one_time,success,none,0,0.92,284,1,1436,0
TX008115,C00933,3071.03,NETBANKING,new,one_time,failed,insufficient_funds,0,0.73,252,1,504,0
TX008116,C02861,1918.77,CARD,new,monthly,success,none,0,0.86,29,1,1183,0
TX008117,C00356,2910.03,NETBANKING,returning,one_time,success,none,0,0.71,20,1,1325,0
TX008118,C01186,633.49,WALLET,returning,one_time,failed,bank_timeout,2,0.67,198,0,641,0
TX008119,C01274,910.29,UPI,returning,one_time,failed,card_declined,0,0.88,292,1,343,0
TX008120,C02401,913.7,NETBANKING,returning,one_time,success,none,0,0.83,157,1,79,0
TX008121,C01458,1793.01,UPI,new,monthly,success,none,0,0.8,99,1,856,0
TX008122,C02901,2237.63,UPI,returning,one_time,success,none,0,0.74,337,1,991,0
TX008123,C02221,1227.27,UPI,returning,monthly,success,none,0,0.67,95,1,976,0
TX008124,C02111,2413.99,UPI,returning,one_time,failed,expired_card,1,0.7,263,1,6,0
TX008125,C02259,660.5,UPI,returning,monthly,success,none,0,0.86,53,1,1191,0
TX008126,C00485,2432.9,UPI,new,monthly,success,none,0,0.71,252,1,1165,0
TX008127,C01348,2735.93,UPI,returning,monthly,success,none,0,0.78,168,1,228,0
TX008128,C01759,2017.77,NETBANKING,returning,one_time,failed,network_error,1,0.81,330,1,454,1
TX008129,C00626,1237.38,UPI,returning,monthly,success,none,0,0.6,209,0,533,0
TX008130,C00357,2083.89,UPI,new,yearly,failed,insufficient_funds,0,0.48,91,1,1307,0
TX008131,C00408,490.49,CARD,returning,one_time,success,none,0,0.84,185,1,249,0
TX008132,C02368,1310.97,CARD,new,one_time,success,none,0,0.94,276,1,454,0
TX008133,C01971,1437.21,NETBANKING,returning,one_time,success,none,0,0.56,149,1,530,0
TX008134,C00844,331.44,UPI,new,yearly,success,none,0,0.83,316,0,902,0
TX008135,C02212,1680.97,UPI,new,one_time,success,none,0,0.75,309,1,1010,0
TX008136,C02086,356.4,NETBANKING,returning,one_time,success,none,0,0.74,362,1,22,0
TX008137,C02450,746.11,UPI,returning,yearly,failed,card_declined,0,0.78,191,0,98,0
TX008138,C02731,1136.59,CARD,new,one_time,success,none,0,0.62,157,1,1325,0
TX008139,C02647,568.12,UPI,returning,one_time,success,none,0,0.84,126,1,712,0
TX008140,C00544,1181.21,UPI,returning,monthly,success,none,0,0.73,243,0,1213,0
TX008141,C02308,1164.33,NETBANKING,returning,one_time,failed,expired_card,0,0.47,197,1,1239,0
TX008142,C01179,524.18,UPI,new,one_time,success,none,0,0.78,69,1,848,0
TX008143,C01210,1828.36,UPI,returning,one_time,failed,bank_timeout,0,0.85,335,1,1231,1
TX008144,C01942,551.29,CARD,returning,monthly,failed,insufficient_funds,3,0.85,204,1,144,0
TX008145,C01807,8597.07,UPI,returning,monthly,failed,insufficient_funds,1,0.61,156,1,967,1
TX008146,C01259,993.73,UPI,new,one_time,success,none,0,0.83,163,1,1021,0
TX008147,C02999,382.16,UPI,new,monthly,success,none,0,0.86,113,0,1014,0
TX008148,C00525,452.19,UPI,returning,yearly,success,none,0,0.85,51,1,1213,0
TX008149,C00291,3080.42,CARD,returning,one_time,failed,insufficient_funds,1,0.69,27,0,1467,1
TX008150,C00088,758.82,UPI,new,yearly,success,none,0,0.64,335,0,1304,0
TX008151,C02443,321.38,UPI,new,yearly,failed,network_error,0,0.82,273,1,5,0
TX008152,C01220,2364.55,UPI,new,one_time,failed,insufficient_funds,1,0.8,329,1,944,0
TX008153,C01313,754.45,NETBANKING,returning,monthly,success,none,0,0.8,257,1,689,0
TX008154,C01948,1974.51,UPI,new,monthly,success,none,0,0.9,349,1,354,0
TX008155,C01307,2545.31,NETBANKING,returning,monthly,success,none,0,0.62,328,1,525,0
TX008156,C01722,1403.91,UPI,new,monthly,success,none,0,0.74,66,1,1441,0
TX008157,C00176,9474.1,UPI,returning,one_time,success,none,0,0.71,188,1,1475,0
TX008158,C00469,232.23,CARD,returning,yearly,success,none,0,0.59,7,1,825,0
TX008159,C02797,525.23,UPI,new,one_time,failed,network_error,0,0.98,6,0,677,1
TX008160,C01353,871.0,CARD,returning,monthly,success,none,0,0.83,271,1,129,0
TX008161,C00503,8392.18,NETBANKING,returning,yearly,success,none,0,0.57,174,1,1122,0
TX008162,C01109,5531.43,NETBANKING,returning,one_time,success,none,0,0.82,99,1,1437,0
TX008163,C01005,3497.56,UPI,new,monthly,failed,expired_card,1,0.93,167,1,1373,0
TX008164,C00823,536.62,CARD,returning,monthly,failed,card_declined,1,0.7,229,1,1382,1
TX008165,C00881,596.0,UPI,new,yearly,success,none,0,0.75,299,1,1053,0
TX008166,C02188,520.24,CARD,returning,one_time,success,none,0,0.76,195,1,373,0
TX008167,C00321,541.81,UPI,returning,monthly,success,none,0,0.68,181,1,668,0
TX008168,C00929,4202.5,UPI,returning,one_time,success,none,0,0.93,211,0,34,0
TX008169,C01404,880.61,UPI,returning,one_time,success,none,0,0.96,52,1,1071,0
TX008170,C01621,991.93,UPI,new,one_time,failed,insufficient_funds,0,0.87,181,1,296,0
TX008171,C02642,2201.62,CARD,returning,monthly,success,none,0,0.93,110,1,1079,0
TX008172,C02770,245.38,UPI,returning,monthly,failed,network_error,3,0.69,4,1,830,0
TX008173,C00893,1149.84,UPI,returning,one_time,failed,bank_timeout,2,0.75,252,1,832,1
TX008174,C01618,408.63,CARD,new,one_time,success,none,0,0.73,98,1,33,0
TX008175,C00068,841.37,UPI,returning,one_time,failed,network_error,0,0.8,238,1,1364,0
TX008176,C01852,646.92,WALLET,new,yearly,success,none,0,0.51,336,1,1460,0
TX008177,C00459,617.59,UPI,returning,one_time,success,none,0,0.77,5,1,1492,0
TX008178,C00220,1343.49,UPI,new,monthly,failed,network_error,2,0.54,154,1,250,0
TX008179,C02016,1338.22,UPI,returning,monthly,failed,network_error,0,0.6,105,1,243,1
TX008180,C00535,899.79,UPI,returning,yearly,failed,network_error,0,0.91,116,1,1411,0
TX008181,C01433,1530.91,UPI,new,monthly,failed,network_error,0,0.76,356,1,296,1
TX008182,C00303,501.82,CARD,new,one_time,success,none,0,0.71,9,1,1133,0
TX008183,C02238,2025.21,UPI,new,one_time,success,none,0,0.86,207,1,627,0
TX008184,C02295,910.89,NETBANKING,returning,one_time,failed,insufficient_funds,1,0.82,136,1,1475,0
TX008185,C01725,709.6,UPI,returning,monthly,success,none,0,0.72,34,1,1492,0
TX008186,C02508,536.31,CARD,new,one_time,success,none,0,0.61,81,1,102,0
TX008187,C01311,882.49,UPI,returning,one_time,success,none,0,0.83,60,1,140,0
TX008188,C00560,5905.12,UPI,returning,one_time,success,none,0,0.75,190,1,140,0
TX008189,C00455,1035.89,UPI,new,one_time,success,none,0,0.8,76,1,1205,0
TX008190,C00658,391.52,UPI,returning,one_time,success,none,0,0.61,253,1,1420,0
TX008191,C00601,2507.24,CARD,returning,one_time,success,none,0,0.54,64,0,807,0
TX008192,C00970,717.14,UPI,returning,one_time,failed,card_declined,0,0.86,23,0,43,0
TX008193,C00644,1415.71,UPI,returning,monthly,success,none,0,0.82,264,1,874,0
TX008194,C01774,635.81,WALLET,returning,one_time,success,none,0,0.83,260,1,315,0
TX008195,C00446,3472.73,UPI,returning,monthly,success,none,0,0.71,86,1,1104,0
TX008196,C01866,644.4,UPI,returning,monthly,success,none,0,0.81,9,1,312,0
TX008197,C01003,3858.65,UPI,new,monthly,success,none,0,0.8,150,0,897,0
TX008198,C02061,426.52,UPI,returning,one_time,success,none,0,0.84,249,0,789,0
TX008199,C01539,842.51,UPI,returning,monthly,success,none,0,0.72,23,0,687,0
TX008200,C02716,3866.08,CARD,new,one_time,failed,network_error,0,0.64,57,1,1261,0
TX008201,C01320,1275.84,CARD,returning,one_time,success,none,0,0.96,215,1,1015,0
TX008202,C00886,8470.28,CARD,returning,one_time,failed,card_declined,1,0.84,127,1,1064,0
TX008203,C01768,860.72,UPI,new,yearly,success,none,0,0.88,324,0,4,0
TX008204,C01977,1382.07,UPI,returning,one_time,success,none,0,0.68,45,1,415,0
TX008205,C01318,6091.41,CARD,new,monthly,success,none,0,0.59,270,0,542,0
TX008206,C01680,280.75,UPI,new,one_time,success,none,0,0.76,202,1,763,0
TX008207,C01413,251.14,UPI,returning,monthly,success,none,0,0.87,100,1,459,0
TX008208,C00918,535.95,UPI,new,one_time,success,none,0,0.71,289,1,1187,0
TX008209,C00941,2280.24,CARD,returning,monthly,failed,insufficient_funds,0,0.45,88,1,1383,1
TX008210,C02723,257.53,UPI,new,one_time,success,none,0,0.74,204,1,188,0
TX008211,C02027,1876.84,NETBANKING,returning,one_time,success,none,0,0.46,165,0,1375,0
TX008212,C00287,1761.7,UPI,returning,monthly,success,none,0,0.82,329,1,301,0
TX008213,C02887,6720.72,WALLET,new,one_time,success,none,0,0.81,40,1,786,0
TX008214,C02137,2809.99,UPI,new,one_time,success,none,0,0.88,12,1,428,0
TX008215,C00151,1521.79,CARD,new,monthly,success,none,0,0.89,234,1,917,0
TX008216,C02184,3726.48,UPI,new,yearly,success,none,0,0.74,131,1,778,0
TX008217,C01769,1781.15,NETBANKING,returning,one_time,success,none,0,0.73,361,1,636,0
TX008218,C02746,724.83,UPI,returning,monthly,success,none,0,0.89,139,1,1463,0
TX008219,C01469,391.45,NETBANKING,returning,one_time,success,none,0,0.55,170,1,1432,0
TX008220,C01556,656.93,CARD,returning,monthly,success,none,0,0.73,117,1,1462,0
TX008221,C00945,1057.79,CARD,returning,monthly,success,none,0,0.94,199,1,845,0
TX008222,C00965,1283.72,UPI,returning,monthly,success,none,0,0.81,154,1,1253,0
TX008223,C01854,160.5,UPI,returning,one_time,success,none,0,0.85,19,1,406,0
TX008224,C02484,900.0,WALLET,returning,one_time,success,none,0,0.71,209,1,339,0
TX008225,C02673,1125.21,NETBANKING,returning,monthly,success,none,0,0.86,170,1,21,0
TX008226,C02313,1795.04,UPI,new,monthly,success,none,0,0.69,71,1,1491,0
TX008227,C01830,4741.56,UPI,new,monthly,success,none,0,0.78,164,1,384,0
TX008228,C01501,1296.07,UPI,new,one_time,success,none,0,0.73,73,1,1071,0
TX008229,C01019,483.67,UPI,new,one_time,success,none,0,0.68,27,1,473,0
TX008230,C02304,213.52,UPI,returning,monthly,success,none,0,0.69,52,1,1487,0
TX008231,C00955,2035.12,NETBANKING,returning,one_time,success,none,0,0.74,287,1,1348,0
TX008232,C00804,501.61,UPI,returning,yearly,success,none,0,0.62,109,1,1458,0
TX008233,C02604,2392.64,NETBANKING,returning,monthly,success,none,0,0.65,175,1,1395,0
TX008234,C01769,3857.13,WALLET,new,monthly,success,none,0,0.72,235,0,526,0
TX008235,C01063,273.24,UPI,returning,one_time,failed,network_error,1,0.72,223,0,968,0
TX008236,C02596,1805.34,UPI,new,one_time,success,none,0,0.83,188,1,48,0
TX008237,C02889,3509.96,UPI,new,yearly,success,none,0,0.73,111,1,161,0
TX008238,C00954,2743.9,UPI,new,monthly,success,none,0,0.9,105,1,942,0
TX008239,C01565,166.21,CARD,new,one_time,success,none,0,0.77,161,1,721,0
TX008240,C01451,508.63,CARD,new,yearly,success,none,0,0.82,350,1,1416,0
TX008241,C02105,346.48,UPI,returning,one_time,failed,card_declined,0,0.8,141,0,456,0
TX008242,C02854,1756.58,NETBANKING,new,monthly,success,none,0,0.75,231,0,61,0
TX008243,C01646,1590.8,UPI,new,one_time,success,none,0,0.67,117,1,1201,0
TX008244,C02395,100.0,UPI,new,yearly,success,none,0,0.46,99,1,850,0
TX008245,C01787,836.52,WALLET,returning,yearly,failed,bank_timeout,0,0.78,233,1,825,1
TX008246,C02662,2254.42,UPI,returning,one_time,failed,insufficient_funds,0,0.88,17,0,247,0
TX008247,C01214,1252.85,UPI,new,one_time,success,none,0,0.75,111,1,183,0
TX008248,C01156,1250.93,UPI,new,monthly,success,none,0,0.62,86,0,603,0
TX008249,C01268,789.58,UPI,returning,one_time,success,none,0,0.8,48,1,1051,0
TX008250,C02990,422.82,UPI,returning,one_time,success,none,0,0.79,178,1,1049,0
TX008251,C01835,1079.93,CARD,returning,monthly,success,none,0,0.71,72,1,1260,0
TX008252,C00458,1149.27,UPI,returning,one_time,success,none,0,0.68,76,1,103,0
TX008253,C00123,1907.84,CARD,new,yearly,success,none,0,0.78,228,1,1481,0
TX008254,C01557,2052.57,UPI,returning,monthly,success,none,0,0.46,118,0,1453,0
TX008255,C02418,1184.74,UPI,returning,one_time,success,none,0,0.56,257,0,492,0
TX008256,C01438,2937.8,NETBANKING,returning,one_time,success,none,0,0.76,360,1,171,0
TX008257,C01681,782.56,CARD,new,monthly,success,none,0,0.9,162,1,17,0
TX008258,C02396,298.98,CARD,returning,monthly,failed,insufficient_funds,3,0.75,341,1,562,1
TX008259,C01550,1684.71,UPI,returning,yearly,success,none,0,0.58,105,1,210,0
TX008260,C02726,1228.74,UPI,returning,one_time,success,none,0,0.97,186,1,651,0
TX008261,C01914,1715.12,NETBANKING,returning,one_time,success,none,0,0.75,177,0,938,0
TX008262,C02194,351.42,NETBANKING,returning,monthly,success,none,0,0.66,305,1,286,0
TX008263,C02345,5495.67,CARD,new,one_time,success,none,0,0.63,110,1,1207,0
TX008264,C01881,2078.6,UPI,new,one_time,success,none,0,0.75,103,1,262,0
TX008265,C00151,846.24,UPI,new,monthly,success,none,0,0.83,177,1,720,0
TX008266,C01283,472.53,UPI,returning,one_time,failed,expired_card,0,0.64,272,1,165,0
TX008267,C00425,2891.23,UPI,returning,one_time,success,none,0,0.83,335,1,1108,0
TX008268,C01531,406.83,UPI,returning,one_time,success,none,0,0.7,326,1,1102,0
TX008269,C00430,8393.63,UPI,returning,one_time,success,none,0,0.69,12,1,21,0
TX008270,C01528,631.51,UPI,returning,one_time,success,none,0,0.52,304,0,167,0
TX008271,C01032,5158.78,CARD,returning,one_time,failed,insufficient_funds,2,0.7,99,1,132,0
TX008272,C00062,928.87,CARD,new,yearly,failed,insufficient_funds,2,0.86,231,1,1099,0
TX008273,C00375,4549.04,CARD,new,one_time,failed,insufficient_funds,2,0.49,275,1,83,0
TX008274,C01510,566.01,UPI,new,one_time,failed,bank_timeout,0,0.59,302,1,505,0
TX008275,C00237,1115.38,UPI,returning,yearly,success,none,0,0.93,94,0,1050,0
TX008276,C02568,2262.61,WALLET,new,monthly,success,none,0,0.74,3,1,1417,0
TX008277,C02277,1989.96,UPI,new,one_time,success,none,0,0.87,321,1,80,0
TX008278,C02128,2953.32,NETBANKING,new,yearly,failed,expired_card,2,0.92,141,1,1017,0
TX008279,C00517,707.17,UPI,returning,yearly,failed,card_declined,1,0.43,274,1,169,0
TX008280,C02388,1183.61,CARD,returning,monthly,success,none,0,0.9,280,1,475,0
TX008281,C01905,3372.97,UPI,returning,monthly,success,none,0,0.6,235,1,584,0
TX008282,C01172,581.3,CARD,new,monthly,success,none,0,0.85,149,1,953,0
TX008283,C00002,1835.89,NETBANKING,returning,yearly,success,none,0,0.6,40,1,172,0
TX008284,C01587,900.32,UPI,new,monthly,success,none,0,0.72,69,1,194,0
TX008285,C02388,1319.87,CARD,returning,monthly,success,none,0,0.81,231,1,182,0
TX008286,C00101,1183.34,NETBANKING,returning,one_time,failed,network_error,0,0.83,282,1,364,1
TX008287,C00158,539.45,CARD,new,monthly,success,none,0,0.74,181,1,15,0
TX008288,C01149,867.29,UPI,returning,yearly,success,none,0,0.39,223,1,301,0
TX008289,C01535,1249.43,UPI,returning,one_time,success,none,0,0.82,162,1,331,0
TX008290,C01424,999.79,NETBANKING,returning,one_time,failed,bank_timeout,1,0.8,191,1,956,1
TX008291,C01279,4516.36,CARD,new,monthly,failed,insufficient_funds,0,0.81,339,1,868,1
TX008292,C00766,2721.56,WALLET,returning,monthly,success,none,0,0.71,124,0,98,0
TX008293,C00180,1423.65,UPI,new,monthly,success,none,0,0.62,326,1,1191,0
TX008294,C00094,551.79,CARD,new,yearly,failed,insufficient_funds,1,0.49,36,1,757,0
TX008295,C00297,522.37,NETBANKING,returning,one_time,success,none,0,0.8,9,1,1476,0
TX008296,C02072,6479.7,NETBANKING,returning,monthly,success,none,0,0.8,315,1,908,0
TX008297,C02358,441.91,CARD,returning,monthly,failed,network_error,1,0.82,191,1,760,0
TX008298,C01306,1214.97,UPI,returning,one_time,failed,insufficient_funds,1,0.69,74,0,1223,0
TX008299,C00233,1517.55,CARD,returning,one_time,success,none,0,0.93,13,1,100,0
TX008300,C01248,828.66,CARD,new,monthly,failed,bank_timeout,1,0.8,231,0,123,0
TX008301,C02957,444.97,UPI,returning,monthly,success,none,0,0.82,154,1,18,0
TX008302,C00750,541.09,UPI,returning,monthly,success,none,0,0.74,107,1,1448,0
TX008303,C01474,670.58,NETBANKING,returning,monthly,success,none,0,0.43,361,1,1092,0
TX008304,C01614,579.09,UPI,returning,monthly,success,none,0,0.76,84,1,901,0
TX008305,C00990,3622.6,UPI,new,one_time,success,none,0,0.66,320,1,103,0
TX008306,C01315,1087.66,CARD,returning,one_time,success,none,0,0.88,163,1,367,0
TX008307,C01416,684.42,WALLET,returning,monthly,failed,bank_timeout,0,0.84,72,1,1143,0
TX008308,C01422,1207.45,CARD,returning,monthly,success,none,0,0.56,267,1,125,0
TX008309,C02154,2000.52,UPI,returning,monthly,success,none,0,0.82,307,1,236,0
TX008310,C01743,804.2,UPI,returning,one_time,failed,card_declined,1,0.77,84,1,964,0
TX008311,C00161,2469.53,UPI,returning,monthly,failed,bank_timeout,1,0.71,210,1,496,0
TX008312,C00019,349.31,UPI,returning,yearly,success,none,0,0.48,34,1,976,0
TX008313,C01233,3146.9,NETBANKING,new,one_time,success,none,0,0.78,238,1,490,0
TX008314,C02724,1087.83,UPI,returning,monthly,success,none,0,0.74,177,1,194,0
TX008315,C00111,1050.26,UPI,returning,yearly,failed,insufficient_funds,2,0.73,307,0,648,0
TX008316,C00214,587.74,NETBANKING,returning,one_time,failed,insufficient_funds,2,0.88,200,1,468,0
TX008317,C02038,363.19,UPI,returning,monthly,success,none,0,0.68,90,1,800,0
TX008318,C01353,244.69,UPI,new,monthly,success,none,0,0.66,240,1,148,0
TX008319,C00692,551.97,UPI,new,one_time,success,none,0,0.76,138,1,1338,0
TX008320,C00623,1861.07,UPI,new,yearly,success,none,0,0.89,165,1,1301,0
TX008321,C01996,461.67,UPI,returning,one_time,success,none,0,0.92,222,1,852,0
TX008322,C01572,272.16,WALLET,returning,one_time,success,none,0,0.8,141,0,363,0
TX008323,C01915,483.88,NETBANKING,returning,one_time,failed,card_declined,3,0.63,82,1,823,0
TX008324,C00841,775.61,CARD,returning,yearly,success,none,0,0.62,56,0,683,0
TX008325,C01580,803.56,CARD,returning,one_time,failed,network_error,1,0.85,351,1,187,0
TX008326,C02581,976.52,UPI,returning,monthly,success,none,0,0.76,110,1,963,0
TX008327,C00950,2777.61,NETBANKING,returning,one_time,success,none,0,0.7,301,1,1242,0
TX008328,C01190,3375.6,UPI,new,monthly,success,none,0,0.79,91,1,290,0
TX008329,C00492,6666.94,UPI,returning,monthly,failed,network_error,1,0.71,262,1,917,0
TX008330,C01917,254.06,UPI,new,one_time,failed,bank_timeout,2,0.49,49,1,1037,0
TX008331,C00098,507.61,UPI,new,one_time,success,none,0,0.96,91,1,220,0
TX008332,C00747,2056.24,UPI,returning,one_time,failed,card_declined,3,0.51,348,1,790,0
TX008333,C02140,728.78,UPI,new,one_time,success,none,0,0.6,332,1,195,0
TX008334,C00059,2379.65,UPI,returning,one_time,failed,expired_card,1,0.7,67,1,1031,1
TX008335,C02968,1321.34,UPI,new,monthly,failed,network_error,0,0.98,182,1,941,1
TX008336,C01213,4542.73,UPI,returning,one_time,success,none,0,0.79,209,1,1104,0
TX008337,C01197,2803.0,CARD,new,one_time,success,none,0,0.77,315,1,1178,0
TX008338,C01610,2849.55,UPI,returning,monthly,failed,network_error,0,0.85,147,1,359,1
TX008339,C01918,756.96,CARD,returning,yearly,success,none,0,0.81,322,1,629,0
TX008340,C01379,1004.54,UPI,returning,monthly,success,none,0,0.77,200,1,13,0
TX008341,C02653,833.2,UPI,returning,yearly,failed,network_error,1,0.92,109,1,878,1
TX008342,C02887,282.79,CARD,new,monthly,failed,expired_card,0,0.87,213,1,249,0
TX008343,C00602,4124.06,CARD,returning,monthly,success,none,0,0.88,31,1,827,0
TX008344,C02121,2144.9,UPI,new,one_time,success,none,0,0.85,190,0,861,0
TX008345,C00903,803.9,UPI,returning,monthly,failed,network_error,1,0.85,29,1,1148,0
TX008346,C02988,3547.98,NETBANKING,returning,one_time,success,none,0,0.83,121,0,809,0
TX008347,C00760,621.83,UPI,returning,monthly,failed,card_declined,2,0.76,258,1,553,0
TX008348,C00886,209.7,UPI,returning,yearly,success,none,0,0.83,125,1,1246,0
TX008349,C02143,2715.23,UPI,new,monthly,success,none,0,0.82,361,1,95,0
TX008350,C02368,346.99,NETBANKING,returning,one_time,success,none,0,0.7,63,1,205,0
TX008351,C00386,919.47,UPI,returning,monthly,success,none,0,0.7,326,1,1065,0
TX008352,C01667,1320.16,NETBANKING,returning,monthly,failed,insufficient_funds,2,0.66,151,1,114,0
TX008353,C01038,1551.41,CARD,returning,one_time,success,none,0,0.72,237,1,722,0
TX008354,C01836,2353.27,CARD,returning,one_time,success,none,0,0.66,132,1,909,0
TX008355,C01671,1849.68,UPI,new,monthly,failed,insufficient_funds,1,0.76,181,1,899,0
TX008356,C02958,1798.85,CARD,returning,one_time,failed,network_error,0,0.57,362,1,926,0
TX008357,C02802,538.25,UPI,returning,one_time,success,none,0,0.98,71,1,465,0
TX008358,C01962,1429.13,UPI,returning,yearly,success,none,0,0.91,34,1,1186,0
TX008359,C02039,282.87,UPI,returning,yearly,success,none,0,0.92,201,1,569,0
TX008360,C02697,4473.49,CARD,returning,one_time,success,none,0,0.75,211,1,460,0
TX008361,C00551,310.35,CARD,new,yearly,success,none,0,0.69,321,1,731,0
TX008362,C02178,802.88,NETBANKING,returning,yearly,success,none,0,0.7,361,1,35,0
TX008363,C02317,334.63,UPI,new,monthly,failed,card_declined,0,0.73,214,1,7,0
TX008364,C00383,568.41,NETBANKING,returning,monthly,failed,network_error,0,0.84,338,1,1365,1
TX008365,C02644,1109.97,NETBANKING,returning,yearly,failed,bank_timeout,0,0.79,35,1,739,0
TX008366,C02099,681.38,NETBANKING,returning,monthly,failed,network_error,0,0.95,253,1,518,1
TX008367,C01042,3071.19,CARD,returning,one_time,failed,card_declined,0,0.94,193,0,836,1
TX008368,C01453,1345.08,UPI,new,one_time,success,none,0,0.75,145,1,782,0
TX008369,C01469,722.98,NETBANKING,new,one_time,success,none,0,0.84,310,1,652,0
TX008370,C02757,972.41,CARD,returning,one_time,success,none,0,0.75,265,1,263,0
TX008371,C02908,3287.0,CARD,returning,one_time,success,none,0,0.41,26,1,569,0
TX008372,C02421,2484.89,UPI,new,monthly,success,none,0,0.59,341,1,319,0
TX008373,C01957,393.51,UPI,returning,one_time,failed,insufficient_funds,0,0.72,181,1,186,0
TX008374,C00313,594.32,UPI,returning,one_time,success,none,0,0.89,198,1,1492,0
TX008375,C02745,1681.28,UPI,new,yearly,success,none,0,0.95,65,1,652,0
TX008376,C00402,1507.23,UPI,new,one_time,failed,card_declined,0,0.68,125,0,194,0
TX008377,C00501,426.09,NETBANKING,returning,monthly,success,none,0,0.83,260,0,896,0
TX008378,C00209,2152.13,UPI,returning,monthly,failed,network_error,3,0.77,5,0,1243,0
TX008379,C02844,491.87,UPI,returning,yearly,failed,bank_timeout,0,0.8,143,1,1059,0
TX008380,C01480,3545.53,UPI,returning,one_time,failed,insufficient_funds,1,0.69,185,1,1043,1
TX008381,C00708,1766.06,UPI,new,one_time,success,none,0,0.86,333,1,1378,0
TX008382,C00243,395.94,UPI,returning,monthly,success,none,0,0.45,34,1,1173,0
TX008383,C01236,681.18,CARD,new,monthly,success,none,0,0.82,322,1,433,0
TX008384,C02172,670.61,WALLET,returning,monthly,success,none,0,0.8,116,1,233,0
TX008385,C02984,1266.34,UPI,returning,one_time,success,none,0,0.88,96,1,924,0
TX008386,C01658,912.71,UPI,returning,one_time,success,none,0,0.78,227,1,863,0
TX008387,C01822,391.14,CARD,returning,one_time,failed,bank_timeout,0,0.83,158,1,1199,0
TX008388,C02508,312.68,UPI,new,monthly,success,none,0,0.76,102,1,25,0
TX008389,C02706,1797.44,CARD,returning,one_time,success,none,0,0.8,79,1,1378,0
TX008390,C00840,1418.87,CARD,new,one_time,failed,bank_timeout,0,0.66,82,1,963,0
TX008391,C02976,1205.9,NETBANKING,new,monthly,failed,bank_timeout,0,0.72,84,0,1265,1
TX008392,C01558,1399.2,UPI,returning,one_time,failed,bank_timeout,2,0.75,215,1,317,0
TX008393,C02791,628.27,WALLET,returning,one_time,success,none,0,0.67,167,1,674,0
TX008394,C00353,1294.13,WALLET,returning,one_time,success,none,0,0.54,27,1,42,0
TX008395,C00293,10771.46,UPI,new,monthly,success,none,0,0.86,87,0,1159,0
TX008396,C02654,3156.16,UPI,returning,monthly,success,none,0,0.98,338,1,1494,0
TX008397,C02018,845.93,UPI,returning,monthly,failed,bank_timeout,0,0.72,297,1,89,0
TX008398,C00526,684.69,UPI,returning,monthly,success,none,0,0.41,358,1,107,0
TX008399,C02685,100.0,WALLET,returning,yearly,success,none,0,0.78,253,1,197,0
TX008400,C00308,2869.3,UPI,returning,one_time,success,none,0,0.94,361,1,436,0
TX008401,C02047,2225.96,UPI,returning,one_time,success,none,0,0.61,250,1,557,0
TX008402,C00616,672.2,UPI,returning,yearly,success,none,0,0.63,3,1,573,0
TX008403,C00212,302.31,CARD,returning,monthly,failed,card_declined,1,0.91,203,1,364,1
TX008404,C02419,387.71,NETBANKING,new,yearly,success,none,0,0.56,1,1,695,0
TX008405,C02543,1635.92,CARD,new,monthly,success,none,0,0.51,51,1,841,0
TX008406,C00318,1011.91,CARD,returning,monthly,success,none,0,0.57,38,1,546,0
TX008407,C00280,2043.53,UPI,new,monthly,success,none,0,0.84,19,1,588,0
TX008408,C01844,1185.36,CARD,new,one_time,failed,network_error,0,0.65,334,1,1143,0
TX008409,C00087,2617.78,UPI,new,yearly,failed,card_declined,1,0.66,60,1,945,0
TX008410,C02239,1529.38,UPI,returning,monthly,success,none,0,0.82,317,1,383,0
TX008411,C02747,2312.11,CARD,returning,one_time,success,none,0,0.58,114,0,1012,0
TX008412,C02254,167.22,WALLET,returning,one_time,failed,bank_timeout,1,0.72,7,1,260,1
TX008413,C00693,361.08,CARD,new,one_time,success,none,0,0.65,123,1,1139,0
TX008414,C00571,790.04,CARD,returning,one_time,failed,bank_timeout,0,0.36,27,1,821,0
TX008415,C02042,2897.52,UPI,new,one_time,success,none,0,0.74,114,1,640,0
TX008416,C00185,5957.92,UPI,new,one_time,success,none,0,0.81,111,1,689,0
TX008417,C01614,945.95,UPI,returning,yearly,success,none,0,0.31,19,1,191,0
TX008418,C01347,632.44,CARD,new,monthly,success,none,0,0.64,102,1,463,0
TX008419,C02234,188.77,CARD,returning,one_time,success,none,0,0.64,42,1,189,0
TX008420,C00608,2385.6,CARD,returning,one_time,success,none,0,0.94,1,0,327,0
TX008421,C02287,668.36,UPI,returning,monthly,failed,bank_timeout,1,0.51,227,1,387,1
TX008422,C02098,15717.05,UPI,returning,monthly,failed,network_error,1,0.9,30,1,1009,1
TX008423,C00717,563.71,UPI,returning,one_time,failed,bank_timeout,0,0.58,253,1,1065,1
TX008424,C01071,7293.56,CARD,new,yearly,success,none,0,0.79,247,1,1423,0
TX008425,C00199,2150.66,WALLET,returning,one_time,failed,bank_timeout,2,0.74,308,1,218,0
TX008426,C01349,434.66,UPI,new,one_time,failed,insufficient_funds,0,0.95,216,1,120,0
TX008427,C00782,1351.44,CARD,returning,one_time,success,none,0,0.85,156,1,646,0
TX008428,C00341,2195.67,CARD,returning,yearly,success,none,0,0.55,129,1,312,0
TX008429,C01680,895.4,UPI,new,monthly,failed,expired_card,0,0.96,87,1,440,0
TX008430,C01703,2331.31,UPI,returning,monthly,success,none,0,0.43,90,1,1330,0
TX008431,C00258,2285.55,UPI,returning,monthly,success,none,0,0.81,73,0,34,0
TX008432,C00557,1875.64,NETBANKING,returning,one_time,success,none,0,0.77,173,1,333,0
TX008433,C00248,1080.49,UPI,new,one_time,success,none,0,0.81,234,1,329,0
TX008434,C02037,380.91,UPI,returning,one_time,success,none,0,0.46,233,0,530,0
TX008435,C01015,1023.41,UPI,new,yearly,success,none,0,0.6,265,0,1195,0
TX008436,C00214,1284.93,CARD,new,monthly,success,none,0,0.92,111,1,875,0
TX008437,C00575,202.66,UPI,returning,one_time,failed,insufficient_funds,2,0.8,345,1,660,0
TX008438,C02928,1277.05,WALLET,returning,yearly,failed,insufficient_funds,0,0.62,49,1,7,0
TX008439,C00768,1005.14,UPI,returning,one_time,success,none,0,0.72,258,1,1311,0
TX008440,C02054,341.39,NETBANKING,returning,one_time,failed,bank_timeout,3,0.56,334,1,46,0
TX008441,C01406,812.64,CARD,returning,one_time,failed,card_declined,1,0.93,305,0,177,0
TX008442,C00546,828.27,UPI,returning,yearly,failed,card_declined,1,0.7,43,1,295,0
TX008443,C00923,6229.71,CARD,new,one_time,success,none,0,0.61,248,0,622,0
TX008444,C00043,1336.9,CARD,returning,one_time,success,none,0,0.82,306,0,1232,0
TX008445,C02241,2786.22,UPI,returning,one_time,success,none,0,0.28,127,0,1253,0
TX008446,C01004,986.31,CARD,new,yearly,failed,network_error,0,0.76,205,1,66,0
TX008447,C01498,203.05,CARD,returning,one_time,success,none,0,0.65,178,1,874,0
TX008448,C00459,2008.43,CARD,new,monthly,failed,card_declined,3,0.81,171,1,1011,0
TX008449,C02473,606.46,CARD,returning,yearly,success,none,0,0.68,241,1,867,0
TX008450,C00656,810.75,CARD,new,monthly,success,none,0,0.84,94,1,599,0
TX008451,C01699,425.1,UPI,returning,one_time,success,none,0,0.75,114,0,592,0
TX008452,C02619,1170.86,UPI,returning,one_time,success,none,0,0.72,255,1,279,0
TX008453,C02140,2860.24,UPI,returning,one_time,success,none,0,0.45,38,1,792,0
TX008454,C01810,2538.84,CARD,returning,monthly,success,none,0,0.52,179,1,341,0
TX008455,C02665,4571.38,UPI,returning,monthly,success,none,0,0.67,273,1,1498,0
TX008456,C00530,5193.5,UPI,returning,one_time,success,none,0,0.94,38,1,521,0
TX008457,C02891,173.94,CARD,new,one_time,success,none,0,0.49,94,1,864,0
TX008458,C01670,374.56,UPI,returning,one_time,failed,insufficient_funds,0,0.81,299,1,880,0
TX008459,C01230,215.43,UPI,returning,monthly,failed,bank_timeout,0,0.8,186,1,222,0
TX008460,C00768,1936.69,NETBANKING,new,one_time,success,none,0,0.71,250,1,1179,0
TX008461,C02235,587.71,CARD,returning,yearly,success,none,0,0.75,309,1,373,0
TX008462,C02929,706.09,CARD,new,one_time,success,none,0,0.69,281,1,813,0
TX008463,C02071,902.4,UPI,returning,one_time,success,none,0,0.77,129,1,725,0
TX008464,C00099,1547.37,CARD,returning,monthly,failed,bank_timeout,1,0.92,84,1,495,0
TX008465,C01408,288.07,NETBANKING,new,yearly,success,none,0,0.53,240,1,62,0
TX008466,C02197,353.2,UPI,returning,one_time,success,none,0,0.82,118,0,473,0
TX008467,C01193,1097.91,UPI,returning,monthly,success,none,0,0.77,102,1,757,0
TX008468,C02319,3225.59,UPI,returning,one_time,success,none,0,0.67,120,1,1155,0
TX008469,C02122,1071.85,NETBANKING,returning,monthly,success,none,0,0.82,177,0,546,0
TX008470,C00202,537.81,UPI,returning,monthly,failed,bank_timeout,0,0.65,59,1,51,0
TX008471,C01674,158.64,UPI,new,yearly,success,none,0,0.71,85,1,1475,0
TX008472,C00516,2584.81,UPI,returning,monthly,success,none,0,0.77,322,0,294,0
TX008473,C01460,565.47,WALLET,returning,one_time,success,none,0,0.67,326,1,749,0
TX008474,C01153,390.45,UPI,returning,monthly,failed,bank_timeout,1,0.93,134,1,879,1
TX008475,C02421,234.21,UPI,new,one_time,success,none,0,0.66,24,0,58,0
TX008476,C02605,300.31,WALLET,returning,one_time,success,none,0,0.71,112,1,933,0
TX008477,C01385,461.7,UPI,new,one_time,success,none,0,0.47,154,1,1378,0
TX008478,C01611,884.51,CARD,returning,monthly,success,none,0,0.67,173,1,1008,0
TX008479,C01879,369.49,UPI,new,monthly,success,none,0,0.72,139,1,1157,0
TX008480,C01966,1296.13,UPI,returning,monthly,success,none,0,0.64,349,1,249,0
TX008481,C01907,878.48,UPI,returning,monthly,success,none,0,0.76,290,1,648,0
TX008482,C02350,8101.41,UPI,new,one_time,success,none,0,0.84,134,1,1495,0
TX008483,C02946,236.51,UPI,returning,yearly,failed,card_declined,0,0.81,359,1,828,0
TX008484,C02485,1268.17,CARD,new,one_time,success,none,0,0.81,339,1,1359,0
TX008485,C00405,1282.55,UPI,returning,one_time,failed,expired_card,0,0.74,122,1,1038,0
TX008486,C01429,433.76,UPI,new,monthly,success,none,0,0.78,340,1,986,0
TX008487,C01384,1194.79,CARD,returning,yearly,success,none,0,0.8,339,1,822,0
TX008488,C01527,2192.14,NETBANKING,new,one_time,success,none,0,0.57,117,1,419,0
TX008489,C01586,1196.12,UPI,returning,monthly,success,none,0,0.68,111,1,1036,0
TX008490,C02155,3812.41,UPI,returning,monthly,failed,bank_timeout,0,0.68,217,1,1189,0
TX008491,C01264,154.48,UPI,returning,one_time,failed,insufficient_funds,0,0.7,298,1,682,0
TX008492,C00791,513.88,NETBANKING,new,yearly,success,none,0,0.43,234,1,793,0
TX008493,C01373,4136.27,NETBANKING,new,one_time,success,none,0,0.85,222,1,956,0
TX008494,C02564,2491.96,UPI,new,monthly,success,none,0,0.73,105,1,1138,0
TX008495,C00935,1783.73,UPI,returning,one_time,failed,insufficient_funds,0,0.83,259,1,757,0
TX008496,C00063,3327.22,UPI,returning,one_time,success,none,0,0.74,362,1,539,0
TX008497,C02929,195.41,CARD,returning,one_time,success,none,0,0.95,298,1,3,0
TX008498,C00588,2244.08,UPI,returning,one_time,failed,bank_timeout,2,0.69,218,1,815,1
TX008499,C01809,2858.16,UPI,new,yearly,success,none,0,0.67,30,1,1038,0
TX008500,C02401,606.18,UPI,returning,monthly,success,none,0,0.74,261,1,117,0
TX008501,C00824,11687.95,CARD,returning,one_time,success,none,0,0.8,204,1,1230,0
TX008502,C01021,1308.6,WALLET,returning,monthly,failed,network_error,0,0.37,252,1,818,1
TX008503,C00842,152.4,UPI,new,one_time,failed,insufficient_funds,0,0.86,247,1,973,0
TX008504,C00450,1545.56,NETBANKING,returning,monthly,success,none,0,0.85,82,1,59,0
TX008505,C00459,573.71,UPI,returning,monthly,failed,bank_timeout,0,0.64,204,1,915,1
TX008506,C00561,3129.08,CARD,returning,one_time,failed,bank_timeout,2,0.74,217,1,369,0
TX008507,C01375,1795.7,NETBANKING,returning,monthly,success,none,0,0.75,188,1,1326,0
TX008508,C01593,640.26,CARD,returning,one_time,success,none,0,0.85,315,1,1280,0
TX008509,C00048,4239.53,UPI,returning,monthly,success,none,0,0.81,226,0,672,0
TX008510,C02539,2554.23,UPI,new,monthly,success,none,0,0.64,278,1,1223,0
TX008511,C02028,520.54,NETBANKING,returning,one_time,success,none,0,0.59,245,1,727,0
TX008512,C00212,956.38,CARD,new,one_time,success,none,0,0.6,167,1,625,0
TX008513,C02529,1746.25,UPI,returning,one_time,success,none,0,0.83,243,1,1025,0
TX008514,C00092,790.1,CARD,returning,yearly,success,none,0,0.77,198,1,618,0
TX008515,C01682,811.63,UPI,returning,monthly,success,none,0,0.92,216,1,467,0
TX008516,C01396,1133.49,UPI,returning,yearly,success,none,0,0.73,234,1,253,0
TX008517,C01507,420.22,NETBANKING,returning,monthly,failed,network_error,1,0.78,210,1,583,0
TX008518,C02869,147.01,UPI,new,yearly,success,none,0,0.67,136,1,1244,0
TX008519,C02782,1359.97,UPI,returning,one_time,success,none,0,0.74,250,1,119,0
TX008520,C00838,183.09,UPI,new,monthly,success,none,0,0.51,122,1,295,0
TX008521,C01739,448.66,NETBANKING,new,one_time,success,none,0,0.85,205,1,117,0
TX008522,C02878,222.64,UPI,returning,yearly,success,none,0,0.76,164,1,107,0
TX008523,C02187,248.74,UPI,returning,yearly,success,none,0,0.82,199,0,1181,0
TX008524,C02664,1609.57,UPI,returning,monthly,success,none,0,0.74,364,1,978,0
TX008525,C01305,897.78,UPI,returning,monthly,success,none,0,0.49,223,1,1305,0
TX008526,C00850,869.08,UPI,returning,yearly,success,none,0,0.7,255,1,1358,0
TX008527,C01532,335.52,UPI,new,one_time,success,none,0,0.65,135,1,1040,0
TX008528,C02451,607.73,UPI,new,monthly,failed,bank_timeout,0,0.93,49,0,1335,1
TX008529,C02787,1538.88,CARD,returning,monthly,success,none,0,0.9,349,1,1093,0
TX008530,C02058,1046.41,UPI,returning,monthly,success,none,0,0.77,46,1,1381,0
TX008531,C02120,2299.41,UPI,returning,monthly,success,none,0,0.45,233,1,1099,0
TX008532,C01536,2613.86,CARD,new,one_time,success,none,0,0.7,50,0,249,0
TX008533,C00959,873.93,UPI,returning,one_time,failed,insufficient_funds,0,0.34,263,1,97,0
TX008534,C01269,207.05,UPI,new,yearly,success,none,0,0.78,321,1,1421,0
TX008535,C01494,555.03,WALLET,returning,monthly,success,none,0,0.41,11,0,986,0
TX008536,C02447,1004.33,CARD,new,monthly,failed,network_error,0,0.45,53,1,127,0
TX008537,C01667,545.2,CARD,returning,one_time,success,none,0,0.59,173,1,882,0
TX008538,C02380,424.47,UPI,returning,one_time,success,none,0,0.9,165,1,1176,0
TX008539,C00083,1167.68,WALLET,new,one_time,success,none,0,0.64,47,1,1026,0
TX008540,C02271,9771.96,UPI,returning,one_time,success,none,0,0.43,235,1,988,0
TX008541,C01522,706.72,UPI,returning,one_time,success,none,0,0.73,97,1,1394,0
TX008542,C02995,1093.87,NETBANKING,new,one_time,success,none,0,0.94,296,1,549,0
TX008543,C01416,336.69,UPI,returning,one_time,success,none,0,0.78,108,1,846,0
TX008544,C01436,3357.87,CARD,returning,one_time,failed,bank_timeout,0,0.86,118,1,1124,0
TX008545,C00383,2409.73,UPI,new,monthly,success,none,0,0.96,247,1,563,0
TX008546,C02421,2264.62,UPI,new,monthly,failed,bank_timeout,0,0.86,85,1,472,1
TX008547,C02105,3728.7,CARD,returning,monthly,success,none,0,0.89,100,1,769,0
TX008548,C02588,746.5,UPI,returning,yearly,success,none,0,0.78,38,1,1,0
TX008549,C00279,835.33,CARD,returning,monthly,success,none,0,0.56,78,1,296,0
TX008550,C00635,5109.67,UPI,new,yearly,success,none,0,0.86,30,0,432,0
TX008551,C02631,1938.08,UPI,returning,one_time,success,none,0,0.85,45,1,320,0
TX008552,C00127,148.81,CARD,returning,one_time,failed,bank_timeout,0,0.75,56,1,1252,0
TX008553,C01525,1651.33,UPI,new,one_time,success,none,0,0.89,213,0,624,0
TX008554,C01215,649.67,CARD,returning,yearly,success,none,0,0.96,250,1,457,0
TX008555,C02819,2461.08,UPI,returning,yearly,success,none,0,0.73,192,1,1429,0
TX008556,C02571,1583.47,UPI,new,one_time,failed,network_error,0,0.65,26,1,497,1
TX008557,C02691,228.95,UPI,new,monthly,success,none,0,0.85,363,1,638,0
TX008558,C00868,1396.81,CARD,new,one_time,failed,insufficient_funds,0,0.88,237,1,671,0
TX008559,C01763,1325.53,UPI,returning,monthly,success,none,0,0.63,313,1,1320,0
TX008560,C02101,1520.99,UPI,new,one_time,success,none,0,0.79,313,1,742,0
TX008561,C02903,1840.84,WALLET,new,monthly,success,none,0,0.5,133,1,982,0
TX008562,C00023,4214.85,UPI,new,one_time,success,none,0,0.77,189,1,149,0
TX008563,C02932,1591.61,CARD,returning,monthly,success,none,0,0.55,28,1,49,0
TX008564,C01067,1119.47,UPI,returning,one_time,success,none,0,0.53,343,1,1271,0
TX008565,C00385,3081.5,UPI,new,monthly,success,none,0,0.57,359,1,1079,0
TX008566,C01847,8254.11,UPI,returning,one_time,success,none,0,0.47,170,1,278,0
TX008567,C02345,2498.79,UPI,returning,monthly,failed,card_declined,1,0.95,256,1,116,0
TX008568,C00390,1320.26,CARD,returning,one_time,success,none,0,0.79,172,1,470,0
TX008569,C00123,1618.54,UPI,returning,one_time,failed,expired_card,1,0.35,75,1,502,0
TX008570,C02690,1380.83,UPI,returning,monthly,success,none,0,0.73,58,1,613,0
TX008571,C02802,1115.06,CARD,returning,one_time,success,none,0,0.71,328,1,234,0
TX008572,C00469,7697.52,CARD,returning,one_time,failed,insufficient_funds,0,0.83,231,1,241,1
TX008573,C02713,558.83,UPI,returning,one_time,success,none,0,0.92,75,1,429,0
TX008574,C02730,3100.8,UPI,returning,monthly,success,none,0,0.86,277,1,1202,0
TX008575,C02993,979.19,UPI,returning,monthly,success,none,0,0.62,343,1,599,0
TX008576,C00650,289.35,NETBANKING,returning,one_time,success,none,0,0.79,74,1,768,0
TX008577,C01737,925.67,CARD,returning,one_time,success,none,0,0.89,95,1,595,0
TX008578,C02983,670.42,CARD,returning,monthly,failed,insufficient_funds,2,0.68,224,1,935,0
TX008579,C02708,1844.23,UPI,returning,monthly,failed,bank_timeout,0,0.72,63,1,484,1
TX008580,C01815,1190.55,UPI,returning,one_time,success,none,0,0.84,152,1,566,0
TX008581,C00592,437.11,UPI,new,one_time,failed,bank_timeout,2,0.37,234,1,1448,0
TX008582,C00254,4121.23,UPI,returning,monthly,success,none,0,0.73,358,0,1211,0
TX008583,C00778,2925.21,UPI,new,one_time,success,none,0,0.74,330,1,1240,0
TX008584,C00196,4570.83,UPI,new,one_time,failed,bank_timeout,2,0.79,28,1,678,0
TX008585,C00586,1357.32,UPI,new,one_time,success,none,0,0.79,214,1,335,0
TX008586,C00225,1061.93,UPI,new,yearly,success,none,0,0.8,143,1,1458,0
TX008587,C02287,2065.66,UPI,returning,monthly,failed,bank_timeout,0,0.67,87,1,940,0
TX008588,C01770,652.15,UPI,new,one_time,failed,insufficient_funds,1,0.45,151,1,1346,0
TX008589,C01554,1232.81,CARD,new,one_time,success,none,0,0.62,356,1,1471,0
TX008590,C02429,936.26,CARD,new,one_time,success,none,0,0.85,171,1,812,0
TX008591,C01233,294.44,UPI,new,one_time,failed,insufficient_funds,2,0.74,218,1,261,0
TX008592,C01209,1229.93,CARD,returning,yearly,success,none,0,0.88,111,1,1218,0
TX008593,C00621,737.4,UPI,returning,one_time,success,none,0,0.81,339,1,22,0
TX008594,C01335,881.57,UPI,new,monthly,success,none,0,0.73,103,1,66,0
TX008595,C00524,1521.43,NETBANKING,returning,yearly,success,none,0,0.74,85,1,787,0
TX008596,C01768,3447.07,UPI,returning,one_time,success,none,0,0.74,129,1,1220,0
TX008597,C02993,510.87,CARD,returning,one_time,success,none,0,0.53,101,1,691,0
TX008598,C01600,810.05,UPI,new,one_time,success,none,0,0.77,59,1,112,0
TX008599,C00898,550.83,UPI,returning,monthly,failed,expired_card,0,0.84,254,1,920,1
TX008600,C02065,519.48,UPI,new,one_time,failed,expired_card,0,0.76,48,1,497,0
TX008601,C02461,642.19,UPI,new,monthly,success,none,0,0.86,63,1,27,0
TX008602,C01416,918.92,UPI,returning,one_time,success,none,0,0.39,325,1,579,0
TX008603,C00751,1858.05,UPI,returning,one_time,success,none,0,0.89,43,1,234,0
TX008604,C02142,1463.23,UPI,new,one_time,success,none,0,0.72,184,1,61,0
TX008605,C00562,423.62,UPI,new,one_time,success,none,0,0.68,339,1,438,0
TX008606,C02992,3514.82,UPI,returning,monthly,success,none,0,0.58,285,0,616,0
TX008607,C00954,2565.66,UPI,new,yearly,success,none,0,0.79,318,1,1223,0
TX008608,C01051,487.33,UPI,returning,yearly,success,none,0,0.89,125,1,697,0
TX008609,C02181,3300.07,UPI,new,monthly,success,none,0,0.82,359,1,1302,0
TX008610,C00037,1471.8,CARD,new,one_time,failed,bank_timeout,0,0.75,339,0,1146,0
TX008611,C00609,952.6,WALLET,returning,monthly,success,none,0,0.87,144,1,1232,0
TX008612,C00377,1513.64,UPI,new,one_time,success,none,0,0.7,296,1,325,0
TX008613,C01174,1071.49,UPI,returning,yearly,success,none,0,0.85,26,1,776,0
TX008614,C01661,1791.07,NETBANKING,new,monthly,success,none,0,0.76,351,1,244,0
TX008615,C00539,1298.01,CARD,returning,one_time,failed,expired_card,2,0.83,119,1,1343,0
TX008616,C01033,809.42,WALLET,returning,monthly,success,none,0,0.74,281,1,1164,0
TX008617,C02317,177.11,CARD,new,one_time,failed,card_declined,0,0.81,88,1,1478,0
TX008618,C02820,1762.46,CARD,new,monthly,success,none,0,0.76,261,1,103,0
TX008619,C00043,783.45,UPI,returning,one_time,success,none,0,0.81,287,0,283,0
TX008620,C01883,2208.68,UPI,returning,yearly,success,none,0,0.89,216,1,929,0
TX008621,C00078,1691.73,CARD,returning,yearly,success,none,0,0.85,7,0,623,0
TX008622,C01562,801.99,UPI,new,one_time,success,none,0,0.76,290,1,676,0
TX008623,C02639,2753.67,CARD,returning,monthly,success,none,0,0.59,343,1,1101,0
TX008624,C02395,1318.64,WALLET,new,one_time,failed,card_declined,2,0.77,115,1,893,0
TX008625,C00699,1270.64,UPI,new,monthly,success,none,0,0.46,356,1,223,0
TX008626,C00776,968.45,UPI,new,monthly,failed,insufficient_funds,0,0.54,25,1,1276,0
TX008627,C02351,4990.04,NETBANKING,returning,yearly,success,none,0,0.91,144,1,994,0
TX008628,C02460,577.13,NETBANKING,returning,yearly,success,none,0,0.82,131,1,1129,0
TX008629,C00843,820.24,NETBANKING,new,one_time,success,none,0,0.79,231,1,1227,0
TX008630,C00010,360.11,CARD,new,one_time,success,none,0,0.8,282,1,367,0
TX008631,C01334,2109.19,WALLET,returning,monthly,success,none,0,0.48,301,1,510,0
TX008632,C01860,649.41,UPI,returning,one_time,success,none,0,0.75,39,1,1142,0
TX008633,C01332,718.36,UPI,returning,one_time,success,none,0,0.61,323,1,1263,0
TX008634,C02805,688.67,UPI,returning,monthly,success,none,0,0.6,325,1,366,0
TX008635,C02441,1160.32,UPI,returning,monthly,success,none,0,0.63,133,0,342,0
TX008636,C02364,355.78,NETBANKING,returning,monthly,failed,expired_card,2,0.93,196,1,11,0
TX008637,C00061,145.63,UPI,returning,one_time,failed,bank_timeout,0,0.79,215,1,1066,0
TX008638,C02561,1655.62,CARD,returning,one_time,failed,bank_timeout,1,0.47,292,0,437,0
TX008639,C02266,163.66,UPI,returning,one_time,success,none,0,0.73,132,1,335,0
TX008640,C01191,2365.45,CARD,returning,monthly,success,none,0,0.79,186,1,88,0
TX008641,C01769,4458.98,UPI,new,monthly,failed,card_declined,1,0.85,252,1,719,0
TX008642,C02473,945.96,UPI,new,monthly,success,none,0,0.51,307,1,1372,0
TX008643,C02719,3531.73,UPI,new,yearly,success,none,0,0.77,120,1,1110,0
TX008644,C01653,1072.95,UPI,returning,yearly,success,none,0,0.85,363,1,133,0
TX008645,C00125,4625.39,UPI,returning,one_time,success,none,0,0.48,311,1,100,0
TX008646,C01856,727.35,CARD,returning,monthly,success,none,0,0.74,295,0,11,0
TX008647,C02041,130.53,UPI,returning,one_time,success,none,0,0.76,219,0,299,0
TX008648,C00177,1020.53,WALLET,new,monthly,failed,insufficient_funds,0,0.65,320,1,1033,0
TX008649,C02452,5100.87,NETBANKING,returning,one_time,success,none,0,0.47,285,1,207,0
TX008650,C00605,1774.85,UPI,new,one_time,success,none,0,0.77,300,1,1043,0
TX008651,C02672,689.67,UPI,returning,yearly,failed,insufficient_funds,0,0.9,35,1,159,1
TX008652,C01653,1474.41,UPI,new,monthly,success,none,0,0.73,164,1,1271,0
TX008653,C00967,2628.09,UPI,new,one_time,success,none,0,0.9,310,1,166,0
TX008654,C00177,1015.31,UPI,returning,yearly,failed,network_error,0,0.66,129,1,1279,0
TX008655,C00054,11658.04,NETBANKING,new,one_time,success,none,0,0.75,140,1,589,0
TX008656,C02225,688.37,NETBANKING,new,one_time,success,none,0,0.52,206,1,1090,0
TX008657,C01132,2703.38,UPI,returning,one_time,success,none,0,0.88,277,1,972,0
TX008658,C02521,2177.09,CARD,returning,monthly,success,none,0,0.86,75,0,479,0
TX008659,C00692,584.15,NETBANKING,new,monthly,success,none,0,0.77,237,0,1441,0
TX008660,C02762,748.45,UPI,returning,monthly,success,none,0,0.71,161,0,943,0
TX008661,C02825,2741.58,NETBANKING,returning,monthly,failed,expired_card,2,0.82,346,1,49,0
TX008662,C00306,1249.26,WALLET,new,monthly,success,none,0,0.7,49,1,1013,0
TX008663,C01941,1486.63,WALLET,returning,one_time,failed,network_error,2,0.5,21,1,317,0
TX008664,C02820,251.55,CARD,returning,one_time,success,none,0,0.94,110,1,830,0
TX008665,C00970,1979.1,UPI,returning,one_time,success,none,0,0.63,346,1,244,0
TX008666,C00203,1420.22,UPI,returning,monthly,success,none,0,0.78,257,1,507,0
TX008667,C02627,1035.34,WALLET,returning,monthly,success,none,0,0.64,154,0,852,0
TX008668,C01423,1517.47,UPI,returning,one_time,success,none,0,0.66,28,1,154,0
TX008669,C00082,758.77,UPI,returning,one_time,failed,bank_timeout,0,0.68,220,1,966,1
TX008670,C02521,643.74,UPI,returning,monthly,failed,network_error,0,0.79,336,1,124,0
TX008671,C02037,882.1,UPI,returning,one_time,failed,insufficient_funds,0,0.8,274,1,1465,0
TX008672,C00211,722.14,UPI,new,monthly,failed,bank_timeout,0,0.66,19,1,1427,1
TX008673,C00777,7804.66,NETBANKING,returning,monthly,success,none,0,0.72,313,0,310,0
TX008674,C00055,2491.61,UPI,returning,one_time,success,none,0,0.78,93,1,891,0
TX008675,C02865,458.69,UPI,returning,one_time,success,none,0,0.5,289,1,881,0
TX008676,C00075,6854.54,UPI,returning,yearly,success,none,0,0.71,349,1,615,0
TX008677,C02388,742.8,CARD,new,one_time,success,none,0,0.6,123,1,575,0
TX008678,C01534,1126.09,CARD,returning,one_time,success,none,0,0.79,318,1,520,0
TX008679,C01749,2459.41,NETBANKING,returning,one_time,success,none,0,0.85,226,1,680,0
TX008680,C02435,186.24,NETBANKING,returning,monthly,success,none,0,0.73,36,1,345,0
TX008681,C02685,885.96,UPI,new,monthly,failed,network_error,0,0.55,139,1,600,0
TX008682,C00383,654.58,NETBANKING,returning,monthly,success,none,0,0.76,318,1,601,0
TX008683,C00054,1318.92,UPI,returning,monthly,success,none,0,0.93,146,1,13,0
TX008684,C00374,1530.03,CARD,returning,monthly,failed,network_error,0,0.55,309,1,1266,1
TX008685,C02048,1022.97,CARD,new,one_time,failed,insufficient_funds,0,0.86,166,1,74,0
TX008686,C01706,981.14,UPI,returning,one_time,failed,insufficient_funds,0,0.69,176,1,1020,0
TX008687,C00252,2860.12,UPI,new,one_time,success,none,0,0.45,355,0,291,0
TX008688,C00703,1438.47,CARD,returning,monthly,success,none,0,0.92,317,1,74,0
TX008689,C01612,1138.29,UPI,returning,monthly,success,none,0,0.81,313,1,1255,0
TX008690,C02191,1252.73,CARD,returning,yearly,failed,network_error,0,0.27,177,1,1072,0
TX008691,C01031,5723.3,UPI,returning,monthly,success,none,0,0.91,230,0,480,0
TX008692,C02849,1281.01,CARD,new,monthly,success,none,0,0.82,54,1,863,0
TX008693,C02977,690.21,NETBANKING,returning,yearly,success,none,0,0.8,322,1,1442,0
TX008694,C02299,196.74,UPI,returning,one_time,failed,card_declined,0,0.85,82,1,801,0
TX008695,C01363,301.71,UPI,returning,monthly,success,none,0,0.82,10,0,967,0
TX008696,C02632,720.31,CARD,returning,monthly,success,none,0,0.72,121,1,508,0
TX008697,C02184,994.72,UPI,returning,monthly,success,none,0,0.84,121,0,201,0
TX008698,C01559,665.1,UPI,returning,yearly,success,none,0,0.68,124,1,1495,0
TX008699,C01332,1504.22,CARD,new,monthly,success,none,0,0.72,67,1,1430,0
TX008700,C02497,657.43,UPI,new,yearly,success,none,0,0.8,270,1,440,0
TX008701,C01672,481.53,CARD,returning,one_time,failed,insufficient_funds,2,0.73,58,1,506,0
TX008702,C00549,1903.37,UPI,new,monthly,success,none,0,0.87,79,1,1374,0
TX008703,C03000,3761.06,UPI,returning,one_time,success,none,0,0.68,283,1,1120,0
TX008704,C00206,404.86,UPI,returning,one_time,failed,expired_card,2,0.87,273,1,117,0
TX008705,C02086,1365.59,WALLET,returning,one_time,success,none,0,0.76,354,1,749,0
TX008706,C01968,197.45,UPI,new,monthly,success,none,0,0.93,202,1,268,0
TX008707,C01759,290.88,UPI,returning,one_time,failed,card_declined,2,0.83,94,1,514,0
TX008708,C00156,645.56,UPI,returning,one_time,success,none,0,0.66,217,1,811,0
TX008709,C01478,3045.5,CARD,returning,monthly,failed,card_declined,1,0.6,36,1,1353,0
TX008710,C02678,544.12,CARD,returning,monthly,success,none,0,0.87,259,0,237,0
TX008711,C00719,526.11,UPI,returning,one_time,success,none,0,0.76,154,1,952,0
TX008712,C02075,1132.83,UPI,new,monthly,success,none,0,0.65,288,1,1327,0
TX008713,C02577,1133.85,UPI,new,yearly,failed,network_error,3,0.58,105,1,895,0
TX008714,C02857,540.98,CARD,returning,monthly,success,none,0,0.79,140,1,847,0
TX008715,C01549,6552.48,NETBANKING,returning,monthly,success,none,0,0.74,131,1,1133,0
TX008716,C00942,863.65,CARD,returning,monthly,success,none,0,0.86,249,1,979,0
TX008717,C02099,1214.67,CARD,returning,yearly,success,none,0,0.65,241,0,54,0
TX008718,C01459,763.87,UPI,new,one_time,success,none,0,0.73,17,0,968,0
TX008719,C01882,1629.41,CARD,new,one_time,success,none,0,0.5,326,1,396,0
TX008720,C02226,3332.45,CARD,returning,one_time,success,none,0,0.72,281,1,892,0
TX008721,C02131,4901.5,UPI,returning,monthly,failed,expired_card,0,0.75,294,1,249,0
TX008722,C00729,552.23,NETBANKING,returning,yearly,success,none,0,0.75,278,1,884,0
TX008723,C02268,2953.41,UPI,returning,one_time,failed,card_declined,1,0.7,134,1,1114,1
TX008724,C01626,1798.51,CARD,new,monthly,success,none,0,0.97,354,1,1417,0
TX008725,C02793,2636.17,CARD,returning,one_time,failed,network_error,1,0.77,274,1,784,1
TX008726,C01979,1009.6,NETBANKING,returning,monthly,failed,insufficient_funds,0,0.91,66,1,854,0
TX008727,C02676,926.73,UPI,returning,yearly,failed,expired_card,2,0.71,103,1,1294,0
TX008728,C02937,2545.65,NETBANKING,returning,monthly,success,none,0,0.94,48,1,784,0
TX008729,C02984,2589.51,UPI,returning,yearly,success,none,0,0.74,274,1,752,0
TX008730,C02235,4487.94,UPI,returning,monthly,success,none,0,0.72,336,1,166,0
TX008731,C01792,1311.19,NETBANKING,returning,monthly,success,none,0,0.83,277,1,1168,0
TX008732,C00355,996.03,UPI,new,yearly,success,none,0,0.73,122,1,779,0
TX008733,C01159,119.84,CARD,returning,monthly,failed,card_declined,1,0.91,322,1,369,0
TX008734,C01427,257.2,UPI,returning,yearly,success,none,0,0.47,221,1,864,0
TX008735,C02342,769.06,NETBANKING,returning,one_time,success,none,0,0.87,141,1,620,0
TX008736,C01767,407.1,CARD,returning,one_time,failed,insufficient_funds,1,0.95,348,1,535,0
TX008737,C01318,2281.79,UPI,new,one_time,failed,card_declined,1,0.96,183,1,743,0
TX008738,C00440,337.3,NETBANKING,returning,yearly,success,none,0,0.78,246,0,870,0
TX008739,C02148,698.42,UPI,new,one_time,success,none,0,0.93,212,1,1194,0
TX008740,C01296,723.55,CARD,new,monthly,success,none,0,0.89,97,1,1195,0
TX008741,C00109,3243.05,CARD,returning,monthly,failed,network_error,1,0.33,264,1,535,0
TX008742,C00853,634.34,CARD,returning,monthly,success,none,0,0.81,46,1,1116,0
TX008743,C02639,1647.76,CARD,returning,monthly,success,none,0,0.58,161,1,330,0
TX008744,C00357,1307.84,NETBANKING,returning,one_time,failed,expired_card,3,0.9,125,1,1316,0
TX008745,C01219,2472.44,CARD,returning,one_time,success,none,0,0.81,312,1,345,0
TX008746,C01537,2357.11,NETBANKING,new,monthly,success,none,0,0.57,243,1,954,0
TX008747,C00252,1064.12,UPI,new,yearly,success,none,0,0.76,139,1,888,0
TX008748,C00497,238.25,UPI,returning,one_time,failed,bank_timeout,1,0.71,346,1,130,1
TX008749,C02821,890.19,CARD,returning,one_time,success,none,0,0.73,318,1,1245,0
TX008750,C01772,1077.11,UPI,returning,yearly,success,none,0,0.74,24,1,900,0
TX008751,C00632,1418.58,UPI,new,one_time,success,none,0,0.65,226,1,1440,0
TX008752,C00510,564.65,CARD,returning,one_time,success,none,0,0.79,158,1,278,0
TX008753,C01278,3061.96,UPI,returning,yearly,failed,expired_card,0,0.76,20,0,369,0
TX008754,C02171,1110.16,UPI,new,monthly,success,none,0,0.8,293,1,678,0
TX008755,C02192,478.93,UPI,returning,one_time,success,none,0,0.79,115,1,1340,0
TX008756,C00586,726.03,UPI,returning,yearly,failed,insufficient_funds,0,0.6,319,1,1347,0
TX008757,C02177,6221.02,UPI,returning,monthly,failed,expired_card,0,0.63,156,0,1215,0
TX008758,C02689,1994.08,UPI,new,one_time,success,none,0,0.87,312,1,124,0
TX008759,C00680,2817.52,NETBANKING,new,monthly,success,none,0,0.91,244,1,1408,0
TX008760,C00079,429.48,UPI,new,yearly,success,none,0,0.6,283,0,1146,0
TX008761,C02877,589.96,NETBANKING,returning,monthly,failed,bank_timeout,0,0.81,224,0,451,1
TX008762,C01566,593.91,WALLET,new,monthly,failed,card_declined,2,0.53,68,1,526,0
TX008763,C02330,1294.6,UPI,returning,one_time,failed,insufficient_funds,0,0.79,178,1,1397,0
TX008764,C00961,937.67,WALLET,returning,one_time,failed,expired_card,0,0.74,128,1,1125,1
TX008765,C00898,705.89,UPI,new,monthly,failed,bank_timeout,0,0.84,69,1,621,1
TX008766,C00676,790.24,CARD,new,one_time,success,none,0,0.8,215,1,280,0
TX008767,C00652,536.66,WALLET,new,monthly,success,none,0,0.74,243,0,584,0
TX008768,C01415,932.76,NETBANKING,returning,one_time,success,none,0,0.68,49,0,150,0
TX008769,C00318,2986.61,UPI,new,one_time,failed,insufficient_funds,0,0.83,333,1,867,0
TX008770,C02527,280.95,UPI,returning,one_time,success,none,0,0.79,143,1,1177,0
TX008771,C01534,1497.92,UPI,returning,monthly,success,none,0,0.61,174,1,496,0
TX008772,C02746,3797.44,NETBANKING,new,monthly,success,none,0,0.52,77,1,954,0
TX008773,C01507,929.95,UPI,returning,one_time,success,none,0,0.99,75,1,1292,0
TX008774,C00910,681.31,UPI,returning,monthly,failed,card_declined,0,0.82,108,1,1412,0
TX008775,C01545,2519.48,UPI,returning,monthly,success,none,0,0.6,64,0,187,0
TX008776,C00463,452.23,UPI,new,yearly,success,none,0,0.59,290,0,562,0
TX008777,C02473,1074.46,UPI,new,one_time,failed,card_declined,2,0.46,83,0,109,0
TX008778,C02161,430.15,UPI,new,one_time,success,none,0,0.68,250,1,692,0
TX008779,C00442,203.75,CARD,returning,yearly,success,none,0,0.8,86,0,1030,0
TX008780,C01746,956.44,UPI,returning,monthly,success,none,0,0.73,3,1,996,0
TX008781,C01614,351.76,UPI,returning,monthly,success,none,0,0.5,164,0,719,0
TX008782,C00604,1085.17,UPI,new,one_time,failed,expired_card,3,0.86,341,1,239,0
TX008783,C00367,2991.49,UPI,new,yearly,success,none,0,0.33,52,1,1430,0
TX008784,C02281,5818.69,CARD,returning,yearly,success,none,0,0.92,192,1,7,0
TX008785,C00793,1192.94,UPI,new,one_time,failed,bank_timeout,0,0.66,184,1,1322,0
TX008786,C01557,2744.34,UPI,returning,one_time,success,none,0,0.84,239,1,1210,0
TX008787,C00744,1570.37,UPI,returning,one_time,success,none,0,0.73,159,1,1459,0
TX008788,C01961,776.81,UPI,returning,one_time,success,none,0,0.65,226,1,718,0
TX008789,C00147,193.97,NETBANKING,new,monthly,success,none,0,0.65,56,0,169,0
TX008790,C01079,4740.24,NETBANKING,new,one_time,success,none,0,0.62,26,1,1427,0
TX008791,C01642,426.58,UPI,returning,monthly,success,none,0,0.97,70,1,53,0
TX008792,C01318,3806.61,UPI,new,one_time,success,none,0,0.54,324,1,162,0
TX008793,C01838,1777.79,UPI,returning,one_time,success,none,0,0.95,126,0,667,0
TX008794,C00542,455.59,CARD,returning,yearly,failed,insufficient_funds,0,0.42,249,1,283,0
TX008795,C01326,1452.15,UPI,returning,one_time,success,none,0,0.41,338,0,190,0
TX008796,C02270,7477.25,WALLET,returning,yearly,success,none,0,0.82,94,1,81,0
TX008797,C01001,4368.12,UPI,new,monthly,failed,insufficient_funds,1,0.79,56,1,1042,0
TX008798,C00472,691.29,WALLET,new,one_time,success,none,0,0.55,32,1,1413,0
TX008799,C02544,577.79,UPI,returning,monthly,failed,network_error,1,0.78,256,1,1269,0
TX008800,C02335,1200.13,UPI,new,yearly,failed,network_error,0,0.81,362,1,1232,1
TX008801,C02042,944.86,UPI,new,monthly,success,none,0,0.9,178,0,720,0
TX008802,C02395,3228.47,UPI,returning,one_time,success,none,0,0.81,341,1,1462,0
TX008803,C02337,2133.74,WALLET,returning,one_time,success,none,0,0.88,184,1,170,0
TX008804,C02240,239.12,UPI,new,monthly,failed,insufficient_funds,3,0.92,264,1,1408,0
TX008805,C01529,1657.07,UPI,returning,one_time,success,none,0,0.84,89,1,1461,0
TX008806,C00059,933.39,WALLET,new,one_time,failed,insufficient_funds,0,0.81,195,0,317,0
TX008807,C01792,1133.88,UPI,returning,yearly,success,none,0,0.72,48,1,203,0
TX008808,C00820,1372.03,UPI,returning,monthly,failed,card_declined,1,0.64,216,1,1327,0
TX008809,C02320,3225.54,UPI,returning,monthly,success,none,0,0.86,94,0,1044,0
TX008810,C01406,2643.91,UPI,returning,monthly,success,none,0,0.86,180,1,1125,0
TX008811,C02716,558.49,NETBANKING,new,one_time,success,none,0,0.88,108,1,891,0
TX008812,C01787,1040.28,UPI,returning,one_time,success,none,0,0.74,314,1,454,0
TX008813,C01652,732.4,CARD,new,monthly,success,none,0,0.75,281,1,488,0
TX008814,C02758,241.37,UPI,returning,one_time,success,none,0,0.84,270,0,743,0
TX008815,C01426,993.83,UPI,new,monthly,success,none,0,0.6,259,1,1398,0
TX008816,C01127,5769.14,CARD,new,one_time,failed,network_error,0,0.87,26,1,816,0
TX008817,C01115,234.9,CARD,new,one_time,failed,insufficient_funds,2,0.96,136,1,498,0
TX008818,C02626,1073.14,CARD,returning,one_time,success,none,0,0.62,120,1,403,0
TX008819,C02269,1042.6,UPI,returning,one_time,success,none,0,0.82,56,1,291,0
TX008820,C00491,1420.78,UPI,returning,yearly,failed,bank_timeout,0,0.74,264,1,457,1
TX008821,C01478,461.07,CARD,returning,monthly,success,none,0,0.84,248,1,1346,0
TX008822,C01114,304.11,CARD,returning,yearly,failed,insufficient_funds,2,0.86,359,1,1187,0
TX008823,C01941,317.11,UPI,returning,yearly,success,none,0,0.72,351,0,1190,0
TX008824,C00157,3633.1,UPI,new,monthly,failed,insufficient_funds,0,0.87,277,1,525,0
TX008825,C02143,452.86,CARD,returning,one_time,failed,insufficient_funds,3,0.72,306,1,1059,0
TX008826,C02228,699.52,UPI,returning,monthly,success,none,0,0.46,181,1,578,0
TX008827,C00680,7289.35,CARD,returning,one_time,success,none,0,0.75,69,1,943,0
TX008828,C00452,566.33,CARD,returning,monthly,success,none,0,0.79,280,1,1411,0
TX008829,C01883,1492.43,UPI,new,monthly,failed,bank_timeout,2,0.73,145,1,57,0
TX008830,C00772,2856.72,UPI,new,monthly,success,none,0,0.44,264,1,1288,0
TX008831,C02825,2735.72,UPI,returning,one_time,failed,insufficient_funds,2,0.78,260,1,103,0
TX008832,C02326,330.82,CARD,new,one_time,success,none,0,0.61,260,1,237,0
TX008833,C02866,577.08,NETBANKING,returning,one_time,success,none,0,0.8,118,1,746,0
TX008834,C01605,1439.61,UPI,new,one_time,success,none,0,0.64,345,1,201,0
TX008835,C02816,6223.67,UPI,new,yearly,success,none,0,0.71,331,1,1383,0
TX008836,C00042,552.6,UPI,new,one_time,failed,card_declined,0,0.77,225,0,402,0
TX008837,C00870,703.28,CARD,returning,yearly,failed,bank_timeout,0,0.79,357,0,100,0
TX008838,C00007,1599.77,UPI,returning,monthly,success,none,0,0.89,189,1,1030,0
TX008839,C02033,1915.42,CARD,returning,one_time,success,none,0,0.91,355,0,671,0
TX008840,C01532,2022.78,UPI,returning,one_time,success,none,0,0.86,271,1,522,0
TX008841,C00864,511.98,UPI,new,one_time,success,none,0,0.83,150,1,1036,0
TX008842,C00915,679.36,UPI,returning,monthly,success,none,0,0.86,323,1,678,0
TX008843,C01932,1331.35,NETBANKING,returning,monthly,success,none,0,0.71,344,1,790,0
TX008844,C00541,3415.5,CARD,returning,one_time,failed,bank_timeout,0,0.86,228,1,13,1
TX008845,C01544,884.8,UPI,returning,one_time,failed,card_declined,0,0.84,108,1,49,0
TX008846,C01841,1074.84,UPI,returning,one_time,success,none,0,0.9,8,1,661,0
TX008847,C00720,435.57,NETBANKING,new,one_time,success,none,0,0.92,68,1,48,0
TX008848,C00686,5865.86,NETBANKING,new,monthly,success,none,0,0.41,27,1,415,0
TX008849,C01063,1259.96,UPI,returning,monthly,success,none,0,0.54,310,1,903,0
TX008850,C01777,2892.8,CARD,new,one_time,success,none,0,0.95,303,1,524,0
TX008851,C00764,1126.54,NETBANKING,new,monthly,success,none,0,0.9,183,1,712,0
TX008852,C01138,1184.1,UPI,new,one_time,success,none,0,0.75,184,1,82,0
TX008853,C01631,284.21,UPI,new,monthly,success,none,0,0.86,276,1,741,0
TX008854,C00561,158.27,UPI,returning,monthly,success,none,0,0.53,360,1,744,0
TX008855,C01707,3383.66,UPI,new,monthly,success,none,0,0.55,216,1,350,0
TX008856,C00415,1176.44,CARD,returning,one_time,success,none,0,0.8,80,1,925,0
TX008857,C00428,1320.53,UPI,returning,monthly,success,none,0,0.61,185,1,534,0
TX008858,C00711,356.33,UPI,new,monthly,success,none,0,0.42,258,1,609,0
TX008859,C00860,486.5,UPI,new,one_time,failed,card_declined,0,0.77,256,1,757,0
TX008860,C00090,2852.84,CARD,new,one_time,failed,card_declined,3,0.86,153,1,128,0
TX008861,C02885,5250.77,UPI,new,monthly,success,none,0,0.58,54,1,1338,0
TX008862,C00925,626.94,UPI,new,one_time,success,none,0,0.64,8,0,589,0
TX008863,C02414,2006.88,UPI,returning,monthly,success,none,0,0.88,245,0,419,0
TX008864,C02706,1301.17,NETBANKING,new,one_time,success,none,0,0.82,134,1,444,0
TX008865,C02402,983.9,UPI,returning,one_time,failed,network_error,1,0.76,353,1,426,1
TX008866,C02495,5806.67,UPI,returning,monthly,success,none,0,0.76,71,1,592,0
TX008867,C00301,729.32,CARD,new,one_time,success,none,0,0.87,182,1,906,0
TX008868,C01117,3349.75,UPI,new,one_time,success,none,0,0.6,198,1,1153,0
TX008869,C02239,1545.78,CARD,new,one_time,success,none,0,0.87,8,1,818,0
TX008870,C01728,1080.09,UPI,new,monthly,success,none,0,0.69,317,1,1436,0
TX008871,C00017,3769.94,NETBANKING,returning,one_time,success,none,0,0.8,112,1,519,0
TX008872,C01703,1423.85,UPI,returning,monthly,success,none,0,0.68,362,0,916,0
TX008873,C02414,1005.47,UPI,new,monthly,success,none,0,0.77,83,1,300,0
TX008874,C02487,3795.22,UPI,new,one_time,success,none,0,0.85,201,0,593,0
TX008875,C01152,3375.63,NETBANKING,new,one_time,failed,network_error,0,0.75,295,1,1001,0
TX008876,C00709,3234.94,NETBANKING,returning,one_time,failed,insufficient_funds,3,0.8,339,1,742,0
TX008877,C00929,100.0,UPI,returning,one_time,failed,network_error,1,0.84,54,1,204,0
TX008878,C00890,1629.71,UPI,returning,yearly,failed,bank_timeout,2,0.77,318,1,1293,0
TX008879,C01040,1327.3,UPI,returning,monthly,success,none,0,0.88,235,1,610,0
TX008880,C00906,1062.76,UPI,returning,monthly,success,none,0,0.86,72,0,1277,0
TX008881,C01372,1898.47,UPI,returning,monthly,failed,network_error,1,0.65,148,0,983,0
TX008882,C00123,1386.45,NETBANKING,new,one_time,success,none,0,0.92,10,1,1274,0
TX008883,C00826,2018.33,UPI,returning,monthly,success,none,0,0.84,352,0,1159,0
TX008884,C00945,861.64,NETBANKING,returning,monthly,success,none,0,0.68,313,1,1396,0
TX008885,C00461,4223.26,UPI,returning,monthly,failed,card_declined,0,0.64,87,1,739,1
TX008886,C02634,2210.67,NETBANKING,returning,yearly,failed,network_error,2,0.85,209,1,1329,1
TX008887,C02027,1786.97,UPI,returning,one_time,success,none,0,0.9,221,1,167,0
TX008888,C02736,1710.15,UPI,returning,monthly,success,none,0,0.73,283,1,578,0
TX008889,C01685,3107.44,CARD,new,one_time,failed,card_declined,0,0.75,167,0,1497,0
TX008890,C00329,2750.45,UPI,returning,yearly,success,none,0,0.58,235,1,873,0
TX008891,C02714,990.79,NETBANKING,new,one_time,failed,card_declined,0,0.83,209,1,1332,1
TX008892,C01375,2673.86,CARD,new,one_time,success,none,0,0.9,83,1,690,0
TX008893,C02054,1282.6,WALLET,new,yearly,success,none,0,0.5,282,1,1368,0
TX008894,C01145,6156.32,NETBANKING,returning,one_time,success,none,0,0.9,165,1,815,0
TX008895,C01483,2945.27,UPI,returning,monthly,success,none,0,0.89,89,1,1229,0
TX008896,C01469,624.5,UPI,returning,monthly,success,none,0,0.59,128,1,828,0
TX008897,C00855,8934.18,CARD,returning,monthly,success,none,0,0.89,290,0,343,0
TX008898,C01665,165.37,UPI,returning,one_time,success,none,0,0.71,253,1,1251,0
TX008899,C02202,1946.17,UPI,returning,one_time,success,none,0,0.93,347,1,563,0
TX008900,C00061,586.03,UPI,new,one_time,failed,insufficient_funds,0,0.84,21,1,1241,0
TX008901,C00393,5966.78,CARD,returning,monthly,success,none,0,0.54,162,1,417,0
TX008902,C02527,1376.81,UPI,new,yearly,failed,insufficient_funds,1,0.78,163,1,650,0
TX008903,C01709,536.78,UPI,new,monthly,failed,insufficient_funds,0,0.82,201,1,272,0
TX008904,C02921,862.78,WALLET,returning,monthly,success,none,0,0.9,90,1,758,0
TX008905,C01815,576.78,NETBANKING,new,one_time,success,none,0,0.89,222,1,641,0
TX008906,C01961,832.81,UPI,returning,yearly,success,none,0,0.76,258,1,821,0
TX008907,C02698,815.84,UPI,returning,one_time,success,none,0,0.92,24,1,826,0
TX008908,C01982,557.78,CARD,returning,yearly,failed,network_error,0,0.75,170,1,1032,0
TX008909,C00989,1398.36,UPI,returning,yearly,success,none,0,0.72,321,1,937,0
TX008910,C01584,1559.47,CARD,returning,yearly,success,none,0,0.67,256,1,777,0
TX008911,C00707,447.34,CARD,returning,one_time,success,none,0,0.44,166,1,1251,0
TX008912,C01003,246.55,UPI,returning,one_time,failed,insufficient_funds,1,0.53,289,0,1173,0
TX008913,C02041,1450.79,UPI,returning,monthly,success,none,0,0.93,308,1,1284,0
TX008914,C00447,1769.99,UPI,returning,one_time,failed,network_error,0,0.77,280,1,513,0
TX008915,C02016,2115.81,UPI,returning,one_time,failed,insufficient_funds,0,0.66,364,0,593,0
TX008916,C01753,1800.93,CARD,returning,monthly,failed,insufficient_funds,1,0.83,337,1,925,1
TX008917,C00926,4516.29,UPI,returning,monthly,failed,insufficient_funds,2,0.58,66,1,23,0
TX008918,C00135,2690.17,WALLET,returning,one_time,success,none,0,0.56,36,0,1421,0
TX008919,C02114,12232.42,CARD,new,one_time,success,none,0,0.76,75,1,297,0
TX008920,C02474,17864.71,UPI,new,monthly,failed,card_declined,0,0.79,31,1,562,1
TX008921,C02191,225.36,UPI,returning,one_time,success,none,0,0.77,223,1,493,0
TX008922,C01263,151.8,UPI,returning,monthly,failed,insufficient_funds,0,0.63,85,1,205,0
TX008923,C01961,1089.36,UPI,returning,monthly,success,none,0,0.86,219,0,1271,0
TX008924,C01245,1726.43,CARD,new,yearly,success,none,0,0.9,166,0,1117,0
TX008925,C01075,1024.24,UPI,new,monthly,success,none,0,0.63,96,1,7,0
TX008926,C00982,2065.7,UPI,returning,monthly,failed,bank_timeout,0,0.73,182,1,1119,1
TX008927,C00633,859.87,UPI,returning,yearly,success,none,0,0.86,263,1,610,0
TX008928,C02909,587.25,UPI,returning,monthly,success,none,0,0.9,327,0,771,0
TX008929,C01999,672.77,CARD,new,monthly,failed,insufficient_funds,2,0.77,290,1,267,0
TX008930,C00525,915.85,WALLET,returning,one_time,success,none,0,0.69,360,0,294,0
TX008931,C02596,2342.94,CARD,returning,monthly,failed,card_declined,0,0.84,155,1,782,0
TX008932,C00454,707.64,WALLET,returning,one_time,success,none,0,0.8,124,1,524,0
TX008933,C01782,845.5,CARD,new,one_time,failed,insufficient_funds,0,0.7,267,1,1166,0
TX008934,C00497,1832.06,UPI,returning,monthly,success,none,0,0.93,346,1,1240,0
TX008935,C01084,916.98,NETBANKING,returning,one_time,success,none,0,0.83,45,0,564,0
TX008936,C01976,2996.02,UPI,returning,one_time,success,none,0,0.82,93,1,1111,0
TX008937,C02998,479.36,UPI,returning,monthly,failed,bank_timeout,1,0.89,17,1,889,0
TX008938,C02976,394.36,NETBANKING,returning,monthly,success,none,0,0.71,68,1,496,0
TX008939,C02687,1442.55,CARD,new,monthly,success,none,0,0.66,133,1,173,0
TX008940,C00707,1577.91,NETBANKING,returning,monthly,success,none,0,0.73,252,1,332,0
TX008941,C00281,503.48,UPI,returning,monthly,success,none,0,0.62,232,1,1488,0
TX008942,C02717,3674.73,CARD,returning,yearly,success,none,0,0.64,138,0,297,0
TX008943,C02770,6200.86,UPI,returning,one_time,failed,network_error,1,0.7,129,1,1206,0
TX008944,C00836,623.24,UPI,returning,one_time,success,none,0,0.5,291,1,567,0
TX008945,C00058,4182.11,NETBANKING,returning,one_time,failed,card_declined,1,0.75,297,1,1409,1
TX008946,C01944,128.52,UPI,new,monthly,success,none,0,0.81,330,1,392,0
TX008947,C00229,2888.52,CARD,returning,one_time,success,none,0,0.93,204,1,387,0
TX008948,C00122,506.75,NETBANKING,new,monthly,failed,bank_timeout,0,0.92,208,1,738,0
TX008949,C02812,2639.82,NETBANKING,new,monthly,success,none,0,0.68,81,1,497,0
TX008950,C01487,461.67,UPI,returning,monthly,success,none,0,0.56,318,1,225,0
TX008951,C00337,1031.08,UPI,new,monthly,success,none,0,0.57,338,1,879,0
TX008952,C01964,528.95,NETBANKING,new,one_time,failed,insufficient_funds,0,0.58,115,1,720,0
TX008953,C01108,904.61,CARD,returning,one_time,success,none,0,0.82,105,1,18,0
TX008954,C01609,5692.65,UPI,new,monthly,success,none,0,0.74,24,1,851,0
TX008955,C02697,995.11,UPI,returning,yearly,failed,bank_timeout,0,0.82,275,1,994,0
TX008956,C00714,7326.63,UPI,new,one_time,success,none,0,0.58,200,1,40,0
TX008957,C01940,774.93,WALLET,returning,monthly,success,none,0,0.77,121,0,773,0
TX008958,C02486,4198.94,UPI,returning,one_time,failed,card_declined,0,0.87,352,0,598,1
TX008959,C01272,253.88,CARD,returning,one_time,failed,insufficient_funds,2,0.79,75,1,167,0
TX008960,C02911,847.37,UPI,returning,one_time,success,none,0,0.85,226,1,1248,0
TX008961,C01345,676.88,UPI,returning,monthly,failed,expired_card,3,0.7,39,1,1025,0
TX008962,C01378,4376.2,CARD,new,monthly,success,none,0,0.71,265,1,437,0
TX008963,C02653,1295.59,NETBANKING,new,monthly,failed,bank_timeout,0,0.67,9,1,622,0
TX008964,C01908,167.46,UPI,returning,monthly,success,none,0,0.94,332,1,1339,0
TX008965,C02607,337.27,UPI,returning,one_time,failed,network_error,0,0.72,170,1,1338,0
TX008966,C02372,440.81,CARD,returning,one_time,failed,network_error,2,0.84,284,1,104,1
TX008967,C02138,2541.84,UPI,new,monthly,failed,insufficient_funds,1,0.87,64,1,415,0
TX008968,C00725,2263.14,UPI,returning,one_time,failed,expired_card,0,0.7,220,0,1019,0
TX008969,C01197,836.85,CARD,new,yearly,failed,card_declined,0,0.94,40,1,369,0
TX008970,C02594,669.37,UPI,returning,monthly,success,none,0,0.81,296,1,702,0
TX008971,C01849,2089.64,CARD,new,monthly,failed,card_declined,0,0.87,8,1,621,0
TX008972,C00841,396.8,UPI,returning,monthly,success,none,0,0.64,122,1,1116,0
TX008973,C00983,1655.57,CARD,returning,monthly,failed,bank_timeout,0,0.93,349,1,390,1
TX008974,C02328,1533.44,NETBANKING,returning,one_time,success,none,0,0.79,212,1,785,0
TX008975,C00535,856.51,NETBANKING,new,monthly,success,none,0,0.9,145,1,111,0
TX008976,C00337,1568.56,CARD,returning,one_time,success,none,0,0.98,323,1,281,0
TX008977,C02296,1202.17,CARD,new,monthly,success,none,0,0.77,48,1,18,0
TX008978,C00866,1715.87,UPI,returning,monthly,success,none,0,0.45,153,1,1259,0
TX008979,C02297,330.07,UPI,new,one_time,success,none,0,0.93,277,0,1448,0
TX008980,C01601,1906.55,UPI,returning,one_time,success,none,0,0.86,300,1,1339,0
TX008981,C02994,2762.64,CARD,returning,monthly,failed,bank_timeout,0,0.83,246,1,1172,0
TX008982,C01575,1463.9,UPI,returning,yearly,success,none,0,0.47,266,1,1095,0
TX008983,C02603,1883.89,UPI,returning,monthly,success,none,0,0.58,48,1,836,0
TX008984,C02552,993.34,UPI,returning,monthly,failed,network_error,1,0.8,121,1,579,0
TX008985,C00636,2445.98,CARD,returning,yearly,failed,network_error,2,0.84,273,1,686,1
TX008986,C02989,1162.96,UPI,new,monthly,success,none,0,0.77,236,1,298,0
TX008987,C02238,390.28,UPI,returning,monthly,failed,card_declined,0,0.59,349,1,302,1
TX008988,C00322,2294.33,CARD,returning,one_time,failed,insufficient_funds,0,0.43,161,1,136,1
TX008989,C00019,251.96,NETBANKING,new,monthly,success,none,0,0.64,353,1,482,0
TX008990,C00815,1414.46,CARD,returning,one_time,success,none,0,0.74,128,1,1144,0
TX008991,C00049,776.04,UPI,new,monthly,failed,card_declined,0,0.9,65,1,209,0
TX008992,C01073,732.66,NETBANKING,returning,one_time,failed,bank_timeout,3,0.83,254,1,367,0
TX008993,C02990,1280.22,UPI,returning,monthly,failed,card_declined,2,0.97,318,1,205,0
TX008994,C01437,579.2,UPI,returning,yearly,success,none,0,0.89,57,1,927,0
TX008995,C00072,1738.86,UPI,returning,monthly,success,none,0,0.76,326,1,841,0
TX008996,C01482,1154.15,UPI,returning,one_time,success,none,0,0.65,240,1,1229,0
TX008997,C00658,629.19,CARD,new,one_time,success,none,0,0.9,169,1,940,0
TX008998,C02569,3656.87,UPI,new,monthly,failed,insufficient_funds,0,0.77,57,1,727,0
TX008999,C00272,1318.57,NETBANKING,returning,one_time,failed,expired_card,1,0.49,76,1,1379,0
TX009000,C02312,1934.73,CARD,new,one_time,success,none,0,0.82,178,1,955,0
TX009001,C01338,3924.25,UPI,new,one_time,failed,insufficient_funds,1,0.92,132,1,222,0
TX009002,C00057,3866.72,UPI,returning,monthly,success,none,0,0.54,277,1,421,0
TX009003,C02020,1847.9,CARD,new,monthly,failed,bank_timeout,3,0.78,122,1,488,0
TX009004,C01366,835.15,UPI,new,one_time,success,none,0,0.7,242,1,624,0
TX009005,C02315,302.86,UPI,new,monthly,success,none,0,0.39,173,1,21,0
TX009006,C01855,1320.84,UPI,new,one_time,success,none,0,0.84,139,1,645,0
TX009007,C02362,2936.95,UPI,returning,monthly,success,none,0,0.5,302,1,365,0
TX009008,C01382,1508.52,UPI,new,yearly,failed,bank_timeout,0,0.77,164,1,850,0
TX009009,C00024,100.0,NETBANKING,new,one_time,success,none,0,0.6,169,1,1181,0
TX009010,C00392,2399.6,UPI,returning,monthly,failed,insufficient_funds,2,0.86,90,0,853,0
TX009011,C01377,2536.02,UPI,returning,one_time,success,none,0,0.67,237,0,556,0
TX009012,C01193,836.23,CARD,returning,one_time,failed,card_declined,2,0.65,151,1,656,0
TX009013,C02384,2669.18,NETBANKING,returning,monthly,success,none,0,0.79,8,1,104,0
TX009014,C01235,1929.79,CARD,returning,monthly,success,none,0,0.52,330,1,48,0
TX009015,C02581,591.73,UPI,returning,monthly,success,none,0,0.84,168,1,464,0
TX009016,C00564,3443.25,WALLET,new,yearly,success,none,0,0.65,307,1,777,0
TX009017,C01155,350.47,UPI,returning,monthly,failed,expired_card,1,0.95,17,1,1209,0
TX009018,C02269,1041.57,UPI,returning,one_time,success,none,0,0.54,36,0,657,0
TX009019,C00373,952.13,CARD,returning,monthly,success,none,0,0.69,137,1,1034,0
TX009020,C00965,521.71,UPI,new,monthly,success,none,0,0.51,67,1,997,0
TX009021,C02256,1441.46,CARD,returning,monthly,success,none,0,0.47,12,1,1013,0
TX009022,C01767,3566.47,WALLET,returning,one_time,success,none,0,0.95,14,1,271,0
TX009023,C02335,3371.01,UPI,returning,yearly,failed,bank_timeout,0,0.45,246,1,898,1
TX009024,C01548,2103.37,UPI,returning,monthly,success,none,0,0.79,152,1,1492,0
TX009025,C02578,238.33,UPI,returning,monthly,failed,bank_timeout,3,0.39,58,1,954,0
TX009026,C02633,329.52,UPI,new,monthly,failed,network_error,2,0.83,302,1,1398,1
TX009027,C02924,1273.54,CARD,returning,monthly,success,none,0,0.75,145,1,1250,0
TX009028,C00367,1063.36,WALLET,returning,one_time,success,none,0,0.52,211,1,1120,0
TX009029,C01774,700.45,CARD,returning,one_time,success,none,0,0.68,103,1,560,0
TX009030,C00343,6092.36,WALLET,returning,monthly,failed,bank_timeout,0,0.55,86,1,512,0
TX009031,C00687,1206.25,UPI,returning,monthly,success,none,0,0.59,354,1,1433,0
TX009032,C00901,1786.78,UPI,returning,one_time,success,none,0,0.67,144,0,843,0
TX009033,C01939,2668.05,UPI,new,monthly,failed,card_declined,1,0.59,305,1,569,0
TX009034,C01294,1152.24,CARD,new,yearly,success,none,0,0.86,35,1,782,0
TX009035,C02595,11293.2,UPI,returning,yearly,success,none,0,0.77,91,1,502,0
TX009036,C00896,470.44,UPI,returning,one_time,failed,network_error,0,0.85,140,1,1122,1
TX009037,C01852,635.58,UPI,returning,one_time,success,none,0,0.86,141,1,792,0
TX009038,C02290,469.4,UPI,returning,yearly,failed,network_error,0,0.38,137,1,654,0
TX009039,C02941,4475.59,CARD,returning,yearly,success,none,0,0.97,164,1,136,0
TX009040,C00736,2257.19,NETBANKING,returning,one_time,failed,bank_timeout,2,0.78,98,1,736,1
TX009041,C02201,672.0,UPI,returning,one_time,failed,bank_timeout,0,0.69,254,1,1290,0
TX009042,C00255,503.97,UPI,new,one_time,success,none,0,0.76,77,1,1128,0
TX009043,C01631,3813.88,UPI,new,monthly,failed,insufficient_funds,1,0.92,267,1,686,0
TX009044,C01242,1518.56,UPI,returning,monthly,success,none,0,0.69,79,1,636,0
TX009045,C02876,3902.51,UPI,new,one_time,success,none,0,0.74,208,1,22,0
TX009046,C02321,1038.85,CARD,returning,monthly,success,none,0,0.85,53,1,1142,0
TX009047,C02782,1737.81,CARD,new,one_time,success,none,0,0.64,219,1,1186,0
TX009048,C02552,1436.84,CARD,returning,one_time,success,none,0,0.88,51,1,1024,0
TX009049,C01233,625.34,NETBANKING,returning,monthly,success,none,0,0.66,120,1,349,0
TX009050,C02201,963.21,UPI,new,monthly,failed,card_declined,1,0.75,357,1,893,0
TX009051,C00092,377.71,CARD,new,one_time,success,none,0,0.68,63,1,929,0
TX009052,C01674,1710.77,CARD,new,one_time,success,none,0,0.84,238,1,563,0
TX009053,C00142,2175.74,UPI,returning,one_time,success,none,0,0.8,358,1,1374,0
TX009054,C02173,2673.5,UPI,returning,yearly,success,none,0,0.79,234,1,1126,0
TX009055,C02901,1997.98,UPI,returning,yearly,success,none,0,0.89,163,1,476,0
TX009056,C02045,977.12,UPI,returning,monthly,success,none,0,0.68,144,1,996,0
TX009057,C02520,4432.74,UPI,returning,yearly,failed,network_error,2,0.87,136,1,174,0
TX009058,C00704,2448.12,UPI,new,monthly,failed,card_declined,1,0.83,61,1,1210,0
TX009059,C02982,3826.45,NETBANKING,new,one_time,success,none,0,0.85,153,1,237,0
TX009060,C01653,4048.73,NETBANKING,returning,monthly,success,none,0,0.76,178,1,585,0
TX009061,C02024,979.42,CARD,new,yearly,success,none,0,0.77,158,1,1342,0
TX009062,C02312,1554.78,CARD,returning,monthly,success,none,0,0.92,137,1,399,0
TX009063,C01919,2201.97,WALLET,new,yearly,success,none,0,0.75,354,0,676,0
TX009064,C00952,389.85,UPI,returning,monthly,success,none,0,0.86,89,0,43,0
TX009065,C01835,397.71,UPI,new,yearly,success,none,0,0.66,301,0,190,0
TX009066,C01962,340.57,CARD,new,monthly,success,none,0,0.69,277,1,814,0
TX009067,C02573,994.97,NETBANKING,new,monthly,success,none,0,0.63,274,0,1119,0
TX009068,C01445,812.42,CARD,returning,yearly,success,none,0,0.49,86,1,1139,0
TX009069,C01506,301.24,UPI,new,one_time,failed,bank_timeout,1,0.87,347,1,1157,0
TX009070,C01510,1254.41,CARD,returning,monthly,success,none,0,0.87,262,1,970,0
TX009071,C00344,1006.21,UPI,returning,one_time,failed,card_declined,1,0.71,1,1,1449,0
TX009072,C00271,3178.03,UPI,new,yearly,failed,insufficient_funds,0,0.7,46,1,1031,0
TX009073,C00062,6712.19,UPI,returning,monthly,failed,network_error,0,0.9,235,1,1193,1
TX009074,C01999,1653.76,CARD,new,one_time,success,none,0,0.41,182,1,470,0
TX009075,C01257,585.83,UPI,returning,one_time,success,none,0,0.71,200,1,481,0
TX009076,C02598,1962.65,UPI,returning,one_time,success,none,0,0.91,247,1,1450,0
TX009077,C02107,1105.85,CARD,returning,monthly,success,none,0,0.74,195,0,306,0
TX009078,C00425,883.5,UPI,returning,one_time,success,none,0,0.79,251,1,31,0
TX009079,C00301,505.0,NETBANKING,new,yearly,success,none,0,0.92,56,1,649,0
TX009080,C01099,722.13,UPI,returning,monthly,success,none,0,0.64,357,1,140,0
TX009081,C02763,934.48,CARD,returning,yearly,failed,bank_timeout,1,0.84,171,1,368,1
TX009082,C00147,2261.28,UPI,returning,one_time,success,none,0,0.6,165,0,1140,0
TX009083,C00563,1737.01,WALLET,returning,one_time,success,none,0,0.66,351,1,737,0
TX009084,C00089,5670.42,NETBANKING,returning,yearly,success,none,0,0.51,138,1,401,0
TX009085,C01241,2012.04,UPI,returning,monthly,failed,bank_timeout,1,0.58,238,0,360,0
TX009086,C02969,1606.58,CARD,new,one_time,success,none,0,0.87,271,1,255,0
TX009087,C02052,832.47,CARD,returning,yearly,success,none,0,0.49,204,1,780,0
TX009088,C01481,431.08,UPI,returning,one_time,success,none,0,0.68,24,0,530,0
TX009089,C00434,656.61,CARD,new,one_time,success,none,0,0.62,86,1,848,0
TX009090,C01067,584.14,NETBANKING,returning,monthly,failed,card_declined,0,0.87,180,1,18,0
TX009091,C01574,109.42,UPI,new,monthly,failed,expired_card,0,0.62,248,1,931,0
TX009092,C00825,442.41,NETBANKING,new,monthly,success,none,0,0.64,318,1,870,0
TX009093,C02116,4637.77,UPI,returning,one_time,success,none,0,0.77,56,1,1395,0
TX009094,C02941,1528.04,NETBANKING,new,one_time,success,none,0,0.61,97,1,666,0
TX009095,C00618,781.43,WALLET,returning,one_time,success,none,0,0.5,203,1,369,0
TX009096,C00757,1569.69,UPI,new,one_time,success,none,0,0.6,183,1,313,0
TX009097,C00379,189.04,UPI,returning,one_time,failed,bank_timeout,0,0.75,35,1,582,1
TX009098,C02178,1413.59,CARD,returning,monthly,failed,bank_timeout,0,0.91,59,1,1178,1
TX009099,C01386,3462.49,NETBANKING,returning,yearly,success,none,0,0.83,172,1,112,0
TX009100,C00852,983.38,UPI,new,yearly,success,none,0,0.64,344,1,1096,0
TX009101,C00658,222.56,UPI,new,monthly,success,none,0,0.64,28,1,694,0
TX009102,C00212,755.56,CARD,returning,one_time,success,none,0,0.67,310,1,1019,0
TX009103,C01429,3468.01,UPI,returning,monthly,failed,network_error,0,0.87,300,0,934,0
TX009104,C02050,1384.05,CARD,returning,yearly,success,none,0,0.69,279,1,1399,0
TX009105,C00706,305.98,CARD,returning,one_time,failed,expired_card,2,0.85,57,0,1412,0
TX009106,C00005,9236.02,WALLET,returning,one_time,success,none,0,0.53,54,1,447,0
TX009107,C01420,354.81,UPI,new,one_time,success,none,0,0.51,127,1,782,0
TX009108,C02028,881.27,NETBANKING,new,monthly,success,none,0,0.49,184,1,447,0
TX009109,C01035,431.11,CARD,returning,yearly,failed,bank_timeout,2,0.79,244,1,1100,1
TX009110,C00752,431.64,NETBANKING,returning,monthly,success,none,0,0.79,78,1,1138,0
TX009111,C00463,730.01,UPI,new,monthly,success,none,0,0.71,304,1,425,0
TX009112,C02239,1944.06,CARD,returning,monthly,failed,expired_card,0,0.87,335,1,306,0
TX009113,C02585,3503.36,NETBANKING,new,yearly,success,none,0,0.88,317,1,14,0
TX009114,C02310,774.68,CARD,returning,one_time,success,none,0,0.71,339,0,1430,0
TX009115,C01555,441.81,UPI,returning,monthly,success,none,0,0.71,357,1,63,0
TX009116,C02173,1687.12,UPI,returning,yearly,failed,network_error,0,0.88,266,1,366,0
TX009117,C01191,1732.23,UPI,returning,yearly,failed,insufficient_funds,0,0.71,33,1,1114,1
TX009118,C00074,1361.5,UPI,returning,one_time,success,none,0,0.72,240,1,247,0
TX009119,C01103,1405.52,CARD,new,one_time,success,none,0,0.69,255,1,784,0
TX009120,C02112,990.98,WALLET,returning,yearly,failed,network_error,3,0.86,89,1,639,1
TX009121,C01943,1197.91,CARD,returning,yearly,failed,card_declined,0,0.82,6,1,1149,0
TX009122,C02971,931.24,UPI,returning,one_time,success,none,0,0.45,27,1,44,0
TX009123,C02993,2873.31,UPI,new,one_time,success,none,0,0.43,287,1,1362,0
TX009124,C00728,8148.7,UPI,new,one_time,failed,bank_timeout,2,0.66,306,0,991,0
TX009125,C00029,1289.08,UPI,returning,monthly,success,none,0,0.91,25,1,483,0
TX009126,C00823,1090.17,NETBANKING,returning,one_time,success,none,0,0.51,87,1,1143,0
TX009127,C02629,1380.6,UPI,returning,one_time,success,none,0,0.48,215,1,455,0
TX009128,C02441,606.6,UPI,returning,monthly,success,none,0,0.65,98,1,540,0
TX009129,C00297,2183.05,CARD,new,one_time,success,none,0,0.54,204,1,1302,0
TX009130,C00482,1631.18,UPI,new,yearly,failed,card_declined,1,0.91,94,1,488,1
TX009131,C01691,751.13,UPI,new,one_time,success,none,0,0.68,196,1,1185,0
TX009132,C01982,2469.72,UPI,new,one_time,success,none,0,0.8,127,0,1022,0
TX009133,C02948,1115.54,UPI,returning,yearly,success,none,0,0.64,24,1,1253,0
TX009134,C02266,458.04,CARD,new,one_time,failed,insufficient_funds,1,0.82,119,1,757,0
TX009135,C00636,1504.84,UPI,new,one_time,success,none,0,0.51,257,1,110,0
TX009136,C00112,1357.36,CARD,returning,one_time,failed,bank_timeout,0,0.9,94,0,706,0
TX009137,C01901,2602.89,UPI,returning,monthly,failed,network_error,0,0.77,101,1,1086,0
TX009138,C01662,2317.84,UPI,new,monthly,failed,bank_timeout,0,0.81,47,1,667,0
TX009139,C02766,993.96,CARD,new,yearly,success,none,0,0.77,46,1,931,0
TX009140,C01728,717.03,UPI,returning,yearly,failed,insufficient_funds,2,0.59,283,1,1297,0
TX009141,C01504,1098.36,UPI,returning,one_time,success,none,0,0.98,5,1,1396,0
TX009142,C00911,1520.78,UPI,returning,one_time,success,none,0,0.69,344,1,28,0
TX009143,C00259,1694.9,UPI,new,monthly,success,none,0,0.94,363,1,790,0
TX009144,C02630,1438.38,UPI,returning,yearly,failed,expired_card,1,0.7,56,1,827,0
TX009145,C02479,1010.61,WALLET,returning,one_time,success,none,0,0.95,272,1,300,0
TX009146,C00489,2689.57,UPI,returning,one_time,success,none,0,0.91,210,0,734,0
TX009147,C02112,597.72,UPI,returning,one_time,success,none,0,0.86,314,1,1359,0
TX009148,C01093,10213.47,UPI,returning,yearly,failed,bank_timeout,2,0.64,161,0,414,0
TX009149,C01312,2179.31,UPI,new,one_time,success,none,0,0.66,29,1,913,0
TX009150,C02547,397.53,CARD,returning,monthly,success,none,0,0.74,164,1,407,0
TX009151,C02527,1295.57,CARD,returning,one_time,failed,expired_card,2,0.56,23,1,1184,1
TX009152,C00572,2198.25,WALLET,new,monthly,success,none,0,0.57,276,1,683,0
TX009153,C00923,800.77,UPI,new,one_time,success,none,0,0.72,123,1,1436,0
TX009154,C02465,285.54,UPI,new,monthly,failed,network_error,1,0.68,275,1,27,0
TX009155,C02751,430.45,CARD,returning,one_time,success,none,0,0.64,262,1,1325,0
TX009156,C00238,1786.27,UPI,returning,one_time,success,none,0,0.89,23,1,674,0
TX009157,C02501,226.07,UPI,returning,one_time,success,none,0,0.62,214,1,1498,0
TX009158,C01468,297.55,UPI,returning,monthly,success,none,0,0.75,325,1,1332,0
TX009159,C01771,1777.83,UPI,returning,monthly,success,none,0,0.9,264,1,423,0
TX009160,C00226,897.58,NETBANKING,returning,one_time,success,none,0,0.88,5,1,1147,0
TX009161,C02042,586.28,NETBANKING,new,one_time,success,none,0,0.51,173,1,213,0
TX009162,C02034,702.57,CARD,new,one_time,failed,bank_timeout,1,0.86,160,1,411,1
TX009163,C01989,291.86,UPI,returning,one_time,failed,card_declined,1,0.54,17,1,914,0
TX009164,C02372,1695.97,CARD,returning,monthly,failed,insufficient_funds,1,0.72,35,1,83,0
TX009165,C02839,530.65,CARD,returning,one_time,success,none,0,0.66,243,1,1257,0
TX009166,C02550,677.1,CARD,returning,monthly,success,none,0,0.9,243,1,593,0
TX009167,C02235,1498.33,UPI,returning,monthly,success,none,0,0.78,196,1,438,0
TX009168,C02944,870.47,WALLET,new,yearly,success,none,0,0.9,152,1,466,0
TX009169,C02024,581.62,UPI,new,monthly,success,none,0,0.9,88,1,325,0
TX009170,C02017,183.0,CARD,returning,one_time,success,none,0,0.69,51,1,134,0
TX009171,C01627,1526.42,NETBANKING,returning,one_time,success,none,0,0.67,278,0,436,0
TX009172,C02308,1177.44,NETBANKING,returning,one_time,success,none,0,0.89,124,1,422,0
TX009173,C00215,688.39,NETBANKING,new,one_time,success,none,0,0.72,252,1,1282,0
TX009174,C01518,431.1,UPI,returning,one_time,failed,network_error,1,0.7,95,1,1462,0
TX009175,C01276,1109.3,CARD,returning,yearly,failed,insufficient_funds,1,0.85,163,1,708,0
TX009176,C02739,1689.9,UPI,new,one_time,success,none,0,0.83,238,0,1463,0
TX009177,C00218,1197.49,CARD,returning,monthly,success,none,0,0.73,264,1,1455,0
TX009178,C01932,4789.87,UPI,new,one_time,success,none,0,0.86,244,1,328,0
TX009179,C00553,2067.92,UPI,returning,one_time,success,none,0,0.79,237,1,1278,0
TX009180,C02651,995.7,NETBANKING,returning,one_time,success,none,0,0.81,200,1,375,0
TX009181,C02556,2131.22,NETBANKING,new,one_time,success,none,0,0.85,321,1,1292,0
TX009182,C00707,1145.73,UPI,returning,one_time,success,none,0,0.8,284,1,1297,0
TX009183,C02616,1142.16,UPI,returning,yearly,success,none,0,0.91,5,1,854,0
TX009184,C01491,3521.8,UPI,new,monthly,success,none,0,0.89,9,1,1163,0
TX009185,C02914,488.7,UPI,returning,one_time,failed,insufficient_funds,3,0.61,286,1,1363,0
TX009186,C02190,1119.88,UPI,returning,one_time,failed,bank_timeout,3,0.78,239,1,1150,0
TX009187,C00104,3199.47,NETBANKING,returning,yearly,success,none,0,0.65,58,1,160,0
TX009188,C00609,1448.22,UPI,new,one_time,success,none,0,0.48,238,0,825,0
TX009189,C01211,786.7,UPI,returning,one_time,success,none,0,0.72,76,1,10,0
TX009190,C00635,236.15,CARD,new,monthly,success,none,0,0.72,169,1,715,0
TX009191,C00398,142.12,UPI,new,monthly,failed,insufficient_funds,1,0.49,42,1,1084,1
TX009192,C02935,7105.06,UPI,returning,one_time,success,none,0,0.62,306,0,140,0
TX009193,C02608,1447.6,UPI,returning,monthly,failed,insufficient_funds,0,0.84,1,1,120,0
TX009194,C01304,648.29,UPI,new,one_time,failed,insufficient_funds,0,0.77,27,0,1379,0
TX009195,C00646,1501.94,UPI,returning,monthly,success,none,0,0.67,354,1,689,0
TX009196,C00546,467.36,CARD,returning,one_time,success,none,0,0.57,277,1,1315,0
TX009197,C02748,813.97,UPI,returning,yearly,success,none,0,0.92,99,1,816,0
TX009198,C00995,470.2,NETBANKING,returning,monthly,success,none,0,0.71,115,1,544,0
TX009199,C00038,307.37,NETBANKING,returning,one_time,success,none,0,0.87,45,1,129,0
TX009200,C01193,164.93,NETBANKING,returning,monthly,success,none,0,0.48,12,1,284,0
TX009201,C01364,260.37,WALLET,new,one_time,failed,insufficient_funds,0,0.91,22,1,1407,0
TX009202,C01870,2749.46,NETBANKING,new,yearly,failed,bank_timeout,2,0.86,9,1,694,1
TX009203,C01017,451.15,NETBANKING,returning,one_time,success,none,0,0.9,293,1,431,0
TX009204,C02770,1774.73,UPI,new,one_time,success,none,0,0.79,90,1,1471,0
TX009205,C01931,2594.07,UPI,new,monthly,failed,network_error,0,0.78,169,1,1114,1
TX009206,C02960,1113.12,CARD,new,one_time,success,none,0,0.85,214,1,683,0
TX009207,C01102,838.23,NETBANKING,new,one_time,failed,bank_timeout,0,0.62,250,1,636,1
TX009208,C01956,1236.11,NETBANKING,returning,monthly,success,none,0,0.69,225,1,1291,0
TX009209,C01097,753.74,CARD,new,monthly,failed,card_declined,1,0.88,179,1,23,0
TX009210,C02100,3240.61,NETBANKING,new,one_time,success,none,0,0.82,42,0,862,0
TX009211,C02238,5936.53,CARD,returning,monthly,failed,bank_timeout,0,0.96,165,1,834,1
TX009212,C00966,4043.36,CARD,returning,monthly,failed,card_declined,1,0.79,106,1,752,0
TX009213,C02814,158.16,UPI,returning,yearly,success,none,0,0.77,102,1,62,0
TX009214,C02572,740.02,UPI,returning,monthly,success,none,0,0.63,38,1,1073,0
TX009215,C02684,1100.75,UPI,returning,monthly,success,none,0,0.78,76,1,47,0
TX009216,C00654,1663.62,UPI,returning,monthly,failed,insufficient_funds,2,0.81,305,0,1428,0
TX009217,C02154,231.69,UPI,new,one_time,failed,network_error,2,0.91,204,1,254,1
TX009218,C00320,228.35,UPI,new,one_time,success,none,0,0.79,311,1,1139,0
TX009219,C00317,3555.0,NETBANKING,returning,monthly,success,none,0,0.76,286,1,1026,0
TX009220,C02920,663.01,UPI,returning,one_time,success,none,0,0.77,75,1,1421,0
TX009221,C00459,287.53,CARD,returning,monthly,success,none,0,0.53,362,1,729,0
TX009222,C02593,406.15,UPI,returning,one_time,success,none,0,0.58,328,1,594,0
TX009223,C01293,1558.42,NETBANKING,new,monthly,success,none,0,0.76,251,1,1167,0
TX009224,C00911,523.07,UPI,new,monthly,failed,card_declined,1,0.77,30,0,126,0
TX009225,C00221,1363.03,CARD,returning,yearly,success,none,0,0.84,274,0,933,0
TX009226,C02026,454.48,CARD,new,one_time,success,none,0,0.86,196,1,189,0
TX009227,C02164,228.2,UPI,returning,yearly,success,none,0,0.82,329,1,79,0
TX009228,C01402,3951.86,CARD,returning,one_time,success,none,0,0.62,262,1,300,0
TX009229,C02430,1569.28,CARD,returning,monthly,success,none,0,0.75,5,1,918,0
TX009230,C00970,812.1,NETBANKING,returning,monthly,success,none,0,0.74,146,1,1141,0
TX009231,C01656,685.93,UPI,new,one_time,failed,network_error,2,0.75,25,1,140,0
TX009232,C00861,4098.64,NETBANKING,returning,yearly,failed,card_declined,2,0.77,35,1,436,0
TX009233,C01747,1867.54,UPI,returning,monthly,success,none,0,0.68,4,1,158,0
TX009234,C00409,3078.3,UPI,returning,one_time,failed,card_declined,0,0.81,279,1,328,0
TX009235,C01429,648.51,UPI,returning,monthly,success,none,0,0.79,88,1,14,0
TX009236,C01648,1147.8,UPI,new,monthly,success,none,0,0.93,287,1,1337,0
TX009237,C01670,1574.95,UPI,new,monthly,success,none,0,0.59,269,1,1117,0
TX009238,C01340,668.43,NETBANKING,returning,one_time,success,none,0,0.74,120,1,1331,0
TX009239,C01931,1006.29,CARD,returning,one_time,success,none,0,0.56,238,1,1140,0
TX009240,C01537,648.56,WALLET,returning,one_time,success,none,0,0.61,9,1,67,0
TX009241,C00850,1570.51,UPI,new,monthly,success,none,0,0.59,74,1,1276,0
TX009242,C00647,333.87,CARD,new,monthly,success,none,0,0.5,335,1,969,0
TX009243,C01944,1834.95,UPI,returning,monthly,success,none,0,0.71,14,1,647,0
TX009244,C02816,1450.47,UPI,returning,one_time,success,none,0,0.53,30,1,574,0
TX009245,C02260,913.26,UPI,new,monthly,failed,network_error,1,0.65,235,1,624,0
TX009246,C01916,1643.47,CARD,returning,yearly,failed,card_declined,1,0.8,96,1,419,0
TX009247,C02765,789.62,CARD,returning,one_time,success,none,0,0.57,100,0,1152,0
TX009248,C02699,599.97,UPI,new,one_time,success,none,0,0.61,159,1,620,0
TX009249,C01520,1788.9,UPI,new,yearly,success,none,0,0.61,349,1,1045,0
TX009250,C00328,1859.96,UPI,new,one_time,success,none,0,0.49,163,1,886,0
TX009251,C01903,694.68,UPI,new,monthly,success,none,0,0.84,141,1,1221,0
TX009252,C01869,643.07,CARD,returning,one_time,failed,insufficient_funds,0,0.85,191,1,1305,0
TX009253,C00833,930.13,UPI,returning,one_time,success,none,0,0.44,205,1,1250,0
TX009254,C02549,667.27,NETBANKING,new,monthly,failed,card_declined,0,0.8,77,1,839,1
TX009255,C02610,4326.9,WALLET,new,one_time,success,none,0,0.69,28,1,251,0
TX009256,C00993,1458.01,UPI,returning,yearly,success,none,0,0.97,142,1,1259,0
TX009257,C01431,1111.14,NETBANKING,returning,one_time,success,none,0,0.77,192,1,215,0
TX009258,C00586,473.69,CARD,returning,one_time,success,none,0,0.95,340,1,234,0
TX009259,C00536,2132.59,UPI,returning,one_time,success,none,0,0.91,104,1,656,0
TX009260,C00796,632.42,NETBANKING,new,monthly,success,none,0,0.7,323,1,435,0
TX009261,C01098,609.43,UPI,new,one_time,failed,expired_card,1,0.61,152,1,875,1
TX009262,C00819,2198.11,CARD,returning,one_time,success,none,0,0.88,34,1,1253,0
TX009263,C00455,1554.0,CARD,returning,one_time,success,none,0,0.81,13,1,176,0
TX009264,C01342,115.23,NETBANKING,new,monthly,success,none,0,0.73,285,1,534,0
TX009265,C01871,951.47,CARD,returning,one_time,failed,bank_timeout,3,0.79,193,1,448,0
TX009266,C00978,1227.79,NETBANKING,returning,yearly,success,none,0,0.78,201,1,291,0
TX009267,C01601,807.84,UPI,new,one_time,success,none,0,0.44,285,1,1108,0
TX009268,C00814,1266.9,WALLET,returning,one_time,success,none,0,0.58,13,1,1277,0
TX009269,C02112,215.14,CARD,returning,one_time,failed,insufficient_funds,0,0.65,30,1,1044,0
TX009270,C01946,100.0,CARD,returning,one_time,success,none,0,0.77,287,1,32,0
TX009271,C02881,455.81,NETBANKING,new,monthly,failed,expired_card,2,0.84,150,1,940,0
TX009272,C00160,1413.78,UPI,new,yearly,success,none,0,0.91,57,0,1021,0
TX009273,C02560,100.0,UPI,returning,monthly,success,none,0,0.54,267,1,310,0
TX009274,C01022,513.27,NETBANKING,new,yearly,success,none,0,0.69,89,0,558,0
TX009275,C00199,194.32,NETBANKING,returning,monthly,failed,bank_timeout,0,0.91,187,1,22,0
TX009276,C02070,881.51,CARD,returning,one_time,failed,network_error,1,0.5,28,1,410,0
TX009277,C00516,6387.57,UPI,returning,one_time,success,none,0,0.78,102,1,930,0
TX009278,C00528,901.93,UPI,returning,monthly,success,none,0,0.81,279,1,1449,0
TX009279,C02939,995.5,UPI,returning,yearly,success,none,0,0.58,10,0,596,0
TX009280,C00663,2333.93,UPI,returning,monthly,failed,bank_timeout,0,0.65,258,1,857,1
TX009281,C01642,1117.87,NETBANKING,returning,monthly,failed,insufficient_funds,2,0.52,14,1,1,0
TX009282,C00602,903.71,CARD,returning,one_time,success,none,0,0.75,305,1,1333,0
TX009283,C00372,2524.96,UPI,new,monthly,success,none,0,0.69,317,1,751,0
TX009284,C00003,1676.89,UPI,new,monthly,failed,bank_timeout,1,0.33,185,1,732,0
TX009285,C00049,1421.92,NETBANKING,returning,yearly,success,none,0,0.77,296,1,186,0
TX009286,C01422,967.87,CARD,returning,monthly,success,none,0,0.56,157,1,1213,0
TX009287,C01303,803.15,UPI,new,one_time,success,none,0,0.68,246,1,476,0
TX009288,C00117,2503.52,UPI,returning,monthly,success,none,0,0.86,201,1,382,0
TX009289,C01049,810.12,UPI,returning,one_time,success,none,0,0.83,198,1,919,0
TX009290,C00819,3321.35,UPI,returning,one_time,success,none,0,0.98,3,1,589,0
TX009291,C01714,427.34,CARD,new,monthly,failed,expired_card,2,0.64,221,1,1111,0
TX009292,C02985,3985.45,UPI,new,yearly,success,none,0,0.75,284,1,541,0
TX009293,C02075,1677.12,UPI,returning,monthly,success,none,0,0.92,353,1,1207,0
TX009294,C02756,458.66,UPI,returning,one_time,success,none,0,0.8,302,1,528,0
TX009295,C00577,1733.82,UPI,new,one_time,failed,bank_timeout,3,0.89,140,1,337,0
TX009296,C00646,610.77,CARD,returning,one_time,success,none,0,0.82,22,1,779,0
TX009297,C02253,1130.13,CARD,returning,monthly,failed,card_declined,0,0.59,17,0,861,1
TX009298,C00931,707.71,UPI,returning,monthly,success,none,0,0.9,332,1,26,0
TX009299,C02547,973.0,UPI,returning,monthly,success,none,0,0.77,255,1,1048,0
TX009300,C01392,2558.78,CARD,returning,one_time,failed,expired_card,0,0.62,150,1,914,0
TX009301,C00603,1748.76,NETBANKING,returning,monthly,failed,network_error,0,0.97,29,1,830,1
TX009302,C02534,398.29,UPI,returning,one_time,success,none,0,0.93,87,1,174,0
TX009303,C01652,419.35,UPI,returning,monthly,failed,insufficient_funds,2,0.35,75,1,1129,0
TX009304,C02408,1399.26,NETBANKING,returning,monthly,failed,card_declined,0,0.62,15,1,381,0
TX009305,C01357,1493.49,UPI,new,one_time,success,none,0,0.92,96,1,1480,0
TX009306,C00379,597.65,WALLET,returning,one_time,failed,bank_timeout,2,0.82,358,1,860,0
TX009307,C02044,4592.52,NETBANKING,new,monthly,failed,insufficient_funds,3,0.91,333,1,793,0
TX009308,C00374,2280.49,UPI,returning,one_time,success,none,0,0.98,242,1,1420,0
TX009309,C01990,624.52,UPI,new,monthly,success,none,0,0.51,104,1,267,0
TX009310,C01251,572.48,WALLET,new,yearly,success,none,0,0.66,225,1,1202,0
TX009311,C02375,893.34,UPI,returning,one_time,success,none,0,0.86,78,0,1358,0
TX009312,C02611,813.49,UPI,returning,yearly,success,none,0,0.6,54,1,420,0
TX009313,C01223,3396.64,UPI,returning,one_time,success,none,0,0.48,88,1,254,0
TX009314,C02647,2659.97,CARD,returning,monthly,success,none,0,0.72,293,0,1486,0
TX009315,C00333,1131.8,NETBANKING,new,one_time,success,none,0,0.35,300,1,501,0
TX009316,C00323,2018.51,CARD,new,monthly,success,none,0,0.67,215,1,82,0
TX009317,C02981,2300.03,UPI,returning,yearly,failed,expired_card,1,0.46,321,1,1325,0
TX009318,C01723,1155.67,CARD,returning,one_time,success,none,0,0.85,130,1,33,0
TX009319,C01353,1575.55,CARD,returning,yearly,success,none,0,0.96,14,1,1387,0
TX009320,C00468,1872.01,UPI,new,monthly,success,none,0,0.75,228,0,292,0
TX009321,C00867,1700.78,CARD,new,yearly,failed,bank_timeout,1,0.95,271,1,1112,0
TX009322,C02059,544.07,CARD,returning,monthly,success,none,0,0.86,51,1,543,0
TX009323,C02466,595.89,UPI,new,monthly,failed,insufficient_funds,0,0.92,42,1,67,1
TX009324,C02750,845.78,WALLET,new,yearly,success,none,0,0.89,155,1,1310,0
TX009325,C01224,580.57,UPI,returning,monthly,success,none,0,0.81,233,1,1051,0
TX009326,C01365,291.26,UPI,returning,monthly,success,none,0,0.49,58,1,1261,0
TX009327,C00490,2014.96,UPI,returning,one_time,success,none,0,0.6,241,1,1407,0
TX009328,C00250,1497.82,UPI,new,one_time,success,none,0,0.89,42,1,813,0
TX009329,C01314,328.51,UPI,new,monthly,success,none,0,0.47,114,1,397,0
TX009330,C01738,882.87,UPI,new,one_time,success,none,0,0.79,362,1,634,0
TX009331,C00313,929.03,CARD,returning,one_time,success,none,0,0.75,19,1,1385,0
TX009332,C01226,1291.75,CARD,new,yearly,failed,expired_card,1,0.77,104,1,115,0
TX009333,C01925,414.17,UPI,returning,monthly,success,none,0,0.91,113,1,38,0
TX009334,C02433,324.21,CARD,new,yearly,success,none,0,0.77,5,0,386,0
TX009335,C02816,1750.67,CARD,returning,one_time,success,none,0,0.86,242,1,962,0
TX009336,C01022,275.73,UPI,new,one_time,success,none,0,0.78,80,0,775,0
TX009337,C01176,889.45,WALLET,returning,one_time,success,none,0,0.77,136,1,1112,0
TX009338,C02625,817.73,UPI,returning,yearly,failed,expired_card,0,0.87,134,1,261,1
TX009339,C02080,981.46,UPI,new,one_time,success,none,0,0.76,300,1,578,0
TX009340,C00822,1376.7,UPI,returning,yearly,success,none,0,0.79,5,1,960,0
TX009341,C02056,4622.6,UPI,new,one_time,failed,insufficient_funds,2,0.83,157,1,12,0
TX009342,C00473,259.94,UPI,returning,one_time,failed,insufficient_funds,2,0.72,229,1,1215,0
TX009343,C01348,2413.72,UPI,returning,monthly,success,none,0,0.91,315,1,1202,0
TX009344,C00920,114.33,CARD,returning,monthly,success,none,0,0.67,191,1,194,0
TX009345,C02978,3844.27,NETBANKING,returning,monthly,success,none,0,0.69,55,1,812,0
TX009346,C00105,174.41,CARD,new,one_time,success,none,0,0.5,125,1,852,0
TX009347,C02571,9825.69,CARD,returning,monthly,success,none,0,0.69,106,1,1330,0
TX009348,C00844,772.17,CARD,returning,monthly,success,none,0,0.73,324,1,650,0
TX009349,C00109,3502.89,CARD,new,one_time,success,none,0,0.67,244,1,207,0
TX009350,C01981,2909.51,UPI,new,one_time,success,none,0,0.49,89,1,728,0
TX009351,C02035,740.38,UPI,new,one_time,success,none,0,0.86,250,1,319,0
TX009352,C00427,793.32,UPI,new,monthly,success,none,0,0.59,34,1,112,0
TX009353,C00115,516.23,UPI,returning,monthly,success,none,0,0.94,284,1,1133,0
TX009354,C00335,2227.5,CARD,new,monthly,failed,bank_timeout,3,0.92,38,1,1007,0
TX009355,C01227,749.1,UPI,new,yearly,success,none,0,0.56,19,0,975,0
TX009356,C00398,524.75,UPI,new,monthly,success,none,0,0.68,289,1,991,0
TX009357,C02110,1778.54,UPI,new,monthly,failed,network_error,3,0.77,197,1,1066,0
TX009358,C00233,489.09,CARD,returning,monthly,success,none,0,0.67,125,1,473,0
TX009359,C02367,815.59,UPI,new,yearly,success,none,0,0.86,75,0,1307,0
TX009360,C02624,1207.61,UPI,new,one_time,success,none,0,0.9,329,1,647,0
TX009361,C02151,615.12,UPI,new,monthly,success,none,0,0.73,243,1,275,0
TX009362,C02833,704.58,UPI,returning,one_time,success,none,0,0.57,30,1,1285,0
TX009363,C02818,4365.49,CARD,returning,yearly,success,none,0,0.71,85,1,977,0
TX009364,C00140,912.5,UPI,returning,one_time,success,none,0,0.7,197,0,641,0
TX009365,C01026,793.41,UPI,new,one_time,success,none,0,0.58,229,1,627,0
TX009366,C02281,936.72,WALLET,new,monthly,failed,card_declined,1,0.68,106,1,1462,0
TX009367,C01019,1650.79,UPI,returning,monthly,failed,insufficient_funds,0,0.35,30,1,167,1
TX009368,C02212,432.47,CARD,new,one_time,success,none,0,0.79,343,1,1393,0
TX009369,C02323,1610.81,CARD,returning,monthly,success,none,0,0.93,323,1,80,0
TX009370,C02991,1380.55,UPI,new,monthly,success,none,0,0.71,174,1,1434,0
TX009371,C00990,219.25,UPI,new,one_time,failed,card_declined,0,0.87,101,1,685,0
TX009372,C01044,5512.81,UPI,returning,one_time,success,none,0,0.82,100,1,10,0
TX009373,C00073,4083.59,UPI,returning,one_time,failed,network_error,0,0.69,71,1,1293,0
TX009374,C00857,533.52,UPI,new,monthly,success,none,0,0.75,12,1,1312,0
TX009375,C00842,399.34,CARD,returning,one_time,success,none,0,0.84,364,1,397,0
TX009376,C01360,1346.48,UPI,returning,monthly,success,none,0,0.74,178,1,859,0
TX009377,C01264,303.91,UPI,returning,one_time,failed,insufficient_funds,2,0.62,84,1,356,0
TX009378,C02570,3743.79,CARD,returning,one_time,success,none,0,0.71,57,1,90,0
TX009379,C02322,719.38,UPI,returning,monthly,success,none,0,0.92,180,1,8,0
TX009380,C02186,4720.29,CARD,new,one_time,success,none,0,0.64,28,1,882,0
TX009381,C00016,522.19,UPI,new,one_time,failed,bank_timeout,1,0.88,303,1,332,0
TX009382,C01415,991.3,CARD,returning,yearly,success,none,0,0.85,55,1,1169,0
TX009383,C02189,3430.6,NETBANKING,new,yearly,success,none,0,0.86,341,1,539,0
TX009384,C00734,819.82,UPI,returning,monthly,failed,bank_timeout,0,0.82,191,1,683,0
TX009385,C01275,1400.92,NETBANKING,returning,monthly,success,none,0,0.62,160,1,672,0
TX009386,C02182,2931.86,UPI,new,monthly,failed,bank_timeout,0,0.96,90,1,1167,1
TX009387,C02384,664.85,UPI,returning,one_time,success,none,0,0.57,222,0,874,0
TX009388,C02564,352.28,UPI,new,one_time,success,none,0,0.53,154,0,1270,0
TX009389,C01290,295.05,UPI,new,monthly,success,none,0,0.76,109,0,667,0
TX009390,C01200,1853.98,NETBANKING,returning,monthly,success,none,0,0.59,191,1,678,0
TX009391,C01149,1556.04,UPI,returning,monthly,success,none,0,0.73,16,1,449,0
TX009392,C02006,2851.2,UPI,returning,yearly,success,none,0,0.67,18,1,830,0
TX009393,C01259,856.93,NETBANKING,returning,one_time,success,none,0,0.29,361,1,1422,0
TX009394,C01201,302.58,UPI,new,one_time,failed,card_declined,2,0.54,203,1,1114,0
TX009395,C00505,131.96,CARD,returning,one_time,failed,expired_card,2,0.54,317,1,1453,0
TX009396,C01436,14489.31,UPI,returning,monthly,success,none,0,0.91,164,1,1,0
TX009397,C00712,1762.05,WALLET,returning,one_time,success,none,0,0.99,324,1,637,0
TX009398,C01575,1240.3,UPI,returning,one_time,failed,expired_card,1,0.94,203,1,1222,0
TX009399,C02666,1409.2,CARD,new,monthly,failed,card_declined,0,0.85,230,1,1016,1
TX009400,C02328,302.41,CARD,returning,monthly,success,none,0,0.48,255,1,152,0
TX009401,C01435,536.26,WALLET,new,one_time,failed,expired_card,0,0.82,88,1,891,0
TX009402,C02933,5265.85,WALLET,returning,monthly,success,none,0,0.56,259,1,1026,0
TX009403,C02941,1983.29,CARD,new,yearly,success,none,0,0.87,25,1,56,0
TX009404,C01334,551.57,UPI,new,monthly,failed,insufficient_funds,3,0.82,254,1,435,0
TX009405,C02291,363.53,UPI,new,monthly,failed,insufficient_funds,2,0.73,180,1,1469,0
TX009406,C01027,689.44,NETBANKING,returning,one_time,failed,card_declined,0,0.85,28,1,1429,1
TX009407,C02636,825.6,CARD,new,monthly,failed,bank_timeout,0,0.7,87,1,1174,0
TX009408,C01121,6934.27,NETBANKING,returning,one_time,success,none,0,0.74,330,1,1472,0
TX009409,C00775,925.71,CARD,returning,yearly,failed,bank_timeout,3,0.86,170,1,399,1
TX009410,C00402,375.93,UPI,new,one_time,success,none,0,0.81,295,1,235,0
TX009411,C02528,1040.29,UPI,returning,yearly,success,none,0,0.88,271,1,1279,0
TX009412,C00891,1391.18,UPI,returning,one_time,success,none,0,0.8,320,1,879,0
TX009413,C02440,346.37,CARD,returning,monthly,success,none,0,0.77,268,1,1342,0
TX009414,C00260,1574.9,UPI,returning,monthly,success,none,0,0.6,63,1,33,0
TX009415,C01503,3255.25,UPI,returning,one_time,success,none,0,0.87,223,0,465,0
TX009416,C01284,1242.4,CARD,returning,one_time,failed,network_error,0,0.82,214,1,1430,1
TX009417,C01317,535.2,UPI,returning,one_time,success,none,0,0.63,363,1,1369,0
TX009418,C00503,681.31,UPI,new,monthly,failed,insufficient_funds,1,0.7,340,1,1452,0
TX009419,C00222,246.42,UPI,returning,monthly,success,none,0,0.77,206,1,34,0
TX009420,C01040,972.19,UPI,new,yearly,failed,card_declined,2,0.63,340,1,677,0
TX009421,C01411,1450.56,UPI,returning,one_time,success,none,0,0.74,343,1,938,0
TX009422,C02381,489.33,CARD,returning,monthly,success,none,0,0.82,136,0,498,0
TX009423,C01388,6283.8,NETBANKING,returning,one_time,failed,insufficient_funds,1,0.64,122,1,1281,0
TX009424,C00738,2237.36,CARD,returning,monthly,success,none,0,0.8,311,1,943,0
TX009425,C00788,218.44,WALLET,returning,one_time,failed,insufficient_funds,1,0.53,239,1,123,0
TX009426,C01836,222.51,UPI,new,yearly,success,none,0,0.68,169,1,1162,0
TX009427,C01307,452.31,UPI,returning,monthly,success,none,0,0.69,333,0,1039,0
TX009428,C02704,4518.19,UPI,returning,monthly,failed,network_error,0,0.63,30,1,1397,0
TX009429,C01320,2445.07,CARD,returning,one_time,success,none,0,0.78,222,1,1389,0
TX009430,C01701,4728.39,UPI,new,one_time,success,none,0,0.82,355,1,629,0
TX009431,C00192,1106.76,NETBANKING,returning,one_time,success,none,0,0.71,308,1,59,0
TX009432,C00582,908.2,CARD,new,monthly,success,none,0,0.86,113,1,606,0
TX009433,C02551,356.82,NETBANKING,returning,monthly,failed,insufficient_funds,2,0.74,312,1,681,0
TX009434,C01035,1502.24,UPI,new,one_time,success,none,0,0.87,105,0,762,0
TX009435,C01264,919.15,CARD,returning,one_time,success,none,0,0.72,4,0,874,0
TX009436,C01772,887.84,UPI,returning,one_time,success,none,0,0.6,328,1,303,0
TX009437,C00174,4704.36,UPI,new,monthly,failed,network_error,1,0.77,320,1,1301,0
TX009438,C01520,978.76,CARD,returning,one_time,failed,card_declined,0,0.67,271,1,18,0
TX009439,C01039,3633.25,UPI,new,one_time,success,none,0,0.89,324,1,1049,0
TX009440,C00446,262.63,NETBANKING,new,one_time,success,none,0,0.88,133,1,1303,0
TX009441,C01256,12323.96,CARD,returning,one_time,success,none,0,0.71,54,1,55,0
TX009442,C01341,783.72,CARD,returning,monthly,failed,bank_timeout,0,0.78,291,1,665,0
TX009443,C00559,2072.41,UPI,returning,monthly,failed,expired_card,1,0.64,144,1,442,0
TX009444,C01630,2391.43,UPI,new,one_time,success,none,0,0.9,8,1,1035,0
TX009445,C02239,700.91,UPI,new,one_time,failed,network_error,2,0.63,131,1,1152,1
TX009446,C00802,2291.88,CARD,returning,monthly,failed,insufficient_funds,0,0.71,212,1,1164,0
TX009447,C02900,2401.63,UPI,returning,one_time,success,none,0,0.87,229,1,492,0
TX009448,C01838,577.19,WALLET,returning,yearly,success,none,0,0.53,99,0,590,0
TX009449,C02320,583.37,WALLET,returning,monthly,success,none,0,0.88,129,1,1498,0
TX009450,C00211,1142.27,UPI,returning,monthly,success,none,0,0.59,202,1,580,0
TX009451,C02303,988.37,CARD,new,monthly,failed,insufficient_funds,2,0.61,303,1,1182,0
TX009452,C01010,3842.26,UPI,returning,monthly,failed,network_error,1,0.84,121,0,1468,1
TX009453,C02131,2064.0,UPI,returning,one_time,success,none,0,0.55,148,1,226,0
TX009454,C02413,1029.28,UPI,new,one_time,failed,insufficient_funds,0,0.93,263,1,1226,1
TX009455,C00752,1892.15,NETBANKING,new,monthly,success,none,0,0.57,61,1,229,0
TX009456,C00778,173.82,NETBANKING,returning,yearly,failed,expired_card,1,0.65,232,1,1129,0
TX009457,C00179,630.32,UPI,returning,yearly,success,none,0,0.96,56,1,579,0
TX009458,C01816,1420.89,UPI,new,one_time,success,none,0,0.92,262,1,211,0
TX009459,C02323,2992.39,UPI,returning,yearly,failed,bank_timeout,0,0.94,341,0,1148,1
TX009460,C01231,1312.64,UPI,returning,monthly,failed,expired_card,1,0.83,259,1,358,0
TX009461,C00483,4074.14,UPI,returning,one_time,success,none,0,0.73,209,1,1324,0
TX009462,C00950,2395.02,NETBANKING,returning,yearly,success,none,0,0.89,273,1,1432,0
TX009463,C01209,706.63,NETBANKING,returning,yearly,success,none,0,0.73,209,1,1354,0
TX009464,C02749,966.78,UPI,returning,monthly,success,none,0,0.56,359,1,667,0
TX009465,C00373,1583.8,NETBANKING,returning,monthly,failed,insufficient_funds,0,0.89,38,1,730,1
TX009466,C01030,732.33,CARD,new,monthly,success,none,0,0.74,162,1,64,0
TX009467,C01915,4351.0,CARD,returning,monthly,failed,bank_timeout,0,0.77,213,1,890,0
TX009468,C00711,404.3,NETBANKING,returning,one_time,success,none,0,0.89,276,1,1252,0
TX009469,C02655,1457.53,UPI,returning,one_time,failed,bank_timeout,1,0.74,116,0,444,1
TX009470,C02728,2125.8,UPI,returning,yearly,failed,insufficient_funds,2,0.68,81,1,56,0
TX009471,C01141,827.08,UPI,new,one_time,success,none,0,0.65,101,1,264,0
TX009472,C02238,675.25,CARD,new,one_time,failed,network_error,1,0.88,351,1,551,1
TX009473,C02268,1024.06,UPI,returning,one_time,failed,insufficient_funds,2,0.84,234,1,1105,0
TX009474,C02046,2277.42,UPI,new,one_time,success,none,0,0.73,310,0,552,0
TX009475,C00560,699.34,UPI,new,one_time,success,none,0,0.64,254,1,1145,0
TX009476,C00149,419.04,UPI,returning,one_time,failed,card_declined,3,0.67,36,1,473,0
TX009477,C01042,3088.76,UPI,new,yearly,success,none,0,0.86,259,1,161,0
TX009478,C00394,1570.84,UPI,returning,monthly,success,none,0,0.74,292,1,1143,0
TX009479,C00877,2716.42,NETBANKING,new,yearly,success,none,0,0.66,337,1,888,0
TX009480,C01916,2171.99,CARD,new,yearly,success,none,0,0.76,213,1,224,0
TX009481,C01767,7800.17,UPI,new,monthly,success,none,0,0.86,120,0,984,0
TX009482,C00629,2991.33,NETBANKING,new,one_time,failed,bank_timeout,3,0.75,147,1,229,0
TX009483,C00054,571.54,NETBANKING,returning,one_time,success,none,0,0.88,264,1,968,0
TX009484,C00677,1674.45,UPI,returning,yearly,failed,expired_card,1,0.76,41,1,681,0
TX009485,C01365,663.99,CARD,returning,monthly,success,none,0,0.83,292,1,729,0
TX009486,C02338,728.72,UPI,returning,monthly,success,none,0,0.49,228,1,1440,0
TX009487,C01096,307.58,UPI,returning,yearly,success,none,0,0.68,164,1,1059,0
TX009488,C00858,847.68,CARD,returning,one_time,failed,network_error,1,0.67,191,1,84,1
TX009489,C01655,1791.0,UPI,returning,yearly,success,none,0,0.61,1,1,747,0
TX009490,C00215,1033.37,UPI,returning,monthly,success,none,0,0.85,305,1,1212,0
TX009491,C00677,407.72,UPI,new,monthly,failed,card_declined,1,0.8,344,1,576,0
TX009492,C00110,278.46,UPI,returning,yearly,success,none,0,0.74,145,1,1444,0
TX009493,C01577,7336.82,UPI,returning,monthly,success,none,0,0.69,244,1,252,0
TX009494,C01330,1469.45,NETBANKING,returning,one_time,success,none,0,0.66,190,1,13,0
TX009495,C01748,522.35,UPI,returning,one_time,success,none,0,0.81,55,1,1293,0
TX009496,C01852,1661.71,UPI,returning,monthly,failed,insufficient_funds,2,0.79,157,1,334,0
TX009497,C01186,7865.71,CARD,returning,monthly,success,none,0,0.61,291,0,1490,0
TX009498,C02607,1916.81,UPI,returning,one_time,success,none,0,0.69,30,1,85,0
TX009499,C02755,100.0,CARD,returning,one_time,success,none,0,0.56,207,1,1114,0
TX009500,C00333,11932.99,UPI,returning,one_time,success,none,0,0.79,169,1,821,0
TX009501,C02761,207.61,UPI,new,monthly,success,none,0,0.81,179,1,1465,0
TX009502,C00591,911.04,UPI,returning,monthly,success,none,0,0.71,349,0,1430,0
TX009503,C00746,395.42,UPI,returning,monthly,success,none,0,0.77,149,1,1140,0
TX009504,C01590,563.4,CARD,new,one_time,success,none,0,0.86,7,1,1255,0
TX009505,C00089,1416.53,CARD,new,one_time,success,none,0,0.67,199,1,891,0
TX009506,C01093,170.05,UPI,returning,one_time,success,none,0,0.52,268,1,917,0
TX009507,C00584,1011.08,UPI,new,yearly,success,none,0,0.79,300,1,898,0
TX009508,C01448,3079.76,NETBANKING,new,monthly,success,none,0,0.57,155,1,1414,0
TX009509,C02445,513.41,UPI,new,one_time,success,none,0,0.94,133,1,63,0
TX009510,C02773,313.8,UPI,new,one_time,success,none,0,0.7,65,1,693,0
TX009511,C00637,967.41,CARD,returning,one_time,failed,bank_timeout,0,0.91,96,0,53,1
TX009512,C01635,808.75,UPI,returning,monthly,success,none,0,0.88,249,0,1475,0
TX009513,C01424,641.81,NETBANKING,returning,monthly,success,none,0,0.67,211,1,411,0
TX009514,C01246,376.34,UPI,new,monthly,success,none,0,0.61,135,1,306,0
TX009515,C01899,1749.82,NETBANKING,returning,one_time,success,none,0,0.78,333,1,1431,0
TX009516,C02969,1873.83,UPI,new,one_time,success,none,0,0.73,361,0,1197,0
TX009517,C01216,420.28,UPI,returning,monthly,failed,bank_timeout,1,0.88,244,0,257,1
TX009518,C00196,476.03,UPI,returning,one_time,success,none,0,0.47,189,1,106,0
TX009519,C02748,1239.97,WALLET,returning,one_time,success,none,0,0.84,264,1,1346,0
TX009520,C02797,460.14,UPI,returning,one_time,success,none,0,0.71,151,1,6,0
TX009521,C00968,1287.94,UPI,returning,monthly,success,none,0,0.93,75,1,867,0
TX009522,C01505,4110.26,NETBANKING,returning,monthly,failed,bank_timeout,1,0.94,351,1,747,0
TX009523,C02588,1039.15,UPI,returning,one_time,success,none,0,0.51,308,1,916,0
TX009524,C01512,367.88,UPI,returning,monthly,success,none,0,0.73,104,0,1184,0
TX009525,C01444,1560.71,UPI,returning,one_time,failed,card_declined,0,0.92,16,1,1347,0
TX009526,C02766,934.59,NETBANKING,returning,monthly,success,none,0,0.55,354,1,71,0
TX009527,C02487,958.01,UPI,returning,monthly,success,none,0,0.74,358,1,906,0
TX009528,C01522,1682.09,UPI,returning,one_time,success,none,0,0.87,282,1,1189,0
TX009529,C00485,2042.51,NETBANKING,returning,yearly,success,none,0,0.83,211,1,1481,0
TX009530,C01316,1132.24,CARD,returning,one_time,failed,network_error,3,0.8,200,1,1400,0
TX009531,C02030,1038.35,UPI,new,monthly,success,none,0,0.62,26,1,5,0
TX009532,C00818,7024.7,CARD,returning,monthly,failed,network_error,0,0.58,136,1,61,1
TX009533,C01612,3230.84,UPI,returning,monthly,success,none,0,0.88,111,1,328,0
TX009534,C01977,2322.02,UPI,returning,one_time,success,none,0,0.73,25,1,121,0
TX009535,C00256,1234.09,UPI,returning,one_time,success,none,0,0.71,29,1,37,0
TX009536,C01709,443.56,CARD,returning,yearly,success,none,0,0.44,344,1,1229,0
TX009537,C02213,3024.94,CARD,returning,yearly,success,none,0,0.71,36,1,681,0
TX009538,C00644,1248.71,UPI,returning,monthly,success,none,0,0.74,232,1,237,0
TX009539,C01646,652.33,UPI,returning,one_time,failed,bank_timeout,1,0.9,350,1,1154,0
TX009540,C02129,881.1,UPI,new,monthly,success,none,0,0.7,192,0,239,0
TX009541,C00133,459.64,CARD,returning,one_time,success,none,0,0.73,86,1,855,0
TX009542,C01933,2840.1,CARD,new,one_time,success,none,0,0.67,238,1,791,0
TX009543,C00780,2027.85,CARD,returning,one_time,success,none,0,0.61,56,1,961,0
TX009544,C01193,1291.38,WALLET,returning,yearly,success,none,0,0.74,324,1,911,0
TX009545,C01945,1055.21,NETBANKING,returning,one_time,success,none,0,0.86,103,1,768,0
TX009546,C00014,594.31,WALLET,new,one_time,success,none,0,0.74,109,1,434,0
TX009547,C00051,161.25,CARD,returning,one_time,success,none,0,0.75,208,1,1180,0
TX009548,C01340,307.47,UPI,returning,monthly,success,none,0,0.85,189,1,800,0
TX009549,C02850,562.07,CARD,returning,monthly,success,none,0,0.78,331,1,919,0
TX009550,C00019,490.94,UPI,new,one_time,success,none,0,0.79,298,1,259,0
TX009551,C02367,1422.86,UPI,returning,monthly,success,none,0,0.67,93,1,766,0
TX009552,C00225,2276.39,UPI,returning,one_time,success,none,0,0.66,322,1,41,0
TX009553,C01467,976.92,UPI,new,one_time,success,none,0,0.87,91,1,262,0
TX009554,C01292,3897.25,CARD,returning,one_time,failed,bank_timeout,1,0.78,259,1,109,0
TX009555,C01405,542.07,UPI,returning,monthly,success,none,0,0.85,303,1,1140,0
TX009556,C00246,970.7,UPI,returning,yearly,failed,network_error,1,0.81,215,1,610,0
TX009557,C02261,1047.45,NETBANKING,returning,monthly,success,none,0,0.53,90,1,898,0
TX009558,C00827,2930.62,CARD,returning,one_time,success,none,0,0.84,142,1,274,0
TX009559,C02314,1206.28,UPI,returning,yearly,success,none,0,0.7,319,1,117,0
TX009560,C01967,1236.71,UPI,returning,monthly,failed,insufficient_funds,1,0.81,89,0,955,0
TX009561,C01654,247.31,UPI,new,monthly,failed,card_declined,0,0.92,57,1,542,0
TX009562,C00926,487.89,NETBANKING,new,yearly,success,none,0,0.69,235,1,819,0
TX009563,C01957,2940.57,UPI,returning,monthly,success,none,0,0.78,305,1,1078,0
TX009564,C02993,169.39,NETBANKING,new,monthly,success,none,0,0.78,260,0,905,0
TX009565,C02770,3672.74,UPI,new,one_time,success,none,0,0.91,116,0,1179,0
TX009566,C02749,1719.34,CARD,returning,one_time,success,none,0,0.76,176,1,167,0
TX009567,C00660,559.6,UPI,new,yearly,failed,bank_timeout,0,0.66,141,1,647,0
TX009568,C01756,518.61,UPI,new,monthly,success,none,0,0.54,345,1,1369,0
TX009569,C01194,6041.21,UPI,returning,monthly,success,none,0,0.86,216,1,295,0
TX009570,C02901,3905.98,UPI,new,monthly,failed,card_declined,1,0.58,58,1,1297,1
TX009571,C02851,984.86,WALLET,returning,yearly,success,none,0,0.8,20,1,762,0
TX009572,C02605,1237.85,CARD,new,one_time,success,none,0,0.5,189,1,549,0
TX009573,C00489,613.04,UPI,returning,one_time,success,none,0,0.51,161,1,642,0
TX009574,C00957,1238.07,CARD,returning,one_time,success,none,0,0.78,246,1,657,0
TX009575,C02134,597.94,UPI,returning,one_time,failed,network_error,0,0.78,189,1,1389,1
TX009576,C02249,1021.79,NETBANKING,new,monthly,success,none,0,0.44,344,1,669,0
TX009577,C01051,5593.14,UPI,returning,monthly,failed,card_declined,0,0.6,279,1,200,1
TX009578,C00411,1006.21,UPI,new,one_time,failed,bank_timeout,0,0.94,96,1,644,0
TX009579,C00411,427.0,UPI,returning,monthly,success,none,0,0.68,309,1,1200,0
TX009580,C02054,320.62,UPI,new,one_time,success,none,0,0.65,89,1,617,0
TX009581,C01363,1229.55,NETBANKING,new,monthly,success,none,0,0.68,258,1,320,0
TX009582,C01474,552.91,UPI,new,monthly,success,none,0,0.89,177,0,748,0
TX009583,C02447,1369.15,UPI,new,one_time,failed,insufficient_funds,0,0.79,170,1,1489,0
TX009584,C00051,255.3,NETBANKING,new,monthly,success,none,0,0.86,256,1,933,0
TX009585,C02264,2041.06,UPI,new,monthly,failed,card_declined,0,0.63,116,1,899,0
TX009586,C00823,422.36,UPI,returning,one_time,success,none,0,0.42,115,0,679,0
TX009587,C02794,1143.29,CARD,returning,one_time,success,none,0,0.63,3,0,1384,0
TX009588,C02867,808.78,UPI,returning,one_time,success,none,0,0.82,186,1,374,0
TX009589,C01507,5148.96,NETBANKING,new,monthly,failed,insufficient_funds,0,0.73,353,1,1415,1
TX009590,C00948,1279.65,CARD,new,yearly,success,none,0,0.71,47,1,905,0
TX009591,C00700,6316.53,UPI,returning,one_time,success,none,0,0.88,272,1,744,0
TX009592,C00545,1816.5,UPI,new,one_time,success,none,0,0.68,339,1,476,0
TX009593,C02998,3955.51,UPI,returning,monthly,success,none,0,0.46,252,0,132,0
TX009594,C00563,908.76,UPI,returning,monthly,success,none,0,0.62,72,1,142,0
TX009595,C01340,1496.6,CARD,returning,one_time,success,none,0,0.87,101,1,252,0
TX009596,C01438,3283.87,CARD,returning,monthly,failed,insufficient_funds,0,0.49,93,1,607,0
TX009597,C02038,2476.16,UPI,returning,yearly,success,none,0,0.8,4,1,467,0
TX009598,C02528,1768.51,CARD,returning,one_time,success,none,0,0.63,155,1,888,0
TX009599,C01674,816.36,UPI,returning,monthly,success,none,0,0.68,198,1,140,0
TX009600,C02275,950.61,NETBANKING,new,monthly,success,none,0,0.66,51,1,389,0
TX009601,C01701,3053.05,UPI,returning,one_time,success,none,0,0.83,325,1,328,0
TX009602,C01311,3682.4,NETBANKING,new,yearly,success,none,0,0.74,348,1,1475,0
TX009603,C00474,643.18,UPI,returning,yearly,success,none,0,0.82,29,1,1113,0
TX009604,C00627,561.5,UPI,returning,monthly,failed,insufficient_funds,0,0.83,239,1,1338,1
TX009605,C01298,486.03,UPI,new,monthly,success,none,0,0.82,263,0,1202,0
TX009606,C00139,2313.99,NETBANKING,returning,monthly,success,none,0,0.78,241,1,376,0
TX009607,C00950,475.07,NETBANKING,returning,monthly,success,none,0,0.71,265,1,682,0
TX009608,C01388,2288.94,CARD,new,one_time,failed,network_error,1,0.77,74,1,1358,0
TX009609,C01418,1792.06,UPI,new,one_time,failed,bank_timeout,0,0.55,30,1,1360,0
TX009610,C02445,671.44,CARD,returning,one_time,success,none,0,0.84,124,1,335,0
TX009611,C02903,4480.43,UPI,new,one_time,failed,insufficient_funds,2,0.89,283,1,1393,0
TX009612,C02190,294.11,CARD,new,monthly,success,none,0,0.76,71,1,1242,0
TX009613,C00239,4883.31,UPI,returning,yearly,failed,insufficient_funds,0,0.61,240,0,397,0
TX009614,C01226,1461.18,NETBANKING,new,one_time,success,none,0,0.75,29,1,315,0
TX009615,C02190,169.67,CARD,new,monthly,success,none,0,0.79,33,0,113,0
TX009616,C01785,4594.85,UPI,returning,monthly,success,none,0,0.61,157,1,520,0
TX009617,C01374,2630.66,CARD,new,monthly,success,none,0,0.74,98,1,1404,0
TX009618,C01309,745.91,UPI,returning,monthly,success,none,0,0.82,168,1,1190,0
TX009619,C01218,460.24,UPI,returning,one_time,failed,bank_timeout,1,0.79,84,1,611,0
TX009620,C01738,267.16,UPI,returning,one_time,success,none,0,0.34,246,1,790,0
TX009621,C00537,9642.17,UPI,new,one_time,success,none,0,0.54,36,1,351,0
TX009622,C01553,477.69,UPI,returning,yearly,success,none,0,0.94,162,1,243,0
TX009623,C00618,351.7,CARD,returning,yearly,success,none,0,0.8,228,1,661,0
TX009624,C02043,1395.67,CARD,returning,monthly,success,none,0,0.46,361,0,1366,0
TX009625,C02595,251.11,UPI,returning,monthly,success,none,0,0.55,263,1,649,0
TX009626,C01524,453.32,WALLET,returning,monthly,success,none,0,0.83,178,1,738,0
TX009627,C01163,2685.1,NETBANKING,new,one_time,success,none,0,0.9,278,1,1124,0
TX009628,C02822,1665.35,UPI,returning,one_time,failed,insufficient_funds,2,0.53,164,1,857,1
TX009629,C01980,774.54,UPI,returning,one_time,failed,bank_timeout,0,0.8,43,1,23,0
TX009630,C01285,1114.85,NETBANKING,returning,one_time,failed,card_declined,2,0.94,97,1,1262,0
TX009631,C00087,736.4,UPI,returning,yearly,success,none,0,0.82,39,1,983,0
TX009632,C00048,1037.12,UPI,returning,monthly,success,none,0,0.38,224,1,588,0
TX009633,C00665,552.45,NETBANKING,returning,monthly,success,none,0,0.81,47,1,2,0
TX009634,C00710,650.53,CARD,returning,monthly,success,none,0,0.78,296,1,441,0
TX009635,C02165,632.95,NETBANKING,new,monthly,success,none,0,0.65,21,1,263,0
TX009636,C01502,570.62,NETBANKING,returning,monthly,failed,insufficient_funds,0,0.66,352,1,1435,0
TX009637,C03000,2806.01,UPI,returning,monthly,success,none,0,0.58,308,1,126,0
TX009638,C01622,2193.18,CARD,new,one_time,success,none,0,0.78,53,1,112,0
TX009639,C02710,473.84,NETBANKING,returning,one_time,failed,card_declined,1,0.72,145,1,909,0
TX009640,C01658,374.3,UPI,returning,monthly,failed,card_declined,0,0.59,10,1,835,1
TX009641,C01075,951.89,UPI,returning,one_time,failed,insufficient_funds,2,0.66,305,1,1433,0
TX009642,C02144,7629.36,UPI,new,monthly,failed,insufficient_funds,1,0.67,357,1,595,0
TX009643,C01349,434.88,CARD,returning,monthly,success,none,0,0.76,195,1,253,0
TX009644,C00824,948.52,CARD,returning,monthly,success,none,0,0.55,152,1,407,0
TX009645,C01420,1187.79,NETBANKING,new,one_time,success,none,0,0.79,247,1,604,0
TX009646,C01995,994.48,UPI,new,one_time,success,none,0,0.88,246,1,119,0
TX009647,C01127,726.04,CARD,returning,yearly,success,none,0,0.75,156,1,648,0
TX009648,C02113,3101.29,UPI,returning,yearly,success,none,0,0.62,346,1,1296,0
TX009649,C02943,1650.8,NETBANKING,returning,one_time,success,none,0,0.81,351,1,458,0
TX009650,C01234,2347.78,CARD,returning,yearly,failed,insufficient_funds,1,0.56,9,0,1087,0
TX009651,C00886,1863.93,CARD,returning,yearly,success,none,0,0.78,302,1,230,0
TX009652,C01207,2451.74,UPI,returning,one_time,success,none,0,0.68,63,1,740,0
TX009653,C02515,4564.05,UPI,returning,one_time,success,none,0,0.88,345,1,807,0
TX009654,C00537,3633.46,UPI,new,yearly,success,none,0,0.4,289,1,1241,0
TX009655,C02922,8886.81,NETBANKING,returning,monthly,failed,card_declined,1,0.84,153,0,985,0
TX009656,C01242,3280.03,UPI,new,monthly,success,none,0,0.68,249,1,693,0
TX009657,C02525,600.34,NETBANKING,returning,yearly,success,none,0,0.56,118,1,171,0
TX009658,C02361,2350.96,UPI,returning,yearly,failed,network_error,1,0.96,163,1,1452,0
TX009659,C02351,2078.48,UPI,returning,one_time,success,none,0,0.86,115,1,335,0
TX009660,C02727,6175.01,UPI,returning,monthly,success,none,0,0.76,350,1,225,0
TX009661,C00555,459.23,UPI,new,yearly,success,none,0,0.81,341,1,1183,0
TX009662,C01781,1811.94,UPI,new,one_time,failed,insufficient_funds,2,0.69,241,1,1437,0
TX009663,C00298,594.09,UPI,new,one_time,success,none,0,0.78,121,1,582,0
TX009664,C00899,1739.39,UPI,returning,yearly,failed,card_declined,0,0.83,11,1,1390,1
TX009665,C00122,903.91,CARD,returning,monthly,success,none,0,0.78,67,1,152,0
TX009666,C02047,1688.38,UPI,new,one_time,success,none,0,0.92,38,1,1395,0
TX009667,C01824,308.18,CARD,returning,one_time,success,none,0,0.73,102,1,870,0
TX009668,C02221,2239.27,CARD,new,monthly,success,none,0,0.87,323,1,148,0
TX009669,C00529,1320.09,UPI,returning,one_time,success,none,0,0.91,232,1,574,0
TX009670,C00997,1257.62,UPI,returning,one_time,success,none,0,0.71,349,1,508,0
TX009671,C02030,6343.62,UPI,new,yearly,success,none,0,0.48,101,1,500,0
TX009672,C02480,777.25,UPI,new,monthly,success,none,0,0.78,90,0,1157,0
TX009673,C02658,1492.25,UPI,returning,one_time,failed,card_declined,1,0.74,176,1,479,0
TX009674,C00222,1200.2,CARD,returning,monthly,success,none,0,0.68,82,1,768,0
TX009675,C01208,1310.59,UPI,returning,one_time,failed,insufficient_funds,3,0.76,326,0,1448,0
TX009676,C00033,8100.03,NETBANKING,returning,one_time,success,none,0,0.56,16,1,1208,0
TX009677,C02456,1161.45,CARD,new,yearly,success,none,0,0.9,237,0,644,0
TX009678,C00369,658.16,UPI,returning,monthly,failed,card_declined,2,0.81,43,1,779,0
TX009679,C02467,5906.52,CARD,returning,monthly,success,none,0,0.65,252,0,738,0
TX009680,C00469,831.37,UPI,returning,one_time,success,none,0,0.77,89,1,269,0
TX009681,C00047,258.61,UPI,returning,monthly,success,none,0,0.79,268,1,876,0
TX009682,C02637,562.98,WALLET,returning,one_time,success,none,0,0.74,332,1,343,0
TX009683,C01317,357.12,UPI,returning,one_time,success,none,0,0.92,95,1,1349,0
TX009684,C01275,217.03,UPI,new,monthly,success,none,0,0.86,50,1,1343,0
TX009685,C01941,790.99,NETBANKING,returning,monthly,success,none,0,0.76,181,1,33,0
TX009686,C00825,1029.48,NETBANKING,new,monthly,success,none,0,0.79,28,1,566,0
TX009687,C02073,3173.13,UPI,returning,one_time,failed,insufficient_funds,1,0.5,300,1,337,0
TX009688,C01288,1932.29,CARD,returning,monthly,failed,network_error,0,0.8,357,1,690,0
TX009689,C00818,1854.65,CARD,new,one_time,success,none,0,0.56,362,1,1429,0
TX009690,C01185,490.84,CARD,returning,monthly,failed,expired_card,0,0.78,40,1,1210,0
TX009691,C00019,2431.93,UPI,returning,yearly,success,none,0,0.63,364,0,913,0
TX009692,C00905,3835.71,NETBANKING,returning,monthly,success,none,0,0.71,63,1,1280,0
TX009693,C01775,1564.17,UPI,new,one_time,success,none,0,0.64,53,1,786,0
TX009694,C00414,1604.02,UPI,returning,monthly,failed,insufficient_funds,0,0.68,192,1,501,0
TX009695,C00356,351.35,UPI,returning,one_time,success,none,0,0.71,207,1,862,0
TX009696,C01968,2832.72,UPI,returning,one_time,success,none,0,0.67,99,1,207,0
TX009697,C01285,5446.6,UPI,returning,one_time,failed,network_error,0,0.75,246,1,882,0
TX009698,C00410,1466.53,UPI,returning,one_time,success,none,0,0.86,152,1,164,0
TX009699,C02244,642.31,UPI,new,monthly,success,none,0,0.7,298,1,869,0
TX009700,C02327,947.86,NETBANKING,new,one_time,success,none,0,0.73,152,1,1334,0
TX009701,C00105,751.16,UPI,returning,monthly,failed,network_error,1,0.82,223,1,34,0
TX009702,C00606,792.82,UPI,returning,one_time,failed,expired_card,1,0.81,210,1,824,0
TX009703,C01112,1964.88,NETBANKING,returning,monthly,success,none,0,0.81,303,1,918,0
TX009704,C02195,1410.24,UPI,returning,one_time,failed,network_error,1,0.68,8,1,569,0
TX009705,C00223,2706.86,CARD,new,one_time,success,none,0,0.71,59,1,1018,0
TX009706,C02417,1531.21,UPI,new,monthly,success,none,0,0.85,296,0,607,0
TX009707,C00959,503.87,CARD,returning,one_time,success,none,0,0.92,84,1,1375,0
TX009708,C00376,698.81,UPI,new,one_time,success,none,0,0.8,130,1,1070,0
TX009709,C02591,660.79,UPI,new,monthly,success,none,0,0.9,187,1,738,0
TX009710,C00261,927.21,CARD,new,one_time,failed,insufficient_funds,1,0.74,363,0,398,0
TX009711,C00389,5515.08,UPI,returning,monthly,success,none,0,0.58,321,1,1045,0
TX009712,C02849,6370.35,UPI,new,one_time,success,none,0,0.77,312,1,997,0
TX009713,C01559,2328.41,UPI,returning,monthly,failed,network_error,0,0.69,213,0,1430,1
TX009714,C01390,1220.34,CARD,returning,one_time,success,none,0,0.79,7,1,649,0
TX009715,C02063,321.99,UPI,new,yearly,success,none,0,0.63,73,1,1121,0
TX009716,C01891,1336.76,CARD,returning,one_time,success,none,0,0.78,306,1,558,0
TX009717,C01841,538.61,CARD,returning,yearly,success,none,0,0.68,131,1,908,0
TX009718,C00070,4757.46,UPI,returning,one_time,success,none,0,0.57,74,1,817,0
TX009719,C01656,258.4,NETBANKING,returning,monthly,success,none,0,0.87,70,1,111,0
TX009720,C00837,1550.04,NETBANKING,new,one_time,success,none,0,0.75,1,1,1026,0
TX009721,C02424,499.29,UPI,new,one_time,success,none,0,0.88,162,1,1426,0
TX009722,C01517,1087.28,UPI,returning,one_time,success,none,0,0.71,17,1,756,0
TX009723,C00372,1997.12,UPI,returning,one_time,failed,insufficient_funds,0,0.79,78,1,1426,0
TX009724,C02659,2751.14,NETBANKING,returning,one_time,success,none,0,0.65,313,1,1097,0
TX009725,C00853,1038.34,UPI,returning,monthly,success,none,0,0.66,216,0,617,0
TX009726,C00815,2175.68,UPI,returning,monthly,success,none,0,0.45,129,1,512,0
TX009727,C02809,604.12,NETBANKING,returning,monthly,success,none,0,0.7,195,1,1235,0
TX009728,C02326,1367.84,CARD,returning,one_time,success,none,0,0.51,121,1,384,0
TX009729,C02579,2702.65,UPI,new,monthly,success,none,0,0.85,271,1,772,0
TX009730,C01987,1478.66,CARD,new,monthly,failed,insufficient_funds,3,0.78,293,0,798,0
TX009731,C02732,681.02,CARD,returning,one_time,success,none,0,0.84,191,1,718,0
TX009732,C00346,853.09,UPI,returning,monthly,failed,network_error,1,0.81,362,1,535,0
TX009733,C01800,2735.56,UPI,returning,one_time,failed,card_declined,1,0.85,20,1,1169,0
TX009734,C00881,410.49,CARD,returning,one_time,success,none,0,0.67,328,1,1361,0
TX009735,C01196,468.77,UPI,new,monthly,success,none,0,1.0,211,1,1160,0
TX009736,C00714,1884.52,WALLET,returning,monthly,success,none,0,0.85,351,1,946,0
TX009737,C00616,738.61,UPI,returning,monthly,success,none,0,0.5,184,0,651,0
TX009738,C01328,296.56,CARD,returning,one_time,success,none,0,0.7,33,1,662,0
TX009739,C02755,3698.7,CARD,new,monthly,failed,bank_timeout,1,0.83,237,1,1189,0
TX009740,C01907,407.63,UPI,returning,monthly,failed,card_declined,1,0.75,149,1,1270,0
TX009741,C01049,916.46,UPI,returning,yearly,success,none,0,0.7,335,1,236,0
TX009742,C01301,627.93,WALLET,returning,monthly,success,none,0,0.95,89,1,1419,0
TX009743,C01590,838.89,CARD,returning,one_time,success,none,0,0.9,13,1,955,0
TX009744,C00734,494.65,UPI,new,one_time,success,none,0,0.48,225,1,667,0
TX009745,C01564,2085.68,UPI,new,monthly,success,none,0,0.88,182,1,418,0
TX009746,C02088,1211.65,UPI,returning,monthly,success,none,0,0.69,353,1,962,0
TX009747,C00730,2657.89,UPI,returning,one_time,failed,bank_timeout,2,0.3,210,1,901,0
TX009748,C01754,633.81,UPI,returning,monthly,failed,bank_timeout,2,0.65,352,1,520,1
TX009749,C02126,7477.99,CARD,returning,monthly,success,none,0,0.58,304,1,654,0
TX009750,C01558,197.52,UPI,new,one_time,success,none,0,0.71,242,0,723,0
TX009751,C00876,263.32,CARD,new,one_time,success,none,0,0.73,309,1,452,0
TX009752,C01664,5312.28,WALLET,new,monthly,success,none,0,0.85,283,1,822,0
TX009753,C02380,1680.15,WALLET,new,monthly,success,none,0,0.83,215,1,1301,0
TX009754,C00666,1491.07,NETBANKING,new,one_time,success,none,0,0.73,318,0,418,0
TX009755,C01725,1616.71,UPI,returning,one_time,success,none,0,0.84,141,1,210,0
TX009756,C02042,1833.69,UPI,returning,one_time,success,none,0,0.76,161,0,1214,0
TX009757,C00965,1436.25,UPI,returning,one_time,success,none,0,0.68,107,1,1477,0
TX009758,C01163,459.75,UPI,returning,monthly,failed,insufficient_funds,0,0.64,202,1,259,0
TX009759,C02667,2290.15,NETBANKING,new,one_time,success,none,0,0.88,216,1,1305,0
TX009760,C01091,1987.46,CARD,returning,monthly,success,none,0,0.51,319,1,1261,0
TX009761,C01795,3966.3,CARD,new,one_time,success,none,0,0.82,1,1,1354,0
TX009762,C00450,5365.89,UPI,new,monthly,success,none,0,0.81,143,1,203,0
TX009763,C02778,1476.5,UPI,new,yearly,failed,insufficient_funds,0,0.84,105,1,1452,0
TX009764,C01791,363.29,NETBANKING,new,one_time,success,none,0,0.8,137,1,1265,0
TX009765,C02282,5406.03,UPI,returning,yearly,success,none,0,0.51,195,1,505,0
TX009766,C01808,438.63,UPI,returning,monthly,success,none,0,0.66,304,1,1320,0
TX009767,C01067,1486.48,CARD,returning,yearly,success,none,0,0.42,107,1,916,0
TX009768,C01021,870.39,CARD,returning,one_time,failed,network_error,2,0.69,318,1,486,1
TX009769,C02104,744.29,UPI,returning,yearly,failed,expired_card,1,0.8,350,1,257,0
TX009770,C02580,2181.72,UPI,returning,monthly,failed,network_error,1,0.63,277,1,1245,0
TX009771,C00383,1366.51,CARD,returning,one_time,failed,insufficient_funds,1,0.71,2,1,85,0
TX009772,C02537,1740.48,NETBANKING,returning,yearly,success,none,0,0.83,171,1,327,0
TX009773,C02491,526.31,UPI,returning,yearly,success,none,0,0.94,177,1,687,0
TX009774,C00328,937.61,CARD,returning,one_time,success,none,0,0.81,150,1,673,0
TX009775,C00325,548.63,UPI,returning,monthly,success,none,0,0.92,326,1,380,0
TX009776,C02086,916.75,CARD,new,yearly,failed,insufficient_funds,3,0.44,43,1,889,0
TX009777,C02529,985.47,CARD,returning,monthly,success,none,0,0.63,39,0,1408,0
TX009778,C01182,5766.81,NETBANKING,returning,monthly,success,none,0,0.68,118,1,1488,0
TX009779,C01922,868.31,CARD,returning,one_time,success,none,0,0.63,80,1,487,0
TX009780,C03000,161.9,UPI,new,one_time,failed,bank_timeout,2,0.81,85,1,591,0
TX009781,C00969,3849.05,UPI,new,monthly,success,none,0,0.69,327,0,746,0
TX009782,C00676,1643.09,NETBANKING,new,monthly,failed,insufficient_funds,1,0.8,68,1,265,1
TX009783,C02975,974.66,UPI,returning,monthly,success,none,0,0.54,20,1,1016,0
TX009784,C00842,739.89,CARD,returning,monthly,success,none,0,0.74,274,1,1401,0
TX009785,C01418,467.67,UPI,returning,one_time,success,none,0,0.78,249,1,1432,0
TX009786,C01327,6274.46,UPI,returning,monthly,success,none,0,0.9,241,1,497,0
TX009787,C01570,1149.02,CARD,new,one_time,failed,expired_card,0,0.58,222,1,489,0
TX009788,C00807,229.53,UPI,returning,monthly,success,none,0,0.72,25,1,1203,0
TX009789,C02038,1472.87,NETBANKING,returning,monthly,failed,bank_timeout,1,0.85,353,1,498,0
TX009790,C02076,3247.22,UPI,new,monthly,success,none,0,0.69,60,1,1449,0
TX009791,C00602,1262.43,UPI,returning,one_time,failed,bank_timeout,3,0.65,59,1,908,0
TX009792,C01443,487.15,UPI,returning,monthly,success,none,0,0.54,131,1,1288,0
TX009793,C00173,449.45,UPI,returning,one_time,failed,network_error,0,0.84,65,1,83,0
TX009794,C00663,480.3,CARD,returning,one_time,failed,insufficient_funds,1,0.8,160,1,342,0
TX009795,C02962,4313.45,UPI,new,monthly,failed,insufficient_funds,2,0.82,146,1,901,0
TX009796,C01520,1028.14,UPI,returning,one_time,success,none,0,0.87,310,1,37,0
TX009797,C01869,242.05,WALLET,returning,one_time,failed,card_declined,0,0.29,5,1,853,0
TX009798,C02667,1549.55,UPI,new,yearly,success,none,0,0.95,15,1,1374,0
TX009799,C02142,1245.05,UPI,returning,one_time,success,none,0,0.54,175,0,628,0
TX009800,C02378,732.16,NETBANKING,returning,monthly,success,none,0,0.69,82,1,1388,0
TX009801,C02137,437.74,CARD,new,monthly,success,none,0,0.54,238,1,1344,0
TX009802,C01497,420.94,UPI,new,one_time,success,none,0,0.7,323,1,384,0
TX009803,C01898,2916.01,WALLET,new,monthly,success,none,0,0.7,68,1,1319,0
TX009804,C00866,1370.27,UPI,new,one_time,success,none,0,0.87,135,1,973,0
TX009805,C02672,1687.12,UPI,returning,monthly,success,none,0,0.92,41,1,404,0
TX009806,C00540,1366.88,UPI,new,monthly,success,none,0,0.45,82,1,95,0
TX009807,C02653,1472.8,NETBANKING,returning,one_time,failed,expired_card,0,0.84,334,1,226,0
TX009808,C02636,719.42,UPI,returning,monthly,success,none,0,0.5,213,1,870,0
TX009809,C00427,911.19,NETBANKING,new,monthly,success,none,0,0.76,17,1,809,0
TX009810,C02131,3128.85,UPI,returning,monthly,success,none,0,0.77,350,1,1080,0
TX009811,C02970,3917.2,UPI,new,one_time,success,none,0,0.92,257,1,174,0
TX009812,C01717,365.08,NETBANKING,returning,one_time,success,none,0,0.82,341,0,411,0
TX009813,C01022,909.2,WALLET,new,one_time,success,none,0,0.47,181,1,1486,0
TX009814,C02639,2334.04,UPI,new,monthly,success,none,0,0.63,192,0,286,0
TX009815,C01538,5966.24,UPI,returning,one_time,success,none,0,0.7,4,1,1248,0
TX009816,C00366,5452.14,CARD,returning,monthly,success,none,0,0.84,38,1,568,0
TX009817,C00748,535.83,UPI,returning,yearly,success,none,0,0.77,134,0,1100,0
TX009818,C02048,3454.87,UPI,returning,one_time,success,none,0,0.74,54,1,1449,0
TX009819,C01367,1156.06,UPI,returning,monthly,success,none,0,0.8,29,1,1203,0
TX009820,C00651,2807.29,NETBANKING,new,one_time,success,none,0,0.81,115,1,112,0
TX009821,C02398,2229.32,UPI,returning,monthly,success,none,0,0.49,238,1,94,0
TX009822,C00362,351.58,UPI,returning,one_time,success,none,0,0.84,314,1,408,0
TX009823,C00658,1798.98,UPI,returning,yearly,success,none,0,0.65,80,0,851,0
TX009824,C01397,2711.15,UPI,returning,one_time,success,none,0,0.72,291,1,9,0
TX009825,C00119,1076.92,UPI,returning,yearly,success,none,0,0.87,12,1,726,0
TX009826,C01163,878.59,UPI,returning,one_time,failed,card_declined,0,0.84,356,0,744,0
TX009827,C02730,266.53,CARD,returning,monthly,success,none,0,0.81,174,0,1324,0
TX009828,C02824,2028.91,UPI,new,one_time,failed,insufficient_funds,0,0.9,185,1,1428,1
TX009829,C02616,1323.29,UPI,returning,one_time,success,none,0,0.81,71,0,459,0
TX009830,C00972,478.2,NETBANKING,new,yearly,failed,bank_timeout,0,0.66,212,1,1373,0
TX009831,C00195,817.9,UPI,returning,one_time,failed,bank_timeout,1,0.65,270,1,512,1
TX009832,C02445,1260.23,UPI,returning,monthly,failed,card_declined,0,0.5,116,0,947,0
TX009833,C01120,663.3,UPI,new,monthly,failed,insufficient_funds,0,0.83,3,1,574,0
TX009834,C02247,1099.28,CARD,returning,one_time,success,none,0,0.73,187,1,11,0
TX009835,C00358,227.03,CARD,new,one_time,success,none,0,0.63,297,1,1344,0
TX009836,C02004,3694.05,CARD,new,yearly,failed,bank_timeout,3,0.81,264,1,107,0
TX009837,C01760,1112.45,CARD,returning,monthly,success,none,0,0.79,213,1,69,0
TX009838,C02762,407.72,UPI,returning,yearly,success,none,0,0.61,15,1,458,0
TX009839,C00306,119.85,WALLET,returning,monthly,success,none,0,0.9,83,1,925,0
TX009840,C01224,2768.94,UPI,returning,monthly,success,none,0,0.96,323,1,1191,0
TX009841,C02970,1812.17,UPI,returning,monthly,success,none,0,0.82,315,1,216,0
TX009842,C01170,1325.6,UPI,new,one_time,success,none,0,0.35,224,0,733,0
TX009843,C01975,2385.78,UPI,returning,yearly,success,none,0,0.81,363,1,1423,0
TX009844,C00483,2379.89,UPI,returning,monthly,success,none,0,0.78,114,1,964,0
TX009845,C02186,1306.35,UPI,returning,monthly,failed,insufficient_funds,2,0.71,317,1,318,0
TX009846,C00828,872.36,CARD,returning,yearly,success,none,0,0.64,118,0,1275,0
TX009847,C01717,753.38,CARD,new,one_time,success,none,0,0.82,4,1,1431,0
TX009848,C02640,1601.74,CARD,returning,one_time,failed,network_error,0,0.75,361,1,95,0
TX009849,C01984,3855.78,UPI,returning,one_time,success,none,0,0.74,200,1,580,0
TX009850,C01424,999.63,UPI,new,monthly,success,none,0,0.65,109,1,577,0
TX009851,C00571,4141.57,NETBANKING,returning,one_time,success,none,0,0.93,206,1,1461,0
TX009852,C01025,1534.31,UPI,returning,one_time,failed,card_declined,0,0.89,204,1,780,0
TX009853,C02548,1544.76,UPI,new,monthly,failed,network_error,2,0.82,323,1,570,0
TX009854,C00649,9552.89,UPI,returning,one_time,success,none,0,0.89,131,1,1339,0
TX009855,C01969,4853.28,UPI,returning,monthly,success,none,0,0.86,302,1,236,0
TX009856,C01455,4967.88,UPI,new,one_time,success,none,0,0.73,202,0,987,0
TX009857,C00963,534.94,CARD,new,one_time,success,none,0,0.94,305,0,1003,0
TX009858,C02150,7886.95,NETBANKING,returning,monthly,success,none,0,0.91,155,1,1456,0
TX009859,C01087,1018.42,WALLET,returning,one_time,failed,insufficient_funds,2,0.84,25,1,51,1
TX009860,C00861,893.6,UPI,returning,one_time,failed,insufficient_funds,0,0.71,178,0,574,0
TX009861,C01588,157.07,UPI,returning,one_time,success,none,0,0.81,112,1,1486,0
TX009862,C02274,1470.95,CARD,returning,yearly,success,none,0,0.67,30,1,496,0
TX009863,C02593,413.63,UPI,returning,one_time,failed,insufficient_funds,2,0.74,193,1,87,0
TX009864,C01890,1583.56,UPI,new,one_time,success,none,0,0.79,24,0,199,0
TX009865,C01986,385.52,CARD,returning,monthly,success,none,0,0.69,193,1,555,0
TX009866,C02363,5529.93,UPI,new,one_time,success,none,0,0.81,311,1,553,0
TX009867,C00808,1801.58,UPI,returning,monthly,success,none,0,0.88,237,1,1314,0
TX009868,C00753,8534.61,UPI,new,monthly,success,none,0,0.91,310,1,519,0
TX009869,C01452,436.71,CARD,new,one_time,success,none,0,0.95,356,1,809,0
TX009870,C01894,4421.62,UPI,returning,yearly,success,none,0,0.84,357,1,675,0
TX009871,C01938,216.49,UPI,new,monthly,success,none,0,0.6,295,1,223,0
TX009872,C00462,1322.49,UPI,returning,monthly,success,none,0,0.62,224,1,1022,0
TX009873,C02342,621.13,NETBANKING,returning,yearly,success,none,0,0.61,239,1,655,0
TX009874,C01092,732.78,NETBANKING,returning,yearly,success,none,0,0.76,110,1,58,0
TX009875,C02632,688.94,NETBANKING,new,one_time,success,none,0,0.59,310,1,314,0
TX009876,C02174,481.43,NETBANKING,new,monthly,failed,expired_card,1,0.82,319,0,1433,0
TX009877,C02949,352.93,UPI,returning,one_time,success,none,0,0.67,207,1,1320,0
TX009878,C01896,736.43,UPI,returning,monthly,success,none,0,0.48,345,1,238,0
TX009879,C01583,1217.34,UPI,new,monthly,success,none,0,0.81,344,1,281,0
TX009880,C00564,3125.42,UPI,new,one_time,failed,insufficient_funds,0,0.9,107,1,1496,1
TX009881,C01196,1430.55,CARD,returning,monthly,failed,card_declined,1,0.74,263,0,1261,0
TX009882,C02576,3133.44,UPI,new,monthly,failed,card_declined,2,0.92,152,1,450,0
TX009883,C01147,289.93,NETBANKING,returning,one_time,success,none,0,0.44,314,1,1413,0
TX009884,C00161,742.73,UPI,new,monthly,success,none,0,0.87,185,1,307,0
TX009885,C00736,2079.55,CARD,returning,one_time,success,none,0,0.63,308,1,48,0
TX009886,C01786,1493.49,NETBANKING,returning,monthly,success,none,0,0.87,158,1,1088,0
TX009887,C01888,505.19,UPI,new,one_time,success,none,0,0.79,214,1,1300,0
TX009888,C02952,2541.89,CARD,returning,monthly,success,none,0,0.73,213,1,315,0
TX009889,C02802,679.84,CARD,new,one_time,failed,card_declined,1,0.88,239,1,931,0
TX009890,C01595,544.77,CARD,returning,monthly,success,none,0,0.78,329,1,890,0
TX009891,C01664,1699.78,NETBANKING,returning,monthly,success,none,0,0.58,208,1,1403,0
TX009892,C02403,1102.74,UPI,new,one_time,failed,bank_timeout,1,0.71,334,1,1221,0
TX009893,C00146,684.97,UPI,returning,monthly,success,none,0,0.87,43,1,756,0
TX009894,C01786,664.36,NETBANKING,returning,monthly,success,none,0,0.89,38,1,1089,0
TX009895,C01423,418.71,CARD,returning,one_time,success,none,0,0.71,228,1,158,0
TX009896,C02350,768.03,CARD,returning,monthly,failed,insufficient_funds,1,0.9,261,1,1297,0
TX009897,C02402,2951.32,UPI,returning,one_time,success,none,0,0.83,179,1,127,0
TX009898,C01967,1366.62,UPI,new,monthly,failed,card_declined,0,0.77,47,1,396,0
TX009899,C01972,2598.62,UPI,returning,yearly,success,none,0,0.72,316,1,77,0
TX009900,C02074,1744.92,WALLET,new,monthly,failed,network_error,1,0.55,119,1,930,0
TX009901,C01741,632.06,UPI,returning,one_time,failed,insufficient_funds,0,0.74,169,1,187,0
TX009902,C00684,248.58,UPI,returning,one_time,success,none,0,0.74,145,1,614,0
TX009903,C00854,476.2,UPI,new,monthly,success,none,0,0.62,82,1,1073,0
TX009904,C02226,599.38,UPI,returning,one_time,failed,expired_card,0,0.73,331,1,548,1
TX009905,C01856,559.07,UPI,returning,monthly,success,none,0,0.91,61,1,765,0
TX009906,C00714,2651.6,CARD,new,monthly,success,none,0,0.72,133,1,1249,0
TX009907,C02634,2626.82,UPI,returning,monthly,success,none,0,0.84,284,1,400,0
TX009908,C02942,8028.01,UPI,returning,one_time,success,none,0,0.76,219,1,631,0
TX009909,C01879,551.51,UPI,new,monthly,failed,insufficient_funds,0,0.79,9,1,1363,0
TX009910,C00684,4617.94,UPI,returning,one_time,success,none,0,0.74,231,1,276,0
TX009911,C02815,4592.32,NETBANKING,returning,one_time,success,none,0,0.69,288,1,404,0
TX009912,C00711,889.77,NETBANKING,new,monthly,failed,card_declined,1,0.52,132,1,1447,0
TX009913,C01298,1679.41,CARD,returning,monthly,failed,insufficient_funds,1,0.86,289,1,251,0
TX009914,C02577,3349.81,NETBANKING,returning,monthly,success,none,0,0.65,255,1,557,0
TX009915,C01563,1039.99,UPI,new,monthly,success,none,0,0.59,184,1,1381,0
TX009916,C00729,969.95,NETBANKING,returning,one_time,success,none,0,0.73,192,1,1350,0
TX009917,C00241,623.53,UPI,returning,one_time,success,none,0,0.92,230,1,919,0
TX009918,C01083,131.1,CARD,returning,one_time,failed,bank_timeout,1,0.64,118,1,667,0
TX009919,C02017,1168.44,CARD,returning,one_time,success,none,0,0.72,65,1,1134,0
TX009920,C02144,578.89,UPI,new,one_time,success,none,0,0.78,167,1,711,0
TX009921,C00669,416.62,UPI,new,monthly,failed,insufficient_funds,0,0.72,6,1,448,0
TX009922,C00477,1603.55,UPI,returning,monthly,success,none,0,0.86,75,1,1338,0
TX009923,C02105,297.03,UPI,returning,one_time,success,none,0,0.73,152,1,784,0
TX009924,C00478,2265.32,UPI,returning,monthly,success,none,0,0.39,13,1,1239,0
TX009925,C00193,1694.66,WALLET,returning,one_time,success,none,0,0.66,311,1,613,0
TX009926,C01460,764.96,UPI,returning,one_time,success,none,0,0.96,133,1,275,0
TX009927,C01713,1035.89,CARD,returning,monthly,success,none,0,0.72,139,0,1190,0
TX009928,C00732,375.7,UPI,new,monthly,failed,insufficient_funds,1,0.96,334,1,484,1
TX009929,C00634,2154.48,UPI,returning,monthly,success,none,0,0.85,290,1,1364,0
TX009930,C00707,1298.06,UPI,new,one_time,success,none,0,0.77,139,1,603,0
TX009931,C01029,1388.06,UPI,new,one_time,success,none,0,0.77,97,0,521,0
TX009932,C00028,1722.79,UPI,new,monthly,success,none,0,0.57,323,1,1041,0
TX009933,C00036,615.13,UPI,returning,monthly,success,none,0,0.87,143,0,1420,0
TX009934,C01112,279.46,UPI,returning,one_time,success,none,0,0.74,30,1,883,0
TX009935,C00060,2595.64,UPI,new,one_time,success,none,0,0.75,161,1,428,0
TX009936,C00955,2038.25,NETBANKING,returning,yearly,success,none,0,0.7,172,1,848,0
TX009937,C01743,677.34,NETBANKING,returning,one_time,failed,insufficient_funds,0,0.47,222,1,301,1
TX009938,C00094,1584.78,UPI,returning,yearly,failed,insufficient_funds,2,0.7,108,1,1019,0
TX009939,C01854,3402.2,CARD,new,monthly,success,none,0,0.67,296,1,970,0
TX009940,C01864,3055.9,NETBANKING,new,monthly,success,none,0,0.85,152,1,203,0
TX009941,C01721,659.77,UPI,new,one_time,success,none,0,0.41,192,1,1065,0
TX009942,C01880,287.18,UPI,returning,yearly,success,none,0,0.79,255,0,925,0
TX009943,C02428,335.13,UPI,returning,one_time,failed,insufficient_funds,0,0.83,290,0,1149,0
TX009944,C00213,828.36,UPI,new,one_time,success,none,0,0.74,113,1,644,0
TX009945,C00507,4089.12,NETBANKING,new,one_time,success,none,0,0.83,8,1,800,0
TX009946,C00952,569.3,NETBANKING,returning,one_time,success,none,0,0.74,51,0,1470,0
TX009947,C02065,641.18,UPI,returning,monthly,success,none,0,0.93,203,1,290,0
TX009948,C02619,629.41,UPI,new,one_time,failed,card_declined,0,0.77,15,1,980,0
TX009949,C02756,679.56,NETBANKING,returning,monthly,success,none,0,0.67,167,1,1451,0
TX009950,C01747,1085.61,UPI,returning,monthly,failed,expired_card,0,0.73,110,1,416,0
TX009951,C01231,346.52,UPI,returning,monthly,success,none,0,0.56,111,0,56,0
TX009952,C01236,2910.05,UPI,returning,monthly,success,none,0,0.71,261,1,1434,0
TX009953,C00180,962.62,NETBANKING,returning,one_time,failed,insufficient_funds,0,0.69,229,1,336,0
TX009954,C01396,10211.0,CARD,returning,monthly,success,none,0,0.64,171,1,78,0
TX009955,C01539,381.38,CARD,returning,one_time,success,none,0,0.42,6,1,1159,0
TX009956,C00625,4586.53,CARD,new,monthly,success,none,0,0.61,360,1,842,0
TX009957,C02304,3836.1,UPI,new,monthly,failed,insufficient_funds,1,0.79,353,0,758,0
TX009958,C02436,757.09,UPI,new,monthly,success,none,0,0.86,84,1,1114,0
TX009959,C00907,768.5,NETBANKING,new,one_time,success,none,0,0.75,240,1,1263,0
TX009960,C02743,478.58,NETBANKING,returning,one_time,success,none,0,0.8,332,1,908,0
TX009961,C00322,483.55,UPI,new,yearly,success,none,0,0.78,218,1,420,0
TX009962,C02732,1096.04,UPI,returning,yearly,failed,insufficient_funds,0,0.79,300,1,1306,0
TX009963,C02305,1117.25,WALLET,returning,monthly,failed,insufficient_funds,0,0.86,89,1,203,1
TX009964,C00672,259.27,UPI,returning,one_time,failed,network_error,2,0.76,283,1,595,0
TX009965,C01951,8639.97,UPI,new,one_time,failed,insufficient_funds,1,0.85,148,1,2,1
TX009966,C00933,868.21,UPI,new,yearly,success,none,0,0.7,254,1,1260,0
TX009967,C02400,1163.34,UPI,new,one_time,success,none,0,0.67,87,1,493,0
TX009968,C00482,624.15,CARD,returning,monthly,success,none,0,0.87,8,1,538,0
TX009969,C00735,862.38,CARD,new,one_time,success,none,0,0.66,28,1,276,0
TX009970,C00922,794.66,UPI,new,monthly,failed,card_declined,0,0.81,281,1,1167,0
TX009971,C00600,1093.74,UPI,new,one_time,failed,bank_timeout,0,0.94,352,1,1242,1
TX009972,C00999,1082.33,UPI,returning,one_time,success,none,0,0.81,76,1,813,0
TX009973,C01808,2262.85,UPI,returning,one_time,success,none,0,0.7,2,1,1325,0
TX009974,C01900,1345.47,UPI,returning,yearly,failed,bank_timeout,1,0.71,110,1,63,1
TX009975,C01662,2067.0,UPI,new,monthly,failed,card_declined,0,0.72,305,1,652,0
TX009976,C00569,1086.99,NETBANKING,new,monthly,success,none,0,0.53,81,0,971,0
TX009977,C00608,1350.36,WALLET,returning,yearly,success,none,0,0.61,155,1,375,0
TX009978,C02759,882.56,UPI,new,one_time,success,none,0,0.64,157,1,850,0
TX009979,C00755,2704.85,CARD,new,yearly,success,none,0,0.78,331,0,1438,0
TX009980,C00310,1466.1,NETBANKING,returning,one_time,success,none,0,0.71,79,1,416,0
TX009981,C01362,951.21,UPI,returning,one_time,failed,expired_card,0,0.77,319,1,828,0
TX009982,C00021,926.01,NETBANKING,returning,monthly,success,none,0,0.55,311,1,994,0
TX009983,C01028,993.95,UPI,returning,yearly,success,none,0,0.76,27,1,577,0
TX009984,C02565,1127.1,CARD,new,monthly,failed,insufficient_funds,0,0.89,248,1,1124,1
TX009985,C00803,1042.39,UPI,new,one_time,failed,network_error,0,0.63,60,0,869,1
TX009986,C02112,663.18,UPI,new,yearly,success,none,0,0.73,235,1,292,0
TX009987,C01470,2182.9,CARD,new,monthly,success,none,0,0.83,24,1,905,0
TX009988,C01067,2310.61,CARD,returning,monthly,failed,card_declined,0,0.69,270,1,1112,0
TX009989,C01985,5461.46,UPI,returning,monthly,failed,card_declined,0,0.69,15,1,902,0
TX009990,C01787,636.98,CARD,returning,one_time,success,none,0,0.68,116,1,1341,0
TX009991,C00955,1997.79,WALLET,returning,one_time,failed,bank_timeout,2,0.87,256,1,809,0
TX009992,C00671,196.72,NETBANKING,returning,monthly,success,none,0,0.83,202,1,1346,0
TX009993,C02751,2312.63,CARD,returning,one_time,success,none,0,0.66,61,1,468,0
TX009994,C00506,295.62,UPI,new,monthly,success,none,0,0.47,235,1,113,0
TX009995,C02879,452.19,UPI,new,monthly,failed,network_error,0,0.81,333,1,619,0
TX009996,C01414,1478.82,UPI,returning,monthly,success,none,0,0.87,206,0,1442,0
TX009997,C02991,626.81,NETBANKING,new,monthly,failed,card_declined,3,0.71,19,0,1197,0
TX009998,C01060,554.18,CARD,new,one_time,failed,insufficient_funds,0,0.61,211,1,390,0
TX009999,C01697,708.87,NETBANKING,returning,one_time,success,none,0,0.46,17,1,1192,0
TX010000,C01846,2114.69,UPI,new,one_time,success,none,0,0.75,23,1,1105,0
